code,symbol,name,market,as_of
1301,1301.T,極洋,プライム（内国株式）,2026-08-31
1305,1305.T,ｉＦｒｅｅＥＴＦ　ＴＯＰＩＸ（年１回決算型）,ETF・ETN,2026-08-31
1306,1306.T,ＮＥＸＴ　ＦＵＮＤＳ　ＴＯＰＩＸ連動型上場投信,ETF・ETN,2026-08-31
1308,1308.T,上場インデックスファンドＴＯＰＩＸ,ETF・ETN,2026-08-31
1309,1309.T,ＮＥＸＴ　ＦＵＮＤＳ　ＣｈｉｎａＡＭＣ・中国株式・上証５０連動型上場投信,ETF・ETN,2026-08-31
130A,130A.T,Ｖｅｒｉｔａｓ　Ｉｎ　Ｓｉｌｉｃｏ,グロース（内国株式）,2026-08-31
1311,1311.T,ＮＥＸＴ　ＦＵＮＤＳ　ＴＯＰＩＸ　Ｃｏｒｅ　３０連動型上場投信,ETF・ETN,2026-08-31
1319,1319.T,ＮＥＸＴ　ＦＵＮＤＳ　日経３００株価指数連動型上場投信,ETF・ETN,2026-08-31
131A,131A.T,ＣＣＮグループ,PRO Market,2026-08-31
1320,1320.T,ｉＦｒｅｅＥＴＦ　日経２２５（年１回決算型）,ETF・ETN,2026-08-31
1321,1321.T,ＮＥＸＴ　ＦＵＮＤＳ　日経２２５連動型上場投信,ETF・ETN,2026-08-31
1322,1322.T,上場インデックスファンド中国Ａ株（パンダ）Ｅ　Ｆｕｎｄ　ＣＳＩ３００,ETF・ETN,2026-08-31
1325,1325.T,ＮＥＸＴ　ＦＵＮＤＳ　ブラジル株式指数・ボベスパ連動型上場投信,ETF・ETN,2026-08-31
1326,1326.T,ＳＰＤＲゴールド・シェア,ETF・ETN,2026-08-31
1328,1328.T,ＮＥＸＴ　ＦＵＮＤＳ　金価格連動型上場投信,ETF・ETN,2026-08-31
1329,1329.T,ｉシェアーズ・コア　日経２２５　ＥＴＦ,ETF・ETN,2026-08-31
132A,132A.T,アイエヌホールディングス,PRO Market,2026-08-31
1330,1330.T,上場インデックスファンド２２５,ETF・ETN,2026-08-31
1332,1332.T,ニッスイ,プライム（内国株式）,2026-08-31
1333,1333.T,Ｕｍｉｏｓ,プライム（内国株式）,2026-08-31
133A,133A.T,グローバルＸ　超短期米国債　ＥＴＦ,ETF・ETN,2026-08-31
1343,1343.T,ＮＥＸＴ　ＦＵＮＤＳ　東証ＲＥＩＴ　指数連動型上場投信,ETF・ETN,2026-08-31
1345,1345.T,上場インデックスファンドＪリート（東証ＲＥＩＴ指数）隔月分配型,ETF・ETN,2026-08-31
1346,1346.T,ＭＡＸＩＳ　日経２２５上場投信,ETF・ETN,2026-08-31
1348,1348.T,ＭＡＸＩＳ　トピックス上場投信,ETF・ETN,2026-08-31
1349,1349.T,ＡＢＦ汎アジア債券インデックス・ファンド,ETF・ETN,2026-08-31
134A,134A.T,アプライズ,PRO Market,2026-08-31
1356,1356.T,ＴＯＰＩＸベア２倍上場投信,ETF・ETN,2026-08-31
1357,1357.T,ＮＥＸＴ　ＦＵＮＤＳ　日経平均ダブルインバース・インデックス連動型上場投信,ETF・ETN,2026-08-31
1358,1358.T,上場インデックスファンド日経レバレッジ指数,ETF・ETN,2026-08-31
135A,135A.T,ＶＲＡＩＮ　Ｓｏｌｕｔｉｏｎ,グロース（内国株式）,2026-08-31
1360,1360.T,日経平均ベア２倍上場投信,ETF・ETN,2026-08-31
1364,1364.T,ｉシェアーズ　ＪＰＸ日経４００　ＥＴＦ,ETF・ETN,2026-08-31
1365,1365.T,ｉＦｒｅｅＥＴＦ　日経平均レバレッジ・インデックス,ETF・ETN,2026-08-31
1366,1366.T,ｉＦｒｅｅＥＴＦ　日経平均ダブルインバース・インデックス,ETF・ETN,2026-08-31
1367,1367.T,ｉＦｒｅｅＥＴＦ　ＴＯＰＩＸレバレッジ（２倍）指数,ETF・ETN,2026-08-31
1368,1368.T,ｉＦｒｅｅＥＴＦ　ＴＯＰＩＸダブルインバース（－２倍）指数,ETF・ETN,2026-08-31
1369,1369.T,Ｏｎｅ　ＥＴＦ　日経２２５,ETF・ETN,2026-08-31
1375,1375.T,ユキグニファクトリー,プライム（内国株式）,2026-08-31
1376,1376.T,カネコ種苗,スタンダード（内国株式）,2026-08-31
1377,1377.T,サカタのタネ,プライム（内国株式）,2026-08-31
1379,1379.T,ホクト,プライム（内国株式）,2026-08-31
137A,137A.T,Ｃｏｃｏｌｉｖｅ,グロース（内国株式）,2026-08-31
1380,1380.T,秋川牧園,スタンダード（内国株式）,2026-08-31
1381,1381.T,アクシーズ,スタンダード（内国株式）,2026-08-31
1382,1382.T,ホーブ,スタンダード（内国株式）,2026-08-31
1383,1383.T,ベルグアース,スタンダード（内国株式）,2026-08-31
1384,1384.T,ホクリヨウ,スタンダード（内国株式）,2026-08-31
138A,138A.T,光フードサービス,グロース（内国株式）,2026-08-31
1397,1397.T,ＳＭＤＡＭ　日経２２５上場投信,ETF・ETN,2026-08-31
1398,1398.T,ＳＭＤＡＭ　東証ＲＥＩＴ指数上場投信,ETF・ETN,2026-08-31
1399,1399.T,上場インデックスファンドＭＳＣＩ日本株高配当低ボラティリティ,ETF・ETN,2026-08-31
139A,139A.T,東日本地所,PRO Market,2026-08-31
1401,1401.T,エムビーエス,グロース（内国株式）,2026-08-31
1407,1407.T,ウエストホールディングス,スタンダード（内国株式）,2026-08-31
140A,140A.T,ｉＦｒｅｅＥＴＦ　米国１０年国債先物インバース,ETF・ETN,2026-08-31
1414,1414.T,ショーボンドホールディングス,プライム（内国株式）,2026-08-31
1417,1417.T,ミライト・ワン,プライム（内国株式）,2026-08-31
1418,1418.T,インターライフホールディングス,スタンダード（内国株式）,2026-08-31
1419,1419.T,タマホーム,プライム（内国株式）,2026-08-31
141A,141A.T,トライアルホールディングス,グロース（内国株式）,2026-08-31
1420,1420.T,サンヨーホームズ,スタンダード（内国株式）,2026-08-31
1429,1429.T,日本アクア,プライム（内国株式）,2026-08-31
142A,142A.T,ジンジブ,グロース（内国株式）,2026-08-31
1430,1430.T,ファーストコーポレーション,スタンダード（内国株式）,2026-08-31
1431,1431.T,Ｌｉｂ　Ｗｏｒｋ,グロース（内国株式）,2026-08-31
1432,1432.T,動力,PRO Market,2026-08-31
1433,1433.T,ベステラ,プライム（内国株式）,2026-08-31
1434,1434.T,ＪＥＳＣＯホールディングス,スタンダード（内国株式）,2026-08-31
1435,1435.T,ｒｏｂｏｔ　ｈｏｍｅ,スタンダード（内国株式）,2026-08-31
1436,1436.T,グリーンエナジー＆カンパニー,グロース（内国株式）,2026-08-31
1438,1438.T,岐阜造園,スタンダード（内国株式）,2026-08-31
143A,143A.T,イシン,グロース（内国株式）,2026-08-31
1443,1443.T,技研ホールディングス,スタンダード（内国株式）,2026-08-31
1444,1444.T,ニッソウ,グロース（内国株式）,2026-08-31
1445,1445.T,ひかりホールディングス,PRO Market,2026-08-31
1446,1446.T,キャンディル,スタンダード（内国株式）,2026-08-31
1447,1447.T,ＳＡＡＦホールディングス,グロース（内国株式）,2026-08-31
144A,144A.T,エネルギーパワー,PRO Market,2026-08-31
1450,1450.T,ＴＡＮＡＫＥＮ,スタンダード（内国株式）,2026-08-31
1452,1452.T,横浜ライト工業,PRO Market,2026-08-31
1456,1456.T,ｉＦｒｅｅＥＴＦ　日経平均インバース・インデックス,ETF・ETN,2026-08-31
1457,1457.T,ｉＦｒｅｅＥＴＦ　ＴＯＰＩＸインバース（－１倍）指数,ETF・ETN,2026-08-31
1458,1458.T,楽天ＥＴＦ‐日経レバレッジ指数連動型,ETF・ETN,2026-08-31
1459,1459.T,楽天ＥＴＦ‐日経ダブルインバース指数連動型,ETF・ETN,2026-08-31
145A,145A.T,Ｌ　ｉｓ　Ｂ,グロース（内国株式）,2026-08-31
1466,1466.T,ｉＦｒｅｅＥＴＦ　ＪＰＸ日経４００ダブルインバース・インデックス,ETF・ETN,2026-08-31
1469,1469.T,ＪＰＸ日経４００ベア２倍上場投信（ダブルインバース）,ETF・ETN,2026-08-31
146A,146A.T,コロンビア・ワークス,スタンダード（内国株式）,2026-08-31
1472,1472.T,ＮＥＸＴ　ＦＵＮＤＳ　ＪＰＸ日経４００ダブルインバース・インデックス連動型上場投信,ETF・ETN,2026-08-31
1473,1473.T,Ｏｎｅ　ＥＴＦ　トピックス,ETF・ETN,2026-08-31
1474,1474.T,Ｏｎｅ　ＥＴＦ　ＪＰＸ日経４００,ETF・ETN,2026-08-31
1475,1475.T,ｉシェアーズ・コア　ＴＯＰＩＸ　ＥＴＦ,ETF・ETN,2026-08-31
1476,1476.T,ｉシェアーズ・コア　Ｊリート　ＥＴＦ,ETF・ETN,2026-08-31
1477,1477.T,ｉシェアーズ　ＭＳＣＩ　日本株最小分散　ＥＴＦ,ETF・ETN,2026-08-31
1478,1478.T,ｉシェアーズ　ＭＳＣＩ　ジャパン高配当利回り　ＥＴＦ,ETF・ETN,2026-08-31
1479,1479.T,ｉＦｒｅｅＥＴＦ　ＭＳＣＩ日本株人材設備投資指数,ETF・ETN,2026-08-31
147A,147A.T,ソラコム,グロース（内国株式）,2026-08-31
1480,1480.T,ＮＥＸＴ　ＦＵＮＤＳ　野村企業価値分配指数連動型上場投信,ETF・ETN,2026-08-31
1481,1481.T,上場インデックスファンド日本経済貢献株,ETF・ETN,2026-08-31
1482,1482.T,ｉシェアーズ・コア　米国債７－１０年　ＥＴＦ（為替ヘッジあり）,ETF・ETN,2026-08-31
1483,1483.T,ｉシェアーズ　ＪＰＸ／Ｓ＆Ｐ設備・人材投資　ＥＴＦ,ETF・ETN,2026-08-31
1484,1484.T,Ｏｎｅ　ＥＴＦ　ＪＰＸ／Ｓ＆Ｐ　設備・人材投資指数,ETF・ETN,2026-08-31
1485,1485.T,ＭＡＸＩＳ　ＪＡＰＡＮ　設備・人材積極投資企業２００上場投信,ETF・ETN,2026-08-31
1486,1486.T,上場インデックスファンド米国債券（為替ヘッジなし）,ETF・ETN,2026-08-31
1487,1487.T,上場インデックスファンド米国債券（為替ヘッジあり）,ETF・ETN,2026-08-31
1488,1488.T,ｉＦｒｅｅＥＴＦ　東証ＲＥＩＴ指数,ETF・ETN,2026-08-31
1489,1489.T,ＮＥＸＴ　ＦＵＮＤＳ　日経平均高配当株５０指数連動型上場投信,ETF・ETN,2026-08-31
148A,148A.T,ハッチ・ワーク,グロース（内国株式）,2026-08-31
1490,1490.T,上場インデックスファンドＭＳＣＩ日本株高配当低ボラティリティ（βヘッジ）,ETF・ETN,2026-08-31
1491,1491.T,中外鉱業,スタンダード（内国株式）,2026-08-31
1493,1493.T,Ｏｎｅ　ＥＴＦ　ＪＰＸ日経中小型,ETF・ETN,2026-08-31
1494,1494.T,Ｏｎｅ　ＥＴＦ　高配当日本株,ETF・ETN,2026-08-31
1495,1495.T,上場インデックスファンドアジアリート,ETF・ETN,2026-08-31
1496,1496.T,ｉシェアーズ　米ドル建て投資適格社債　ＥＴＦ（為替ヘッジあり）,ETF・ETN,2026-08-31
1497,1497.T,ｉシェアーズ　米ドル建てハイイールド社債　ＥＴＦ（為替ヘッジあり）,ETF・ETN,2026-08-31
1498,1498.T,Ｏｎｅ　ＥＴＦ　ＥＳＧ,ETF・ETN,2026-08-31
1499,1499.T,ＭＡＸＩＳ日本株高配当７０マーケットニュートラル上場投信,ETF・ETN,2026-08-31
149A,149A.T,シンカ,グロース（内国株式）,2026-08-31
150A,150A.T,ＪＳＨ,グロース（内国株式）,2026-08-31
1514,1514.T,住石ホールディングス,スタンダード（内国株式）,2026-08-31
1515,1515.T,日鉄鉱業,プライム（内国株式）,2026-08-31
1518,1518.T,三井松島ホールディングス,プライム（内国株式）,2026-08-31
151A,151A.T,ダイブグループ,グロース（内国株式）,2026-08-31
152A,152A.T,オプティ,PRO Market,2026-08-31
153A,153A.T,カウリス,グロース（内国株式）,2026-08-31
1540,1540.T,純金上場信託（現物国内保管型）,ETF・ETN,2026-08-31
1541,1541.T,純プラチナ上場信託（現物国内保管型）,ETF・ETN,2026-08-31
1542,1542.T,純銀上場信託（現物国内保管型）,ETF・ETN,2026-08-31
1543,1543.T,純パラジウム上場信託（現物国内保管型）,ETF・ETN,2026-08-31
1545,1545.T,ＮＥＸＴ　ＦＵＮＤＳ　ＮＡＳＤＡＱ－１００（為替ヘッジなし）連動型上場投信,ETF・ETN,2026-08-31
1546,1546.T,ＮＥＸＴ　ＦＵＮＤＳ　ダウ・ジョーンズ工業株３０種平均株価（為替ヘッジなし）連動型上場投信,ETF・ETN,2026-08-31
1547,1547.T,上場インデックスファンド米国株式（Ｓ＆Ｐ５００）,ETF・ETN,2026-08-31
154A,154A.T,ＧＡＩＡ,PRO Market,2026-08-31
1550,1550.T,ＭＡＸＩＳ　海外株式（ＭＳＣＩコクサイ）上場投信,ETF・ETN,2026-08-31
1551,1551.T,東証スタンダードＴＯＰ２０ＥＴＦ,ETF・ETN,2026-08-31
1554,1554.T,上場インデックスファンド世界株式（ＭＳＣＩ　ＡＣＷＩ）除く日本,ETF・ETN,2026-08-31
1555,1555.T,上場インデックスファンド豪州リート（Ｓ＆Ｐ／ＡＳＸ２００　Ａ－ＲＥＩＴ）,ETF・ETN,2026-08-31
1557,1557.T,Ｓｔａｔｅ　Ｓｔｒｅｅｔ　ＳＰＤＲ　Ｓ＆Ｐ　５００　ＥＴＦ,ETF・ETN,2026-08-31
1559,1559.T,ＮＥＸＴ　ＦＵＮＤＳ　タイ株式ＳＥＴ５０指数連動型上場投信,ETF・ETN,2026-08-31
155A,155A.T,情報戦略テクノロジー,グロース（内国株式）,2026-08-31
1560,1560.T,ＮＥＸＴ　ＦＵＮＤＳ　ＦＴＳＥブルサ・マレーシアＫＬＣＩ連動型上場投信,ETF・ETN,2026-08-31
1563,1563.T,東証グロース・コアＥＴＦ,ETF・ETN,2026-08-31
1566,1566.T,上場インデックスファンド新興国債券,ETF・ETN,2026-08-31
1568,1568.T,ＴＯＰＩＸブル２倍上場投信,ETF・ETN,2026-08-31
1569,1569.T,ＴＯＰＩＸベア上場投信,ETF・ETN,2026-08-31
156A,156A.T,マテリアルグループ,グロース（内国株式）,2026-08-31
1570,1570.T,ＮＥＸＴ　ＦＵＮＤＳ　日経平均レバレッジ・インデックス連動型上場投信,ETF・ETN,2026-08-31
1571,1571.T,ＮＥＸＴ　ＦＵＮＤＳ　日経平均インバース・インデックス連動型上場投信,ETF・ETN,2026-08-31
1572,1572.T,中国Ｈ株ブル２倍上場投信,ETF・ETN,2026-08-31
1573,1573.T,中国Ｈ株ベア上場投信,ETF・ETN,2026-08-31
1577,1577.T,ＮＥＸＴ　ＦＵＮＤＳ　野村日本株高配当７０連動型上場投信,ETF・ETN,2026-08-31
1578,1578.T,上場インデックスファンド日経２２５（ミニ）,ETF・ETN,2026-08-31
1579,1579.T,日経平均ブル２倍上場投信,ETF・ETN,2026-08-31
157A,157A.T,グリーンモンスター,グロース（内国株式）,2026-08-31
1580,1580.T,日経平均ベア上場投信,ETF・ETN,2026-08-31
1585,1585.T,ｉＦｒｅｅＥＴＦ　ＴＯＰＩＸ　Ｅｘ－Ｆｉｎａｎｃｉａｌｓ,ETF・ETN,2026-08-31
1586,1586.T,上場インデックスファンドＴＯＰＩＸ　Ｅｘ－Ｆｉｎａｎｃｉａｌｓ,ETF・ETN,2026-08-31
158A,158A.T,エクセリ,PRO Market,2026-08-31
1591,1591.T,ＮＥＸＴ　ＦＵＮＤＳ　ＪＰＸ日経インデックス４００連動型上場投信,ETF・ETN,2026-08-31
1592,1592.T,上場インデックスファンドＪＰＸ日経インデックス４００,ETF・ETN,2026-08-31
1593,1593.T,ＭＡＸＩＳ　ＪＰＸ日経インデックス４００上場投信,ETF・ETN,2026-08-31
1595,1595.T,ＮＺＡＭ　上場投信　東証ＲＥＩＴ指数,ETF・ETN,2026-08-31
1596,1596.T,ＮＺＡＭ　上場投信　ＴＯＰＩＸ　Ｅｘ－Ｆｉｎａｎｃｉａｌｓ,ETF・ETN,2026-08-31
1597,1597.T,ＭＡＸＩＳ　Ｊリート上場投信,ETF・ETN,2026-08-31
1599,1599.T,ｉＦｒｅｅＥＴＦ　ＪＰＸ日経４００,ETF・ETN,2026-08-31
159A,159A.T,ＮＥＸＴ　ＦＵＮＤＳ　ＪＰＸプライム１５０指数連動型上場投信,ETF・ETN,2026-08-31
1605,1605.T,ＩＮＰＥＸ,プライム（内国株式）,2026-08-31
160A,160A.T,アズパートナーズ,スタンダード（内国株式）,2026-08-31
1615,1615.T,ＮＥＸＴ　ＦＵＮＤＳ　東証銀行業株価指数連動型上場投信,ETF・ETN,2026-08-31
1617,1617.T,ＮＥＸＴ　ＦＵＮＤＳ　食品（ＴＯＰＩＸ－１７）上場投信,ETF・ETN,2026-08-31
1618,1618.T,ＮＥＸＴ　ＦＵＮＤＳ　エネルギー資源（ＴＯＰＩＸ－１７）上場投信,ETF・ETN,2026-08-31
1619,1619.T,ＮＥＸＴ　ＦＵＮＤＳ　建設・資材（ＴＯＰＩＸ－１７）上場投信,ETF・ETN,2026-08-31
161A,161A.T,三葉,PRO Market,2026-08-31
1620,1620.T,ＮＥＸＴ　ＦＵＮＤＳ　素材・化学（ＴＯＰＩＸ－１７）上場投信,ETF・ETN,2026-08-31
1621,1621.T,ＮＥＸＴ　ＦＵＮＤＳ　医薬品（ＴＯＰＩＸ－１７）上場投信,ETF・ETN,2026-08-31
1622,1622.T,ＮＥＸＴ　ＦＵＮＤＳ　自動車・輸送機（ＴＯＰＩＸ－１７）上場投信,ETF・ETN,2026-08-31
1623,1623.T,ＮＥＸＴ　ＦＵＮＤＳ　鉄鋼・非鉄（ＴＯＰＩＸ－１７）上場投信,ETF・ETN,2026-08-31
1624,1624.T,ＮＥＸＴ　ＦＵＮＤＳ　機械（ＴＯＰＩＸ－１７）上場投信,ETF・ETN,2026-08-31
1625,1625.T,ＮＥＸＴ　ＦＵＮＤＳ　電機・精密（ＴＯＰＩＸ－１７）上場投信,ETF・ETN,2026-08-31
1626,1626.T,ＮＥＸＴ　ＦＵＮＤＳ　情報通信・サービスその他（ＴＯＰＩＸ－１７）上場投信,ETF・ETN,2026-08-31
1627,1627.T,ＮＥＸＴ　ＦＵＮＤＳ　電力・ガス（ＴＯＰＩＸ－１７）上場投信,ETF・ETN,2026-08-31
1628,1628.T,ＮＥＸＴ　ＦＵＮＤＳ　運輸・物流（ＴＯＰＩＸ－１７）上場投信,ETF・ETN,2026-08-31
1629,1629.T,ＮＥＸＴ　ＦＵＮＤＳ　商社・卸売（ＴＯＰＩＸ－１７）上場投信,ETF・ETN,2026-08-31
162A,162A.T,ＡＩセレクトメガトレンド　日本株（ネットリターン）ＥＴＮ,ETF・ETN,2026-08-31
1630,1630.T,ＮＥＸＴ　ＦＵＮＤＳ　小売（ＴＯＰＩＸ－１７）上場投信,ETF・ETN,2026-08-31
1631,1631.T,ＮＥＸＴ　ＦＵＮＤＳ　銀行（ＴＯＰＩＸ－１７）上場投信,ETF・ETN,2026-08-31
1632,1632.T,ＮＥＸＴ　ＦＵＮＤＳ　金融（除く銀行）（ＴＯＰＩＸ－１７）上場投信,ETF・ETN,2026-08-31
1633,1633.T,ＮＥＸＴ　ＦＵＮＤＳ　不動産（ＴＯＰＩＸ－１７）上場投信,ETF・ETN,2026-08-31
163A,163A.T,半導体フォーカス　日本株（ネットリターン）ＥＴＮ,ETF・ETN,2026-08-31
164A,164A.T,アップルパーク,PRO Market,2026-08-31
1651,1651.T,ｉＦｒｅｅＥＴＦ　ＴＯＰＩＸ高配当４０指数,ETF・ETN,2026-08-31
1652,1652.T,ｉＦｒｅｅＥＴＦ　ＭＳＣＩ日本株女性活躍指数（ＷＩＮ）,ETF・ETN,2026-08-31
1653,1653.T,ｉＦｒｅｅＥＴＦ　ＭＳＣＩジャパンＥＳＧセレクト・リーダーズ指数,ETF・ETN,2026-08-31
1654,1654.T,ｉＦｒｅｅＥＴＦ　ＦＴＳＥ　ＪＰＸ　Ｂｌｏｓｓｏｍ　Ｊａｐａｎ　Ｉｎｄｅｘ,ETF・ETN,2026-08-31
1655,1655.T,ｉシェアーズ　Ｓ＆Ｐ　５００　米国株　ＥＴＦ,ETF・ETN,2026-08-31
1656,1656.T,ｉシェアーズ・コア　米国債７－１０年　ＥＴＦ,ETF・ETN,2026-08-31
1657,1657.T,ｉシェアーズ・コア　ＭＳＣＩ　先進国株（除く日本）ＥＴＦ,ETF・ETN,2026-08-31
1658,1658.T,ｉシェアーズ・コア　ＭＳＣＩ　新興国株　ＥＴＦ,ETF・ETN,2026-08-31
1659,1659.T,ｉシェアーズ　米国リート　ＥＴＦ,ETF・ETN,2026-08-31
1660,1660.T,ＭＡＸＩＳ高利回りＪリート上場投信,ETF・ETN,2026-08-31
1662,1662.T,石油資源開発,プライム（内国株式）,2026-08-31
1663,1663.T,Ｋ＆Ｏエナジーグループ,プライム（内国株式）,2026-08-31
166A,166A.T,タスキホールディングス,プライム（内国株式）,2026-08-31
1671,1671.T,ＷＴＩ原油価格連動型上場投信,ETF・ETN,2026-08-31
1672,1672.T,ＷｉｓｄｏｍＴｒｅｅ　金上場投資信託,ETF・ETN,2026-08-31
1673,1673.T,ＷｉｓｄｏｍＴｒｅｅ　銀上場投資信託,ETF・ETN,2026-08-31
1674,1674.T,ＷｉｓｄｏｍＴｒｅｅ　白金上場投資信託,ETF・ETN,2026-08-31
1675,1675.T,ＷｉｓｄｏｍＴｒｅｅ　パラジウム上場投資信託,ETF・ETN,2026-08-31
1676,1676.T,ＷｉｓｄｏｍＴｒｅｅ　貴金属バスケット上場投資信託,ETF・ETN,2026-08-31
1677,1677.T,上場インデックスファンド海外債券（ＦＴＳＥ　ＷＧＢＩ）毎月分配型,ETF・ETN,2026-08-31
1678,1678.T,ＮＥＸＴ　ＦＵＮＤＳ　インド株式指数・Ｎｉｆｔｙ　５０　連動型上場投信,ETF・ETN,2026-08-31
1679,1679.T,Ｓｉｍｐｌｅ－Ｘ　ＮＹ　ダウ・ジョーンズ・インデックス上場投信,ETF・ETN,2026-08-31
167A,167A.T,リョーサン菱洋ホールディングス,プライム（内国株式）,2026-08-31
1680,1680.T,上場インデックスファンド海外先進国株式（ＭＳＣＩ－ＫＯＫＵＳＡＩ）,ETF・ETN,2026-08-31
1681,1681.T,上場インデックスファンド海外新興国株式（ＭＳＣＩ　エマージング）,ETF・ETN,2026-08-31
1684,1684.T,ＷｉｓｄｏｍＴｒｅｅ　ブロード上場投資信託,ETF・ETN,2026-08-31
1685,1685.T,ＷｉｓｄｏｍＴｒｅｅ　エネルギー上場投資信託,ETF・ETN,2026-08-31
1686,1686.T,ＷｉｓｄｏｍＴｒｅｅ　産業用金属上場投資信託,ETF・ETN,2026-08-31
1687,1687.T,ＷｉｓｄｏｍＴｒｅｅ　農産物上場投資信託,ETF・ETN,2026-08-31
1688,1688.T,ＷｉｓｄｏｍＴｒｅｅ　穀物上場投資信託,ETF・ETN,2026-08-31
1689,1689.T,ＷｉｓｄｏｍＴｒｅｅ　天然ガス上場投資信託,ETF・ETN,2026-08-31
168A,168A.T,イタミアート,グロース（内国株式）,2026-08-31
1690,1690.T,ＷｉｓｄｏｍＴｒｅｅ　ＷＴＩ　原油上場投資信託,ETF・ETN,2026-08-31
1691,1691.T,ＷｉｓｄｏｍＴｒｅｅ　ガソリン上場投資信託,ETF・ETN,2026-08-31
1692,1692.T,ＷｉｓｄｏｍＴｒｅｅ　アルミニウム上場投資信託,ETF・ETN,2026-08-31
1693,1693.T,ＷｉｓｄｏｍＴｒｅｅ　銅上場投資信託,ETF・ETN,2026-08-31
1694,1694.T,ＷｉｓｄｏｍＴｒｅｅ　ニッケル上場投資信託,ETF・ETN,2026-08-31
1695,1695.T,ＷｉｓｄｏｍＴｒｅｅ　小麦上場投資信託,ETF・ETN,2026-08-31
1696,1696.T,ＷｉｓｄｏｍＴｒｅｅ　とうもろこし上場投資信託,ETF・ETN,2026-08-31
1697,1697.T,ＷｉｓｄｏｍＴｒｅｅ　大豆上場投資信託,ETF・ETN,2026-08-31
1698,1698.T,上場インデックスファンド日本高配当（東証配当フォーカス１００）,ETF・ETN,2026-08-31
1699,1699.T,ＮＥＸＴ　ＦＵＮＤＳ　ＮＯＭＵＲＡ　原油インデックス連動型上場投信,ETF・ETN,2026-08-31
170A,170A.T,ＳＭＴ　ＥＴＦ日本好配当株アクティブ,ETF・ETN,2026-08-31
1711,1711.T,ＳＤＳホールディングス,スタンダード（内国株式）,2026-08-31
1716,1716.T,第一カッター興業,スタンダード（内国株式）,2026-08-31
1717,1717.T,明豊ファシリティワークス,スタンダード（内国株式）,2026-08-31
1718,1718.T,美樹工業,スタンダード（内国株式）,2026-08-31
1719,1719.T,安藤・間,プライム（内国株式）,2026-08-31
171A,171A.T,ゼロジャパン,PRO Market,2026-08-31
1720,1720.T,東急建設,プライム（内国株式）,2026-08-31
1721,1721.T,コムシスホールディングス,プライム（内国株式）,2026-08-31
1723,1723.T,日本電技,スタンダード（内国株式）,2026-08-31
1724,1724.T,シンクレイヤ,スタンダード（内国株式）,2026-08-31
172A,172A.T,ネオホーム,PRO Market,2026-08-31
1736,1736.T,オーテック,スタンダード（内国株式）,2026-08-31
173A,173A.T,ハンモック,グロース（内国株式）,2026-08-31
1758,1758.T,太洋基礎工業,スタンダード（内国株式）,2026-08-31
175A,175A.T,Ｗｉｌｌ　Ｓｍａｒｔ,グロース（内国株式）,2026-08-31
1762,1762.T,高松コンストラクショングループ,プライム（内国株式）,2026-08-31
1764,1764.T,工藤建設,スタンダード（内国株式）,2026-08-31
1766,1766.T,東建コーポレーション,プライム（内国株式）,2026-08-31
1768,1768.T,ソネック,スタンダード（内国株式）,2026-08-31
1770,1770.T,藤田エンジニアリング,スタンダード（内国株式）,2026-08-31
1773,1773.T,ワイ・ティー・エル・コーポレーション・バーハッド,プライム（外国株式）,2026-08-31
177A,177A.T,コージンバイオ,グロース（内国株式）,2026-08-31
1780,1780.T,ヤマウラ,プライム（内国株式）,2026-08-31
1783,1783.T,ｆａｎｔａｓｉｓｔａ,スタンダード（内国株式）,2026-08-31
1786,1786.T,オリエンタル白石,プライム（内国株式）,2026-08-31
1787,1787.T,ナカボーテック,スタンダード（内国株式）,2026-08-31
1788,1788.T,三東工業社,スタンダード（内国株式）,2026-08-31
178A,178A.T,グローバルＸ　革新的優良企業　ＥＴＦ,ETF・ETN,2026-08-31
1793,1793.T,大本組,スタンダード（内国株式）,2026-08-31
1795,1795.T,マサル,スタンダード（内国株式）,2026-08-31
1798,1798.T,守谷商会,スタンダード（内国株式）,2026-08-31
1799,1799.T,第一建設工業,スタンダード（内国株式）,2026-08-31
179A,179A.T,グローバルＸ　超長期米国債　ＥＴＦ（為替ヘッジあり）,ETF・ETN,2026-08-31
1801,1801.T,大成建設,プライム（内国株式）,2026-08-31
1802,1802.T,大林組,プライム（内国株式）,2026-08-31
1803,1803.T,清水建設,プライム（内国株式）,2026-08-31
1807,1807.T,佐藤渡辺,スタンダード（内国株式）,2026-08-31
1808,1808.T,長谷工コーポレーション,プライム（内国株式）,2026-08-31
180A,180A.T,グローバルＸ　超長期米国債　ＥＴＦ,ETF・ETN,2026-08-31
1810,1810.T,松井建設,スタンダード（内国株式）,2026-08-31
1811,1811.T,錢高組,スタンダード（内国株式）,2026-08-31
1812,1812.T,鹿島建設,プライム（内国株式）,2026-08-31
1813,1813.T,不動テトラ,プライム（内国株式）,2026-08-31
1814,1814.T,大末建設,プライム（内国株式）,2026-08-31
1815,1815.T,鉄建建設,プライム（内国株式）,2026-08-31
181A,181A.T,ＭＡＸＩＳ米国国債１－３年上場投信（為替ヘッジなし）,ETF・ETN,2026-08-31
1820,1820.T,西松建設,プライム（内国株式）,2026-08-31
1822,1822.T,大豊建設,スタンダード（内国株式）,2026-08-31
1826,1826.T,佐田建設,スタンダード（内国株式）,2026-08-31
1827,1827.T,ナカノフドー建設,スタンダード（内国株式）,2026-08-31
1828,1828.T,田辺工業,スタンダード（内国株式）,2026-08-31
182A,182A.T,ＭＡＸＩＳ米国国債２０年超上場投信（為替ヘッジなし）,ETF・ETN,2026-08-31
1833,1833.T,奥村組,プライム（内国株式）,2026-08-31
1835,1835.T,東鉄工業,プライム（内国株式）,2026-08-31
183A,183A.T,ＭＡＸＩＳ米国国債２０年超上場投信（為替ヘッジあり）,ETF・ETN,2026-08-31
1840,1840.T,土屋ホールディングス,スタンダード（内国株式）,2026-08-31
1844,1844.T,大盛工業,スタンダード（内国株式）,2026-08-31
1847,1847.T,イチケン,スタンダード（内国株式）,2026-08-31
1848,1848.T,富士ピー・エス,スタンダード（内国株式）,2026-08-31
184A,184A.T,学びエイド,グロース（内国株式）,2026-08-31
1850,1850.T,南海辰村建設,スタンダード（内国株式）,2026-08-31
1852,1852.T,淺沼組,プライム（内国株式）,2026-08-31
1853,1853.T,森組,スタンダード（内国株式）,2026-08-31
185A,185A.T,リサイクルテック・ジャパン,PRO Market,2026-08-31
1860,1860.T,戸田建設,プライム（内国株式）,2026-08-31
1861,1861.T,熊谷組,プライム（内国株式）,2026-08-31
1866,1866.T,北野建設,スタンダード（内国株式）,2026-08-31
1867,1867.T,植木組,スタンダード（内国株式）,2026-08-31
186A,186A.T,アストロスケールホールディングス,グロース（内国株式）,2026-08-31
1870,1870.T,矢作建設工業,プライム（内国株式）,2026-08-31
1871,1871.T,ピーエス・コンストラクション,プライム（内国株式）,2026-08-31
1873,1873.T,日本ハウスホールディングス,プライム（内国株式）,2026-08-31
1878,1878.T,大東建託,プライム（内国株式）,2026-08-31
1879,1879.T,新日本建設,プライム（内国株式）,2026-08-31
1882,1882.T,東亜道路工業,プライム（内国株式）,2026-08-31
1885,1885.T,東亜建設工業,プライム（内国株式）,2026-08-31
1887,1887.T,日本国土開発,プライム（内国株式）,2026-08-31
1888,1888.T,若築建設,プライム（内国株式）,2026-08-31
188A,188A.T,グローバルＸ　インド・トップ１０＋　ＥＴＦ,ETF・ETN,2026-08-31
1893,1893.T,五洋建設,プライム（内国株式）,2026-08-31
1897,1897.T,金下建設,スタンダード（内国株式）,2026-08-31
1898,1898.T,世紀東急工業,プライム（内国株式）,2026-08-31
1899,1899.T,福田組,プライム（内国株式）,2026-08-31
189A,189A.T,Ｄ＆Ｍカンパニー,グロース（内国株式）,2026-08-31
1904,1904.T,大成温調,スタンダード（内国株式）,2026-08-31
1905,1905.T,テノックス,スタンダード（内国株式）,2026-08-31
1909,1909.T,日本ドライケミカル,スタンダード（内国株式）,2026-08-31
190A,190A.T,Ｃｈｏｒｄｉａ　Ｔｈｅｒａｐｅｕｔｉｃｓ,グロース（内国株式）,2026-08-31
1911,1911.T,住友林業,プライム（内国株式）,2026-08-31
1914,1914.T,日本基礎技術,スタンダード（内国株式）,2026-08-31
1921,1921.T,巴コーポレーション,スタンダード（内国株式）,2026-08-31
1925,1925.T,大和ハウス工業,プライム（内国株式）,2026-08-31
1926,1926.T,ライト工業,プライム（内国株式）,2026-08-31
1928,1928.T,積水ハウス,プライム（内国株式）,2026-08-31
1929,1929.T,日特建設,プライム（内国株式）,2026-08-31
192A,192A.T,インテグループ,グロース（内国株式）,2026-08-31
1930,1930.T,北陸電気工事,プライム（内国株式）,2026-08-31
1934,1934.T,ユアテック,プライム（内国株式）,2026-08-31
1938,1938.T,日本リーテック,プライム（内国株式）,2026-08-31
1939,1939.T,四電工,プライム（内国株式）,2026-08-31
1941,1941.T,中電工,プライム（内国株式）,2026-08-31
1942,1942.T,関電工,プライム（内国株式）,2026-08-31
1944,1944.T,きんでん,プライム（内国株式）,2026-08-31
1945,1945.T,東京エネシス,プライム（内国株式）,2026-08-31
1946,1946.T,トーエネック,プライム（内国株式）,2026-08-31
1948,1948.T,弘電社,スタンダード（内国株式）,2026-08-31
194A,194A.T,ＷＯＬＶＥＳ　ＨＡＮＤ,グロース（内国株式）,2026-08-31
1950,1950.T,日本電設工業,プライム（内国株式）,2026-08-31
1951,1951.T,エクシオグループ,プライム（内国株式）,2026-08-31
1952,1952.T,新日本空調,プライム（内国株式）,2026-08-31
1959,1959.T,クラフティア,プライム（内国株式）,2026-08-31
195A,195A.T,ＭＵＳＣＡＴ　ＧＲＯＵＰ,グロース（内国株式）,2026-08-31
1960,1960.T,サンテック,スタンダード（内国株式）,2026-08-31
1961,1961.T,三機工業,プライム（内国株式）,2026-08-31
1963,1963.T,日揮ホールディングス,プライム（内国株式）,2026-08-31
1964,1964.T,中外炉工業,プライム（内国株式）,2026-08-31
1965,1965.T,テクノ菱和,スタンダード（内国株式）,2026-08-31
1966,1966.T,高田工業所,スタンダード（内国株式）,2026-08-31
1967,1967.T,ヤマト,スタンダード（内国株式）,2026-08-31
1968,1968.T,太平電業,プライム（内国株式）,2026-08-31
1969,1969.T,高砂熱学工業,プライム（内国株式）,2026-08-31
196A,196A.T,ＭＦＳ,グロース（内国株式）,2026-08-31
1972,1972.T,三晃金属工業,スタンダード（内国株式）,2026-08-31
1975,1975.T,朝日工業社,プライム（内国株式）,2026-08-31
1976,1976.T,明星工業,プライム（内国株式）,2026-08-31
1979,1979.T,大氣社,プライム（内国株式）,2026-08-31
197A,197A.T,タウンズ,スタンダード（内国株式）,2026-08-31
1980,1980.T,ダイダン,プライム（内国株式）,2026-08-31
1981,1981.T,協和日成,スタンダード（内国株式）,2026-08-31
1982,1982.T,日比谷総合設備,プライム（内国株式）,2026-08-31
198A,198A.T,ＰｏｓｔＰｒｉｍｅ,グロース（内国株式）,2026-08-31
1992,1992.T,神田通信機,スタンダード（内国株式）,2026-08-31
1994,1994.T,高橋カーテンウォール工業,スタンダード（内国株式）,2026-08-31
1997,1997.T,暁飯島工業,スタンダード（内国株式）,2026-08-31
199A,199A.T,メディエア,PRO Market,2026-08-31
2001,2001.T,ニップン,プライム（内国株式）,2026-08-31
2002,2002.T,日清製粉グループ本社,プライム（内国株式）,2026-08-31
2003,2003.T,日東富士製粉,スタンダード（内国株式）,2026-08-31
2004,2004.T,昭和産業,プライム（内国株式）,2026-08-31
2009,2009.T,鳥越製粉,スタンダード（内国株式）,2026-08-31
200A,200A.T,ＮＥＸＴ　ＦＵＮＤＳ　日経半導体株指数連動型上場投信,ETF・ETN,2026-08-31
2011,2011.T,ＳＭＤＡＭ　Ａｃｔｉｖｅ　ＥＴＦ　日本高配当株式,ETF・ETN,2026-08-31
2012,2012.T,ｉシェアーズ　米国債０－３ヶ月　ＥＴＦ,ETF・ETN,2026-08-31
2013,2013.T,ｉシェアーズ　米国高配当株　ＥＴＦ,ETF・ETN,2026-08-31
2014,2014.T,ｉシェアーズ　米国連続増配株　ＥＴＦ,ETF・ETN,2026-08-31
2015,2015.T,ｉＦｒｅｅＥＴＦ　米国国債７－１０年（為替ヘッジなし）,ETF・ETN,2026-08-31
2016,2016.T,ｉＦｒｅｅＥＴＦ　米国国債７－１０年（為替ヘッジあり）,ETF・ETN,2026-08-31
2017,2017.T,ｉＦｒｅｅＥＴＦ　ＪＰＸプライム１５０,ETF・ETN,2026-08-31
2018,2018.T,グローバルＸ　ＵＳ　ＲＥＩＴ・トップ２０　ＥＴＦ,ETF・ETN,2026-08-31
2019,2019.T,グローバルＸ　米国優先証券　ＥＴＦ（隔月分配型）,ETF・ETN,2026-08-31
201A,201A.T,ｉシェアーズ　Ｎｉｆｔｙ　５０　インド株　ＥＴＦ,ETF・ETN,2026-08-31
2031,2031.T,ＮＥＸＴ　ＮＯＴＥＳ　香港ハンセン・ダブル・ブル　ＥＴＮ,ETF・ETN,2026-08-31
2032,2032.T,ＮＥＸＴ　ＮＯＴＥＳ　香港ハンセン・ベア　ＥＴＮ,ETF・ETN,2026-08-31
2033,2033.T,ＮＥＸＴ　ＮＯＴＥＳ　韓国ＫＯＳＰＩ・ダブル・ブル　ＥＴＮ,ETF・ETN,2026-08-31
2034,2034.T,ＮＥＸＴ　ＮＯＴＥＳ　韓国ＫＯＳＰＩ・ベア　ＥＴＮ,ETF・ETN,2026-08-31
2036,2036.T,ＮＥＸＴ　ＮＯＴＥＳ　金先物　ダブル・ブル　ＥＴＮ,ETF・ETN,2026-08-31
2037,2037.T,ＮＥＸＴ　ＮＯＴＥＳ　金先物　ベア　ＥＴＮ,ETF・ETN,2026-08-31
2038,2038.T,ＮＥＸＴ　ＮＯＴＥＳ　ドバイ原油先物　ダブル・ブル　ＥＴＮ,ETF・ETN,2026-08-31
2039,2039.T,ＮＥＸＴ　ＮＯＴＥＳ　ドバイ原油先物　ベア　ＥＴＮ,ETF・ETN,2026-08-31
203A,203A.T,シュンビン,PRO Market,2026-08-31
2040,2040.T,ＮＥＸＴ　ＮＯＴＥＳ　ＮＹダウ・ダブル・ブル・ドルヘッジ　ＥＴＮ,ETF・ETN,2026-08-31
2041,2041.T,ＮＥＸＴ　ＮＯＴＥＳ　ＮＹダウ・ベア・ドルヘッジ　ＥＴＮ,ETF・ETN,2026-08-31
2042,2042.T,ＮＥＸＴ　ＮＯＴＥＳ　東証グロース市場２５０　ＥＴＮ,ETF・ETN,2026-08-31
2043,2043.T,ＮＥＸＴ　ＮＯＴＥＳ　ＳＴＯＸＸ　アセアン好配当５０（円、ネットリターン）ＥＴＮ,ETF・ETN,2026-08-31
2044,2044.T,ＮＥＸＴ　ＮＯＴＥＳ　Ｓ＆Ｐ５００　配当貴族（ネットリターン）　ＥＴＮ,ETF・ETN,2026-08-31
2045,2045.T,ＮＥＸＴ　ＮＯＴＥＳ　Ｓ＆Ｐ　シンガポール　リート（ネットリターン）　ＥＴＮ,ETF・ETN,2026-08-31
2046,2046.T,ＮＥＸＴ　ＮＯＴＥＳ　インドＮｉｆｔｙ・ダブル・ブル　ＥＴＮ,ETF・ETN,2026-08-31
2047,2047.T,ＮＥＸＴ　ＮＯＴＥＳ　インドＮｉｆｔｙ・ベア　ＥＴＮ,ETF・ETN,2026-08-31
2048,2048.T,ＮＥＸＴ　ＮＯＴＥＳ　野村日本株高配当７０（ドルヘッジ、ネットリターン）ＥＴＮ,ETF・ETN,2026-08-31
204A,204A.T,タイヨーパッケージ,PRO Market,2026-08-31
2050,2050.T,ＮＥＸＴ　ＮＯＴＥＳ　ニッチトップ　中小型日本株（ネットリターン）ＥＴＮ,ETF・ETN,2026-08-31
2053,2053.T,中部飼料,プライム（内国株式）,2026-08-31
2055,2055.T,日和産業,スタンダード（内国株式）,2026-08-31
205A,205A.T,ロゴスホールディングス,グロース（内国株式）,2026-08-31
2060,2060.T,フィード・ワン,プライム（内国株式）,2026-08-31
2065,2065.T,ＮＥＸＴ　ＮＯＴＥＳ　日本株配当貴族（ドルヘッジ、ネットリターン）ＥＴＮ,ETF・ETN,2026-08-31
2066,2066.T,ＮＥＸＴ　ＮＯＴＥＳ　東証ＲＥＩＴ（ドルヘッジ、ネットリターン）ＥＴＮ,ETF・ETN,2026-08-31
2067,2067.T,ＮＥＸＴ　ＮＯＴＥＳ　野村ＡＩビジネス７０（ネットリターン）ＥＴＮ,ETF・ETN,2026-08-31
2068,2068.T,ＮＥＸＴ　ＮＯＴＥＳ　高ベータ３０（ネットリターン）ＥＴＮ,ETF・ETN,2026-08-31
2069,2069.T,ＮＥＸＴ　ＮＯＴＥＳ　低ベータ５０（ネットリターン）ＥＴＮ,ETF・ETN,2026-08-31
206A,206A.T,ＰＲＩＳＭ　ＢｉｏＬａｂ,グロース（内国株式）,2026-08-31
2070,2070.T,スマートＥＳＧ３０女性活躍（ネットリターン）ＥＴＮ,ETF・ETN,2026-08-31
2071,2071.T,スマートＥＳＧ３０総合（ネットリターン）ＥＴＮ,ETF・ETN,2026-08-31
2072,2072.T,トップシェアインデックス（ネットリターン）ＥＴＮ,ETF・ETN,2026-08-31
2073,2073.T,スマートＥＳＧ３０低カーボンリスク（ネットリターン）ＥＴＮ,ETF・ETN,2026-08-31
207A,207A.T,ライジングコーポレーション,PRO Market,2026-08-31
2080,2080.T,ＰＢＲ１倍割れ解消推進ＥＴＦ,ETF・ETN,2026-08-31
2081,2081.T,政策保有解消推進ＥＴＦ,ETF・ETN,2026-08-31
2082,2082.T,投資家経営者一心同体ＥＴＦ,ETF・ETN,2026-08-31
2083,2083.T,ＮＥＸＴ　ＦＵＮＤＳ　日本成長株アクティブ上場投信,ETF・ETN,2026-08-31
2084,2084.T,ＮＥＸＴ　ＦＵＮＤＳ　日本高配当株アクティブ上場投信,ETF・ETN,2026-08-31
2085,2085.T,ＭＡＸＩＳ高配当日本株アクティブ上場投信,ETF・ETN,2026-08-31
2086,2086.T,ＮＺＡＭ　上場投信　Ｓ＆Ｐ５００（為替ヘッジあり）,ETF・ETN,2026-08-31
2087,2087.T,ＮＺＡＭ　上場投信　ＮＡＳＤＡＱ１００（為替ヘッジあり）,ETF・ETN,2026-08-31
2088,2088.T,ＮＺＡＭ　上場投信　ＮＹダウ３０（為替ヘッジあり）,ETF・ETN,2026-08-31
2089,2089.T,ＮＺＡＭ　上場投信　ＤＡＸ（為替ヘッジあり）,ETF・ETN,2026-08-31
208A,208A.T,構造計画研究所ホールディングス,スタンダード（内国株式）,2026-08-31
2090,2090.T,ＮＺＡＭ　上場投信　米国国債７－１０年（為替ヘッジあり）,ETF・ETN,2026-08-31
2091,2091.T,ＮＺＡＭ　上場投信　ドイツ国債７－１０年（為替ヘッジあり）,ETF・ETN,2026-08-31
2092,2092.T,ＮＺＡＭ　上場投信　フランス国債７－１０年（為替ヘッジあり）,ETF・ETN,2026-08-31
2093,2093.T,上場Ｔｒａｃｅｒｓ　米国債０－２年ラダー（為替ヘッジなし）,ETF・ETN,2026-08-31
2094,2094.T,東証ＲＥＩＴインバースＥＴＦ,ETF・ETN,2026-08-31
2095,2095.T,グローバルＸ　Ｓ＆Ｐ５００配当貴族　ＥＴＦ（為替ヘッジあり）,ETF・ETN,2026-08-31
2096,2096.T,グローバルＸ　オフィス・Ｊ－ＲＥＩＴ　ＥＴＦ,ETF・ETN,2026-08-31
2097,2097.T,グローバルＸ　レジデンシャル・Ｊ－ＲＥＩＴ　ＥＴＦ,ETF・ETN,2026-08-31
2098,2098.T,グローバルＸ　ホテル＆リテール・Ｊ－ＲＥＩＴ　ＥＴＦ,ETF・ETN,2026-08-31
209A,209A.T,小野谷機工,PRO Market,2026-08-31
2108,2108.T,日本甜菜製糖,プライム（内国株式）,2026-08-31
2109,2109.T,ＤＭ三井製糖,プライム（内国株式）,2026-08-31
210A,210A.T,ｉＦｒｅｅＥＴＦ　日経高利回りＲＥＩＴ指数,ETF・ETN,2026-08-31
2112,2112.T,塩水港精糖,スタンダード（内国株式）,2026-08-31
2114,2114.T,フジ日本,スタンダード（内国株式）,2026-08-31
2117,2117.T,ウェルネオシュガー,プライム（内国株式）,2026-08-31
211A,211A.T,カドス・コーポレーション,スタンダード（内国株式）,2026-08-31
2120,2120.T,ＬＩＦＵＬＬ,プライム（内国株式）,2026-08-31
2121,2121.T,ＭＩＸＩ,プライム（内国株式）,2026-08-31
2122,2122.T,インタースペース,スタンダード（内国株式）,2026-08-31
2124,2124.T,ジェイエイシーリクルートメント,プライム（内国株式）,2026-08-31
2127,2127.T,日本Ｍ＆Ａセンターホールディングス,プライム（内国株式）,2026-08-31
212A,212A.T,フィットイージー,プライム（内国株式）,2026-08-31
2130,2130.T,メンバーズ,プライム（内国株式）,2026-08-31
2134,2134.T,北浜キャピタルパートナーズ,スタンダード（内国株式）,2026-08-31
2136,2136.T,ヒップ,スタンダード（内国株式）,2026-08-31
2138,2138.T,クルーズ,スタンダード（内国株式）,2026-08-31
2139,2139.T,中広,スタンダード（内国株式）,2026-08-31
213A,213A.T,上場インデックスファンド日経半導体株,ETF・ETN,2026-08-31
2146,2146.T,ＵＴグループ,プライム（内国株式）,2026-08-31
2148,2148.T,アイティメディア,プライム（内国株式）,2026-08-31
2152,2152.T,幼児活動研究会,スタンダード（内国株式）,2026-08-31
2153,2153.T,Ｅ・Ｊホールディングス,プライム（内国株式）,2026-08-31
2154,2154.T,オープンアップグループ,プライム（内国株式）,2026-08-31
2156,2156.T,セーラー広告,スタンダード（内国株式）,2026-08-31
2157,2157.T,コシダカホールディングス,プライム（内国株式）,2026-08-31
2158,2158.T,ＦＲＯＮＴＥＯ,グロース（内国株式）,2026-08-31
215A,215A.T,タイミー,グロース（内国株式）,2026-08-31
2160,2160.T,ジーエヌアイグループ,グロース（内国株式）,2026-08-31
2163,2163.T,アルトナー,プライム（内国株式）,2026-08-31
2164,2164.T,地域新聞社,スタンダード（内国株式）,2026-08-31
2168,2168.T,パソナグループ,プライム（内国株式）,2026-08-31
2169,2169.T,ＣＤＳ,スタンダード（内国株式）,2026-08-31
216A,216A.T,ライフクリエイト,PRO Market,2026-08-31
2170,2170.T,リンクアンドモチベーション,プライム（内国株式）,2026-08-31
2173,2173.T,博展,グロース（内国株式）,2026-08-31
2175,2175.T,エス・エム・エス,プライム（内国株式）,2026-08-31
2179,2179.T,成学社,スタンダード（内国株式）,2026-08-31
217A,217A.T,サポート,PRO Market,2026-08-31
2180,2180.T,サニーサイドアップグループ,スタンダード（内国株式）,2026-08-31
2181,2181.T,パーソルホールディングス,プライム（内国株式）,2026-08-31
2183,2183.T,リニカル,スタンダード（内国株式）,2026-08-31
2185,2185.T,シイエム・シイ,スタンダード（内国株式）,2026-08-31
2186,2186.T,ソーバル,スタンダード（内国株式）,2026-08-31
218A,218A.T,Ｌｉｂｅｒａｗａｒｅ,グロース（内国株式）,2026-08-31
2193,2193.T,クックパッド,スタンダード（内国株式）,2026-08-31
2195,2195.T,アミタホールディングス,グロース（内国株式）,2026-08-31
2198,2198.T,アイ・ケイ・ケイホールディングス,プライム（内国株式）,2026-08-31
219A,219A.T,Ｈｅａｒｔｓｅｅｄ,グロース（内国株式）,2026-08-31
2201,2201.T,森永製菓,プライム（内国株式）,2026-08-31
2204,2204.T,中村屋,スタンダード（内国株式）,2026-08-31
2206,2206.T,江崎グリコ,プライム（内国株式）,2026-08-31
2207,2207.T,ｍｅｉｔｏ,プライム（内国株式）,2026-08-31
2208,2208.T,ブルボン,スタンダード（内国株式）,2026-08-31
2209,2209.T,井村屋グループ,プライム（内国株式）,2026-08-31
220A,220A.T,Ｆａｂｅｒ　Ｃｏｍｐａｎｙ,スタンダード（内国株式）,2026-08-31
2211,2211.T,不二家,プライム（内国株式）,2026-08-31
2212,2212.T,山崎製パン,プライム（内国株式）,2026-08-31
2215,2215.T,第一屋製パン,スタンダード（内国株式）,2026-08-31
2216,2216.T,カンロ,スタンダード（内国株式）,2026-08-31
2217,2217.T,モロゾフ,プライム（内国株式）,2026-08-31
221A,221A.T,ＭＡＸＩＳ日経半導体株上場投信,ETF・ETN,2026-08-31
2220,2220.T,亀田製菓,プライム（内国株式）,2026-08-31
2221,2221.T,岩塚製菓,スタンダード（内国株式）,2026-08-31
2222,2222.T,寿スピリッツ,プライム（内国株式）,2026-08-31
2224,2224.T,コモ,スタンダード（内国株式）,2026-08-31
2226,2226.T,湖池屋,スタンダード（内国株式）,2026-08-31
2229,2229.T,カルビー,プライム（内国株式）,2026-08-31
222A,222A.T,ＮＩＣＳ,PRO Market,2026-08-31
2235,2235.T,上場インデックスファンド米国株式（ダウ平均）為替ヘッジなし,ETF・ETN,2026-08-31
2236,2236.T,グローバルＸ　Ｓ＆Ｐ５００配当貴族ＥＴＦ,ETF・ETN,2026-08-31
2237,2237.T,ｉＦｒｅｅＥＴＦ　Ｓ＆Ｐ５００レバレッジ,ETF・ETN,2026-08-31
2238,2238.T,ｉＦｒｅｅＥＴＦ　Ｓ＆Ｐ５００インバース,ETF・ETN,2026-08-31
2239,2239.T,上場インデックスファンドＳ＆Ｐ５００先物レバレッジ２倍,ETF・ETN,2026-08-31
223A,223A.T,グローバルＸ　ＡＩ＆ビッグデータ　ＥＴＦ,ETF・ETN,2026-08-31
2240,2240.T,上場インデックスファンドＳ＆Ｐ５００先物インバース,ETF・ETN,2026-08-31
2241,2241.T,ＭＡＸＩＳ　ＮＹダウ上場投信,ETF・ETN,2026-08-31
2242,2242.T,ＭＡＸＩＳ　ＮＹダウ上場投信（為替ヘッジあり）,ETF・ETN,2026-08-31
2243,2243.T,グローバルＸ　半導体　ＥＴＦ,ETF・ETN,2026-08-31
2244,2244.T,グローバルＸ　ＵＳ　テック・トップ２０　ＥＴＦ,ETF・ETN,2026-08-31
2245,2245.T,ＮＥＸＴ　ＦＵＮＤＳ　ブルームバーグ・ドイツ国債（７－１０年）インデックス（為替ヘッジあり）連動型上場投信,ETF・ETN,2026-08-31
2247,2247.T,ｉＦｒｅｅＥＴＦ　Ｓ＆Ｐ５００（為替ヘッジなし）,ETF・ETN,2026-08-31
2248,2248.T,ｉＦｒｅｅＥＴＦ　Ｓ＆Ｐ５００（為替ヘッジあり）,ETF・ETN,2026-08-31
2249,2249.T,ｉＦｒｅｅＥＴＦ　Ｓ＆Ｐ５００ダブルインバース,ETF・ETN,2026-08-31
224A,224A.T,グローバルＸ　ウラニウムビジネス　ＥＴＦ,ETF・ETN,2026-08-31
2250,2250.T,ｉシェアーズ　ＭＳＣＩ　ジャパン気候変動アクション　ＥＴＦ,ETF・ETN,2026-08-31
2251,2251.T,ＮＥＸＴ　ＦＵＮＤＳ　ＪＰＸ国債先物ダブルインバース指数連動型上場投信,ETF・ETN,2026-08-31
2252,2252.T,グローバルＸ　Ｍｏｒｎｉｎｇｓｔａｒ　米国中小型　Ｍｏａｔ　ＥＴＦ,ETF・ETN,2026-08-31
2253,2253.T,グローバルＸ　スーパーディビィデンド－ＵＳ　ＥＴＦ,ETF・ETN,2026-08-31
2254,2254.T,グローバルＸ　チャイナＥＶ＆バッテリー　ＥＴＦ,ETF・ETN,2026-08-31
2255,2255.T,ｉシェアーズ　米国債２０年超　ＥＴＦ,ETF・ETN,2026-08-31
2256,2256.T,ｉシェアーズ　米国総合債券　ＥＴＦ,ETF・ETN,2026-08-31
2257,2257.T,ｉシェアーズ　米ドル建て投資適格社債　ＥＴＦ,ETF・ETN,2026-08-31
2258,2258.T,ｉシェアーズ　米ドル建てハイイールド社債　ＥＴＦ,ETF・ETN,2026-08-31
2259,2259.T,ｉシェアーズ　フランス国債７－１０年　ＥＴＦ（為替ヘッジあり）,ETF・ETN,2026-08-31
2264,2264.T,森永乳業,プライム（内国株式）,2026-08-31
2266,2266.T,六甲バター,プライム（内国株式）,2026-08-31
2267,2267.T,ヤクルト本社,プライム（内国株式）,2026-08-31
2268,2268.T,Ｂ－Ｒ　サーティワン　アイスクリーム,スタンダード（内国株式）,2026-08-31
2269,2269.T,明治ホールディングス,プライム（内国株式）,2026-08-31
226A,226A.T,勝美ジャパン,PRO Market,2026-08-31
2270,2270.T,雪印メグミルク,プライム（内国株式）,2026-08-31
227A,227A.T,ＩＮＳＩＧＨＴ　ＬＡＢ,PRO Market,2026-08-31
2281,2281.T,プリマハム,プライム（内国株式）,2026-08-31
2282,2282.T,日本ハム,プライム（内国株式）,2026-08-31
2286,2286.T,林兼産業,スタンダード（内国株式）,2026-08-31
2288,2288.T,丸大食品,プライム（内国株式）,2026-08-31
228A,228A.T,オプロ,グロース（内国株式）,2026-08-31
2291,2291.T,福留ハム,スタンダード（内国株式）,2026-08-31
2292,2292.T,Ｓ　Ｆｏｏｄｓ,プライム（内国株式）,2026-08-31
2293,2293.T,滝沢ハム,スタンダード（内国株式）,2026-08-31
2294,2294.T,柿安本店,プライム（内国株式）,2026-08-31
2296,2296.T,伊藤ハム米久ホールディングス,プライム（内国株式）,2026-08-31
229A,229A.T,アスミホールディングス,PRO Market,2026-08-31
2300,2300.T,きょくとう,スタンダード（内国株式）,2026-08-31
2301,2301.T,学情,プライム（内国株式）,2026-08-31
2303,2303.T,ドーン,スタンダード（内国株式）,2026-08-31
2304,2304.T,ＣＳＳホールディングス,スタンダード（内国株式）,2026-08-31
2305,2305.T,スタジオアリス,スタンダード（内国株式）,2026-08-31
2307,2307.T,クロスキャット,プライム（内国株式）,2026-08-31
2311,2311.T,エプコ,スタンダード（内国株式）,2026-08-31
2315,2315.T,ＣＡＩＣＡ　ＤＩＧＩＴＡＬ,スタンダード（内国株式）,2026-08-31
2317,2317.T,システナ,プライム（内国株式）,2026-08-31
2321,2321.T,ソフトフロントホールディングス,グロース（内国株式）,2026-08-31
2323,2323.T,ｆｏｎｆｕｎ,スタンダード（内国株式）,2026-08-31
2325,2325.T,ＮＪＳ,プライム（内国株式）,2026-08-31
2326,2326.T,デジタルアーツ,プライム（内国株式）,2026-08-31
2327,2327.T,日鉄ソリューションズ,プライム（内国株式）,2026-08-31
2329,2329.T,東北新社,スタンダード（内国株式）,2026-08-31
2330,2330.T,フォーサイド,スタンダード（内国株式）,2026-08-31
2331,2331.T,ＡＬＳＯＫ,プライム（内国株式）,2026-08-31
2332,2332.T,クエスト,スタンダード（内国株式）,2026-08-31
2334,2334.T,イオレ,グロース（内国株式）,2026-08-31
2335,2335.T,キューブシステム,プライム（内国株式）,2026-08-31
2337,2337.T,いちご,プライム（内国株式）,2026-08-31
2338,2338.T,クオンタムソリューションズ,スタンダード（内国株式）,2026-08-31
233A,233A.T,ｉＦｒｅｅＥＴＦ　インドＮｉｆｔｙ５０,ETF・ETN,2026-08-31
2340,2340.T,極楽湯ホールディングス,スタンダード（内国株式）,2026-08-31
2341,2341.T,アルバイトタイムス,スタンダード（内国株式）,2026-08-31
2342,2342.T,トランスジェニックグループ,スタンダード（内国株式）,2026-08-31
2345,2345.T,ＨＯＤＬ１,スタンダード（内国株式）,2026-08-31
2349,2349.T,エヌアイデイ,スタンダード（内国株式）,2026-08-31
234A,234A.T,グローバルＸ　ＭＳＣＩ　キャッシュフローキング－日本株式　ＥＴＦ,ETF・ETN,2026-08-31
2351,2351.T,ＡＳＪ,スタンダード（内国株式）,2026-08-31
2353,2353.T,日本駐車場開発,プライム（内国株式）,2026-08-31
2354,2354.T,ＹＥ　ＤＩＧＩＴＡＬ,スタンダード（内国株式）,2026-08-31
2359,2359.T,コア,プライム（内国株式）,2026-08-31
235A,235A.T,グローバルＸ　高配当３０－日本株式　ＥＴＦ,ETF・ETN,2026-08-31
236A,236A.T,ｉシェアーズ　日本国債７－１０年　ＥＴＦ,ETF・ETN,2026-08-31
2370,2370.T,メディネット,グロース（内国株式）,2026-08-31
2371,2371.T,カカクコム,プライム（内国株式）,2026-08-31
2373,2373.T,ケア２１,スタンダード（内国株式）,2026-08-31
2375,2375.T,ギグワークス,スタンダード（内国株式）,2026-08-31
2376,2376.T,サイネックス,スタンダード（内国株式）,2026-08-31
2378,2378.T,ルネサンス,プライム（内国株式）,2026-08-31
2379,2379.T,ディップ,プライム（内国株式）,2026-08-31
237A,237A.T,ｉシェアーズ　米国債２５年超　ロングデュレーション　ＥＴＦ,ETF・ETN,2026-08-31
2384,2384.T,ＳＢＳホールディングス,プライム（内国株式）,2026-08-31
2385,2385.T,総医研ホールディングス,グロース（内国株式）,2026-08-31
2388,2388.T,ウェッジホールディングス,グロース（内国株式）,2026-08-31
238A,238A.T,ｉシェアーズ　米国債２５年超　ロングデュレーション　ＥＴＦ（為替ヘッジあり）,ETF・ETN,2026-08-31
2391,2391.T,プラネット,スタンダード（内国株式）,2026-08-31
2393,2393.T,日本ケアサプライ,スタンダード（内国株式）,2026-08-31
2395,2395.T,新日本科学,プライム（内国株式）,2026-08-31
239A,239A.T,バレッグス,PRO Market,2026-08-31
2404,2404.T,鉄人化ホールディングス,スタンダード（内国株式）,2026-08-31
2408,2408.T,ＫＧ情報,スタンダード（内国株式）,2026-08-31
2410,2410.T,キャリアデザインセンター,プライム（内国株式）,2026-08-31
2411,2411.T,ゲンダイエージェンシー,スタンダード（内国株式）,2026-08-31
2413,2413.T,エムスリー,プライム（内国株式）,2026-08-31
2415,2415.T,ヒューマンホールディングス,スタンダード（内国株式）,2026-08-31
2418,2418.T,ツカダ・グローバルホールディング,スタンダード（内国株式）,2026-08-31
241A,241A.T,ＲＯＸＸ,グロース（内国株式）,2026-08-31
2424,2424.T,ブラス,スタンダード（内国株式）,2026-08-31
2425,2425.T,ケアサービス,スタンダード（内国株式）,2026-08-31
2428,2428.T,ウェルネット,スタンダード（内国株式）,2026-08-31
2429,2429.T,ワールドホールディングス,プライム（内国株式）,2026-08-31
2432,2432.T,ディー・エヌ・エー,プライム（内国株式）,2026-08-31
2433,2433.T,博報堂ＤＹホールディングス,プライム（内国株式）,2026-08-31
2435,2435.T,シダー,スタンダード（内国株式）,2026-08-31
2436,2436.T,共同ピーアール,スタンダード（内国株式）,2026-08-31
2437,2437.T,Ｓｈｉｎｗａ　Ｗｉｓｅ　Ｈｏｌｄｉｎｇｓ,スタンダード（内国株式）,2026-08-31
2438,2438.T,アスカネット,グロース（内国株式）,2026-08-31
243A,243A.T,トップス,PRO Market,2026-08-31
2440,2440.T,ぐるなび,スタンダード（内国株式）,2026-08-31
2445,2445.T,タカミヤ,スタンダード（内国株式）,2026-08-31
2449,2449.T,プラップジャパン,スタンダード（内国株式）,2026-08-31
244A,244A.T,グロースエクスパートナーズ,グロース（内国株式）,2026-08-31
2452,2452.T,コンピュータマインド,PRO Market,2026-08-31
2454,2454.T,オールアバウト,スタンダード（内国株式）,2026-08-31
2459,2459.T,アウンコンサルティング,スタンダード（内国株式）,2026-08-31
245A,245A.T,ＩＮＧＳ,グロース（内国株式）,2026-08-31
2461,2461.T,ファンコミュニケーションズ,プライム（内国株式）,2026-08-31
2462,2462.T,ライク,プライム（内国株式）,2026-08-31
2464,2464.T,Ａｏｂａ‐ＢＢＴ,スタンダード（内国株式）,2026-08-31
2469,2469.T,ヒビノ,スタンダード（内国株式）,2026-08-31
246A,246A.T,アスア,グロース（内国株式）,2026-08-31
2471,2471.T,エスプール,プライム（内国株式）,2026-08-31
2475,2475.T,ＷＤＢホールディングス,プライム（内国株式）,2026-08-31
2477,2477.T,手間いらず,スタンダード（内国株式）,2026-08-31
2479,2479.T,ジェイテック,スタンダード（内国株式）,2026-08-31
247A,247A.T,Ａｉロボティクス,グロース（内国株式）,2026-08-31
2480,2480.T,システム・ロケーション,スタンダード（内国株式）,2026-08-31
2481,2481.T,タウンニュース社,スタンダード（内国株式）,2026-08-31
2483,2483.T,翻訳センター,スタンダード（内国株式）,2026-08-31
2484,2484.T,出前館,スタンダード（内国株式）,2026-08-31
2485,2485.T,ティア,スタンダード（内国株式）,2026-08-31
2488,2488.T,ＪＴＰ,スタンダード（内国株式）,2026-08-31
2489,2489.T,アドウェイズ,スタンダード（内国株式）,2026-08-31
248A,248A.T,キッズスター,グロース（内国株式）,2026-08-31
2491,2491.T,バリューコマース,プライム（内国株式）,2026-08-31
2492,2492.T,インフォマート,プライム（内国株式）,2026-08-31
2493,2493.T,イーサポートリンク,スタンダード（内国株式）,2026-08-31
2497,2497.T,ユナイテッド,グロース（内国株式）,2026-08-31
2498,2498.T,オリエンタルコンサルタンツホールディングス,スタンダード（内国株式）,2026-08-31
2499,2499.T,日本和装ホールディングス,スタンダード（内国株式）,2026-08-31
249A,249A.T,ヒューマンアジャスト,PRO Market,2026-08-31
2501,2501.T,サッポロビール,プライム（内国株式）,2026-08-31
2502,2502.T,アサヒグループホールディングス,プライム（内国株式）,2026-08-31
2503,2503.T,キリンホールディングス,プライム（内国株式）,2026-08-31
250A,250A.T,シマダヤ,スタンダード（内国株式）,2026-08-31
2510,2510.T,ＮＥＸＴ　ＦＵＮＤＳ　国内債券・ＮＯＭＵＲＡ－ＢＰＩ総合連動型上場投信,ETF・ETN,2026-08-31
2511,2511.T,ＮＥＸＴ　ＦＵＮＤＳ　外国債券・ＦＴＳＥ世界国債インデックス（除く日本・為替ヘッジなし）連動型上場投信,ETF・ETN,2026-08-31
2512,2512.T,ＮＥＸＴ　ＦＵＮＤＳ　外国債券・ＦＴＳＥ世界国債インデックス（除く日本・為替ヘッジあり）連動型上場投信,ETF・ETN,2026-08-31
2513,2513.T,ＮＥＸＴ　ＦＵＮＤＳ　外国株式・ＭＳＣＩ－ＫＯＫＵＳＡＩ指数（為替ヘッジなし）連動型上場投信,ETF・ETN,2026-08-31
2514,2514.T,ＮＥＸＴ　ＦＵＮＤＳ　外国株式・ＭＳＣＩ－ＫＯＫＵＳＡＩ指数（為替ヘッジあり）連動型上場投信,ETF・ETN,2026-08-31
2515,2515.T,ＮＥＸＴ　ＦＵＮＤＳ　外国ＲＥＩＴ・Ｓ＆Ｐ先進国ＲＥＩＴ指数（除く日本・為替ヘッジなし）連動型上場投信,ETF・ETN,2026-08-31
2516,2516.T,東証グロース２５０ＥＴＦ,ETF・ETN,2026-08-31
2517,2517.T,ＭＡＸＩＳ　Ｊリート・コア上場投信,ETF・ETN,2026-08-31
2518,2518.T,ＮＥＸＴ　ＦＵＮＤＳ　ＭＳＣＩ日本株女性活躍指数（セレクト）連動型上場投信,ETF・ETN,2026-08-31
2519,2519.T,ＮＥＸＴ　ＦＵＮＤＳ　新興国債券・Ｊ．Ｐ．モルガン・エマージング・マーケット・ボンド・インデックス・プラス（為替ヘッジなし）連動型上場投信,ETF・ETN,2026-08-31
251A,251A.T,ニューロマジック,PRO Market,2026-08-31
2520,2520.T,ＮＥＸＴ　ＦＵＮＤＳ　新興国株式・ＭＳＣＩエマージング・マーケット・インデックス（為替ヘッジなし）連動型上場投信,ETF・ETN,2026-08-31
2521,2521.T,上場インデックスファンド米国株式（Ｓ＆Ｐ５００）為替ヘッジあり,ETF・ETN,2026-08-31
2522,2522.T,ｉシェアーズ　オートメーション　＆　ロボット　ＥＴＦ,ETF・ETN,2026-08-31
2523,2523.T,ＭＡＸＩＳトピックス（除く金融）上場投信,ETF・ETN,2026-08-31
2524,2524.T,ＮＺＡＭ　上場投信　ＴＯＰＩＸ,ETF・ETN,2026-08-31
2525,2525.T,ＮＺＡＭ　上場投信　日経２２５,ETF・ETN,2026-08-31
2526,2526.T,ＮＺＡＭ　上場投信　ＪＰＸ日経４００,ETF・ETN,2026-08-31
2527,2527.T,ＮＺＡＭ　上場投信　東証ＲＥＩＴ　Ｃｏｒｅ指数,ETF・ETN,2026-08-31
2528,2528.T,ｉＦｒｅｅＥＴＦ　東証ＲＥＩＴ　Ｃｏｒｅ指数,ETF・ETN,2026-08-31
2529,2529.T,ＮＥＸＴ　ＦＵＮＤＳ　野村株主還元７０連動型上場投信,ETF・ETN,2026-08-31
252A,252A.T,ウェッジ,PRO Market,2026-08-31
2530,2530.T,ＭＡＸＩＳ　ＨｕａＡｎ中国株式（上海１８０Ａ株）上場投信,ETF・ETN,2026-08-31
2531,2531.T,宝ホールディングス,プライム（内国株式）,2026-08-31
2533,2533.T,オエノンホールディングス,プライム（内国株式）,2026-08-31
253A,253A.T,ＥＴＳグループ,スタンダード（内国株式）,2026-08-31
254A,254A.T,ＡＩフュージョンキャピタルグループ,スタンダード（内国株式）,2026-08-31
2552,2552.T,上場インデックスファンドＪリート（東証ＲＥＩＴ指数）隔月分配型（ミニ）,ETF・ETN,2026-08-31
2553,2553.T,Ｏｎｅ　ＥＴＦ　南方　中国Ａ株　ＣＳＩ５００,ETF・ETN,2026-08-31
2554,2554.T,ＮＥＸＴ　ＦＵＮＤＳ　ブルームバーグ米国投資適格社債（１－１０年）インデックス（為替ヘッジあり）連動型上場投信,ETF・ETN,2026-08-31
2555,2555.T,東証ＲＥＩＴ　ＥＴＦ,ETF・ETN,2026-08-31
2556,2556.T,Ｏｎｅ　ＥＴＦ　東証ＲＥＩＴ指数,ETF・ETN,2026-08-31
2557,2557.T,ＳＭＤＡＭ　トピックス上場投信,ETF・ETN,2026-08-31
2558,2558.T,ＭＡＸＩＳ米国株式（Ｓ＆Ｐ５００）上場投信,ETF・ETN,2026-08-31
2559,2559.T,ＭＡＸＩＳ全世界株式（オール・カントリー）上場投信,ETF・ETN,2026-08-31
255A,255A.T,ジーエルテクノホールディングス,スタンダード（内国株式）,2026-08-31
2560,2560.T,ＭＡＸＩＳカーボン・エフィシェント日本株上場投信,ETF・ETN,2026-08-31
2561,2561.T,ｉシェアーズ・コア　日本国債　ＥＴＦ,ETF・ETN,2026-08-31
2562,2562.T,上場インデックスファンド米国株式（ダウ平均）為替ヘッジあり,ETF・ETN,2026-08-31
2563,2563.T,ｉシェアーズ　Ｓ＆Ｐ　５００　米国株　ＥＴＦ（為替ヘッジあり）,ETF・ETN,2026-08-31
2564,2564.T,グローバルＸ　ＭＳＣＩスーパーディビィデンド－日本株式　ＥＴＦ,ETF・ETN,2026-08-31
2565,2565.T,グローバルＸ　ロジスティクス・Ｊ－ＲＥＩＴ　ＥＴＦ,ETF・ETN,2026-08-31
2566,2566.T,上場インデックスファンド日経ＥＳＧリート,ETF・ETN,2026-08-31
2567,2567.T,ＮＺＡＭ　上場投信　Ｓ＆Ｐ／ＪＰＸカーボン・エフィシェント指数,ETF・ETN,2026-08-31
2568,2568.T,上場インデックスファンド米国株式（ＮＡＳＤＡＱ１００）為替ヘッジなし,ETF・ETN,2026-08-31
2569,2569.T,上場インデックスファンド米国株式（ＮＡＳＤＡＱ１００）為替ヘッジあり,ETF・ETN,2026-08-31
256A,256A.T,飛島ホールディングス,プライム（内国株式）,2026-08-31
2573,2573.T,北海道コカ・コーラボトリング,スタンダード（内国株式）,2026-08-31
2579,2579.T,コカ・コーラ　ボトラーズジャパンホールディングス,プライム（内国株式）,2026-08-31
257A,257A.T,ＳＭＴ　ＥＴＦ日本株厳選投資アクティブ,ETF・ETN,2026-08-31
2585,2585.T,ライフドリンク　カンパニー,プライム（内国株式）,2026-08-31
2586,2586.T,フルッタフルッタ,グロース（内国株式）,2026-08-31
2587,2587.T,サントリービバレッジ＆フード,プライム（内国株式）,2026-08-31
2588,2588.T,プレミアムウォーターホールディングス,スタンダード（内国株式）,2026-08-31
258A,258A.T,ＳＭＴ　ＥＴＦ国内リート厳選投資アクティブ,ETF・ETN,2026-08-31
2590,2590.T,ダイドーグループホールディングス,プライム（内国株式）,2026-08-31
2593,2593.T,伊藤園,プライム（内国株式）,2026-08-31
25935,25935.T,伊藤園第１種優先株式,プライム（内国株式）,2026-08-31
2594,2594.T,キーコーヒー,プライム（内国株式）,2026-08-31
2597,2597.T,ユニカフェ,スタンダード（内国株式）,2026-08-31
2602,2602.T,日清オイリオグループ,プライム（内国株式）,2026-08-31
2607,2607.T,不二製油,プライム（内国株式）,2026-08-31
2612,2612.T,かどや製油,スタンダード（内国株式）,2026-08-31
2613,2613.T,Ｊ－オイルミルズ,プライム（内国株式）,2026-08-31
261A,261A.T,日水コン,スタンダード（内国株式）,2026-08-31
2620,2620.T,ｉシェアーズ　米国債１－３年　ＥＴＦ,ETF・ETN,2026-08-31
2621,2621.T,ｉシェアーズ　米国債２０年超　ＥＴＦ（為替ヘッジあり）,ETF・ETN,2026-08-31
2622,2622.T,ｉシェアーズ　米ドル建て新興国債券　ＥＴＦ（為替ヘッジあり）,ETF・ETN,2026-08-31
2623,2623.T,ｉシェアーズ　ユーロ建て投資適格社債　ＥＴＦ（為替ヘッジあり）,ETF・ETN,2026-08-31
2624,2624.T,ｉＦｒｅｅＥＴＦ　日経２２５（年４回決算型）,ETF・ETN,2026-08-31
2625,2625.T,ｉＦｒｅｅＥＴＦ　ＴＯＰＩＸ（年４回決算型）,ETF・ETN,2026-08-31
2626,2626.T,グローバルＸ　デジタル・イノベーション－日本株式　ＥＴＦ,ETF・ETN,2026-08-31
2627,2627.T,グローバルＸ　ｅコマース－日本株式　ＥＴＦ,ETF・ETN,2026-08-31
2628,2628.T,ｉＦｒｅｅＥＴＦ　中国科創板５０（ＳＴＡＲ５０）,ETF・ETN,2026-08-31
2629,2629.T,ｉＦｒｅｅＥＴＦ　中国グレーターベイエリア・イノベーション１００（ＧＢＡ１００）,ETF・ETN,2026-08-31
262A,262A.T,インターメスティック,プライム（内国株式）,2026-08-31
2630,2630.T,ＭＡＸＩＳ米国株式（Ｓ＆Ｐ５００）上場投信（為替ヘッジあり）,ETF・ETN,2026-08-31
2631,2631.T,ＭＡＸＩＳナスダック１００上場投信,ETF・ETN,2026-08-31
2632,2632.T,ＭＡＸＩＳナスダック１００上場投信（為替ヘッジあり）,ETF・ETN,2026-08-31
2633,2633.T,ＮＥＸＴ　ＦＵＮＤＳ　Ｓ＆Ｐ　５００　指数（為替ヘッジなし）連動型上場投信,ETF・ETN,2026-08-31
2634,2634.T,ＮＥＸＴ　ＦＵＮＤＳ　Ｓ＆Ｐ　５００　指数（為替ヘッジあり）連動型上場投信,ETF・ETN,2026-08-31
2636,2636.T,グローバルＸ　ＭＳＣＩ　ガバナンス・クオリティ－日本株式　ＥＴＦ,ETF・ETN,2026-08-31
2637,2637.T,グローバルＸ　クリーンテック－日本株式　ＥＴＦ,ETF・ETN,2026-08-31
2638,2638.T,グローバルＸ　ロボティクス＆ＡＩ－日本株式　ＥＴＦ,ETF・ETN,2026-08-31
2639,2639.T,グローバルＸ　バイオ＆メドテック－日本株式　ＥＴＦ,ETF・ETN,2026-08-31
263A,263A.T,デジタルキューブ,PRO Market,2026-08-31
2640,2640.T,グローバルＸ　ゲーム＆アニメ－日本株式　ＥＴＦ,ETF・ETN,2026-08-31
2641,2641.T,グローバルＸ　グローバルリーダーズ－日本株式　ＥＴＦ,ETF・ETN,2026-08-31
2642,2642.T,ＳＭＴ　ＥＴＦカーボン・エフィシェント日本株,ETF・ETN,2026-08-31
2643,2643.T,ＮＥＸＴ　ＦＵＮＤＳ　ＭＳＣＩジャパンカントリー指数（セレクト）連動型上場投信,ETF・ETN,2026-08-31
2644,2644.T,グローバルＸ　半導体関連－日本株式　ＥＴＦ,ETF・ETN,2026-08-31
2645,2645.T,グローバルＸ　レジャー＆エンターテインメント－日本株式　ＥＴＦ,ETF・ETN,2026-08-31
2646,2646.T,グローバルＸ　メタルビジネス－日本株式　ＥＴＦ,ETF・ETN,2026-08-31
2647,2647.T,ＮＥＸＴ　ＦＵＮＤＳ　ブルームバーグ米国国債（７－１０年）インデックス（為替ヘッジなし）連動型上場投信,ETF・ETN,2026-08-31
2648,2648.T,ＮＥＸＴ　ＦＵＮＤＳ　ブルームバーグ米国国債（７－１０年）インデックス（為替ヘッジあり）連動型上場投信,ETF・ETN,2026-08-31
2649,2649.T,ｉシェアーズ　米国政府系機関ジニーメイＭＢＳ　ＥＴＦ（為替ヘッジあり）,ETF・ETN,2026-08-31
264A,264A.T,Ｓｃｈｏｏ,グロース（内国株式）,2026-08-31
2652,2652.T,まんだらけ,スタンダード（内国株式）,2026-08-31
2653,2653.T,イオン九州,スタンダード（内国株式）,2026-08-31
2654,2654.T,アスモ,スタンダード（内国株式）,2026-08-31
2656,2656.T,ベクターホールディングス,スタンダード（内国株式）,2026-08-31
2659,2659.T,サンエー,プライム（内国株式）,2026-08-31
265A,265A.T,Ｈｍｃｏｍｍ,グロース（内国株式）,2026-08-31
2664,2664.T,カワチ薬品,プライム（内国株式）,2026-08-31
2666,2666.T,オートウェーブ,スタンダード（内国株式）,2026-08-31
2667,2667.T,イメージ　ワン,スタンダード（内国株式）,2026-08-31
2668,2668.T,タビオ,スタンダード（内国株式）,2026-08-31
2669,2669.T,カネ美食品,スタンダード（内国株式）,2026-08-31
266A,266A.T,グローカルマーケティング,PRO Market,2026-08-31
2670,2670.T,エービーシー・マート,プライム（内国株式）,2026-08-31
2673,2673.T,夢みつけ隊,スタンダード（内国株式）,2026-08-31
2674,2674.T,ハードオフコーポレーション,プライム（内国株式）,2026-08-31
2676,2676.T,高千穂交易,プライム（内国株式）,2026-08-31
2678,2678.T,アスクル,プライム（内国株式）,2026-08-31
267A,267A.T,トワライズ,PRO Market,2026-08-31
2681,2681.T,ゲオホールディングス,プライム（内国株式）,2026-08-31
2683,2683.T,魚喜,スタンダード（内国株式）,2026-08-31
2685,2685.T,アンドエスティＨＤ,プライム（内国株式）,2026-08-31
2687,2687.T,シー・ヴイ・エス・ベイエリア,スタンダード（内国株式）,2026-08-31
2689,2689.T,オルバヘルスケアホールディングス,スタンダード（内国株式）,2026-08-31
268A,268A.T,リガク・ホールディングス,プライム（内国株式）,2026-08-31
2693,2693.T,ＹＫＴ,スタンダード（内国株式）,2026-08-31
2694,2694.T,焼肉坂井ホールディングス,スタンダード（内国株式）,2026-08-31
2695,2695.T,くら寿司,プライム（内国株式）,2026-08-31
2698,2698.T,キャンドゥ,スタンダード（内国株式）,2026-08-31
269A,269A.T,Ｓａｐｅｅｔ,グロース（内国株式）,2026-08-31
2700,2700.T,木徳神糧,スタンダード（内国株式）,2026-08-31
2702,2702.T,日本マクドナルドホールディングス,スタンダード（内国株式）,2026-08-31
2705,2705.T,大戸屋ホールディングス,スタンダード（内国株式）,2026-08-31
2708,2708.T,久世,スタンダード（内国株式）,2026-08-31
271A,271A.T,アクセリア,PRO Market,2026-08-31
2721,2721.T,ジェイホールディングス,スタンダード（内国株式）,2026-08-31
2722,2722.T,ＩＫホールディングス,スタンダード（内国株式）,2026-08-31
2726,2726.T,パルグループホールディングス,プライム（内国株式）,2026-08-31
2730,2730.T,エディオン,プライム（内国株式）,2026-08-31
2733,2733.T,あらた,プライム（内国株式）,2026-08-31
2734,2734.T,サーラコーポレーション,プライム（内国株式）,2026-08-31
2735,2735.T,ワッツ,スタンダード（内国株式）,2026-08-31
2736,2736.T,フェスタリアホールディングス,スタンダード（内国株式）,2026-08-31
2737,2737.T,トーメンデバイス,プライム（内国株式）,2026-08-31
273A,273A.T,ＳＢＩ　サウジアラビア株式上場投信,ETF・ETN,2026-08-31
2742,2742.T,ハローズ,プライム（内国株式）,2026-08-31
2747,2747.T,北雄ラッキー,スタンダード（内国株式）,2026-08-31
2749,2749.T,ＪＰホールディングス,プライム（内国株式）,2026-08-31
274A,274A.T,ガーデン,スタンダード（内国株式）,2026-08-31
2750,2750.T,石光商事,スタンダード（内国株式）,2026-08-31
2751,2751.T,テンポスホールディングス,スタンダード（内国株式）,2026-08-31
2752,2752.T,フジオフードグループ本社,プライム（内国株式）,2026-08-31
2753,2753.T,あみやき亭,プライム（内国株式）,2026-08-31
2760,2760.T,東京エレクトロン　デバイス,プライム（内国株式）,2026-08-31
2762,2762.T,ＳＡＮＫＯ　ＭＡＲＫＥＴＩＮＧ　ＦＯＯＤＳ,スタンダード（内国株式）,2026-08-31
2764,2764.T,ひらまつ,スタンダード（内国株式）,2026-08-31
2767,2767.T,円谷フィールズホールディングス,プライム（内国株式）,2026-08-31
2768,2768.T,双日,プライム（内国株式）,2026-08-31
2769,2769.T,ヴィレッジヴァンガードコーポレーション,スタンダード（内国株式）,2026-08-31
276A,276A.T,ククレブ・アドバイザーズ,グロース（内国株式）,2026-08-31
2776,2776.T,新都ホールディングス,スタンダード（内国株式）,2026-08-31
2778,2778.T,パレモ・ホールディングス,スタンダード（内国株式）,2026-08-31
277A,277A.T,グロービング,プライム（内国株式）,2026-08-31
2780,2780.T,コメ兵ホールディングス,スタンダード（内国株式）,2026-08-31
2782,2782.T,セリア,スタンダード（内国株式）,2026-08-31
2784,2784.T,アルフレッサ　ホールディングス,プライム（内国株式）,2026-08-31
2788,2788.T,アップルインターナショナル,スタンダード（内国株式）,2026-08-31
2789,2789.T,カルラ,スタンダード（内国株式）,2026-08-31
278A,278A.T,Ｔｅｒｒａ　Ｄｒｏｎｅ,グロース（内国株式）,2026-08-31
2790,2790.T,ナフコ,スタンダード（内国株式）,2026-08-31
2791,2791.T,大黒天物産,プライム（内国株式）,2026-08-31
2792,2792.T,ハニーズホールディングス,プライム（内国株式）,2026-08-31
2795,2795.T,日本プリメックス,スタンダード（内国株式）,2026-08-31
2796,2796.T,ファーマライズホールディングス,スタンダード（内国株式）,2026-08-31
2798,2798.T,ワイズテーブルコーポレーション,スタンダード（内国株式）,2026-08-31
279A,279A.T,インターグ,PRO Market,2026-08-31
2801,2801.T,キッコーマン,プライム（内国株式）,2026-08-31
2802,2802.T,味の素,プライム（内国株式）,2026-08-31
2804,2804.T,ブルドックソース,プライム（内国株式）,2026-08-31
2805,2805.T,ヱスビー食品,スタンダード（内国株式）,2026-08-31
2806,2806.T,ユタカフーズ,スタンダード（内国株式）,2026-08-31
2809,2809.T,キユーピー,プライム（内国株式）,2026-08-31
280A,280A.T,ＴＭＨ,グロース（内国株式）,2026-08-31
2810,2810.T,ハウス食品グループ本社,プライム（内国株式）,2026-08-31
2811,2811.T,カゴメ,プライム（内国株式）,2026-08-31
2813,2813.T,和弘食品,スタンダード（内国株式）,2026-08-31
2814,2814.T,佐藤食品工業,スタンダード（内国株式）,2026-08-31
2815,2815.T,アリアケジャパン,プライム（内国株式）,2026-08-31
2816,2816.T,ダイショー,スタンダード（内国株式）,2026-08-31
2818,2818.T,ピエトロ,スタンダード（内国株式）,2026-08-31
2819,2819.T,エバラ食品工業,スタンダード（内国株式）,2026-08-31
281A,281A.T,インフォメティス,グロース（内国株式）,2026-08-31
2820,2820.T,やまみ,スタンダード（内国株式）,2026-08-31
282A,282A.T,グローバルＸ　半導体・トップ１０－日本株式　ＥＴＦ,ETF・ETN,2026-08-31
2831,2831.T,はごろもフーズ,スタンダード（内国株式）,2026-08-31
2836,2836.T,グローバルＸ　フィンテック－日本株式　ＥＴＦ,ETF・ETN,2026-08-31
2837,2837.T,グローバルＸ　中小型リーダーズ－日本株式　ＥＴＦ,ETF・ETN,2026-08-31
2838,2838.T,ＭＡＸＩＳ米国国債７－１０年上場投信（為替ヘッジなし）,ETF・ETN,2026-08-31
2839,2839.T,ＭＡＸＩＳ米国国債７－１０年上場投信（為替ヘッジあり）,ETF・ETN,2026-08-31
283A,283A.T,グローバルＸ　ＵＳ　テック・配当貴族　ＥＴＦ,ETF・ETN,2026-08-31
2840,2840.T,ｉＦｒｅｅＥＴＦ　ＮＡＳＤＡＱ１００（為替ヘッジなし）,ETF・ETN,2026-08-31
2841,2841.T,ｉＦｒｅｅＥＴＦ　ＮＡＳＤＡＱ１００（為替ヘッジあり）,ETF・ETN,2026-08-31
2842,2842.T,ｉＦｒｅｅＥＴＦ　ＮＡＳＤＡＱ１００インバース,ETF・ETN,2026-08-31
2843,2843.T,上場インデックスファンド豪州国債（為替ヘッジあり）,ETF・ETN,2026-08-31
2844,2844.T,上場インデックスファンド豪州国債（為替ヘッジなし）,ETF・ETN,2026-08-31
2845,2845.T,ＮＥＸＴ　ＦＵＮＤＳ　ＮＡＳＤＡＱ－１００（為替ヘッジあり）連動型上場投信,ETF・ETN,2026-08-31
2846,2846.T,ＮＥＸＴ　ＦＵＮＤＳ　ダウ・ジョーンズ工業株３０種平均株価（為替ヘッジあり）連動型上場投信,ETF・ETN,2026-08-31
2847,2847.T,グローバルＸ　新成長インフラ－日本株式　ＥＴＦ,ETF・ETN,2026-08-31
2848,2848.T,グローバルＸ　ＭＳＣＩ　気候変動対応－日本株式　ＥＴＦ,ETF・ETN,2026-08-31
2849,2849.T,グローバルＸ　Ｍｏｒｎｉｎｇｓｔａｒ　高配当　ＥＳＧ－日本株式　ＥＴＦ,ETF・ETN,2026-08-31
284A,284A.T,フクヤ建設,PRO Market,2026-08-31
2851,2851.T,ｉシェアーズ　ＭＳＣＩ　ジャパンＳＲＩ　ＥＴＦ,ETF・ETN,2026-08-31
2852,2852.T,ｉシェアーズ　グリーンＪリート　ＥＴＦ,ETF・ETN,2026-08-31
2853,2853.T,ｉシェアーズ　気候リスク調整世界国債　ＥＴＦ（除く日本・為替ヘッジあり）,ETF・ETN,2026-08-31
2854,2854.T,グローバルＸ　テック・トップ２０－日本株式　ＥＴＦ,ETF・ETN,2026-08-31
2855,2855.T,グローバルＸ　グリーン・Ｊ－ＲＥＩＴ　ＥＴＦ,ETF・ETN,2026-08-31
2856,2856.T,ｉシェアーズ　米国債３－７年　ＥＴＦ（為替ヘッジあり）,ETF・ETN,2026-08-31
2857,2857.T,ｉシェアーズ　ドイツ国債　ＥＴＦ（為替ヘッジあり）,ETF・ETN,2026-08-31
2858,2858.T,グローバルＸ　日経２２５　カバード・コール　ＥＴＦ（プレミアム再投資型）,ETF・ETN,2026-08-31
2859,2859.T,ＮＥＸＴ　ＦＵＮＤＳ　ユーロ・ストックス５０指数（為替ヘッジあり）連動型上場投信,ETF・ETN,2026-08-31
285A,285A.T,キオクシアホールディングス,プライム（内国株式）,2026-08-31
2860,2860.T,ＮＥＸＴ　ＦＵＮＤＳ　ドイツ株式・ＤＡＸ（為替ヘッジあり）連動型上場投信,ETF・ETN,2026-08-31
2861,2861.T,上場インデックスファンドフランス国債（為替ヘッジなし）,ETF・ETN,2026-08-31
2862,2862.T,上場インデックスファンドフランス国債（為替ヘッジあり）,ETF・ETN,2026-08-31
2864,2864.T,グローバルＸ　ロジスティクス・ＲＥＩＴ　ＥＴＦ,ETF・ETN,2026-08-31
2865,2865.T,グローバルＸ　ＮＡＳＤＡＱ１００・カバード・コール　ＥＴＦ,ETF・ETN,2026-08-31
2866,2866.T,グローバルＸ　米国優先証券　ＥＴＦ,ETF・ETN,2026-08-31
2867,2867.T,グローバルＸ　自動運転＆ＥＶ　ＥＴＦ,ETF・ETN,2026-08-31
2868,2868.T,グローバルＸ　Ｓ＆Ｐ５００・カバード・コール　ＥＴＦ,ETF・ETN,2026-08-31
2869,2869.T,ｉＦｒｅｅＥＴＦ　ＮＡＳＤＡＱ１００レバレッジ,ETF・ETN,2026-08-31
286A,286A.T,ユカリア,グロース（内国株式）,2026-08-31
2870,2870.T,ｉＦｒｅｅＥＴＦ　ＮＡＳＤＡＱ１００ダブルインバース,ETF・ETN,2026-08-31
2871,2871.T,ニチレイ,プライム（内国株式）,2026-08-31
2872,2872.T,セイヒョー,スタンダード（内国株式）,2026-08-31
2874,2874.T,横浜冷凍,プライム（内国株式）,2026-08-31
2875,2875.T,東洋水産,プライム（内国株式）,2026-08-31
2876,2876.T,デルソーレ,スタンダード（内国株式）,2026-08-31
2877,2877.T,日東ベスト,スタンダード（内国株式）,2026-08-31
287A,287A.T,黒田グループ,スタンダード（内国株式）,2026-08-31
2882,2882.T,イートアンドホールディングス,プライム（内国株式）,2026-08-31
2883,2883.T,大冷,スタンダード（内国株式）,2026-08-31
2884,2884.T,ヨシムラ・フード・ホールディングス,プライム（内国株式）,2026-08-31
288A,288A.T,ラクサス・テクノロジーズ,グロース（内国株式）,2026-08-31
2892,2892.T,日本食品化工,スタンダード（内国株式）,2026-08-31
2894,2894.T,石井食品,スタンダード（内国株式）,2026-08-31
2897,2897.T,日清食品ホールディングス,プライム（内国株式）,2026-08-31
2901,2901.T,ウェルディッシュ,スタンダード（内国株式）,2026-08-31
2903,2903.T,シノブフーズ,スタンダード（内国株式）,2026-08-31
2904,2904.T,一正蒲鉾,スタンダード（内国株式）,2026-08-31
2907,2907.T,あじかん,スタンダード（内国株式）,2026-08-31
2908,2908.T,フジッコ,プライム（内国株式）,2026-08-31
290A,290A.T,Ｓｙｎｓｐｅｃｔｉｖｅ,グロース（内国株式）,2026-08-31
2910,2910.T,ロック・フィールド,プライム（内国株式）,2026-08-31
2911,2911.T,旭松食品,スタンダード（内国株式）,2026-08-31
2914,2914.T,日本たばこ産業,プライム（内国株式）,2026-08-31
2915,2915.T,ケンコーマヨネーズ,プライム（内国株式）,2026-08-31
2916,2916.T,仙波糖化工業,スタンダード（内国株式）,2026-08-31
2917,2917.T,大森屋,スタンダード（内国株式）,2026-08-31
2918,2918.T,わらべや日洋ホールディングス,プライム（内国株式）,2026-08-31
291A,291A.T,リスキル,グロース（内国株式）,2026-08-31
2922,2922.T,なとり,プライム（内国株式）,2026-08-31
2923,2923.T,サトウ食品,スタンダード（内国株式）,2026-08-31
2924,2924.T,イフジ産業,スタンダード（内国株式）,2026-08-31
2926,2926.T,篠崎屋,スタンダード（内国株式）,2026-08-31
2927,2927.T,ＡＦＣ－ＨＤアムスライフサイエンス,スタンダード（内国株式）,2026-08-31
2929,2929.T,ファーマフーズ,プライム（内国株式）,2026-08-31
292A,292A.T,エスアイイー,PRO Market,2026-08-31
2930,2930.T,北の達人コーポレーション,プライム（内国株式）,2026-08-31
2931,2931.T,ユーグレナ,プライム（内国株式）,2026-08-31
2932,2932.T,ＳＴＩフードホールディングス,スタンダード（内国株式）,2026-08-31
2933,2933.T,紀文食品,プライム（内国株式）,2026-08-31
2934,2934.T,ジェイフロンティア,グロース（内国株式）,2026-08-31
2935,2935.T,ピックルスホールディングス,プライム（内国株式）,2026-08-31
2936,2936.T,ベースフード,グロース（内国株式）,2026-08-31
2937,2937.T,サンクゼール,グロース（内国株式）,2026-08-31
2938,2938.T,オカムラ食品工業,スタンダード（内国株式）,2026-08-31
293A,293A.T,ＢＡＢＹ　ＪＯＢ,PRO Market,2026-08-31
294A,294A.T,ＮＥＸＴ　ＦＵＮＤＳ　ＭＳＣＩジャパン気候変動指数（セレクト）連動型上場投信,ETF・ETN,2026-08-31
295A,295A.T,Ｏｎｅ　ＥＴＦ　ＦＴＳＥ・サウジアラビア・インデックス,ETF・ETN,2026-08-31
2961,2961.T,日本調理機,スタンダード（内国株式）,2026-08-31
2962,2962.T,テクニスコ,スタンダード（内国株式）,2026-08-31
296A,296A.T,令和アカウンティング・ホールディングス,グロース（内国株式）,2026-08-31
2970,2970.T,ＧＬＣ　ＧＲＯＵＰ,スタンダード（内国株式）,2026-08-31
2971,2971.T,エスコンジャパンリート投資法人,REIT・ベンチャーファンド・カントリーファンド・インフラファンド,2026-08-31
2972,2972.T,サンケイリアルエステート投資法人,REIT・ベンチャーファンド・カントリーファンド・インフラファンド,2026-08-31
2975,2975.T,スター・マイカ・ホールディングス,プライム（内国株式）,2026-08-31
2978,2978.T,ツクルバ,グロース（内国株式）,2026-08-31
2979,2979.T,ＳＯＳｉＬＡ物流リート投資法人,REIT・ベンチャーファンド・カントリーファンド・インフラファンド,2026-08-31
297A,297A.T,アルピコホールディングス,スタンダード（内国株式）,2026-08-31
2980,2980.T,ＳＲＥホールディングス,プライム（内国株式）,2026-08-31
2981,2981.T,ランディックス,グロース（内国株式）,2026-08-31
2982,2982.T,ＡＤワークスグループ,プライム（内国株式）,2026-08-31
2983,2983.T,アールプランナー,グロース（内国株式）,2026-08-31
2984,2984.T,ヤマイチエステート,スタンダード（内国株式）,2026-08-31
2985,2985.T,ファーストステージ,PRO Market,2026-08-31
2986,2986.T,ＬＡホールディングス,グロース（内国株式）,2026-08-31
2989,2989.T,東海道リート投資法人,REIT・ベンチャーファンド・カントリーファンド・インフラファンド,2026-08-31
298A,298A.T,ＧＶＡ　ＴＥＣＨ,グロース（内国株式）,2026-08-31
2990,2990.T,アイダ設計,PRO Market,2026-08-31
2991,2991.T,ランドネット,スタンダード（内国株式）,2026-08-31
2992,2992.T,アーバンライク,PRO Market,2026-08-31
2993,2993.T,長栄,スタンダード（内国株式）,2026-08-31
2994,2994.T,アンサーホールディングス,PRO Market,2026-08-31
2995,2995.T,ジェイレックス・コーポレーション,PRO Market,2026-08-31
2997,2997.T,ストレージ王,グロース（内国株式）,2026-08-31
2998,2998.T,クリアル,グロース（内国株式）,2026-08-31
2999,2999.T,ホームポジション,スタンダード（内国株式）,2026-08-31
299A,299A.T,クラシル,グロース（内国株式）,2026-08-31
3001,3001.T,片倉工業,スタンダード（内国株式）,2026-08-31
3002,3002.T,グンゼ,プライム（内国株式）,2026-08-31
3003,3003.T,ヒューリック,プライム（内国株式）,2026-08-31
3004,3004.T,神栄,スタンダード（内国株式）,2026-08-31
300A,300A.T,ＭＩＣ,スタンダード（内国株式）,2026-08-31
3010,3010.T,ポラリス・ホールディングス,スタンダード（内国株式）,2026-08-31
3011,3011.T,バナーズ,スタンダード（内国株式）,2026-08-31
301A,301A.T,インデックス,PRO Market,2026-08-31
3020,3020.T,アプライド,スタンダード（内国株式）,2026-08-31
3021,3021.T,パシフィックネット,スタンダード（内国株式）,2026-08-31
3023,3023.T,ラサ商事,スタンダード（内国株式）,2026-08-31
3024,3024.T,クリエイト,スタンダード（内国株式）,2026-08-31
3028,3028.T,アルペン,プライム（内国株式）,2026-08-31
302A,302A.T,ビースタイルホールディングス,グロース（内国株式）,2026-08-31
3030,3030.T,ハブ,スタンダード（内国株式）,2026-08-31
3031,3031.T,ラクーンホールディングス,プライム（内国株式）,2026-08-31
3034,3034.T,クオールホールディングス,プライム（内国株式）,2026-08-31
3035,3035.T,ケイティケイ,スタンダード（内国株式）,2026-08-31
3036,3036.T,アルコニックス,プライム（内国株式）,2026-08-31
3038,3038.T,神戸物産,プライム（内国株式）,2026-08-31
303A,303A.T,ｖｉｓｕｍｏ,グロース（内国株式）,2026-08-31
3040,3040.T,ソリトンシステムズ,プライム（内国株式）,2026-08-31
3041,3041.T,ビューティカダンホールディングス,スタンダード（内国株式）,2026-08-31
3042,3042.T,セキュアヴェイル,スタンダード（内国株式）,2026-08-31
3045,3045.T,カワサキ,スタンダード（内国株式）,2026-08-31
3046,3046.T,ジンズホールディングス,プライム（内国株式）,2026-08-31
3048,3048.T,ビックカメラ,プライム（内国株式）,2026-08-31
304A,304A.T,フォルシア,グロース（内国株式）,2026-08-31
3050,3050.T,ＤＣＭホールディングス,プライム（内国株式）,2026-08-31
3053,3053.T,ペッパーフードサービス,スタンダード（内国株式）,2026-08-31
3054,3054.T,ハイパー,スタンダード（内国株式）,2026-08-31
3058,3058.T,三洋堂ホールディングス,スタンダード（内国株式）,2026-08-31
3059,3059.T,ヒラキ,スタンダード（内国株式）,2026-08-31
305A,305A.T,ダブルツリー,PRO Market,2026-08-31
3063,3063.T,ジェイグループホールディングス,グロース（内国株式）,2026-08-31
3064,3064.T,ＭｏｎｏｔａＲＯ,プライム（内国株式）,2026-08-31
3065,3065.T,ライフフーズ,スタンダード（内国株式）,2026-08-31
3067,3067.T,東京一番フーズ,スタンダード（内国株式）,2026-08-31
3068,3068.T,ＷＤＩ,スタンダード（内国株式）,2026-08-31
3069,3069.T,ＪＦＬＡホールディングス,スタンダード（内国株式）,2026-08-31
3070,3070.T,ジェリービーンズグループ,グロース（内国株式）,2026-08-31
3071,3071.T,ストリーム,スタンダード（内国株式）,2026-08-31
3075,3075.T,銚子丸,スタンダード（内国株式）,2026-08-31
3076,3076.T,あい　ホールディングス,プライム（内国株式）,2026-08-31
3077,3077.T,ホリイフードサービス,スタンダード（内国株式）,2026-08-31
307A,307A.T,ハウジング・スタッフ,PRO Market,2026-08-31
3080,3080.T,ジェーソン,スタンダード（内国株式）,2026-08-31
3082,3082.T,きちりホールディングス,スタンダード（内国株式）,2026-08-31
3083,3083.T,スターシーズ,スタンダード（内国株式）,2026-08-31
3086,3086.T,Ｊ．フロント　リテイリング,プライム（内国株式）,2026-08-31
3087,3087.T,ドトール・日レスホールディングス,プライム（内国株式）,2026-08-31
3088,3088.T,マツキヨココカラ＆カンパニー,プライム（内国株式）,2026-08-31
3089,3089.T,テクノアルファ,スタンダード（内国株式）,2026-08-31
308A,308A.T,ぽすとめいとホールディングス,PRO Market,2026-08-31
3091,3091.T,ブロンコビリー,プライム（内国株式）,2026-08-31
3092,3092.T,ＺＯＺＯ,プライム（内国株式）,2026-08-31
3093,3093.T,トレジャー・ファクトリー,プライム（内国株式）,2026-08-31
3096,3096.T,オーシャンシステム,スタンダード（内国株式）,2026-08-31
3097,3097.T,物語コーポレーション,プライム（内国株式）,2026-08-31
3099,3099.T,三越伊勢丹ホールディングス,プライム（内国株式）,2026-08-31
309A,309A.T,コスモス調剤,PRO Market,2026-08-31
3101,3101.T,東洋紡,プライム（内国株式）,2026-08-31
3103,3103.T,ユニチカ,スタンダード（内国株式）,2026-08-31
3104,3104.T,富士紡ホールディングス,プライム（内国株式）,2026-08-31
3105,3105.T,日清紡ホールディングス,プライム（内国株式）,2026-08-31
3106,3106.T,倉敷紡績,プライム（内国株式）,2026-08-31
3107,3107.T,ダイワボウホールディングス,プライム（内国株式）,2026-08-31
3109,3109.T,シキボウ,プライム（内国株式）,2026-08-31
310A,310A.T,サーティーフォー,PRO Market,2026-08-31
3110,3110.T,日東紡績,プライム（内国株式）,2026-08-31
3111,3111.T,オーミケンシ,スタンダード（内国株式）,2026-08-31
3113,3113.T,ＵＮＩＶＡ・Ｏａｋホールディングス,スタンダード（内国株式）,2026-08-31
3116,3116.T,トヨタ紡織,プライム（内国株式）,2026-08-31
3121,3121.T,マーチャント・バンカーズ,スタンダード（内国株式）,2026-08-31
3123,3123.T,サイボー,スタンダード（内国株式）,2026-08-31
312A,312A.T,シンコーホールディングス,PRO Market,2026-08-31
3131,3131.T,シンデン・ハイテックス,スタンダード（内国株式）,2026-08-31
3132,3132.T,マクニカホールディングス,プライム（内国株式）,2026-08-31
3133,3133.T,海帆,グロース（内国株式）,2026-08-31
3134,3134.T,Ｈａｍｅｅ,スタンダード（内国株式）,2026-08-31
3135,3135.T,マーケットエンタープライズ,スタンダード（内国株式）,2026-08-31
3137,3137.T,ファンデリー,スタンダード（内国株式）,2026-08-31
3138,3138.T,富士山マガジンサービス,スタンダード（内国株式）,2026-08-31
3139,3139.T,ラクト・ジャパン,プライム（内国株式）,2026-08-31
313A,313A.T,ｉシェアーズ　Ｓ＆Ｐ　５００　トップ　２０　ＥＴＦ,ETF・ETN,2026-08-31
3140,3140.T,ＢＲＵＮＯ,グロース（内国株式）,2026-08-31
3143,3143.T,オーウイル,スタンダード（内国株式）,2026-08-31
3148,3148.T,クリエイトＳＤホールディングス,プライム（内国株式）,2026-08-31
314A,314A.T,ｉシェアーズ　ゴールド　ＥＴＦ,ETF・ETN,2026-08-31
3150,3150.T,グリムス,プライム（内国株式）,2026-08-31
3151,3151.T,バイタルケーエスケー・ホールディングス,プライム（内国株式）,2026-08-31
3153,3153.T,八洲電機,プライム（内国株式）,2026-08-31
3154,3154.T,メディアスホールディングス,プライム（内国株式）,2026-08-31
3156,3156.T,レスター,プライム（内国株式）,2026-08-31
3157,3157.T,ジオリーブグループ,スタンダード（内国株式）,2026-08-31
3159,3159.T,丸善ＣＨＩホールディングス,スタンダード（内国株式）,2026-08-31
315A,315A.T,グローバルＸ　銀行　高配当－日本株式　ＥＴＦ,ETF・ETN,2026-08-31
3160,3160.T,大光,スタンダード（内国株式）,2026-08-31
3161,3161.T,アゼアス,スタンダード（内国株式）,2026-08-31
3166,3166.T,ＯＣＨＩホールディングス,スタンダード（内国株式）,2026-08-31
3167,3167.T,ＴＯＫＡＩホールディングス,プライム（内国株式）,2026-08-31
3168,3168.T,ＭＥＲＦ,スタンダード（内国株式）,2026-08-31
3169,3169.T,ミサワ,スタンダード（内国株式）,2026-08-31
316A,316A.T,ｉＦｒｅｅＥＴＦ　ＦＡＮＧ＋,ETF・ETN,2026-08-31
3172,3172.T,ティーライフ,スタンダード（内国株式）,2026-08-31
3173,3173.T,Ｃｏｍｉｎｉｘ,スタンダード（内国株式）,2026-08-31
3174,3174.T,ハピネス・アンド・ディ,スタンダード（内国株式）,2026-08-31
3175,3175.T,エー・ピーホールディングス,スタンダード（内国株式）,2026-08-31
3176,3176.T,三洋貿易,プライム（内国株式）,2026-08-31
3177,3177.T,ありがとうサービス,スタンダード（内国株式）,2026-08-31
3178,3178.T,チムニー,スタンダード（内国株式）,2026-08-31
3179,3179.T,シュッピン,プライム（内国株式）,2026-08-31
317A,317A.T,エス・エム・エス・データテック,PRO Market,2026-08-31
3180,3180.T,ビューティガレージ,プライム（内国株式）,2026-08-31
3181,3181.T,買取王国,スタンダード（内国株式）,2026-08-31
3182,3182.T,オイシックス,プライム（内国株式）,2026-08-31
3183,3183.T,ウイン・パートナーズ,プライム（内国株式）,2026-08-31
3184,3184.T,ＩＣＤＡホールディングス,スタンダード（内国株式）,2026-08-31
3185,3185.T,夢展望,グロース（内国株式）,2026-08-31
3186,3186.T,ネクステージ,プライム（内国株式）,2026-08-31
3187,3187.T,ミラタップ,グロース（内国株式）,2026-08-31
3189,3189.T,ＡＮＡＰホールディングス,スタンダード（内国株式）,2026-08-31
318A,318A.T,ＶＩＸ短期先物指数ＥＴＦ,ETF・ETN,2026-08-31
3190,3190.T,ホットマン,スタンダード（内国株式）,2026-08-31
3191,3191.T,ジョイフル本田,プライム（内国株式）,2026-08-31
3192,3192.T,白鳩,スタンダード（内国株式）,2026-08-31
3193,3193.T,エターナルホスピタリティグループ,プライム（内国株式）,2026-08-31
3195,3195.T,ジェネレーションパス,スタンダード（内国株式）,2026-08-31
3196,3196.T,ホットランドホールディングス,プライム（内国株式）,2026-08-31
3197,3197.T,すかいらーくホールディングス,プライム（内国株式）,2026-08-31
3199,3199.T,綿半ホールディングス,プライム（内国株式）,2026-08-31
319A,319A.T,技術承継機構,グロース（内国株式）,2026-08-31
3201,3201.T,日本毛織,プライム（内国株式）,2026-08-31
3202,3202.T,ダイトウボウ,スタンダード（内国株式）,2026-08-31
3204,3204.T,トーア紡コーポレーション,スタンダード（内国株式）,2026-08-31
3205,3205.T,ダイドーリミテッド,スタンダード（内国株式）,2026-08-31
320A,320A.T,Ｄ＆Ｉ,PRO Market,2026-08-31
321A,321A.T,ヒューマンステージホールディングス,PRO Market,2026-08-31
3221,3221.T,ヨシックスホールディングス,プライム（内国株式）,2026-08-31
3222,3222.T,ユナイテッド・スーパーマーケット・ホールディングス,スタンダード（内国株式）,2026-08-31
3223,3223.T,エスエルディー,スタンダード（内国株式）,2026-08-31
3224,3224.T,ゼネラル・オイスター,グロース（内国株式）,2026-08-31
3226,3226.T,三井不動産アコモデーションファンド投資法人,REIT・ベンチャーファンド・カントリーファンド・インフラファンド,2026-08-31
322A,322A.T,ヒメジ理化,PRO Market,2026-08-31
3231,3231.T,野村不動産ホールディングス,プライム（内国株式）,2026-08-31
3232,3232.T,三重交通グループホールディングス,プライム（内国株式）,2026-08-31
3234,3234.T,森ヒルズリート投資法人,REIT・ベンチャーファンド・カントリーファンド・インフラファンド,2026-08-31
3236,3236.T,プロパスト,スタンダード（内国株式）,2026-08-31
3237,3237.T,イントランス,グロース（内国株式）,2026-08-31
3238,3238.T,セントラル総合開発,スタンダード（内国株式）,2026-08-31
323A,323A.T,フライヤー,グロース（内国株式）,2026-08-31
3241,3241.T,ウィル,スタンダード（内国株式）,2026-08-31
3242,3242.T,アーバネットコーポレーション,スタンダード（内国株式）,2026-08-31
3245,3245.T,ディア・ライフ,プライム（内国株式）,2026-08-31
3246,3246.T,コーセーアールイー,スタンダード（内国株式）,2026-08-31
3248,3248.T,アールエイジ,スタンダード（内国株式）,2026-08-31
3249,3249.T,産業ファンド投資法人,REIT・ベンチャーファンド・カントリーファンド・インフラファンド,2026-08-31
324A,324A.T,ブッキングリゾート,グロース（内国株式）,2026-08-31
3252,3252.T,地主,プライム（内国株式）,2026-08-31
325A,325A.T,ＴＥＮＴＩＡＬ,グロース（内国株式）,2026-08-31
3261,3261.T,グランディーズ,グロース（内国株式）,2026-08-31
3266,3266.T,ファンドクリエーショングループ,スタンダード（内国株式）,2026-08-31
3267,3267.T,フィル・カンパニー,スタンダード（内国株式）,2026-08-31
3269,3269.T,アドバンス・レジデンス投資法人,REIT・ベンチャーファンド・カントリーファンド・インフラファンド,2026-08-31
326A,326A.T,ａｅｒｏ　ｌａｂ　ｉｎｔｅｒｎａｔｉｏｎａｌ,PRO Market,2026-08-31
3276,3276.T,ＪＰＭＣ,プライム（内国株式）,2026-08-31
3277,3277.T,サンセイランディック,スタンダード（内国株式）,2026-08-31
3279,3279.T,アクティビア・プロパティーズ投資法人,REIT・ベンチャーファンド・カントリーファンド・インフラファンド,2026-08-31
3280,3280.T,エストラスト,スタンダード（内国株式）,2026-08-31
3281,3281.T,ＧＬＰ投資法人,REIT・ベンチャーファンド・カントリーファンド・インフラファンド,2026-08-31
3282,3282.T,コンフォリア・レジデンシャル投資法人,REIT・ベンチャーファンド・カントリーファンド・インフラファンド,2026-08-31
3283,3283.T,日本プロロジスリート投資法人,REIT・ベンチャーファンド・カントリーファンド・インフラファンド,2026-08-31
3284,3284.T,フージャースホールディングス,プライム（内国株式）,2026-08-31
3286,3286.T,トラストホールディングス,スタンダード（内国株式）,2026-08-31
3287,3287.T,星野リゾート・リート投資法人,REIT・ベンチャーファンド・カントリーファンド・インフラファンド,2026-08-31
3288,3288.T,オープンハウスグループ,プライム（内国株式）,2026-08-31
3289,3289.T,東急不動産ホールディングス,プライム（内国株式）,2026-08-31
328A,328A.T,グローバルＸ　プライシングパワー・リーダーズ－日本株式　ＥＴＦ,ETF・ETN,2026-08-31
3290,3290.T,Ｏｎｅリート投資法人,REIT・ベンチャーファンド・カントリーファンド・インフラファンド,2026-08-31
3291,3291.T,飯田グループホールディングス,プライム（内国株式）,2026-08-31
3292,3292.T,イオンリート投資法人,REIT・ベンチャーファンド・カントリーファンド・インフラファンド,2026-08-31
3293,3293.T,アズマハウス,スタンダード（内国株式）,2026-08-31
3295,3295.T,ヒューリックリート投資法人,REIT・ベンチャーファンド・カントリーファンド・インフラファンド,2026-08-31
3296,3296.T,日本リート投資法人,REIT・ベンチャーファンド・カントリーファンド・インフラファンド,2026-08-31
3297,3297.T,東武住販,スタンダード（内国株式）,2026-08-31
3299,3299.T,ムゲンエステート,スタンダード（内国株式）,2026-08-31
329A,329A.T,ジールアソシエイツ,PRO Market,2026-08-31
3300,3300.T,アンビション　ＤＸ　ホールディングス,グロース（内国株式）,2026-08-31
3302,3302.T,帝国繊維,プライム（内国株式）,2026-08-31
3306,3306.T,日本製麻,スタンダード（内国株式）,2026-08-31
3309,3309.T,積水ハウス・リート投資法人,REIT・ベンチャーファンド・カントリーファンド・インフラファンド,2026-08-31
330A,330A.T,ＴａｌｅｎｔＸ,グロース（内国株式）,2026-08-31
3315,3315.T,日本コークス工業,プライム（内国株式）,2026-08-31
3317,3317.T,フライングガーデン,スタンダード（内国株式）,2026-08-31
331A,331A.T,メディックス,スタンダード（内国株式）,2026-08-31
3320,3320.T,クロスプラス,スタンダード（内国株式）,2026-08-31
3321,3321.T,ミタチ産業,スタンダード（内国株式）,2026-08-31
3323,3323.T,レカム,スタンダード（内国株式）,2026-08-31
3326,3326.T,ランシステム,スタンダード（内国株式）,2026-08-31
3329,3329.T,東和フードサービス,スタンダード（内国株式）,2026-08-31
332A,332A.T,ミーク,グロース（内国株式）,2026-08-31
3333,3333.T,あさひ,プライム（内国株式）,2026-08-31
333A,333A.T,テクノスマイル,PRO Market,2026-08-31
3349,3349.T,コスモス薬品,プライム（内国株式）,2026-08-31
334A,334A.T,ビジュアル・プロセッシング・ジャパン,グロース（内国株式）,2026-08-31
3350,3350.T,メタプラネット,スタンダード（内国株式）,2026-08-31
3352,3352.T,バッファロー,スタンダード（内国株式）,2026-08-31
3353,3353.T,メディカル一光グループ,スタンダード（内国株式）,2026-08-31
3355,3355.T,クリヤマホールディングス,スタンダード（内国株式）,2026-08-31
3358,3358.T,Ｔｒａｉｌｈｅａｄ　Ｇｌｏｂａｌ　Ｈｏｌｄｉｎｇｓ,スタンダード（内国株式）,2026-08-31
3359,3359.T,ｃｏｔｔａ,グロース（内国株式）,2026-08-31
335A,335A.T,ミライロ,グロース（内国株式）,2026-08-31
3360,3360.T,シップヘルスケアホールディングス,プライム（内国株式）,2026-08-31
3361,3361.T,トーエル,スタンダード（内国株式）,2026-08-31
336A,336A.T,ダイナミックマッププラットフォーム,グロース（内国株式）,2026-08-31
3370,3370.T,フジタコーポレーション,スタンダード（内国株式）,2026-08-31
3371,3371.T,ソフトクリエイトホールディングス,プライム（内国株式）,2026-08-31
3372,3372.T,関門海,スタンダード（内国株式）,2026-08-31
3374,3374.T,内外テック,スタンダード（内国株式）,2026-08-31
3375,3375.T,ＺＯＡ,スタンダード（内国株式）,2026-08-31
3377,3377.T,バイク王＆カンパニー,スタンダード（内国株式）,2026-08-31
3382,3382.T,セブン＆アイ・ホールディングス,プライム（内国株式）,2026-08-31
3386,3386.T,コスモ・バイオ,スタンダード（内国株式）,2026-08-31
3387,3387.T,クリエイト・レストランツ・ホールディングス,プライム（内国株式）,2026-08-31
3388,3388.T,明治電機工業,プライム（内国株式）,2026-08-31
338A,338A.T,ＺｅｎｍｕＴｅｃｈ,グロース（内国株式）,2026-08-31
3391,3391.T,ツルハホールディングス,プライム（内国株式）,2026-08-31
3392,3392.T,デリカフーズホールディングス,スタンダード（内国株式）,2026-08-31
3393,3393.T,スターティアホールディングス,プライム（内国株式）,2026-08-31
3395,3395.T,サンマルクホールディングス,プライム（内国株式）,2026-08-31
3396,3396.T,フェリシモ,スタンダード（内国株式）,2026-08-31
3397,3397.T,トリドールホールディングス,プライム（内国株式）,2026-08-31
3399,3399.T,丸千代山岡家,スタンダード（内国株式）,2026-08-31
339A,339A.T,プログレス・テクノロジーズ　グループ,グロース（内国株式）,2026-08-31
3401,3401.T,帝人,プライム（内国株式）,2026-08-31
3402,3402.T,東レ,プライム（内国株式）,2026-08-31
3405,3405.T,クラレ,プライム（内国株式）,2026-08-31
3407,3407.T,旭化成,プライム（内国株式）,2026-08-31
3409,3409.T,北紡,スタンダード（内国株式）,2026-08-31
340A,340A.T,ジグザグ,グロース（内国株式）,2026-08-31
3415,3415.T,ＴＯＫＹＯ　ＢＡＳＥ,プライム（内国株式）,2026-08-31
3416,3416.T,ピクスタ,スタンダード（内国株式）,2026-08-31
3417,3417.T,大木ヘルスケアホールディングス,スタンダード（内国株式）,2026-08-31
3418,3418.T,バルニバービ,グロース（内国株式）,2026-08-31
341A,341A.T,トヨコー,グロース（内国株式）,2026-08-31
3420,3420.T,ケー・エフ・シー,スタンダード（内国株式）,2026-08-31
3421,3421.T,稲葉製作所,スタンダード（内国株式）,2026-08-31
3422,3422.T,Ｊ－ＭＡＸ,スタンダード（内国株式）,2026-08-31
3423,3423.T,エスイー,スタンダード（内国株式）,2026-08-31
3426,3426.T,アトムリビンテック,スタンダード（内国株式）,2026-08-31
3431,3431.T,宮地エンジニアリンググループ,プライム（内国株式）,2026-08-31
3433,3433.T,トーカロ,プライム（内国株式）,2026-08-31
3434,3434.T,アルファＣｏ,スタンダード（内国株式）,2026-08-31
3435,3435.T,サンコーテクノ,スタンダード（内国株式）,2026-08-31
3436,3436.T,ＳＵＭＣＯ,プライム（内国株式）,2026-08-31
3437,3437.T,特殊電極,スタンダード（内国株式）,2026-08-31
3439,3439.T,三ツ知,スタンダード（内国株式）,2026-08-31
343A,343A.T,ＩＡＣＥトラベル,スタンダード（内国株式）,2026-08-31
3440,3440.T,日創グループ,スタンダード（内国株式）,2026-08-31
3441,3441.T,山王,スタンダード（内国株式）,2026-08-31
3443,3443.T,川田テクノロジーズ,プライム（内国株式）,2026-08-31
3444,3444.T,菊池製作所,スタンダード（内国株式）,2026-08-31
3445,3445.T,ＲＳ　Ｔｅｃｈｎｏｌｏｇｉｅｓ,プライム（内国株式）,2026-08-31
3446,3446.T,ジェイテックコーポレーション,スタンダード（内国株式）,2026-08-31
3447,3447.T,信和,スタンダード（内国株式）,2026-08-31
3448,3448.T,清鋼材,PRO Market,2026-08-31
3449,3449.T,テクノフレックス,スタンダード（内国株式）,2026-08-31
3451,3451.T,トーセイ・リート投資法人,REIT・ベンチャーファンド・カントリーファンド・インフラファンド,2026-08-31
3452,3452.T,ビーロット,スタンダード（内国株式）,2026-08-31
3454,3454.T,ファーストブラザーズ,スタンダード（内国株式）,2026-08-31
3455,3455.T,ヘルスケア＆メディカル投資法人,REIT・ベンチャーファンド・カントリーファンド・インフラファンド,2026-08-31
3457,3457.T,Ａｎｄ　Ｄｏホールディングス,プライム（内国株式）,2026-08-31
3459,3459.T,サムティ・レジデンシャル投資法人,REIT・ベンチャーファンド・カントリーファンド・インフラファンド,2026-08-31
345A,345A.T,高配当成長　日本株（ネットリターン）ＥＴＮ,ETF・ETN,2026-08-31
3461,3461.T,パルマ,スタンダード（内国株式）,2026-08-31
3462,3462.T,野村不動産マスターファンド投資法人,REIT・ベンチャーファンド・カントリーファンド・インフラファンド,2026-08-31
3463,3463.T,いちごホテルリート投資法人,REIT・ベンチャーファンド・カントリーファンド・インフラファンド,2026-08-31
3465,3465.T,ケイアイスター不動産,プライム（内国株式）,2026-08-31
3466,3466.T,ラサールロジポート投資法人,REIT・ベンチャーファンド・カントリーファンド・インフラファンド,2026-08-31
3467,3467.T,アグレ都市デザイン,スタンダード（内国株式）,2026-08-31
3468,3468.T,スターアジア不動産投資法人,REIT・ベンチャーファンド・カントリーファンド・インフラファンド,2026-08-31
3469,3469.T,デュアルタップ,スタンダード（内国株式）,2026-08-31
346A,346A.T,ＮＥＸＴ　ＦＵＮＤＳ　Ｓ＆Ｐ　５００　半導体・半導体製造装置３５％キャップ指数連動型上場投信,ETF・ETN,2026-08-31
3470,3470.T,マリモ地方創生リート投資法人,REIT・ベンチャーファンド・カントリーファンド・インフラファンド,2026-08-31
3471,3471.T,三井不動産ロジスティクスパーク投資法人,REIT・ベンチャーファンド・カントリーファンド・インフラファンド,2026-08-31
3472,3472.T,日本ホテル＆レジデンシャル投資法人,REIT・ベンチャーファンド・カントリーファンド・インフラファンド,2026-08-31
3474,3474.T,Ｇ－ＦＡＣＴＯＲＹ,グロース（内国株式）,2026-08-31
3475,3475.T,グッドコムアセット,プライム（内国株式）,2026-08-31
3476,3476.T,投資法人みらい,REIT・ベンチャーファンド・カントリーファンド・インフラファンド,2026-08-31
3477,3477.T,フォーライフ,グロース（内国株式）,2026-08-31
3479,3479.T,ＴＫＰ,グロース（内国株式）,2026-08-31
347A,347A.T,ＧＲＯＷＴＨ　ＰＯＷＥＲ,PRO Market,2026-08-31
3480,3480.T,ジェイ・エス・ビー,プライム（内国株式）,2026-08-31
3481,3481.T,三菱地所物流リート投資法人,REIT・ベンチャーファンド・カントリーファンド・インフラファンド,2026-08-31
3482,3482.T,ロードスターキャピタル,プライム（内国株式）,2026-08-31
3483,3483.T,翔栄,PRO Market,2026-08-31
3484,3484.T,イノベーションホールディングス,スタンダード（内国株式）,2026-08-31
3486,3486.T,グローバル・リンク・マネジメント,プライム（内国株式）,2026-08-31
3487,3487.T,ＣＲＥロジスティクスファンド投資法人,REIT・ベンチャーファンド・カントリーファンド・インフラファンド,2026-08-31
3488,3488.T,セントラル・リート投資法人,REIT・ベンチャーファンド・カントリーファンド・インフラファンド,2026-08-31
3489,3489.T,フェイスネットワーク,スタンダード（内国株式）,2026-08-31
348A,348A.T,ＭＡＸＩＳ読売３３３日本株上場投信,ETF・ETN,2026-08-31
3490,3490.T,アズ企画設計,スタンダード（内国株式）,2026-08-31
3491,3491.T,ＧＡ　ｔｅｃｈｎｏｌｏｇｉｅｓ,グロース（内国株式）,2026-08-31
3492,3492.T,ＭＩＲＡＲＴＨ不動産投資法人,REIT・ベンチャーファンド・カントリーファンド・インフラファンド,2026-08-31
3494,3494.T,マリオン,スタンダード（内国株式）,2026-08-31
3495,3495.T,香陵住販,スタンダード（内国株式）,2026-08-31
3496,3496.T,アズーム,プライム（内国株式）,2026-08-31
3498,3498.T,霞ヶ関キャピタル,プライム（内国株式）,2026-08-31
349A,349A.T,ＳＭＤＡＭ　Ａｃｔｉｖｅ　ＥＴＦ　日本グロース株式,ETF・ETN,2026-08-31
3501,3501.T,ＳＵＭＩＮＯＥ,プライム（内国株式）,2026-08-31
350A,350A.T,デジタルグリッド,グロース（内国株式）,2026-08-31
3512,3512.T,日本フエルト,スタンダード（内国株式）,2026-08-31
3513,3513.T,イチカワ,スタンダード（内国株式）,2026-08-31
351A,351A.T,アクシスＩＴパートナーズ,PRO Market,2026-08-31
3521,3521.T,テルマー湯ホールディングス,スタンダード（内国株式）,2026-08-31
3524,3524.T,日東製網,スタンダード（内国株式）,2026-08-31
3529,3529.T,アツギ,スタンダード（内国株式）,2026-08-31
352A,352A.T,ＬＯＩＶＥ,グロース（内国株式）,2026-08-31
3536,3536.T,アクサスホールディングス,スタンダード（内国株式）,2026-08-31
3537,3537.T,昭栄薬品,スタンダード（内国株式）,2026-08-31
3538,3538.T,ウイルプラスホールディングス,スタンダード（内国株式）,2026-08-31
3539,3539.T,ＪＭホールディングス,プライム（内国株式）,2026-08-31
3542,3542.T,ベガコーポレーション,グロース（内国株式）,2026-08-31
3543,3543.T,コメダホールディングス,プライム（内国株式）,2026-08-31
3544,3544.T,サツドラホールディングス,スタンダード（内国株式）,2026-08-31
3547,3547.T,ユニシアホールディングス,スタンダード（内国株式）,2026-08-31
3548,3548.T,バロックジャパンリミテッド,プライム（内国株式）,2026-08-31
3549,3549.T,クスリのアオキホールディングス,スタンダード（内国株式）,2026-08-31
354A,354A.T,ｉＦｒｅｅＥＴＦ　ブルームバーグ日本株高配当５０指数,ETF・ETN,2026-08-31
3550,3550.T,スタジオアタオ,グロース（内国株式）,2026-08-31
3551,3551.T,ダイニック,スタンダード（内国株式）,2026-08-31
3553,3553.T,共和レザー,スタンダード（内国株式）,2026-08-31
3556,3556.T,リネットジャパングループ,グロース（内国株式）,2026-08-31
3557,3557.T,ユナイテッド＆コレクティブ,グロース（内国株式）,2026-08-31
3558,3558.T,ジェイドグループ,グロース（内国株式）,2026-08-31
3559,3559.T,ピーバンドットコム,スタンダード（内国株式）,2026-08-31
355A,355A.T,ナウビレッジ,PRO Market,2026-08-31
3560,3560.T,ほぼ日,スタンダード（内国株式）,2026-08-31
3561,3561.T,力の源ホールディングス,プライム（内国株式）,2026-08-31
3562,3562.T,Ｎｏ．１,スタンダード（内国株式）,2026-08-31
3563,3563.T,ＦＯＯＤ　＆　ＬＩＦＥ　ＣＯＭＰＡＮＩＥＳ,プライム（内国株式）,2026-08-31
3565,3565.T,アセンテック,スタンダード（内国株式）,2026-08-31
3566,3566.T,ユニフォームネクスト,グロース（内国株式）,2026-08-31
3569,3569.T,セーレン,プライム（内国株式）,2026-08-31
356A,356A.T,グローバルＸ　Ｓ＆Ｐ５００　キャッシュフロー・トップ１００　ＥＴＦ,ETF・ETN,2026-08-31
3571,3571.T,ソトー,スタンダード（内国株式）,2026-08-31
3577,3577.T,東海染工,スタンダード（内国株式）,2026-08-31
357A,357A.T,エフアンドエフ,PRO Market,2026-08-31
3580,3580.T,小松マテーレ,プライム（内国株式）,2026-08-31
3583,3583.T,オーベクス,スタンダード（内国株式）,2026-08-31
358A,358A.T,ゼン・ランド,PRO Market,2026-08-31
3591,3591.T,ワコールホールディングス,プライム（内国株式）,2026-08-31
3597,3597.T,自重堂,スタンダード（内国株式）,2026-08-31
3598,3598.T,山喜,スタンダード（内国株式）,2026-08-31
359A,359A.T,ＮＥＸＴ　ＳＴＡＧＥ,PRO Market,2026-08-31
3600,3600.T,フジックス,スタンダード（内国株式）,2026-08-31
3607,3607.T,クラウディアホールディングス,スタンダード（内国株式）,2026-08-31
3608,3608.T,ＴＳＩホールディングス,プライム（内国株式）,2026-08-31
360A,360A.T,東証ＲＥＩＴ　Ｃｏｒｅ　ＥＴＦ,ETF・ETN,2026-08-31
3611,3611.T,マツオカコーポレーション,スタンダード（内国株式）,2026-08-31
3612,3612.T,ワールド,プライム（内国株式）,2026-08-31
361A,361A.T,リビングハウス,PRO Market,2026-08-31
3622,3622.T,ネットイヤーグループ,スタンダード（内国株式）,2026-08-31
3623,3623.T,ビリングシステム,グロース（内国株式）,2026-08-31
3624,3624.T,アクセルマーク,グロース（内国株式）,2026-08-31
3625,3625.T,テックファームホールディングス,グロース（内国株式）,2026-08-31
3626,3626.T,ＴＩＳＩ,プライム（内国株式）,2026-08-31
3627,3627.T,テクミラホールディングス,スタンダード（内国株式）,2026-08-31
3628,3628.T,データホライゾン,グロース（内国株式）,2026-08-31
362A,362A.T,エクシオホールディングス,PRO Market,2026-08-31
3632,3632.T,グリーホールディングス,プライム（内国株式）,2026-08-31
3633,3633.T,ＧＭＯペパボ,スタンダード（内国株式）,2026-08-31
3634,3634.T,ソケッツ,スタンダード（内国株式）,2026-08-31
3635,3635.T,コーエーテクモホールディングス,プライム（内国株式）,2026-08-31
3636,3636.T,三菱総合研究所,プライム（内国株式）,2026-08-31
3639,3639.T,ボルテージ,スタンダード（内国株式）,2026-08-31
363A,363A.T,ｉＦｒｅｅＥＴＦ　英国ＦＴＳＥ１００,ETF・ETN,2026-08-31
3640,3640.T,電算,スタンダード（内国株式）,2026-08-31
3641,3641.T,パピレス,スタンダード（内国株式）,2026-08-31
3645,3645.T,メディカルネット,グロース（内国株式）,2026-08-31
3646,3646.T,駅探,スタンダード（内国株式）,2026-08-31
3647,3647.T,アスリナ,スタンダード（内国株式）,2026-08-31
3648,3648.T,ＡＧＳ,スタンダード（内国株式）,2026-08-31
3649,3649.T,ファインデックス,プライム（内国株式）,2026-08-31
364A,364A.T,ＮＥＸＴ　ＦＵＮＤＳ　Ｓ＆Ｐ　５００　配当貴族指数連動型上場投信,ETF・ETN,2026-08-31
3652,3652.T,ディジタルメディアプロフェッショナル,グロース（内国株式）,2026-08-31
3653,3653.T,モルフォ,グロース（内国株式）,2026-08-31
3656,3656.T,ＫＬａｂ,プライム（内国株式）,2026-08-31
3657,3657.T,ポールトゥウィンホールディングス,プライム（内国株式）,2026-08-31
3659,3659.T,ネクソン,プライム（内国株式）,2026-08-31
365A,365A.T,伊澤タオル,スタンダード（内国株式）,2026-08-31
3660,3660.T,アイスタイル,プライム（内国株式）,2026-08-31
3661,3661.T,エムアップホールディングス,プライム（内国株式）,2026-08-31
3662,3662.T,エイチームホールディングス,プライム（内国株式）,2026-08-31
3663,3663.T,セルシス,プライム（内国株式）,2026-08-31
3664,3664.T,ＷＩＺＥ,グロース（内国株式）,2026-08-31
3665,3665.T,エニグモ,プライム（内国株式）,2026-08-31
3667,3667.T,ｅｎｉｓｈ,スタンダード（内国株式）,2026-08-31
3668,3668.T,コロプラ,プライム（内国株式）,2026-08-31
366A,366A.T,ウェルネス・コミュニケーションズ,グロース（内国株式）,2026-08-31
3670,3670.T,協立情報通信,スタンダード（内国株式）,2026-08-31
3671,3671.T,ソフトマックス,スタンダード（内国株式）,2026-08-31
3672,3672.T,オルトプラス,スタンダード（内国株式）,2026-08-31
3673,3673.T,ブロードリーフ,プライム（内国株式）,2026-08-31
3674,3674.T,オークファン,グロース（内国株式）,2026-08-31
3675,3675.T,クロス・マーケティンググループ,スタンダード（内国株式）,2026-08-31
3676,3676.T,デジタルハーツホールディングス,プライム（内国株式）,2026-08-31
3678,3678.T,メディアドゥ,プライム（内国株式）,2026-08-31
3679,3679.T,じげん,プライム（内国株式）,2026-08-31
367A,367A.T,プリモグローバルホールディングス,スタンダード（内国株式）,2026-08-31
3680,3680.T,ホットリンク,グロース（内国株式）,2026-08-31
3682,3682.T,エンカレッジ・テクノロジ,スタンダード（内国株式）,2026-08-31
3683,3683.T,サイバーリンクス,スタンダード（内国株式）,2026-08-31
3686,3686.T,ディー・エル・イー,スタンダード（内国株式）,2026-08-31
3687,3687.T,フィックスターズ,プライム（内国株式）,2026-08-31
368A,368A.T,北里,プライム（内国株式）,2026-08-31
3690,3690.T,イルグルム,スタンダード（内国株式）,2026-08-31
3691,3691.T,デジタルプラス,グロース（内国株式）,2026-08-31
3692,3692.T,ＦＦＲＩセキュリティ,グロース（内国株式）,2026-08-31
3694,3694.T,オプティム,プライム（内国株式）,2026-08-31
3695,3695.T,ＧＭＯプロダクトプラットフォーム,グロース（内国株式）,2026-08-31
3696,3696.T,セレス,プライム（内国株式）,2026-08-31
3697,3697.T,ＳＨＩＦＴ,プライム（内国株式）,2026-08-31
3698,3698.T,ＣＲＩ・ミドルウェア,スタンダード（内国株式）,2026-08-31
369A,369A.T,エータイ,グロース（内国株式）,2026-08-31
3708,3708.T,特種東海製紙,プライム（内国株式）,2026-08-31
370A,370A.T,リバイブル,PRO Market,2026-08-31
3710,3710.T,ジョルダン,スタンダード（内国株式）,2026-08-31
3712,3712.T,情報企画,スタンダード（内国株式）,2026-08-31
3719,3719.T,ＡＩストーム,スタンダード（内国株式）,2026-08-31
371A,371A.T,デージーネット,PRO Market,2026-08-31
3723,3723.T,日本ファルコム,グロース（内国株式）,2026-08-31
3726,3726.T,フォーシーズＨＤ,スタンダード（内国株式）,2026-08-31
3727,3727.T,アプリックス,グロース（内国株式）,2026-08-31
372A,372A.T,レント,スタンダード（内国株式）,2026-08-31
3733,3733.T,ソフトウェア・サービス,スタンダード（内国株式）,2026-08-31
373A,373A.T,リップス,グロース（内国株式）,2026-08-31
3741,3741.T,セック,プライム（内国株式）,2026-08-31
3744,3744.T,サイオス,スタンダード（内国株式）,2026-08-31
3747,3747.T,インタートレード,スタンダード（内国株式）,2026-08-31
374A,374A.T,樋口総合研究所,PRO Market,2026-08-31
3750,3750.T,ＡＤＲバイオメディカルホールディングス,スタンダード（内国株式）,2026-08-31
3753,3753.T,フライトソリューションズ,スタンダード（内国株式）,2026-08-31
3758,3758.T,アエリア,スタンダード（内国株式）,2026-08-31
375A,375A.T,ＹＡＫホールディングス,PRO Market,2026-08-31
3760,3760.T,ケイブ,スタンダード（内国株式）,2026-08-31
3762,3762.T,テクマトリックス,プライム（内国株式）,2026-08-31
3763,3763.T,プロシップ,プライム（内国株式）,2026-08-31
3765,3765.T,ガンホー・オンライン・エンターテイメント,プライム（内国株式）,2026-08-31
3766,3766.T,システムズ・デザイン,スタンダード（内国株式）,2026-08-31
3768,3768.T,リスクモンスター,スタンダード（内国株式）,2026-08-31
3769,3769.T,ＧＭＯペイメントゲートウェイ,プライム（内国株式）,2026-08-31
376A,376A.T,ＮＥＸＴ　ＦＵＮＤＳ　ブルームバーグ米国国債（７－１０年）インデックス（７５％為替ヘッジあり）連動型上場投信,ETF・ETN,2026-08-31
3771,3771.T,システムリサーチ,プライム（内国株式）,2026-08-31
3772,3772.T,ウェルス・マネジメント,スタンダード（内国株式）,2026-08-31
3773,3773.T,アドバンスト・メディア,グロース（内国株式）,2026-08-31
3774,3774.T,インターネットイニシアティブ,プライム（内国株式）,2026-08-31
3776,3776.T,ブロードバンドタワー,スタンダード（内国株式）,2026-08-31
3777,3777.T,環境フレンドリーホールディングス,グロース（内国株式）,2026-08-31
3778,3778.T,さくらインターネット,プライム（内国株式）,2026-08-31
3779,3779.T,ジェイ・エスコムホールディングス,スタンダード（内国株式）,2026-08-31
3787,3787.T,テクノマセマティカル,スタンダード（内国株式）,2026-08-31
3788,3788.T,ＧＭＯグローバルサイン・ホールディングス,プライム（内国株式）,2026-08-31
378A,378A.T,ヒット,グロース（内国株式）,2026-08-31
3791,3791.T,ＩＧポート,スタンダード（内国株式）,2026-08-31
3793,3793.T,ドリコム,グロース（内国株式）,2026-08-31
3796,3796.T,いい生活,スタンダード（内国株式）,2026-08-31
3798,3798.T,ＵＬＳグループ,スタンダード（内国株式）,2026-08-31
3799,3799.T,キーウェアソリューションズ,スタンダード（内国株式）,2026-08-31
379A,379A.T,グローバルＸ　Ｓ＆Ｐ５００　ＥＴＦ（ダイナミック・プロテクション）,ETF・ETN,2026-08-31
3800,3800.T,ユニリタ,スタンダード（内国株式）,2026-08-31
3802,3802.T,エコミック,スタンダード（内国株式）,2026-08-31
3803,3803.T,イメージ情報開発,グロース（内国株式）,2026-08-31
3804,3804.T,システム　ディ,スタンダード（内国株式）,2026-08-31
3807,3807.T,フィスコ,グロース（内国株式）,2026-08-31
380A,380A.T,グローバルＸ　チャイナテック　ＥＴＦ,ETF・ETN,2026-08-31
3810,3810.T,サイバーステップホールディングス,スタンダード（内国株式）,2026-08-31
3815,3815.T,メディア工房,グロース（内国株式）,2026-08-31
3816,3816.T,大和コンピューター,スタンダード（内国株式）,2026-08-31
3817,3817.T,ＳＲＡホールディングス,プライム（内国株式）,2026-08-31
381A,381A.T,ｉＦｒｅｅＥＴＦ　米国国債３－５年（為替ヘッジなし）,ETF・ETN,2026-08-31
3823,3823.T,ＴＨＥ　ＷＨＹ　ＨＯＷ　ＤＯ　ＣＯＭＰＡＮＹ,スタンダード（内国株式）,2026-08-31
3825,3825.T,リミックスポイント,スタンダード（内国株式）,2026-08-31
3826,3826.T,システムインテグレータ,スタンダード（内国株式）,2026-08-31
382A,382A.T,ｉＦｒｅｅＥＴＦ　米国国債３－５年（為替ヘッジあり）,ETF・ETN,2026-08-31
3834,3834.T,朝日ネット,プライム（内国株式）,2026-08-31
3835,3835.T,ｅＢＡＳＥ,プライム（内国株式）,2026-08-31
3836,3836.T,アバントグループ,プライム（内国株式）,2026-08-31
3837,3837.T,アドソル日進,プライム（内国株式）,2026-08-31
3839,3839.T,ＯＤＫソリューションズ,スタンダード（内国株式）,2026-08-31
383A,383A.T,ＭＡＸＩＳ　Ｓ＆Ｐ５００均等ウェイト上場投信,ETF・ETN,2026-08-31
3840,3840.T,パス,スタンダード（内国株式）,2026-08-31
3841,3841.T,ジーダット,スタンダード（内国株式）,2026-08-31
3842,3842.T,ネクストジェン,スタンダード（内国株式）,2026-08-31
3843,3843.T,フリービット,プライム（内国株式）,2026-08-31
3844,3844.T,コムチュア,プライム（内国株式）,2026-08-31
3845,3845.T,アイフリークモバイル,スタンダード（内国株式）,2026-08-31
3848,3848.T,データ・アプリケーション,スタンダード（内国株式）,2026-08-31
3850,3850.T,エヌ・ティ・ティ・データ・イントラマート,スタンダード（内国株式）,2026-08-31
3851,3851.T,日本一ソフトウェア,スタンダード（内国株式）,2026-08-31
3853,3853.T,アステリア,プライム（内国株式）,2026-08-31
3854,3854.T,アイル,プライム（内国株式）,2026-08-31
3856,3856.T,Ａｂａｌａｎｃｅ,スタンダード（内国株式）,2026-08-31
3858,3858.T,ユビキタスＡＩ,スタンダード（内国株式）,2026-08-31
385A,385A.T,山本通産,PRO Market,2026-08-31
3861,3861.T,王子ホールディングス,プライム（内国株式）,2026-08-31
3863,3863.T,日本製紙,プライム（内国株式）,2026-08-31
3864,3864.T,三菱製紙,プライム（内国株式）,2026-08-31
3865,3865.T,北越コーポレーション,プライム（内国株式）,2026-08-31
386A,386A.T,みのや,スタンダード（内国株式）,2026-08-31
3877,3877.T,中越パルプ工業,プライム（内国株式）,2026-08-31
3878,3878.T,巴川コーポレーション,スタンダード（内国株式）,2026-08-31
387A,387A.T,フラー,グロース（内国株式）,2026-08-31
3880,3880.T,大王製紙,プライム（内国株式）,2026-08-31
3891,3891.T,ニッポン高度紙工業,スタンダード（内国株式）,2026-08-31
3892,3892.T,岡山製紙,スタンダード（内国株式）,2026-08-31
3895,3895.T,ハビックス,スタンダード（内国株式）,2026-08-31
3896,3896.T,阿波製紙,スタンダード（内国株式）,2026-08-31
389A,389A.T,八光オートメーション,PRO Market,2026-08-31
3900,3900.T,クラウドワークス,グロース（内国株式）,2026-08-31
3901,3901.T,マークラインズ,プライム（内国株式）,2026-08-31
3903,3903.T,ｇｕｍｉ,プライム（内国株式）,2026-08-31
3904,3904.T,カヤック,グロース（内国株式）,2026-08-31
3905,3905.T,データセクション,グロース（内国株式）,2026-08-31
3907,3907.T,シリコンスタジオ,スタンダード（内国株式）,2026-08-31
3908,3908.T,コラボス,スタンダード（内国株式）,2026-08-31
3909,3909.T,ショーケース,スタンダード（内国株式）,2026-08-31
3910,3910.T,エムケイシステム,スタンダード（内国株式）,2026-08-31
3911,3911.T,Ａｉｍｉｎｇ,グロース（内国株式）,2026-08-31
3912,3912.T,モバイルファクトリー,スタンダード（内国株式）,2026-08-31
3913,3913.T,ＧｒｅｅｎＢｅｅ,スタンダード（内国株式）,2026-08-31
3914,3914.T,ＪＩＧ－ＳＡＷ,グロース（内国株式）,2026-08-31
3915,3915.T,テラスカイ,プライム（内国株式）,2026-08-31
3916,3916.T,デジタル・インフォメーション・テクノロジー,プライム（内国株式）,2026-08-31
3917,3917.T,アイリッジ,グロース（内国株式）,2026-08-31
3918,3918.T,ＰＣＩホールディングス,スタンダード（内国株式）,2026-08-31
3920,3920.T,アイビーシー,スタンダード（内国株式）,2026-08-31
3921,3921.T,ネオジャパン,プライム（内国株式）,2026-08-31
3922,3922.T,ＰＲ　ＴＩＭＥＳ,プライム（内国株式）,2026-08-31
3923,3923.T,ラクス,プライム（内国株式）,2026-08-31
3925,3925.T,ダブルスタンダード,プライム（内国株式）,2026-08-31
3926,3926.T,オープンドア,スタンダード（内国株式）,2026-08-31
3927,3927.T,フーバーブレイン,スタンダード（内国株式）,2026-08-31
3928,3928.T,マイネット,スタンダード（内国株式）,2026-08-31
3929,3929.T,ソーシャルワイヤー,グロース（内国株式）,2026-08-31
392A,392A.T,ｉシェアーズ　ＮＡＳＤＡＱ　トップ　３０　ＥＴＦ,ETF・ETN,2026-08-31
3930,3930.T,はてな,グロース（内国株式）,2026-08-31
3931,3931.T,バリューゴルフ,グロース（内国株式）,2026-08-31
3932,3932.T,アカツキ,プライム（内国株式）,2026-08-31
3933,3933.T,チエル,スタンダード（内国株式）,2026-08-31
3934,3934.T,ベネフィットジャパン,スタンダード（内国株式）,2026-08-31
3935,3935.T,エディア,スタンダード（内国株式）,2026-08-31
3936,3936.T,グローバルウェイ,グロース（内国株式）,2026-08-31
3937,3937.T,Ｕｂｉｃｏｍホールディングス,スタンダード（内国株式）,2026-08-31
3939,3939.T,カナミックネットワーク,プライム（内国株式）,2026-08-31
393A,393A.T,ＲｉｔａＸ,PRO Market,2026-08-31
3940,3940.T,ノムラシステムコーポレーション,スタンダード（内国株式）,2026-08-31
3941,3941.T,レンゴー,プライム（内国株式）,2026-08-31
3943,3943.T,大石産業,スタンダード（内国株式）,2026-08-31
3944,3944.T,古林紙工,スタンダード（内国株式）,2026-08-31
3945,3945.T,スーパーバッグ,スタンダード（内国株式）,2026-08-31
3946,3946.T,トーモク,プライム（内国株式）,2026-08-31
3947,3947.T,ダイナパック,スタンダード（内国株式）,2026-08-31
3948,3948.T,光ビジネスフォーム,スタンダード（内国株式）,2026-08-31
394A,394A.T,業界改革厳選ＥＴＦテレビ業界,ETF・ETN,2026-08-31
3950,3950.T,ザ・パック,プライム（内国株式）,2026-08-31
3951,3951.T,朝日印刷,スタンダード（内国株式）,2026-08-31
3953,3953.T,大村紙業,スタンダード（内国株式）,2026-08-31
3954,3954.T,昭和パックス,スタンダード（内国株式）,2026-08-31
3955,3955.T,イムラ,スタンダード（内国株式）,2026-08-31
3958,3958.T,笹徳印刷,スタンダード（内国株式）,2026-08-31
395A,395A.T,業界改革厳選ＥＴＦ地銀,ETF・ETN,2026-08-31
3962,3962.T,チェンジホールディングス,プライム（内国株式）,2026-08-31
3963,3963.T,シンクロ・フード,プライム（内国株式）,2026-08-31
3964,3964.T,オークネット,プライム（内国株式）,2026-08-31
3965,3965.T,キャピタル・アセット・プランニング,スタンダード（内国株式）,2026-08-31
3967,3967.T,エルテス,グロース（内国株式）,2026-08-31
3968,3968.T,セグエグループ,プライム（内国株式）,2026-08-31
3969,3969.T,エイトレッド,スタンダード（内国株式）,2026-08-31
396A,396A.T,業界改革厳選ＥＴＦ　ＲＥＩＴイベント・ドリブン,ETF・ETN,2026-08-31
3970,3970.T,イノベーション,スタンダード（内国株式）,2026-08-31
3974,3974.T,ＳＣＡＴ,スタンダード（内国株式）,2026-08-31
3976,3976.T,シャノン,グロース（内国株式）,2026-08-31
3979,3979.T,うるる,グロース（内国株式）,2026-08-31
3981,3981.T,ビーグリー,スタンダード（内国株式）,2026-08-31
3983,3983.T,オロ,プライム（内国株式）,2026-08-31
3984,3984.T,ユーザーローカル,プライム（内国株式）,2026-08-31
3985,3985.T,テモナ,スタンダード（内国株式）,2026-08-31
3986,3986.T,ビーブレイクシステムズ,スタンダード（内国株式）,2026-08-31
3987,3987.T,エコモット,グロース（内国株式）,2026-08-31
3988,3988.T,ＳＹＳホールディングス,スタンダード（内国株式）,2026-08-31
3989,3989.T,シェアリングテクノロジー,グロース（内国株式）,2026-08-31
398A,398A.T,リアルクオリティ,PRO Market,2026-08-31
3991,3991.T,ウォンテッドリー,グロース（内国株式）,2026-08-31
3992,3992.T,ニーズウェル,プライム（内国株式）,2026-08-31
3993,3993.T,ＰＫＳＨＡ　Ｔｅｃｈｎｏｌｏｇｙ,プライム（内国株式）,2026-08-31
3994,3994.T,マネーフォワード,プライム（内国株式）,2026-08-31
3996,3996.T,サインポスト,スタンダード（内国株式）,2026-08-31
3997,3997.T,トレードワークス,スタンダード（内国株式）,2026-08-31
3998,3998.T,すららネット,グロース（内国株式）,2026-08-31
399A,399A.T,上場インデックスファンド日経平均高配当株５０,ETF・ETN,2026-08-31
4004,4004.T,レゾナック・ホールディングス,プライム（内国株式）,2026-08-31
4005,4005.T,住友化学,プライム（内国株式）,2026-08-31
4008,4008.T,住友精化,プライム（内国株式）,2026-08-31
4011,4011.T,ヘッドウォータース,グロース（内国株式）,2026-08-31
4012,4012.T,アクシス,スタンダード（内国株式）,2026-08-31
4013,4013.T,勤次郎,グロース（内国株式）,2026-08-31
4014,4014.T,カラダノート,グロース（内国株式）,2026-08-31
4015,4015.T,ペイクラウドホールディングス,グロース（内国株式）,2026-08-31
4016,4016.T,ＭＩＴホールディングス,スタンダード（内国株式）,2026-08-31
4017,4017.T,クリーマ,グロース（内国株式）,2026-08-31
4019,4019.T,スタメン,グロース（内国株式）,2026-08-31
401A,401A.T,霞ヶ関ホテルリート投資法人,REIT・ベンチャーファンド・カントリーファンド・インフラファンド,2026-08-31
4020,4020.T,ビートレンド,グロース（内国株式）,2026-08-31
4021,4021.T,日産化学,プライム（内国株式）,2026-08-31
4022,4022.T,ラサ工業,プライム（内国株式）,2026-08-31
4023,4023.T,クレハ,プライム（内国株式）,2026-08-31
4025,4025.T,多木化学,プライム（内国株式）,2026-08-31
4026,4026.T,神島化学工業,スタンダード（内国株式）,2026-08-31
4027,4027.T,テイカ,プライム（内国株式）,2026-08-31
4028,4028.T,石原産業,プライム（内国株式）,2026-08-31
402A,402A.T,アクセルスペースホールディングス,グロース（内国株式）,2026-08-31
4031,4031.T,片倉コープアグリ,スタンダード（内国株式）,2026-08-31
403A,403A.T,北條組,PRO Market,2026-08-31
4040,4040.T,南海化学,スタンダード（内国株式）,2026-08-31
4041,4041.T,日本曹達,プライム（内国株式）,2026-08-31
4042,4042.T,東ソー,プライム（内国株式）,2026-08-31
4043,4043.T,トクヤマ,プライム（内国株式）,2026-08-31
4044,4044.T,セントラル硝子,プライム（内国株式）,2026-08-31
4045,4045.T,東亞合成,プライム（内国株式）,2026-08-31
4046,4046.T,大阪ソーダ,プライム（内国株式）,2026-08-31
4047,4047.T,関東電化工業,プライム（内国株式）,2026-08-31
404A,404A.T,グローバルＸ　チャイナテック・トップ１０　ＥＴＦ,ETF・ETN,2026-08-31
4051,4051.T,ＧＭＯフィナンシャルゲート,プライム（内国株式）,2026-08-31
4052,4052.T,フィーチャ,グロース（内国株式）,2026-08-31
4053,4053.T,Ｓｕｎ　Ａｓｔｅｒｉｓｋ,プライム（内国株式）,2026-08-31
4054,4054.T,日本情報クリエイト,グロース（内国株式）,2026-08-31
4055,4055.T,ティアンドエスグループ,グロース（内国株式）,2026-08-31
4056,4056.T,ニューラルグループ,グロース（内国株式）,2026-08-31
4057,4057.T,インターファクトリー,グロース（内国株式）,2026-08-31
4058,4058.T,トヨクモ,グロース（内国株式）,2026-08-31
4059,4059.T,まぐまぐ,スタンダード（内国株式）,2026-08-31
405A,405A.T,コヤマ・ミライエ,PRO Market,2026-08-31
4060,4060.T,ｒａｋｕｍｏ,グロース（内国株式）,2026-08-31
4061,4061.T,デンカ,プライム（内国株式）,2026-08-31
4062,4062.T,イビデン,プライム（内国株式）,2026-08-31
4063,4063.T,信越化学工業,プライム（内国株式）,2026-08-31
4064,4064.T,日本カーバイド工業,プライム（内国株式）,2026-08-31
4068,4068.T,ベイシス,グロース（内国株式）,2026-08-31
4069,4069.T,ＢｌｕｅＭｅｍｅ,グロース（内国株式）,2026-08-31
406A,406A.T,環境のミカタホールディングス,PRO Market,2026-08-31
4071,4071.T,プラスアルファ・コンサルティング,プライム（内国株式）,2026-08-31
4072,4072.T,電算システムホールディングス,プライム（内国株式）,2026-08-31
4073,4073.T,ジィ・シィ企画,グロース（内国株式）,2026-08-31
4074,4074.T,ラキール,グロース（内国株式）,2026-08-31
4075,4075.T,ブレインズテクノロジー,グロース（内国株式）,2026-08-31
4076,4076.T,シイエヌエス,グロース（内国株式）,2026-08-31
4078,4078.T,堺化学工業,プライム（内国株式）,2026-08-31
407A,407A.T,ＵＮＩＣＯＮホールディングス,スタンダード（内国株式）,2026-08-31
4082,4082.T,第一稀元素化学工業,プライム（内国株式）,2026-08-31
4088,4088.T,エア・ウォーター,プライム（内国株式）,2026-08-31
408A,408A.T,ｉシェアーズ　ＡＩ　グローバル・イノベーション　アクティブ　ＥＴＦ,ETF・ETN,2026-08-31
4091,4091.T,日本酸素ホールディングス,プライム（内国株式）,2026-08-31
4092,4092.T,日本化学工業,プライム（内国株式）,2026-08-31
4093,4093.T,東邦アセチレン,スタンダード（内国株式）,2026-08-31
4094,4094.T,日本化学産業,スタンダード（内国株式）,2026-08-31
4095,4095.T,日本パーカライジング,プライム（内国株式）,2026-08-31
4097,4097.T,高圧ガス工業,プライム（内国株式）,2026-08-31
4098,4098.T,チタン工業,スタンダード（内国株式）,2026-08-31
4099,4099.T,四国化成ホールディングス,プライム（内国株式）,2026-08-31
409A,409A.T,オリオンビール,プライム（内国株式）,2026-08-31
4100,4100.T,戸田工業,スタンダード（内国株式）,2026-08-31
4102,4102.T,丸尾カルシウム,スタンダード（内国株式）,2026-08-31
4107,4107.T,伊勢化学工業,スタンダード（内国株式）,2026-08-31
4109,4109.T,ステラ　ケミファ,プライム（内国株式）,2026-08-31
410A,410A.T,ＧＭＯコマース,グロース（内国株式）,2026-08-31
4112,4112.T,保土谷化学工業,プライム（内国株式）,2026-08-31
4113,4113.T,田岡化学工業,スタンダード（内国株式）,2026-08-31
4114,4114.T,日本触媒,プライム（内国株式）,2026-08-31
4116,4116.T,大日精化工業,プライム（内国株式）,2026-08-31
4118,4118.T,カネカ,プライム（内国株式）,2026-08-31
4119,4119.T,日本ピグメントホールディングス,スタンダード（内国株式）,2026-08-31
411A,411A.T,日本マリタイムバンク,PRO Market,2026-08-31
4120,4120.T,スガイ化学工業,スタンダード（内国株式）,2026-08-31
4124,4124.T,大阪油化工業,スタンダード（内国株式）,2026-08-31
4125,4125.T,三和油化工業,スタンダード（内国株式）,2026-08-31
412A,412A.T,ＮＥＸＴ　ＦＵＮＤＳ　ＴＩＰ　ＦａｃｔＳｅｔ　台湾イノベイティブ・テクノロジー５０指数連動型上場投信,ETF・ETN,2026-08-31
413A,413A.T,ｉＦｒｅｅＥＴＦ　キャセイ台湾テックリーダー指数,ETF・ETN,2026-08-31
414A,414A.T,オーバーラップホールディングス,グロース（内国株式）,2026-08-31
4151,4151.T,協和キリン,プライム（内国株式）,2026-08-31
415A,415A.T,ＧＭＯ　ＴＥＣＨホールディングス,グロース（内国株式）,2026-08-31
4165,4165.T,プレイド,グロース（内国株式）,2026-08-31
4166,4166.T,かっこ,グロース（内国株式）,2026-08-31
4167,4167.T,ココペリ,グロース（内国株式）,2026-08-31
4168,4168.T,ヤプリ,グロース（内国株式）,2026-08-31
4169,4169.T,ＥＮＥＣＨＡＮＧＥ,グロース（内国株式）,2026-08-31
416A,416A.T,富士ユナイトホールディングス,スタンダード（内国株式）,2026-08-31
4170,4170.T,Ｋａｉｚｅｎ　Ｐｌａｔｆｏｒｍ,グロース（内国株式）,2026-08-31
4172,4172.T,Ｈｉクラテス,スタンダード（内国株式）,2026-08-31
4174,4174.T,アピリッツ,スタンダード（内国株式）,2026-08-31
4175,4175.T,ｃｏｌｙ,グロース（内国株式）,2026-08-31
4176,4176.T,ココナラ,グロース（内国株式）,2026-08-31
4177,4177.T,ｉ‐ｐｌｕｇ,グロース（内国株式）,2026-08-31
4178,4178.T,Ｓｈａｒｉｎｇ　Ｉｎｎｏｖａｔｉｏｎｓ,グロース（内国株式）,2026-08-31
4179,4179.T,ジーネクスト,グロース（内国株式）,2026-08-31
417A,417A.T,ブルーゾーンホールディングス,プライム（内国株式）,2026-08-31
4180,4180.T,Ａｐｐｉｅｒ　Ｇｒｏｕｐ,プライム（内国株式）,2026-08-31
4182,4182.T,三菱瓦斯化学,プライム（内国株式）,2026-08-31
4183,4183.T,三井化学,プライム（内国株式）,2026-08-31
4186,4186.T,東京応化工業,プライム（内国株式）,2026-08-31
4187,4187.T,大阪有機化学工業,プライム（内国株式）,2026-08-31
4188,4188.T,三菱ケミカルグループ,プライム（内国株式）,2026-08-31
4189,4189.T,ＫＨネオケム,プライム（内国株式）,2026-08-31
4192,4192.T,スパイダープラス,グロース（内国株式）,2026-08-31
4193,4193.T,ファブリカホールディングス,スタンダード（内国株式）,2026-08-31
4194,4194.T,ビジョナル,プライム（内国株式）,2026-08-31
4196,4196.T,ネオマーケティング,スタンダード（内国株式）,2026-08-31
4197,4197.T,アスマーク,スタンダード（内国株式）,2026-08-31
4198,4198.T,テンダ,スタンダード（内国株式）,2026-08-31
4199,4199.T,ワンダープラネット,グロース（内国株式）,2026-08-31
419A,419A.T,ラングローブ,PRO Market,2026-08-31
4202,4202.T,ダイセル,プライム（内国株式）,2026-08-31
4203,4203.T,住友ベークライト,プライム（内国株式）,2026-08-31
4204,4204.T,積水化学工業,プライム（内国株式）,2026-08-31
4205,4205.T,日本ゼオン,プライム（内国株式）,2026-08-31
4206,4206.T,アイカ工業,プライム（内国株式）,2026-08-31
4208,4208.T,ＵＢＥ,プライム（内国株式）,2026-08-31
4212,4212.T,積水樹脂,プライム（内国株式）,2026-08-31
4216,4216.T,旭有機材,プライム（内国株式）,2026-08-31
4218,4218.T,ニチバン,プライム（内国株式）,2026-08-31
421A,421A.T,ムービン・ストラテジック・キャリア,グロース（内国株式）,2026-08-31
4220,4220.T,リケンテクノス,プライム（内国株式）,2026-08-31
4221,4221.T,大倉工業,プライム（内国株式）,2026-08-31
4222,4222.T,児玉化学工業,スタンダード（内国株式）,2026-08-31
4224,4224.T,ロンシール工業,スタンダード（内国株式）,2026-08-31
4228,4228.T,積水化成品工業,プライム（内国株式）,2026-08-31
4229,4229.T,群栄化学工業,プライム（内国株式）,2026-08-31
422A,422A.T,ｔａｎｅ　ＣＲＥＡＴＩＶＥ,PRO Market,2026-08-31
4231,4231.T,タイガースポリマー,スタンダード（内国株式）,2026-08-31
4234,4234.T,サンエー化研,スタンダード（内国株式）,2026-08-31
4235,4235.T,ウルトラファブリックス・ホールディングス,スタンダード（内国株式）,2026-08-31
4237,4237.T,フジプレアム,スタンダード（内国株式）,2026-08-31
4238,4238.T,ミライアル,スタンダード（内国株式）,2026-08-31
423A,423A.T,ライオン事務器,スタンダード（内国株式）,2026-08-31
4240,4240.T,クラスターテクノロジー,スタンダード（内国株式）,2026-08-31
4241,4241.T,アテクト,スタンダード（内国株式）,2026-08-31
4242,4242.T,タカギセイコー,スタンダード（内国株式）,2026-08-31
4243,4243.T,ニックス,スタンダード（内国株式）,2026-08-31
4245,4245.T,ダイキアクシス,スタンダード（内国株式）,2026-08-31
4246,4246.T,ダイキョーニシカワ,プライム（内国株式）,2026-08-31
4247,4247.T,ポバール興業,スタンダード（内国株式）,2026-08-31
4248,4248.T,竹本容器,スタンダード（内国株式）,2026-08-31
4249,4249.T,森六,プライム（内国株式）,2026-08-31
424A,424A.T,グローバルＸ　ゴールド　ＥＴＦ（為替ヘッジあり）,ETF・ETN,2026-08-31
4251,4251.T,恵和,プライム（内国株式）,2026-08-31
4255,4255.T,ＴＨＥＣＯＯ,グロース（内国株式）,2026-08-31
4256,4256.T,サインド,グロース（内国株式）,2026-08-31
4258,4258.T,網屋,グロース（内国株式）,2026-08-31
4259,4259.T,エクサウィザーズ,グロース（内国株式）,2026-08-31
425A,425A.T,グローバルＸ　ゴールド　ＥＴＦ,ETF・ETN,2026-08-31
4260,4260.T,ハイブリッドテクノロジーズ,グロース（内国株式）,2026-08-31
4261,4261.T,アジアクエスト,グロース（内国株式）,2026-08-31
4262,4262.T,ニフティライフスタイル,グロース（内国株式）,2026-08-31
4263,4263.T,サスメド,グロース（内国株式）,2026-08-31
4264,4264.T,セキュア,グロース（内国株式）,2026-08-31
4265,4265.T,Ｉｎｓｔｉｔｕｔｉｏｎ　ｆｏｒ　ａ　Ｇｌｏｂａｌ　Ｓｏｃｉｅｔｙ,グロース（内国株式）,2026-08-31
426A,426A.T,ニッセイＥＴＦ　Ｓ＆Ｐ５００イコール・ウェイト（為替ヘッジなし）,ETF・ETN,2026-08-31
4270,4270.T,ＢｅｅＸ,グロース（内国株式）,2026-08-31
4272,4272.T,日本化薬,プライム（内国株式）,2026-08-31
4274,4274.T,細谷火工,スタンダード（内国株式）,2026-08-31
4275,4275.T,カーリット,プライム（内国株式）,2026-08-31
4284,4284.T,ソルクシーズ,スタンダード（内国株式）,2026-08-31
4286,4286.T,ＣＬホールディングス,スタンダード（内国株式）,2026-08-31
4287,4287.T,ジャストプランニング,スタンダード（内国株式）,2026-08-31
4288,4288.T,アズジェント,スタンダード（内国株式）,2026-08-31
428A,428A.T,サイプレス・ホールディングス,スタンダード（内国株式）,2026-08-31
4290,4290.T,プレステージ・インターナショナル,プライム（内国株式）,2026-08-31
4293,4293.T,セプテーニ・ホールディングス,スタンダード（内国株式）,2026-08-31
4299,4299.T,ハイマックス,スタンダード（内国株式）,2026-08-31
429A,429A.T,テクセンドフォトマスク,プライム（内国株式）,2026-08-31
4301,4301.T,アミューズ,プライム（内国株式）,2026-08-31
4307,4307.T,野村総合研究所,プライム（内国株式）,2026-08-31
4308,4308.T,Ｊストリーム,グロース（内国株式）,2026-08-31
430A,430A.T,ネクストハンズ,PRO Market,2026-08-31
4310,4310.T,ドリームインキュベータ,プライム（内国株式）,2026-08-31
4316,4316.T,ビーマップ,グロース（内国株式）,2026-08-31
4317,4317.T,レイ,スタンダード（内国株式）,2026-08-31
4318,4318.T,クイック,プライム（内国株式）,2026-08-31
431A,431A.T,ユーソナー,グロース（内国株式）,2026-08-31
4320,4320.T,ＣＥホールディングス,スタンダード（内国株式）,2026-08-31
4323,4323.T,日本システム技術,プライム（内国株式）,2026-08-31
4324,4324.T,電通グループ,プライム（内国株式）,2026-08-31
4326,4326.T,インテージホールディングス,プライム（内国株式）,2026-08-31
432A,432A.T,クリニファー,PRO Market,2026-08-31
4331,4331.T,テイクアンドギヴ・ニーズ,プライム（内国株式）,2026-08-31
4334,4334.T,ユークス,スタンダード（内国株式）,2026-08-31
4335,4335.T,ＩＰＳホールディングス,スタンダード（内国株式）,2026-08-31
4337,4337.T,ぴあ,プライム（内国株式）,2026-08-31
433A,433A.T,ＭＪＥ,PRO Market,2026-08-31
4341,4341.T,西菱電機,スタンダード（内国株式）,2026-08-31
4343,4343.T,イオンファンタジー,プライム（内国株式）,2026-08-31
4344,4344.T,ソースネクスト,プライム（内国株式）,2026-08-31
4345,4345.T,シーティーエス,プライム（内国株式）,2026-08-31
4346,4346.T,ＮＥＸＹＺ．Ｇｒｏｕｐ,スタンダード（内国株式）,2026-08-31
4347,4347.T,ブロードメディア,スタンダード（内国株式）,2026-08-31
434A,434A.T,ＬＯＯＰＬＡＣＥ,PRO Market,2026-08-31
4350,4350.T,メディカルシステムネットワーク,スタンダード（内国株式）,2026-08-31
4351,4351.T,山田再生系債権回収総合事務所,スタンダード（内国株式）,2026-08-31
4356,4356.T,応用技術,スタンダード（内国株式）,2026-08-31
435A,435A.T,ｉＦｒｅｅＥＴＦ　日本株配当ローテーション戦略,ETF・ETN,2026-08-31
4360,4360.T,マナック・ケミカル・パートナーズ,スタンダード（内国株式）,2026-08-31
4361,4361.T,川口化学工業,スタンダード（内国株式）,2026-08-31
4362,4362.T,日本精化,プライム（内国株式）,2026-08-31
4365,4365.T,松本油脂製薬,スタンダード（内国株式）,2026-08-31
4366,4366.T,ダイトーケミックス,スタンダード（内国株式）,2026-08-31
4368,4368.T,扶桑化学工業,プライム（内国株式）,2026-08-31
4369,4369.T,トリケミカル研究所,プライム（内国株式）,2026-08-31
436A,436A.T,サイバーソリューションズ,グロース（内国株式）,2026-08-31
4370,4370.T,モビルス,グロース（内国株式）,2026-08-31
4371,4371.T,コアコンセプト・テクノロジー,グロース（内国株式）,2026-08-31
4372,4372.T,ユミルリンク,グロース（内国株式）,2026-08-31
4373,4373.T,シンプレクス・ホールディングス,プライム（内国株式）,2026-08-31
4374,4374.T,ＲＯＢＯＴ　ＰＡＹＭＥＮＴ,グロース（内国株式）,2026-08-31
4375,4375.T,セーフィー,グロース（内国株式）,2026-08-31
4376,4376.T,くふうカンパニーホールディングス,グロース（内国株式）,2026-08-31
4377,4377.T,ワンキャリア,グロース（内国株式）,2026-08-31
4378,4378.T,ＣＩＮＣ,グロース（内国株式）,2026-08-31
4379,4379.T,Ｐｈｏｔｏｓｙｎｔｈ,グロース（内国株式）,2026-08-31
437A,437A.T,ジェイウェイブ,PRO Market,2026-08-31
4380,4380.T,Ｍマート,グロース（内国株式）,2026-08-31
4381,4381.T,ビープラッツ,グロース（内国株式）,2026-08-31
4382,4382.T,ＨＥＲＯＺ,スタンダード（内国株式）,2026-08-31
4385,4385.T,メルカリ,プライム（内国株式）,2026-08-31
4386,4386.T,ＳＩＧグループ,スタンダード（内国株式）,2026-08-31
4387,4387.T,ＺＵＵ,グロース（内国株式）,2026-08-31
4388,4388.T,エーアイ,スタンダード（内国株式）,2026-08-31
4389,4389.T,プロパティデータバンク,グロース（内国株式）,2026-08-31
438A,438A.T,インフキュリオン,グロース（内国株式）,2026-08-31
4390,4390.T,ＩＰＳ,プライム（内国株式）,2026-08-31
4391,4391.T,ロジザード,グロース（内国株式）,2026-08-31
4392,4392.T,ＦＩＧ,プライム（内国株式）,2026-08-31
4393,4393.T,バンク・オブ・イノベーション,グロース（内国株式）,2026-08-31
4394,4394.T,エクスモーション,グロース（内国株式）,2026-08-31
4395,4395.T,アクリート,グロース（内国株式）,2026-08-31
4396,4396.T,システムサポートホールディングス,プライム（内国株式）,2026-08-31
4397,4397.T,チームスピリット,グロース（内国株式）,2026-08-31
4398,4398.T,ブロードバンドセキュリティ,スタンダード（内国株式）,2026-08-31
439A,439A.T,アクトビ,PRO Market,2026-08-31
4401,4401.T,ＡＤＥＫＡ,プライム（内国株式）,2026-08-31
4403,4403.T,日油,プライム（内国株式）,2026-08-31
4404,4404.T,ミヨシ油脂,スタンダード（内国株式）,2026-08-31
4406,4406.T,新日本理化,スタンダード（内国株式）,2026-08-31
4409,4409.T,東邦化学工業,スタンダード（内国株式）,2026-08-31
4410,4410.T,ハリマ化成グループ,プライム（内国株式）,2026-08-31
4412,4412.T,サイエンスアーツ,グロース（内国株式）,2026-08-31
4413,4413.T,ボードルア,プライム（内国株式）,2026-08-31
4414,4414.T,フレクト,グロース（内国株式）,2026-08-31
4415,4415.T,ブロードエンタープライズ,グロース（内国株式）,2026-08-31
4416,4416.T,Ｔｒｕｅ　Ｄａｔａ,グロース（内国株式）,2026-08-31
4417,4417.T,グローバルセキュリティエキスパート,グロース（内国株式）,2026-08-31
4418,4418.T,ＪＤＳＣ,グロース（内国株式）,2026-08-31
4419,4419.T,Ｆｉｎａｔｅｘｔホールディングス,グロース（内国株式）,2026-08-31
441A,441A.T,ＮＥ,グロース（内国株式）,2026-08-31
4420,4420.T,イーソル,スタンダード（内国株式）,2026-08-31
4421,4421.T,ディ・アイ・システム,スタンダード（内国株式）,2026-08-31
4422,4422.T,ＶＡＬＵＥＮＥＸ,グロース（内国株式）,2026-08-31
4424,4424.T,Ａｍａｚｉａ,グロース（内国株式）,2026-08-31
4425,4425.T,Ｋｕｄａｎ,グロース（内国株式）,2026-08-31
4426,4426.T,パスロジ,PRO Market,2026-08-31
4427,4427.T,ＥｄｕＬａｂ,グロース（内国株式）,2026-08-31
4428,4428.T,シノプス,グロース（内国株式）,2026-08-31
4429,4429.T,リックソフト,グロース（内国株式）,2026-08-31
442A,442A.T,クラシコ,グロース（内国株式）,2026-08-31
4430,4430.T,東海ソフト,スタンダード（内国株式）,2026-08-31
4431,4431.T,スマレジ,グロース（内国株式）,2026-08-31
4432,4432.T,ウイングアーク１ｓｔ,プライム（内国株式）,2026-08-31
4433,4433.T,ヒト・コミュニケーションズ・ホールディングス,プライム（内国株式）,2026-08-31
4434,4434.T,サーバーワークス,スタンダード（内国株式）,2026-08-31
4436,4436.T,ミンカブ・ジ・インフォノイド,グロース（内国株式）,2026-08-31
4437,4437.T,ｇｏｏｄｄａｙｓホールディングス,グロース（内国株式）,2026-08-31
4438,4438.T,Ｗｅｌｂｙ,グロース（内国株式）,2026-08-31
4439,4439.T,東名,スタンダード（内国株式）,2026-08-31
443A,443A.T,ｉＦｒｅｅＥＴＦ　東証ＲＥＩＴ指数（２・５・８・１１月決算型）,ETF・ETN,2026-08-31
4440,4440.T,ヴィッツ,スタンダード（内国株式）,2026-08-31
4441,4441.T,トビラシステムズ,スタンダード（内国株式）,2026-08-31
4442,4442.T,バルテス・ホールディングス,グロース（内国株式）,2026-08-31
4443,4443.T,Ｓａｎｓａｎ,プライム（内国株式）,2026-08-31
4444,4444.T,インフォネット,グロース（内国株式）,2026-08-31
4445,4445.T,リビン・テクノロジーズ,グロース（内国株式）,2026-08-31
4446,4446.T,Ｌｉｎｋ－Ｕグループ,スタンダード（内国株式）,2026-08-31
4447,4447.T,ピー・ビーシステムズ,グロース（内国株式）,2026-08-31
4448,4448.T,ｋｕｂｅｌｌ,グロース（内国株式）,2026-08-31
444A,444A.T,アイテル,PRO Market,2026-08-31
4450,4450.T,パワーソリューションズ,グロース（内国株式）,2026-08-31
4452,4452.T,花王,プライム（内国株式）,2026-08-31
445A,445A.T,東洋コーポレーション,PRO Market,2026-08-31
4461,4461.T,第一工業製薬,プライム（内国株式）,2026-08-31
4462,4462.T,石原ケミカル,プライム（内国株式）,2026-08-31
4463,4463.T,日華化学,スタンダード（内国株式）,2026-08-31
4464,4464.T,ソフト９９コーポレーション,スタンダード（内国株式）,2026-08-31
4465,4465.T,ニイタカ,スタンダード（内国株式）,2026-08-31
446A,446A.T,ノースサンド,グロース（内国株式）,2026-08-31
4471,4471.T,三洋化成工業,プライム（内国株式）,2026-08-31
4475,4475.T,ＨＥＮＮＧＥ,グロース（内国株式）,2026-08-31
4476,4476.T,ＡＩ　ＣＲＯＳＳ,グロース（内国株式）,2026-08-31
4477,4477.T,ＢＡＳＥ,グロース（内国株式）,2026-08-31
4478,4478.T,フリー,グロース（内国株式）,2026-08-31
4479,4479.T,マクアケ,グロース（内国株式）,2026-08-31
447A,447A.T,ステート・ストリート・スパイダー　ゴールド　ＥＴＦ（為替ヘッジなし）,ETF・ETN,2026-08-31
4480,4480.T,メドレー,プライム（内国株式）,2026-08-31
4481,4481.T,ベース,プライム（内国株式）,2026-08-31
4482,4482.T,ウィルズ,グロース（内国株式）,2026-08-31
4483,4483.T,ＪＭＤＣ,プライム（内国株式）,2026-08-31
4484,4484.T,ランサーズ,グロース（内国株式）,2026-08-31
4486,4486.T,ユナイトアンドグロウ,グロース（内国株式）,2026-08-31
4487,4487.T,スペースマーケット,グロース（内国株式）,2026-08-31
4488,4488.T,ＡＩ　ｉｎｓｉｄｅ,グロース（内国株式）,2026-08-31
448A,448A.T,ステート・ストリート・スパイダー　ゴールド　ＥＴＦ（為替ヘッジあり）,ETF・ETN,2026-08-31
4490,4490.T,ビザスク,グロース（内国株式）,2026-08-31
4491,4491.T,コンピューターマネージメント,スタンダード（内国株式）,2026-08-31
4492,4492.T,ゼネテック,スタンダード（内国株式）,2026-08-31
4493,4493.T,サイバーセキュリティクラウド,グロース（内国株式）,2026-08-31
4495,4495.T,アイキューブドシステムズ,グロース（内国株式）,2026-08-31
4496,4496.T,コマースＯｎｅホールディングス,グロース（内国株式）,2026-08-31
4498,4498.T,サイバートラスト,グロース（内国株式）,2026-08-31
4499,4499.T,Ｓｐｅｅｅ,スタンダード（内国株式）,2026-08-31
449A,449A.T,ステート・ストリート・スパイダー　Ｓ＆Ｐ５００　ＥＴＦ（為替ヘッジなし）,ETF・ETN,2026-08-31
4502,4502.T,武田薬品工業,プライム（内国株式）,2026-08-31
4503,4503.T,アステラス製薬,プライム（内国株式）,2026-08-31
4506,4506.T,住友ファーマ,プライム（内国株式）,2026-08-31
4507,4507.T,塩野義製薬,プライム（内国株式）,2026-08-31
450A,450A.T,ステート・ストリート・スパイダー　Ｓ＆Ｐ５００　ＥＴＦ（為替ヘッジあり）,ETF・ETN,2026-08-31
4512,4512.T,わかもと製薬,スタンダード（内国株式）,2026-08-31
4516,4516.T,日本新薬,プライム（内国株式）,2026-08-31
4519,4519.T,中外製薬,プライム（内国株式）,2026-08-31
451A,451A.T,ステート・ストリート・スパイダー　Ｓ＆Ｐ５００高配当株　ＥＴＦ,ETF・ETN,2026-08-31
4521,4521.T,科研製薬,プライム（内国株式）,2026-08-31
4523,4523.T,エーザイ,プライム（内国株式）,2026-08-31
4524,4524.T,森下仁丹,スタンダード（内国株式）,2026-08-31
4526,4526.T,理研ビタミン,プライム（内国株式）,2026-08-31
4527,4527.T,ロート製薬,プライム（内国株式）,2026-08-31
4528,4528.T,小野薬品工業,プライム（内国株式）,2026-08-31
452A,452A.T,ｉシェアーズ　Ｓ＆Ｐ　５００　プレミアムインカム　ＥＴＦ,ETF・ETN,2026-08-31
4531,4531.T,有機合成薬品工業,スタンダード（内国株式）,2026-08-31
4534,4534.T,持田製薬,プライム（内国株式）,2026-08-31
4536,4536.T,参天製薬,プライム（内国株式）,2026-08-31
4538,4538.T,扶桑薬品工業,プライム（内国株式）,2026-08-31
4539,4539.T,日本ケミファ,スタンダード（内国株式）,2026-08-31
453A,453A.T,ｉシェアーズ　米国債２０年超　プレミアムインカム　ＥＴＦ,ETF・ETN,2026-08-31
4540,4540.T,ツムラ,プライム（内国株式）,2026-08-31
4543,4543.T,テルモ,プライム（内国株式）,2026-08-31
4544,4544.T,Ｈ．Ｕ．グループホールディングス,プライム（内国株式）,2026-08-31
4547,4547.T,キッセイ薬品工業,プライム（内国株式）,2026-08-31
4548,4548.T,生化学工業,プライム（内国株式）,2026-08-31
4549,4549.T,栄研化学,プライム（内国株式）,2026-08-31
4552,4552.T,ＪＣＲファーマ,プライム（内国株式）,2026-08-31
4553,4553.T,東和薬品,プライム（内国株式）,2026-08-31
4554,4554.T,富士製薬工業,プライム（内国株式）,2026-08-31
4558,4558.T,中京医薬品,スタンダード（内国株式）,2026-08-31
4559,4559.T,ゼリア新薬工業,プライム（内国株式）,2026-08-31
455A,455A.T,バリューソフトホールディングス,PRO Market,2026-08-31
4563,4563.T,アンジェス,グロース（内国株式）,2026-08-31
4564,4564.T,オンコセラピー・サイエンス,グロース（内国株式）,2026-08-31
4565,4565.T,ネクセラファーマ,プライム（内国株式）,2026-08-31
4568,4568.T,第一三共,プライム（内国株式）,2026-08-31
4569,4569.T,杏林製薬,プライム（内国株式）,2026-08-31
456A,456A.T,ＨＵＭＡＮ　ＭＡＤＥ,グロース（内国株式）,2026-08-31
4570,4570.T,免疫生物研究所,グロース（内国株式）,2026-08-31
4571,4571.T,ＮＡＮＯホールディングス,グロース（内国株式）,2026-08-31
4572,4572.T,カルナバイオサイエンス,グロース（内国株式）,2026-08-31
4574,4574.T,大幸薬品,プライム（内国株式）,2026-08-31
4575,4575.T,キャンバス,グロース（内国株式）,2026-08-31
4576,4576.T,デ・ウエスタン・セラピテクス研究所,グロース（内国株式）,2026-08-31
4577,4577.T,ダイト,プライム（内国株式）,2026-08-31
4578,4578.T,大塚ホールディングス,プライム（内国株式）,2026-08-31
4579,4579.T,ラクオリア創薬,グロース（内国株式）,2026-08-31
457A,457A.T,ルリアン,PRO Market,2026-08-31
4582,4582.T,シンバイオ製薬,グロース（内国株式）,2026-08-31
4583,4583.T,カイオム・バイオサイエンス,グロース（内国株式）,2026-08-31
4584,4584.T,キッズウェル・バイオ,グロース（内国株式）,2026-08-31
4586,4586.T,メドレックス,グロース（内国株式）,2026-08-31
4587,4587.T,ペプチドリーム,プライム（内国株式）,2026-08-31
4588,4588.T,オンコリスバイオファーマ,グロース（内国株式）,2026-08-31
458A,458A.T,プラン・ドゥ,PRO Market,2026-08-31
4591,4591.T,リボミック,グロース（内国株式）,2026-08-31
4592,4592.T,サンバイオ,グロース（内国株式）,2026-08-31
4593,4593.T,ヘリオス,グロース（内国株式）,2026-08-31
4594,4594.T,ブライトパス・バイオ,グロース（内国株式）,2026-08-31
4595,4595.T,ミズホメディー,スタンダード（内国株式）,2026-08-31
4596,4596.T,窪田製薬ホールディングス,グロース（内国株式）,2026-08-31
4597,4597.T,ソレイジア・ファーマ,グロース（内国株式）,2026-08-31
4598,4598.T,Ｄｅｌｔａ－Ｆｌｙ　Ｐｈａｒｍａ,グロース（内国株式）,2026-08-31
4599,4599.T,ステムリム,グロース（内国株式）,2026-08-31
459A,459A.T,野村高利回りＪリート指数ＥＴＦ,ETF・ETN,2026-08-31
460A,460A.T,ＢＲＡＮＵ,グロース（内国株式）,2026-08-31
4611,4611.T,大日本塗料,プライム（内国株式）,2026-08-31
4612,4612.T,日本ペイントホールディングス,プライム（内国株式）,2026-08-31
4613,4613.T,関西ペイント,プライム（内国株式）,2026-08-31
4615,4615.T,神東塗料,スタンダード（内国株式）,2026-08-31
4616,4616.T,川上塗料,スタンダード（内国株式）,2026-08-31
4617,4617.T,中国塗料,プライム（内国株式）,2026-08-31
4619,4619.T,日本特殊塗料,スタンダード（内国株式）,2026-08-31
461A,461A.T,ＭＡＸＩＳ日本株高配当ＳＭＡＲＴ５０上場投信,ETF・ETN,2026-08-31
4620,4620.T,藤倉化成,スタンダード（内国株式）,2026-08-31
4623,4623.T,アサヒペン,スタンダード（内国株式）,2026-08-31
4624,4624.T,イサム塗料,スタンダード（内国株式）,2026-08-31
4625,4625.T,アトミクス,スタンダード（内国株式）,2026-08-31
4626,4626.T,太陽ホールディングス,プライム（内国株式）,2026-08-31
4627,4627.T,ナトコ,スタンダード（内国株式）,2026-08-31
4628,4628.T,エスケー化研,スタンダード（内国株式）,2026-08-31
4629,4629.T,大伸化学,スタンダード（内国株式）,2026-08-31
462A,462A.T,ＦＵＮＤＩＮＮＯ,グロース（内国株式）,2026-08-31
4631,4631.T,ＤＩＣ,プライム（内国株式）,2026-08-31
4633,4633.T,サカタインクス,プライム（内国株式）,2026-08-31
4634,4634.T,ａｒｔｉｅｎｃｅ,プライム（内国株式）,2026-08-31
4635,4635.T,東京インキ,スタンダード（内国株式）,2026-08-31
463A,463A.T,インテリックスホールディングス,スタンダード（内国株式）,2026-08-31
4641,4641.T,アルプス技研,プライム（内国株式）,2026-08-31
4642,4642.T,オリジナル設計,スタンダード（内国株式）,2026-08-31
4644,4644.T,イマジニア,スタンダード（内国株式）,2026-08-31
4645,4645.T,市進ホールディングス,スタンダード（内国株式）,2026-08-31
464A,464A.T,ＱＰＳホールディングス,グロース（内国株式）,2026-08-31
4650,4650.T,ＳＤエンターテイメント,スタンダード（内国株式）,2026-08-31
4651,4651.T,サニックスホールディングス,スタンダード（内国株式）,2026-08-31
4657,4657.T,環境管理センター,スタンダード（内国株式）,2026-08-31
4658,4658.T,日本空調サービス,プライム（内国株式）,2026-08-31
465A,465A.T,グローバルＸ　日経平均株主還元４０－日本株式　ＥＴＦ,ETF・ETN,2026-08-31
4661,4661.T,オリエンタルランド,プライム（内国株式）,2026-08-31
4662,4662.T,フォーカスシステムズ,プライム（内国株式）,2026-08-31
4664,4664.T,アール・エス・シー,スタンダード（内国株式）,2026-08-31
4665,4665.T,ダスキン,プライム（内国株式）,2026-08-31
4666,4666.T,パーク２４,プライム（内国株式）,2026-08-31
4667,4667.T,アイサンテクノロジー,スタンダード（内国株式）,2026-08-31
4668,4668.T,明光ネットワークジャパン,プライム（内国株式）,2026-08-31
466A,466A.T,グローバルＸ　防衛テック　ＥＴＦ,ETF・ETN,2026-08-31
4671,4671.T,ファルコホールディングス,スタンダード（内国株式）,2026-08-31
4673,4673.T,川崎地質,スタンダード（内国株式）,2026-08-31
4674,4674.T,クレスコ,プライム（内国株式）,2026-08-31
4676,4676.T,フジ・メディア・ホールディングス,プライム（内国株式）,2026-08-31
4678,4678.T,秀英予備校,スタンダード（内国株式）,2026-08-31
4679,4679.T,田谷,スタンダード（内国株式）,2026-08-31
467A,467A.T,グローバルＸ　米ドル建て投資適格社債　ＥＴＦ（為替ヘッジあり）,ETF・ETN,2026-08-31
4680,4680.T,ラウンドワン,プライム（内国株式）,2026-08-31
4681,4681.T,リゾートトラスト,プライム（内国株式）,2026-08-31
4684,4684.T,オービック,プライム（内国株式）,2026-08-31
4685,4685.T,菱友システムズ,スタンダード（内国株式）,2026-08-31
4686,4686.T,ジャストシステム,プライム（内国株式）,2026-08-31
4687,4687.T,ＴＤＣソフト,プライム（内国株式）,2026-08-31
4689,4689.T,ＬＩＮＥヤフー,プライム（内国株式）,2026-08-31
468A,468A.T,グローバルＸ　米ドル建て投資適格社債　ＥＴＦ,ETF・ETN,2026-08-31
4691,4691.T,ワシントンホテル,スタンダード（内国株式）,2026-08-31
4694,4694.T,ビー・エム・エル,プライム（内国株式）,2026-08-31
469A,469A.T,フィットクルー,グロース（内国株式）,2026-08-31
4704,4704.T,トレンドマイクロ,プライム（内国株式）,2026-08-31
4705,4705.T,クリップコーポレーション,スタンダード（内国株式）,2026-08-31
4707,4707.T,キタック,スタンダード（内国株式）,2026-08-31
4709,4709.T,ＩＤホールディングス,プライム（内国株式）,2026-08-31
470A,470A.T,ローカル,PRO Market,2026-08-31
4712,4712.T,ＫｅｙＨｏｌｄｅｒ,スタンダード（内国株式）,2026-08-31
4714,4714.T,リソー教育グループ,プライム（内国株式）,2026-08-31
4716,4716.T,日本オラクル,スタンダード（内国株式）,2026-08-31
4718,4718.T,早稲田アカデミー,プライム（内国株式）,2026-08-31
4719,4719.T,アルファシステムズ,プライム（内国株式）,2026-08-31
471A,471A.T,ＮＳグループ,プライム（内国株式）,2026-08-31
4720,4720.T,城南進学研究社,スタンダード（内国株式）,2026-08-31
4722,4722.T,フューチャー,プライム（内国株式）,2026-08-31
4725,4725.T,ＣＡＣ　Ｈｏｌｄｉｎｇｓ,プライム（内国株式）,2026-08-31
4728,4728.T,トーセ,スタンダード（内国株式）,2026-08-31
472A,472A.T,ミラティブ,グロース（内国株式）,2026-08-31
4732,4732.T,ユー・エス・エス,プライム（内国株式）,2026-08-31
4733,4733.T,オービックビジネスコンサルタント,プライム（内国株式）,2026-08-31
4735,4735.T,京進,スタンダード（内国株式）,2026-08-31
4736,4736.T,日本ラッド,スタンダード（内国株式）,2026-08-31
473A,473A.T,ニッセイＥＴＦ　日経２２５インデックス,ETF・ETN,2026-08-31
4743,4743.T,アイティフォー,プライム（内国株式）,2026-08-31
4746,4746.T,東計電算,スタンダード（内国株式）,2026-08-31
4750,4750.T,ダイサン,スタンダード（内国株式）,2026-08-31
4751,4751.T,サイバーエージェント,プライム（内国株式）,2026-08-31
4752,4752.T,昭和システムエンジニアリング,スタンダード（内国株式）,2026-08-31
4754,4754.T,トスネット,スタンダード（内国株式）,2026-08-31
4755,4755.T,楽天グループ,プライム（内国株式）,2026-08-31
475A,475A.T,ギミック,スタンダード（内国株式）,2026-08-31
4760,4760.T,アルファ,スタンダード（内国株式）,2026-08-31
4761,4761.T,さくらケーシーエス,スタンダード（内国株式）,2026-08-31
4762,4762.T,エックスネット,スタンダード（内国株式）,2026-08-31
4763,4763.T,クリーク・アンド・リバー社,プライム（内国株式）,2026-08-31
4765,4765.T,ＳＢＩグローバルアセットマネジメント,プライム（内国株式）,2026-08-31
4766,4766.T,ピーエイ,スタンダード（内国株式）,2026-08-31
4767,4767.T,テー・オー・ダブリュー,スタンダード（内国株式）,2026-08-31
4768,4768.T,大塚商会,プライム（内国株式）,2026-08-31
4769,4769.T,ＩＣ,スタンダード（内国株式）,2026-08-31
476A,476A.T,辻・本郷ＩＴコンサルティング,スタンダード（内国株式）,2026-08-31
4771,4771.T,エフアンドエム,スタンダード（内国株式）,2026-08-31
4772,4772.T,ＳＭ　ＥＮＴＥＲＴＡＩＮＭＥＮＴ　ＪＡＰＡＮ,グロース（内国株式）,2026-08-31
4776,4776.T,サイボウズ,プライム（内国株式）,2026-08-31
4777,4777.T,ガーラ,スタンダード（内国株式）,2026-08-31
477A,477A.T,スタートライン,グロース（内国株式）,2026-08-31
4783,4783.T,ＮＣＤ,スタンダード（内国株式）,2026-08-31
4784,4784.T,ＧＭＯインターネット,プライム（内国株式）,2026-08-31
478A,478A.T,フツパー,グロース（内国株式）,2026-08-31
4792,4792.T,山田コンサルティンググループ,プライム（内国株式）,2026-08-31
479A,479A.T,ＰＲＯＮＩ,グロース（内国株式）,2026-08-31
4800,4800.T,オリコン,スタンダード（内国株式）,2026-08-31
4801,4801.T,セントラルスポーツ,プライム（内国株式）,2026-08-31
4809,4809.T,パラカ,プライム（内国株式）,2026-08-31
480A,480A.T,リブ・コンサルティング,グロース（内国株式）,2026-08-31
4811,4811.T,ドリーム・アーツ,グロース（内国株式）,2026-08-31
4812,4812.T,電通総研,プライム（内国株式）,2026-08-31
4813,4813.T,ＡＣＣＥＳＳ,プライム（内国株式）,2026-08-31
4814,4814.T,ネクストウェア,スタンダード（内国株式）,2026-08-31
4816,4816.T,東映アニメーション,スタンダード（内国株式）,2026-08-31
4819,4819.T,デジタルガレージ,プライム（内国株式）,2026-08-31
481A,481A.T,ＪＳｅｃｕｒｉｔｙ,PRO Market,2026-08-31
4820,4820.T,イーエムシステムズ,プライム（内国株式）,2026-08-31
4825,4825.T,ウェザーニューズ,プライム（内国株式）,2026-08-31
4826,4826.T,ＣＩＪ,プライム（内国株式）,2026-08-31
4828,4828.T,ビジネスエンジニアリング,プライム（内国株式）,2026-08-31
4829,4829.T,日本エンタープライズ,スタンダード（内国株式）,2026-08-31
4832,4832.T,ＪＦＥシステムズ,スタンダード（内国株式）,2026-08-31
4833,4833.T,Ｄｅｆ　ｃｏｎｓｕｌｔｉｎｇ,グロース（内国株式）,2026-08-31
4838,4838.T,スペースシャワーＳＫＩＹＡＫＩホールディングス,スタンダード（内国株式）,2026-08-31
4839,4839.T,ＷＯＷＯＷ,プライム（内国株式）,2026-08-31
483A,483A.T,テラテクノロジー,スタンダード（内国株式）,2026-08-31
4840,4840.T,トライアイズ,スタンダード（内国株式）,2026-08-31
4845,4845.T,スカラ,スタンダード（内国株式）,2026-08-31
4847,4847.T,インテリジェント　ウェイブ,プライム（内国株式）,2026-08-31
4848,4848.T,フルキャストホールディングス,プライム（内国株式）,2026-08-31
4849,4849.T,エン,プライム（内国株式）,2026-08-31
484A,484A.T,ニューズドテック,PRO Market,2026-08-31
485A,485A.T,パワーエックス,グロース（内国株式）,2026-08-31
486A,486A.T,ＮＥＸＴ　ＦＵＮＤＳ　ユーロ・ストックス５０指数（為替ヘッジなし）連動型上場投信,ETF・ETN,2026-08-31
4875,4875.T,メディシノバ・インク,スタンダード（外国株式）,2026-08-31
487A,487A.T,ＮＥＸＴ　ＦＵＮＤＳ　ドイツ株式・ＤＡＸ（為替ヘッジなし）連動型上場投信,ETF・ETN,2026-08-31
4880,4880.T,セルソース,スタンダード（内国株式）,2026-08-31
4881,4881.T,ファンペップ,グロース（内国株式）,2026-08-31
4882,4882.T,ペルセウスプロテオミクス,グロース（内国株式）,2026-08-31
4883,4883.T,モダリス,グロース（内国株式）,2026-08-31
4884,4884.T,クリングルファーマ,グロース（内国株式）,2026-08-31
4885,4885.T,室町ケミカル,スタンダード（内国株式）,2026-08-31
4886,4886.T,あすか製薬ホールディングス,プライム（内国株式）,2026-08-31
4887,4887.T,サワイグループホールディングス,プライム（内国株式）,2026-08-31
4888,4888.T,ステラファーマ,グロース（内国株式）,2026-08-31
4889,4889.T,レナサイエンス,グロース（内国株式）,2026-08-31
488A,488A.T,ｉシェアーズ　円高フォーカス　ＥＴＦ,ETF・ETN,2026-08-31
4890,4890.T,坪田ラボ,グロース（内国株式）,2026-08-31
4891,4891.T,ティムス,グロース（内国株式）,2026-08-31
4892,4892.T,サイフューズ,グロース（内国株式）,2026-08-31
4893,4893.T,ノイルイミューン・バイオテック,グロース（内国株式）,2026-08-31
4894,4894.T,クオリプス,グロース（内国株式）,2026-08-31
4896,4896.T,ケイファーマ,グロース（内国株式）,2026-08-31
489A,489A.T,東証ＲＥＩＴ物流フォーカスＥＴＦ,ETF・ETN,2026-08-31
4901,4901.T,富士フイルムホールディングス,プライム（内国株式）,2026-08-31
4902,4902.T,コニカミノルタ,プライム（内国株式）,2026-08-31
490A,490A.T,センス・トラスト,PRO Market,2026-08-31
4911,4911.T,資生堂,プライム（内国株式）,2026-08-31
4912,4912.T,ライオン,プライム（内国株式）,2026-08-31
4914,4914.T,高砂香料工業,プライム（内国株式）,2026-08-31
4918,4918.T,アイビー化粧品,スタンダード（内国株式）,2026-08-31
4919,4919.T,ミルボン,プライム（内国株式）,2026-08-31
491A,491A.T,ｉシェアーズ　Ｓ＆Ｐ　５００　除く金融　ＥＴＦ（為替ヘッジあり）,ETF・ETN,2026-08-31
4920,4920.T,日本色材工業研究所,スタンダード（内国株式）,2026-08-31
4922,4922.T,コーセーホールディングス,プライム（内国株式）,2026-08-31
4923,4923.T,コタ,プライム（内国株式）,2026-08-31
4925,4925.T,ハーバー研究所,スタンダード（内国株式）,2026-08-31
4926,4926.T,シーボン,スタンダード（内国株式）,2026-08-31
4927,4927.T,ポーラ・オルビスホールディングス,プライム（内国株式）,2026-08-31
4928,4928.T,ノエビアホールディングス,プライム（内国株式）,2026-08-31
4929,4929.T,アジュバンホールディングス,スタンダード（内国株式）,2026-08-31
492A,492A.T,Ｏｎｅ　ＥＴＦ　日本国債　高クーポン（平均残存１０年未満）,ETF・ETN,2026-08-31
4931,4931.T,新日本製薬,プライム（内国株式）,2026-08-31
4932,4932.T,アルマード,スタンダード（内国株式）,2026-08-31
4933,4933.T,Ｉ－ｎｅ,プライム（内国株式）,2026-08-31
4934,4934.T,プレミアアンチエイジング,グロース（内国株式）,2026-08-31
4935,4935.T,リベルタ,スタンダード（内国株式）,2026-08-31
4936,4936.T,アクシージア,スタンダード（内国株式）,2026-08-31
4937,4937.T,Ｗａｑｏｏ,グロース（内国株式）,2026-08-31
493A,493A.T,Ｏｎｅ　ＥＴＦ　日本国債　１－３年,ETF・ETN,2026-08-31
494A,494A.T,Ｏｎｅ　ＥＴＦ　日本国債　３－７年,ETF・ETN,2026-08-31
4951,4951.T,エステー,プライム（内国株式）,2026-08-31
4956,4956.T,コニシ,プライム（内国株式）,2026-08-31
4958,4958.T,長谷川香料,プライム（内国株式）,2026-08-31
495A,495A.T,Ｏｎｅ　ＥＴＦ　日本国債　７－１０年,ETF・ETN,2026-08-31
4960,4960.T,ケミプロ化成,スタンダード（内国株式）,2026-08-31
4966,4966.T,上村工業,スタンダード（内国株式）,2026-08-31
4967,4967.T,小林製薬,プライム（内国株式）,2026-08-31
4968,4968.T,荒川化学工業,プライム（内国株式）,2026-08-31
496A,496A.T,Ｏｎｅ　ＥＴＦ　日本国債　１７－２０年,ETF・ETN,2026-08-31
4970,4970.T,東洋合成工業,スタンダード（内国株式）,2026-08-31
4971,4971.T,メック,プライム（内国株式）,2026-08-31
4972,4972.T,綜研化学,スタンダード（内国株式）,2026-08-31
4973,4973.T,日本高純度化学,プライム（内国株式）,2026-08-31
4975,4975.T,ＪＣＵ,プライム（内国株式）,2026-08-31
4976,4976.T,東洋ドライルーブ,スタンダード（内国株式）,2026-08-31
4977,4977.T,新田ゼラチン,スタンダード（内国株式）,2026-08-31
4978,4978.T,リプロセル,グロース（内国株式）,2026-08-31
4979,4979.T,ＯＡＴアグリオ,スタンダード（内国株式）,2026-08-31
497A,497A.T,インバウンド消費関連　日本株（ネットリターン）ＥＴＮ,ETF・ETN,2026-08-31
4980,4980.T,デクセリアルズ,プライム（内国株式）,2026-08-31
4985,4985.T,アース製薬,プライム（内国株式）,2026-08-31
498A,498A.T,防衛・航空宇宙　欧州株（ネットリターン）ＥＴＮ,ETF・ETN,2026-08-31
4990,4990.T,昭和化学工業,スタンダード（内国株式）,2026-08-31
4992,4992.T,北興化学工業,スタンダード（内国株式）,2026-08-31
4994,4994.T,大成ラミックグループ,スタンダード（内国株式）,2026-08-31
4996,4996.T,クミアイ化学工業,プライム（内国株式）,2026-08-31
4997,4997.T,日本農薬,プライム（内国株式）,2026-08-31
4998,4998.T,フマキラー,スタンダード（内国株式）,2026-08-31
499A,499A.T,ラグジュアリー厳選１０　欧州株（ネットリターン）ＥＴＮ,ETF・ETN,2026-08-31
500A,500A.T,ＴＯブックス,スタンダード（内国株式）,2026-08-31
5010,5010.T,日本精蝋,スタンダード（内国株式）,2026-08-31
5011,5011.T,ニチレキグループ,プライム（内国株式）,2026-08-31
5013,5013.T,ユシロ,スタンダード（内国株式）,2026-08-31
5015,5015.T,ビーピー・カストロール,スタンダード（内国株式）,2026-08-31
5016,5016.T,ＪＸ金属,プライム（内国株式）,2026-08-31
5018,5018.T,ＭＯＲＥＳＣＯ,スタンダード（内国株式）,2026-08-31
5019,5019.T,出光興産,プライム（内国株式）,2026-08-31
501A,501A.T,プレシャスパートナーズ,PRO Market,2026-08-31
5020,5020.T,ＥＮＥＯＳホールディングス,プライム（内国株式）,2026-08-31
5021,5021.T,コスモエネルギーホールディングス,プライム（内国株式）,2026-08-31
5025,5025.T,マーキュリー,グロース（内国株式）,2026-08-31
5026,5026.T,トリプルアイズ,グロース（内国株式）,2026-08-31
5027,5027.T,ＡｎｙＭｉｎｄ　Ｇｒｏｕｐ,グロース（内国株式）,2026-08-31
5028,5028.T,セカンドサイトアナリティカ,グロース（内国株式）,2026-08-31
5029,5029.T,サークレイス,グロース（内国株式）,2026-08-31
502A,502A.T,グローバルＸ　超短期円建て債券　ＥＴＦ,ETF・ETN,2026-08-31
5031,5031.T,モイ,グロース（内国株式）,2026-08-31
5032,5032.T,ＡＮＹＣＯＬＯＲ,プライム（内国株式）,2026-08-31
5033,5033.T,ヌーラボ,グロース（内国株式）,2026-08-31
5034,5034.T,ｕｎｅｒｒｙ,グロース（内国株式）,2026-08-31
5035,5035.T,ＨＯＵＳＥＩ,グロース（内国株式）,2026-08-31
5036,5036.T,日本ビジネスシステムズ,プライム（内国株式）,2026-08-31
5037,5037.T,フィットワークス,PRO Market,2026-08-31
5038,5038.T,ｅＷｅＬＬ,グロース（内国株式）,2026-08-31
503A,503A.T,ベルチャイルド,PRO Market,2026-08-31
504A,504A.T,イノバセル,グロース（内国株式）,2026-08-31
505A,505A.T,ギークリー,スタンダード（内国株式）,2026-08-31
506A,506A.T,シンカナース,PRO Market,2026-08-31
5071,5071.T,ヴィス,スタンダード（内国株式）,2026-08-31
5072,5072.T,アートフォースジャパン,PRO Market,2026-08-31
5074,5074.T,テスホールディングス,プライム（内国株式）,2026-08-31
5076,5076.T,インフロニア・ホールディングス,プライム（内国株式）,2026-08-31
50765,50765.T,インフロニア・ホールディングス第１回社債型種類株式,プライム（内国株式）,2026-08-31
5077,5077.T,ハンズ,PRO Market,2026-08-31
5078,5078.T,セレコーポレーション,スタンダード（内国株式）,2026-08-31
5079,5079.T,ノバック,スタンダード（内国株式）,2026-08-31
507A,507A.T,デジタル・ナレッジ,PRO Market,2026-08-31
509A,509A.T,グリーンライト・再エネインフラ投資法人,REIT・ベンチャーファンド・カントリーファンド・インフラファンド,2026-08-31
5101,5101.T,横浜ゴム,プライム（内国株式）,2026-08-31
5105,5105.T,ＴＯＹＯ　ＴＩＲＥ,プライム（内国株式）,2026-08-31
5108,5108.T,ブリヂストン,プライム（内国株式）,2026-08-31
510A,510A.T,ハートアップ,PRO Market,2026-08-31
5110,5110.T,住友ゴム工業,プライム（内国株式）,2026-08-31
511A,511A.T,ヴァンガードスミス,PRO Market,2026-08-31
5121,5121.T,藤倉コンポジット,プライム（内国株式）,2026-08-31
5122,5122.T,オカモト,プライム（内国株式）,2026-08-31
5125,5125.T,ファインズ,グロース（内国株式）,2026-08-31
5126,5126.T,ポーターズ,グロース（内国株式）,2026-08-31
5129,5129.T,ＦＩＸＥＲ,グロース（内国株式）,2026-08-31
512A,512A.T,グローバルＸ　ステーブルコイン＆トークンビジネス　ＥＴＦ（除く日本）,ETF・ETN,2026-08-31
5130,5130.T,ヒロホールディングス,PRO Market,2026-08-31
5131,5131.T,リンカーズ,グロース（内国株式）,2026-08-31
5132,5132.T,ｐｌｕｓｚｅｒｏ,グロース（内国株式）,2026-08-31
5133,5133.T,テリロジーホールディングス,スタンダード（内国株式）,2026-08-31
5134,5134.T,ＰＯＰＥＲ,グロース（内国株式）,2026-08-31
5135,5135.T,ＡＩＲ－Ｕ,PRO Market,2026-08-31
5136,5136.T,ｔｒｉｐｌａ,グロース（内国株式）,2026-08-31
5137,5137.T,スマートドライブ,グロース（内国株式）,2026-08-31
5138,5138.T,Ｒｅｂａｓｅ,グロース（内国株式）,2026-08-31
5139,5139.T,オープンワーク,グロース（内国株式）,2026-08-31
513A,513A.T,グローバルＸ　防衛テック－日本株式　ＥＴＦ,ETF・ETN,2026-08-31
5142,5142.T,アキレス,プライム（内国株式）,2026-08-31
514A,514A.T,孫の手,PRO Market,2026-08-31
515A,515A.T,ｉシェアーズ　高格付け日本円社債　ＥＴＦ,ETF・ETN,2026-08-31
5161,5161.T,西川ゴム工業,スタンダード（内国株式）,2026-08-31
5162,5162.T,朝日ラバー,スタンダード（内国株式）,2026-08-31
516A,516A.T,ｉＦｒｅｅＥＴＦ　米ドル・ブル（１倍）,ETF・ETN,2026-08-31
517A,517A.T,ｉＦｒｅｅＥＴＦ　米ドル・ベア（１倍）,ETF・ETN,2026-08-31
5184,5184.T,ニチリン,スタンダード（内国株式）,2026-08-31
5185,5185.T,フコク,プライム（内国株式）,2026-08-31
5186,5186.T,ニッタ,プライム（内国株式）,2026-08-31
5187,5187.T,クリエートメディック,スタンダード（内国株式）,2026-08-31
5189,5189.T,櫻護謨,スタンダード（内国株式）,2026-08-31
518A,518A.T,ＮＥＸＴ　ＦＵＮＤＳ　ＦＴＳＥ日本株高配当キャッシュフロー５０指数連動型上場投信,ETF・ETN,2026-08-31
5192,5192.T,三ツ星ベルト,プライム（内国株式）,2026-08-31
5194,5194.T,相模ゴム工業,スタンダード（内国株式）,2026-08-31
5195,5195.T,バンドー化学,プライム（内国株式）,2026-08-31
5199,5199.T,不二ラテックス,スタンダード（内国株式）,2026-08-31
519A,519A.T,ベーシック,グロース（内国株式）,2026-08-31
5201,5201.T,ＡＧＣ,プライム（内国株式）,2026-08-31
5202,5202.T,日本板硝子,プライム（内国株式）,2026-08-31
5204,5204.T,石塚硝子,スタンダード（内国株式）,2026-08-31
5208,5208.T,有沢製作所,プライム（内国株式）,2026-08-31
520A,520A.T,ジェイファーマ,グロース（内国株式）,2026-08-31
5210,5210.T,日本山村硝子,スタンダード（内国株式）,2026-08-31
5214,5214.T,日本電気硝子,プライム（内国株式）,2026-08-31
5216,5216.T,倉元製作所,スタンダード（内国株式）,2026-08-31
5218,5218.T,オハラ,スタンダード（内国株式）,2026-08-31
521A,521A.T,ｉＦｒｅｅＥＴＦ　ＦＡＮＧ＋ゴールド,ETF・ETN,2026-08-31
522A,522A.T,ＣＯＥＬ,PRO Market,2026-08-31
5232,5232.T,住友大阪セメント,プライム（内国株式）,2026-08-31
5233,5233.T,太平洋セメント,プライム（内国株式）,2026-08-31
5237,5237.T,ノザワ,スタンダード（内国株式）,2026-08-31
523A,523A.T,セイワホールディングス,グロース（内国株式）,2026-08-31
5240,5240.T,ｍｏｎｏＡＩ　ｔｅｃｈｎｏｌｏｇｙ,グロース（内国株式）,2026-08-31
5242,5242.T,アイズ,グロース（内国株式）,2026-08-31
5243,5243.T,ｎｏｔｅ,グロース（内国株式）,2026-08-31
5244,5244.T,ｊｉｇ．ｊｐ,グロース（内国株式）,2026-08-31
5246,5246.T,ＥＬＥＭＥＮＴＳ,グロース（内国株式）,2026-08-31
5247,5247.T,ＢＴＭ,グロース（内国株式）,2026-08-31
5248,5248.T,テクノロジーズ,グロース（内国株式）,2026-08-31
5249,5249.T,あさかわシステムズ,PRO Market,2026-08-31
524A,524A.T,田村ビルズグループ,PRO Market,2026-08-31
5250,5250.T,ＧＭＯプライム・ストラテジー,スタンダード（内国株式）,2026-08-31
5251,5251.T,ウイズ・ワン,PRO Market,2026-08-31
5252,5252.T,日本ナレッジ,グロース（内国株式）,2026-08-31
5253,5253.T,カバー,グロース（内国株式）,2026-08-31
5254,5254.T,Ａｒｅｎｔ,グロース（内国株式）,2026-08-31
5255,5255.T,モンスターラボ,グロース（内国株式）,2026-08-31
5256,5256.T,Ｆｕｓｉｃ,グロース（内国株式）,2026-08-31
5257,5257.T,ノバシステム,スタンダード（内国株式）,2026-08-31
5258,5258.T,トランザクション・メディア・ネットワークス,グロース（内国株式）,2026-08-31
525A,525A.T,ｍａｎｅｂｉ,PRO Market,2026-08-31
5261,5261.T,リソルホールディングス,プライム（内国株式）,2026-08-31
5262,5262.T,日本ヒューム,プライム（内国株式）,2026-08-31
5268,5268.T,旭コンクリート工業,スタンダード（内国株式）,2026-08-31
5269,5269.T,日本コンクリート工業,プライム（内国株式）,2026-08-31
526A,526A.T,ＪＰＸスタートアップ急成長１００ＥＴＦ,ETF・ETN,2026-08-31
5271,5271.T,トーヨーアサノ,スタンダード（内国株式）,2026-08-31
5273,5273.T,三谷セキサン,スタンダード（内国株式）,2026-08-31
5279,5279.T,日本興業,スタンダード（内国株式）,2026-08-31
527A,527A.T,ＮＯＳＥ　ＳＨＯＰ,PRO Market,2026-08-31
5280,5280.T,ヨシコン,スタンダード（内国株式）,2026-08-31
5282,5282.T,ジオスター,スタンダード（内国株式）,2026-08-31
5283,5283.T,高見澤,スタンダード（内国株式）,2026-08-31
5284,5284.T,ヤマウホールディングス,スタンダード（内国株式）,2026-08-31
5285,5285.T,ヤマックス,スタンダード（内国株式）,2026-08-31
5287,5287.T,イトーヨーギョー,スタンダード（内国株式）,2026-08-31
5288,5288.T,アジアパイルホールディングス,プライム（内国株式）,2026-08-31
528A,528A.T,フリースタイル,PRO Market,2026-08-31
5290,5290.T,ベルテクスコーポレーション,スタンダード（内国株式）,2026-08-31
5301,5301.T,東海カーボン,プライム（内国株式）,2026-08-31
5302,5302.T,日本カーボン,プライム（内国株式）,2026-08-31
5304,5304.T,ＳＥＣカーボン,スタンダード（内国株式）,2026-08-31
530A,530A.T,ＮＺＡＭ　上場投信　東証ＲＥＩＴ指数（２・５・８・１１月決算型）,ETF・ETN,2026-08-31
5310,5310.T,東洋炭素,プライム（内国株式）,2026-08-31
531A,531A.T,ＮＺＡＭ　上場投信　日経平均高配当株５０,ETF・ETN,2026-08-31
532A,532A.T,ＮＺＡＭ　上場投信　ＴＯＰＩＸ高配当４０,ETF・ETN,2026-08-31
5331,5331.T,ノリタケ,プライム（内国株式）,2026-08-31
5332,5332.T,ＴＯＴＯ,プライム（内国株式）,2026-08-31
5333,5333.T,ＮＧＫ,プライム（内国株式）,2026-08-31
5334,5334.T,日本特殊陶業,プライム（内国株式）,2026-08-31
5337,5337.T,ダントーホールディングス,スタンダード（内国株式）,2026-08-31
533A,533A.T,ＮＺＡＭ　上場投信　Ｓ＆Ｐ５００（為替ヘッジなし）,ETF・ETN,2026-08-31
5341,5341.T,ＡＳＡＨＩ　ＥＩＴＯホールディングス,スタンダード（内国株式）,2026-08-31
5344,5344.T,ＭＡＲＵＷＡ,プライム（内国株式）,2026-08-31
534A,534A.T,ＮＺＡＭ　上場投信　ＮＡＳＤＡＱ１００（為替ヘッジなし）,ETF・ETN,2026-08-31
5351,5351.T,品川リフラ,プライム（内国株式）,2026-08-31
5355,5355.T,日本坩堝,スタンダード（内国株式）,2026-08-31
5356,5356.T,美濃窯業,スタンダード（内国株式）,2026-08-31
5357,5357.T,ヨータイ,プライム（内国株式）,2026-08-31
535A,535A.T,ＮＺＡＭ　上場投信　ＤＡＸ（為替ヘッジなし）,ETF・ETN,2026-08-31
5363,5363.T,東京窯業,スタンダード（内国株式）,2026-08-31
5367,5367.T,ニッカトー,スタンダード（内国株式）,2026-08-31
5368,5368.T,日本インシュレーション,スタンダード（内国株式）,2026-08-31
536A,536A.T,ＮＺＡＭ　上場投信　先進国株式（ＭＳＣＩ－ＫＯＫＵＳＡＩ）（為替ヘッジなし）,ETF・ETN,2026-08-31
537A,537A.T,ＮＺＡＭ　上場投信　全世界株式（ＭＳＣＩ　ＡＣＷＩ）（為替ヘッジなし）,ETF・ETN,2026-08-31
5380,5380.T,新東,スタンダード（内国株式）,2026-08-31
5381,5381.T,マイポックス,スタンダード（内国株式）,2026-08-31
5384,5384.T,フジミインコーポレーテッド,プライム（内国株式）,2026-08-31
5388,5388.T,クニミネ工業,スタンダード（内国株式）,2026-08-31
538A,538A.T,ＮＺＡＭ　上場投信　米国国債７－１０年（為替ヘッジなし）,ETF・ETN,2026-08-31
5391,5391.T,エーアンドエーマテリアル,スタンダード（内国株式）,2026-08-31
5393,5393.T,ニチアス,プライム（内国株式）,2026-08-31
539A,539A.T,ＮＺＡＭ　上場投信　海外債券（ＦＴＳＥ　ＷＧＢＩ除く日本）（為替ヘッジなし）,ETF・ETN,2026-08-31
5401,5401.T,日本製鉄,プライム（内国株式）,2026-08-31
5406,5406.T,神戸製鋼所,プライム（内国株式）,2026-08-31
5408,5408.T,中山製鋼所,プライム（内国株式）,2026-08-31
540A,540A.T,上場インデックスファンド日経銀行株トップ１０,ETF・ETN,2026-08-31
5410,5410.T,合同製鐵,プライム（内国株式）,2026-08-31
5411,5411.T,ＪＦＥホールディングス,プライム（内国株式）,2026-08-31
541A,541A.T,Ｏｎｅ　ＥＴＦ　ＴＯＰＩＸ高配当株グロース指数,ETF・ETN,2026-08-31
5423,5423.T,東京製鐵,プライム（内国株式）,2026-08-31
542A,542A.T,ビタブリッドジャパン,グロース（内国株式）,2026-08-31
543A,543A.T,ＡＲＣＨＩＯＮ,プライム（内国株式）,2026-08-31
5440,5440.T,共英製鋼,プライム（内国株式）,2026-08-31
5444,5444.T,大和工業,プライム（内国株式）,2026-08-31
5445,5445.T,東京鐵鋼,プライム（内国株式）,2026-08-31
5446,5446.T,北越メタル,スタンダード（内国株式）,2026-08-31
5449,5449.T,大阪製鐵,スタンダード（内国株式）,2026-08-31
544A,544A.T,ＧＭＳグループ,プライム（内国株式）,2026-08-31
5451,5451.T,ヨドコウ,プライム（内国株式）,2026-08-31
5458,5458.T,高砂鐵工,スタンダード（内国株式）,2026-08-31
545A,545A.T,トランヴィア,プライム（内国株式）,2026-08-31
5461,5461.T,中部鋼鈑,プライム（内国株式）,2026-08-31
5463,5463.T,丸一鋼管,プライム（内国株式）,2026-08-31
5464,5464.T,モリ工業,スタンダード（内国株式）,2026-08-31
546A,546A.T,ＭＩＲＡＩＮＩホールディングス,プライム（内国株式）,2026-08-31
5471,5471.T,大同特殊鋼,プライム（内国株式）,2026-08-31
547A,547A.T,ムニノバホールディングス,プライム（内国株式）,2026-08-31
5480,5480.T,日本冶金工業,プライム（内国株式）,2026-08-31
5482,5482.T,愛知製鋼,プライム（内国株式）,2026-08-31
5484,5484.T,東北特殊鋼,スタンダード（内国株式）,2026-08-31
548A,548A.T,システムエグゼ,スタンダード（内国株式）,2026-08-31
5491,5491.T,日本金属,スタンダード（内国株式）,2026-08-31
549A,549A.T,ヒトトヒトホールディングス,スタンダード（内国株式）,2026-08-31
550A,550A.T,ソフトテックス,スタンダード（内国株式）,2026-08-31
551A,551A.T,ＩＺＵＭＩグループ,PRO Market,2026-08-31
5525,5525.T,フロンティアホールディングス,PRO Market,2026-08-31
5527,5527.T,ｐｒｏｐｅｒｔｙ　ｔｅｃｈｎｏｌｏｇｉｅｓ,グロース（内国株式）,2026-08-31
5528,5528.T,フロンティアハウス,PRO Market,2026-08-31
552A,552A.T,ＭＡＸＩＳ米国ＡＩインフラ株上場投信,ETF・ETN,2026-08-31
5531,5531.T,エヌバイテクノロジーズ,PRO Market,2026-08-31
5532,5532.T,リアルゲイト,グロース（内国株式）,2026-08-31
5533,5533.T,エリッツホールディングス,スタンダード（内国株式）,2026-08-31
5534,5534.T,エンゼルグループ,PRO Market,2026-08-31
5535,5535.T,ミガロホールディングス,プライム（内国株式）,2026-08-31
5536,5536.T,京橋アートレジデンス,PRO Market,2026-08-31
5537,5537.T,ＡｌｂａＬｉｎｋ,グロース（内国株式）,2026-08-31
5541,5541.T,大平洋金属,プライム（内国株式）,2026-08-31
5542,5542.T,新報国マテリアル,スタンダード（内国株式）,2026-08-31
554A,554A.T,バトンズ,グロース（内国株式）,2026-08-31
555A,555A.T,北王ＧＲＯＵＰ,PRO Market,2026-08-31
5563,5563.T,新日本電工,プライム（内国株式）,2026-08-31
556A,556A.T,犬猫生活,グロース（内国株式）,2026-08-31
5570,5570.T,ジェノバ,グロース（内国株式）,2026-08-31
5571,5571.T,エキサイトホールディングス,スタンダード（内国株式）,2026-08-31
5572,5572.T,Ｒｉｄｇｅ－ｉ,グロース（内国株式）,2026-08-31
5573,5573.T,働楽ホールディングス,PRO Market,2026-08-31
5574,5574.T,ＡＢＥＪＡ,グロース（内国株式）,2026-08-31
5575,5575.T,Ｇｌｏｂｅｅ,グロース（内国株式）,2026-08-31
5576,5576.T,オービーシステム,スタンダード（内国株式）,2026-08-31
5578,5578.T,ＡＲアドバンストテクノロジ,グロース（内国株式）,2026-08-31
557A,557A.T,フェリエスト,PRO Market,2026-08-31
5580,5580.T,プロディライト,グロース（内国株式）,2026-08-31
5581,5581.T,カイテクノロジー,PRO Market,2026-08-31
5582,5582.T,グリッド,グロース（内国株式）,2026-08-31
5584,5584.T,Ｓｔｒａｗｂｅｒｒｙ　ｊａｍｓ,PRO Market,2026-08-31
5586,5586.T,Ｌａｂｏｒｏ．ＡＩ,グロース（内国株式）,2026-08-31
5587,5587.T,インバウンドプラットフォーム,グロース（内国株式）,2026-08-31
5588,5588.T,ファーストアカウンティング,グロース（内国株式）,2026-08-31
5589,5589.T,オートサーバー,スタンダード（内国株式）,2026-08-31
558A,558A.T,ＳＱＵＥＥＺＥ,グロース（内国株式）,2026-08-31
5590,5590.T,ネットスターズ,グロース（内国株式）,2026-08-31
5591,5591.T,ＡＶＩＬＥＮ,グロース（内国株式）,2026-08-31
5592,5592.T,くすりの窓口,グロース（内国株式）,2026-08-31
5594,5594.T,エム・デー・ビー,PRO Market,2026-08-31
5597,5597.T,ブルーイノベーション,グロース（内国株式）,2026-08-31
5598,5598.T,Ｙｏｔｔａｖｉａｓ,PRO Market,2026-08-31
5599,5599.T,Ｓ＆Ｊ,グロース（内国株式）,2026-08-31
559A,559A.T,梅乃宿酒造,スタンダード（内国株式）,2026-08-31
5602,5602.T,栗本鐵工所,プライム（内国株式）,2026-08-31
5603,5603.T,虹技,スタンダード（内国株式）,2026-08-31
5609,5609.T,日本鋳造,スタンダード（内国株式）,2026-08-31
560A,560A.T,オカダコーポレーション,PRO Market,2026-08-31
5612,5612.T,日本鋳鉄管,スタンダード（内国株式）,2026-08-31
5616,5616.T,雨風太陽,グロース（内国株式）,2026-08-31
5618,5618.T,ナイル,グロース（内国株式）,2026-08-31
5619,5619.T,マーソ,グロース（内国株式）,2026-08-31
561A,561A.T,マークスライフ,PRO Market,2026-08-31
5620,5620.T,エスピーオー,PRO Market,2026-08-31
5621,5621.T,ヒューマンテクノロジーズ,グロース（内国株式）,2026-08-31
5622,5622.T,ワンビ,PRO Market,2026-08-31
562A,562A.T,寶結,PRO Market,2026-08-31
5631,5631.T,日本製鋼所,プライム（内国株式）,2026-08-31
5632,5632.T,三菱製鋼,プライム（内国株式）,2026-08-31
563A,563A.T,グローバルＸ　ＮＡＳＤＡＱ１００・デイリー・カバード・コール　ＥＴＦ,ETF・ETN,2026-08-31
5644,5644.T,メタルアート,スタンダード（内国株式）,2026-08-31
564A,564A.T,グローバルＸ　Ｓ＆Ｐ先進国キャッシュフロー・トップ１００　ＥＴＦ,ETF・ETN,2026-08-31
5658,5658.T,日亜鋼業,スタンダード（内国株式）,2026-08-31
5659,5659.T,日本精線,プライム（内国株式）,2026-08-31
565A,565A.T,ＦＦＦホールディングス,PRO Market,2026-08-31
566A,566A.T,ｉＦｒｅｅＥＴＦ　ブルームバーグ日本株（除く金融）高配当５０指数,ETF・ETN,2026-08-31
567A,567A.T,ディープラス,PRO Market,2026-08-31
568A,568A.T,ｉシェアーズ　シルバー　ＥＴＦ,ETF・ETN,2026-08-31
5695,5695.T,パウダーテック,スタンダード（内国株式）,2026-08-31
5697,5697.T,サンユウ,スタンダード（内国株式）,2026-08-31
5698,5698.T,エンビプロ・ホールディングス,スタンダード（内国株式）,2026-08-31
5699,5699.T,イボキン,スタンダード（内国株式）,2026-08-31
569A,569A.T,ｉシェアーズ　プラチナ　ＥＴＦ,ETF・ETN,2026-08-31
5702,5702.T,大紀アルミニウム工業所,プライム（内国株式）,2026-08-31
5703,5703.T,日本軽金属ホールディングス,プライム（内国株式）,2026-08-31
5704,5704.T,ＪＭＣ,スタンダード（内国株式）,2026-08-31
5706,5706.T,三井金属,プライム（内国株式）,2026-08-31
5707,5707.T,東邦亜鉛,プライム（内国株式）,2026-08-31
570A,570A.T,ｉシェアーズ　日本国債０－１年　ＥＴＦ,ETF・ETN,2026-08-31
5711,5711.T,三菱マテリアル,プライム（内国株式）,2026-08-31
5713,5713.T,住友金属鉱山,プライム（内国株式）,2026-08-31
5714,5714.T,ＤＯＷＡホールディングス,プライム（内国株式）,2026-08-31
5715,5715.T,古河機械金属,プライム（内国株式）,2026-08-31
571A,571A.T,ｉシェアーズ　日本国債１－３年　ＥＴＦ,ETF・ETN,2026-08-31
5721,5721.T,エスクリプトエナジー,スタンダード（内国株式）,2026-08-31
5724,5724.T,アサカ理研,スタンダード（内国株式）,2026-08-31
5726,5726.T,大阪チタニウムテクノロジーズ,プライム（内国株式）,2026-08-31
5729,5729.T,日本精鉱,スタンダード（内国株式）,2026-08-31
572A,572A.T,ｉシェアーズ　日本国債３－７年　ＥＴＦ,ETF・ETN,2026-08-31
573A,573A.T,ｉシェアーズ　日本国債２０年超　ＥＴＦ,ETF・ETN,2026-08-31
5741,5741.T,ＵＡＣＪ,プライム（内国株式）,2026-08-31
5742,5742.T,エヌアイシ・オートテック,スタンダード（内国株式）,2026-08-31
574A,574A.T,ＬＡＳＳＩＣ,PRO Market,2026-08-31
5753,5753.T,日本伸銅,スタンダード（内国株式）,2026-08-31
5757,5757.T,ＣＫサンエツ,プライム（内国株式）,2026-08-31
575A,575A.T,前澤ホールディングス,プライム（内国株式）,2026-08-31
576A,576A.T,グローバルＸ　チャイナテック・カバード・コール　ＥＴＦ,ETF・ETN,2026-08-31
577A,577A.T,グローバルＸ　シルバー　ＥＴＦ,ETF・ETN,2026-08-31
578A,578A.T,グローバルＸ　シルバー　ＥＴＦ（為替ヘッジあり）,ETF・ETN,2026-08-31
579A,579A.T,グローバルＸ　銀ビジネス　ＥＴＦ,ETF・ETN,2026-08-31
5801,5801.T,古河電気工業,プライム（内国株式）,2026-08-31
5802,5802.T,住友電気工業,プライム（内国株式）,2026-08-31
5803,5803.T,フジクラ,プライム（内国株式）,2026-08-31
5805,5805.T,ＳＷＣＣ,プライム（内国株式）,2026-08-31
580A,580A.T,グローバルＸ　銅ビジネス　ＥＴＦ,ETF・ETN,2026-08-31
5816,5816.T,オーナンバ,スタンダード（内国株式）,2026-08-31
5817,5817.T,ＪＭＡＣＳ,スタンダード（内国株式）,2026-08-31
5819,5819.T,カナレ電気,スタンダード（内国株式）,2026-08-31
581A,581A.T,ＧＯ,グロース（内国株式）,2026-08-31
5820,5820.T,三ッ星,スタンダード（内国株式）,2026-08-31
5821,5821.T,平河ヒューテック,プライム（内国株式）,2026-08-31
5830,5830.T,いよぎんホールディングス,プライム（内国株式）,2026-08-31
5831,5831.T,しずおかフィナンシャルグループ,プライム（内国株式）,2026-08-31
5832,5832.T,ちゅうぎんフィナンシャルグループ,プライム（内国株式）,2026-08-31
5834,5834.T,ＳＢＩリーシングサービス,グロース（内国株式）,2026-08-31
5838,5838.T,楽天銀行,プライム（内国株式）,2026-08-31
583A,583A.T,不動産流通システム,PRO Market,2026-08-31
5840,5840.T,日本総険,PRO Market,2026-08-31
5842,5842.T,インテグラル,グロース（内国株式）,2026-08-31
5843,5843.T,ニッポンインシュア,スタンダード（内国株式）,2026-08-31
5844,5844.T,京都フィナンシャルグループ,プライム（内国株式）,2026-08-31
5845,5845.T,全保連,スタンダード（内国株式）,2026-08-31
584A,584A.T,ＬｉＮＫＸ,グロース（内国株式）,2026-08-31
5851,5851.T,リョービ,プライム（内国株式）,2026-08-31
5852,5852.T,アーレスティ,プライム（内国株式）,2026-08-31
5857,5857.T,ＡＲＥホールディングス,プライム（内国株式）,2026-08-31
5858,5858.T,ＳＴＧ,グロース（内国株式）,2026-08-31
585A,585A.T,日本バリュー・ボトムアップ株式投資戦略アクティブＥＴＦ,ETF・ETN,2026-08-31
5866,5866.T,ＷｉｚＢｉｚ,PRO Market,2026-08-31
5867,5867.T,エスネットワークス,グロース（内国株式）,2026-08-31
5868,5868.T,ロココ,スタンダード（内国株式）,2026-08-31
5869,5869.T,早稲田学習研究会,スタンダード（内国株式）,2026-08-31
586A,586A.T,ＮＥＸＴ　ＦＵＮＤＳ　日経エンタメ・コンテンツ株指数連動型上場投信,ETF・ETN,2026-08-31
5870,5870.T,ナルネットコミュニケーションズ,グロース（内国株式）,2026-08-31
5871,5871.T,ＳＯＬＩＺＥ　Ｈｏｌｄｉｎｇｓ,スタンダード（内国株式）,2026-08-31
587A,587A.T,インベスコＱＱＱトラスト　シリーズ１,ETF・ETN,2026-08-31
5884,5884.T,クラダシ,グロース（内国株式）,2026-08-31
5885,5885.T,ジーデップ・アドバンス,スタンダード（内国株式）,2026-08-31
5886,5886.T,ＯＯＫＡＢＥ　ＧＬＡＳＳ,PRO Market,2026-08-31
5887,5887.T,光響,PRO Market,2026-08-31
5888,5888.T,ＤＡＩＷＡ　ＣＹＣＬＥ,グロース（内国株式）,2026-08-31
5889,5889.T,Ｊａｐａｎ　Ｅｙｅｗｅａｒ　Ｈｏｌｄｉｎｇｓ,プライム（内国株式）,2026-08-31
5890,5890.T,オフィスバスターズ,PRO Market,2026-08-31
5891,5891.T,ＳＡＫＩＧＡＫＥホールディングス,スタンダード（内国株式）,2026-08-31
5892,5892.T,ｙｕｔｏｒｉ,グロース（内国株式）,2026-08-31
5893,5893.T,ＲＡＶＩＰＡ,PRO Market,2026-08-31
589A,589A.T,ネイス,グロース（内国株式）,2026-08-31
5900,5900.T,ダイケン,スタンダード（内国株式）,2026-08-31
5901,5901.T,東洋製罐グループホールディングス,プライム（内国株式）,2026-08-31
5902,5902.T,ホッカンホールディングス,プライム（内国株式）,2026-08-31
5905,5905.T,日本製罐,スタンダード（内国株式）,2026-08-31
5906,5906.T,エムケー精工,スタンダード（内国株式）,2026-08-31
5909,5909.T,コロナ,スタンダード（内国株式）,2026-08-31
590A,590A.T,ギフティグループ,プライム（内国株式）,2026-08-31
5911,5911.T,横河ブリッジホールディングス,プライム（内国株式）,2026-08-31
5915,5915.T,駒井ハルテック,スタンダード（内国株式）,2026-08-31
5918,5918.T,瀧上工業,スタンダード（内国株式）,2026-08-31
591A,591A.T,西條,PRO Market,2026-08-31
5921,5921.T,川岸工業,スタンダード（内国株式）,2026-08-31
5922,5922.T,那須電機鉄工,スタンダード（内国株式）,2026-08-31
5923,5923.T,高田機工,スタンダード（内国株式）,2026-08-31
5928,5928.T,アルメタックス,スタンダード（内国株式）,2026-08-31
5929,5929.T,三和ホールディングス,プライム（内国株式）,2026-08-31
5930,5930.T,文化シヤッター,プライム（内国株式）,2026-08-31
5932,5932.T,三協立山,プライム（内国株式）,2026-08-31
5933,5933.T,アルインコ,プライム（内国株式）,2026-08-31
5936,5936.T,東洋シヤッター,スタンダード（内国株式）,2026-08-31
5938,5938.T,ＬＩＸＩＬ,プライム（内国株式）,2026-08-31
5939,5939.T,大谷工業,スタンダード（内国株式）,2026-08-31
593A,593A.T,ティアフォー,グロース（内国株式）,2026-08-31
5940,5940.T,不二サッシ,スタンダード（内国株式）,2026-08-31
5941,5941.T,中西製作所,スタンダード（内国株式）,2026-08-31
5942,5942.T,日本フイルコン,スタンダード（内国株式）,2026-08-31
5943,5943.T,ノーリツ,プライム（内国株式）,2026-08-31
5945,5945.T,天龍製鋸,スタンダード（内国株式）,2026-08-31
5946,5946.T,長府製作所,プライム（内国株式）,2026-08-31
5947,5947.T,リンナイ,プライム（内国株式）,2026-08-31
5949,5949.T,ユニプレス,プライム（内国株式）,2026-08-31
594A,594A.T,ＰＲＯ　ＨＯＬＤＩＮＧＳ,PRO Market,2026-08-31
5950,5950.T,日本パワーファスニング,スタンダード（内国株式）,2026-08-31
5951,5951.T,ダイニチ工業,スタンダード（内国株式）,2026-08-31
5952,5952.T,アマテイ,スタンダード（内国株式）,2026-08-31
5955,5955.T,ワイズホールディングス,スタンダード（内国株式）,2026-08-31
5956,5956.T,トーソー,スタンダード（内国株式）,2026-08-31
5957,5957.T,日東精工,プライム（内国株式）,2026-08-31
5958,5958.T,三洋工業,スタンダード（内国株式）,2026-08-31
5959,5959.T,岡部,プライム（内国株式）,2026-08-31
595A,595A.T,不二興産,PRO Market,2026-08-31
5962,5962.T,浅香工業,スタンダード（内国株式）,2026-08-31
5965,5965.T,フジマック,スタンダード（内国株式）,2026-08-31
5966,5966.T,京都機械工具,スタンダード（内国株式）,2026-08-31
5967,5967.T,ＴＯＮＥ,スタンダード（内国株式）,2026-08-31
5969,5969.T,ロブテックス,スタンダード（内国株式）,2026-08-31
5970,5970.T,ジーテクト,プライム（内国株式）,2026-08-31
5971,5971.T,共和工業所,スタンダード（内国株式）,2026-08-31
5973,5973.T,トーアミ,スタンダード（内国株式）,2026-08-31
5974,5974.T,中国工業,スタンダード（内国株式）,2026-08-31
5975,5975.T,東プレ,プライム（内国株式）,2026-08-31
5976,5976.T,高周波熱錬,プライム（内国株式）,2026-08-31
597A,597A.T,ａｎｄ　ＵＳ,PRO Market,2026-08-31
5981,5981.T,東京製綱,プライム（内国株式）,2026-08-31
5982,5982.T,マルゼン,スタンダード（内国株式）,2026-08-31
5983,5983.T,イワブチ,スタンダード（内国株式）,2026-08-31
5984,5984.T,兼房,スタンダード（内国株式）,2026-08-31
5985,5985.T,サンコール,スタンダード（内国株式）,2026-08-31
5986,5986.T,モリテック　スチール,スタンダード（内国株式）,2026-08-31
5987,5987.T,オーネックス,スタンダード（内国株式）,2026-08-31
5988,5988.T,パイオラックス,プライム（内国株式）,2026-08-31
5989,5989.T,エイチワン,プライム（内国株式）,2026-08-31
598A,598A.T,チャットプラス,グロース（内国株式）,2026-08-31
5990,5990.T,スーパーツール,スタンダード（内国株式）,2026-08-31
5991,5991.T,日本発條,プライム（内国株式）,2026-08-31
5992,5992.T,中央発條,スタンダード（内国株式）,2026-08-31
5994,5994.T,ファインシンター,スタンダード（内国株式）,2026-08-31
5997,5997.T,協立エアテック,スタンダード（内国株式）,2026-08-31
5998,5998.T,アドバネクス,スタンダード（内国株式）,2026-08-31
599A,599A.T,元気な介護,PRO Market,2026-08-31
6005,6005.T,三浦工業,プライム（内国株式）,2026-08-31
600A,600A.T,ニッセイＥＴＦ　ラッセル２０００,ETF・ETN,2026-08-31
6013,6013.T,タクマ,プライム（内国株式）,2026-08-31
6016,6016.T,ジャパンエンジンコーポレーション,スタンダード（内国株式）,2026-08-31
6018,6018.T,阪神内燃機工業,スタンダード（内国株式）,2026-08-31
601A,601A.T,ラックス建設,PRO Market,2026-08-31
6022,6022.T,赤阪鐵工所,スタンダード（内国株式）,2026-08-31
6023,6023.T,ダイハツインフィニアース,スタンダード（内国株式）,2026-08-31
6027,6027.T,弁護士ドットコム,プライム（内国株式）,2026-08-31
6029,6029.T,アトラグループ,スタンダード（内国株式）,2026-08-31
602A,602A.T,レックスアドバイザーズ,PRO Market,2026-08-31
6030,6030.T,アドベンチャー,グロース（内国株式）,2026-08-31
6031,6031.T,ＺＥＴＡ,グロース（内国株式）,2026-08-31
6033,6033.T,エクストリーム,グロース（内国株式）,2026-08-31
6034,6034.T,ＭＲＴ,グロース（内国株式）,2026-08-31
6035,6035.T,アイ・アールジャパンホールディングス,スタンダード（内国株式）,2026-08-31
6036,6036.T,ＫｅｅＰｅｒ技研,プライム（内国株式）,2026-08-31
6037,6037.T,楽待,スタンダード（内国株式）,2026-08-31
6038,6038.T,イード,グロース（内国株式）,2026-08-31
6039,6039.T,日本動物高度医療センター,グロース（内国株式）,2026-08-31
603A,603A.T,アイ・グリッド・ソリューションズ,グロース（内国株式）,2026-08-31
6040,6040.T,日本スキー場開発,グロース（内国株式）,2026-08-31
6042,6042.T,ニッキ,スタンダード（内国株式）,2026-08-31
6044,6044.T,三機サービス,スタンダード（内国株式）,2026-08-31
6045,6045.T,レントラックス,グロース（内国株式）,2026-08-31
6046,6046.T,リンクバル,スタンダード（内国株式）,2026-08-31
6047,6047.T,Ｇｕｎｏｓｙ,スタンダード（内国株式）,2026-08-31
6049,6049.T,イトクロ,グロース（内国株式）,2026-08-31
604A,604A.T,ビーエイブル,スタンダード（内国株式）,2026-08-31
6050,6050.T,イー・ガーディアン,プライム（内国株式）,2026-08-31
6054,6054.T,リブセンス,スタンダード（内国株式）,2026-08-31
6055,6055.T,ジャパンマテリアル,プライム（内国株式）,2026-08-31
6058,6058.T,ベクトル,プライム（内国株式）,2026-08-31
6059,6059.T,ウチヤマホールディングス,スタンダード（内国株式）,2026-08-31
605A,605A.T,ＮＥＸＴ　ＦＵＮＤＳ　日本株政策フォーカス上場投信,ETF・ETN,2026-08-31
6061,6061.T,ユニバーサル園芸社,スタンダード（内国株式）,2026-08-31
6062,6062.T,チャーム・ケア・コーポレーション,プライム（内国株式）,2026-08-31
6063,6063.T,日本エマージェンシーアシスタンス,スタンダード（内国株式）,2026-08-31
6069,6069.T,トレンダーズ,グロース（内国株式）,2026-08-31
606A,606A.T,金２倍ブルＥＴＦ,ETF・ETN,2026-08-31
6070,6070.T,キャリアリンク,プライム（内国株式）,2026-08-31
6071,6071.T,ＩＢＪ,プライム（内国株式）,2026-08-31
6072,6072.T,地盤ネットホールディングス,スタンダード（内国株式）,2026-08-31
6073,6073.T,アサンテ,プライム（内国株式）,2026-08-31
6074,6074.T,ジェイエスエス,スタンダード（内国株式）,2026-08-31
6078,6078.T,バリューＨＲ,プライム（内国株式）,2026-08-31
607A,607A.T,エブリー,グロース（内国株式）,2026-08-31
6080,6080.T,Ｍ＆Ａキャピタルパートナーズ,プライム（内国株式）,2026-08-31
6081,6081.T,アライドアーキテクツ,グロース（内国株式）,2026-08-31
6082,6082.T,ライドオンエクスプレスホールディングス,スタンダード（内国株式）,2026-08-31
6083,6083.T,ＥＲＩホールディングス,スタンダード（内国株式）,2026-08-31
6085,6085.T,アーキテクツ・スタジオ・ジャパン,グロース（内国株式）,2026-08-31
6086,6086.T,シンメンテホールディングス,グロース（内国株式）,2026-08-31
6087,6087.T,アビスト,スタンダード（内国株式）,2026-08-31
6088,6088.T,シグマクシス・ホールディングス,プライム（内国株式）,2026-08-31
6089,6089.T,ウィルグループ,プライム（内国株式）,2026-08-31
608A,608A.T,上場インデックスファンド東証ＲＥＩＴ高利回り３０,ETF・ETN,2026-08-31
6090,6090.T,ヒューマン・メタボローム・テクノロジーズ,スタンダード（内国株式）,2026-08-31
6091,6091.T,ウエスコホールディングス,スタンダード（内国株式）,2026-08-31
6092,6092.T,エンバイオ・ホールディングス,スタンダード（内国株式）,2026-08-31
6093,6093.T,ミトラグループ,スタンダード（内国株式）,2026-08-31
6094,6094.T,フリークアウト・ホールディングス,グロース（内国株式）,2026-08-31
6098,6098.T,リクルートホールディングス,プライム（内国株式）,2026-08-31
6099,6099.T,エラン,プライム（内国株式）,2026-08-31
609A,609A.T,グローバルＸ　総合商社＆資源ビジネス－日本株式　ＥＴＦ,ETF・ETN,2026-08-31
6101,6101.T,ツガミ,プライム（内国株式）,2026-08-31
6103,6103.T,オークマ,プライム（内国株式）,2026-08-31
6104,6104.T,芝浦機械,プライム（内国株式）,2026-08-31
610A,610A.T,グローバルＸ　宇宙テック・トップ１０　ＥＴＦ（除く日本）,ETF・ETN,2026-08-31
6113,6113.T,アマダ,プライム（内国株式）,2026-08-31
6118,6118.T,アイダエンジニアリング,プライム（内国株式）,2026-08-31
611A,611A.T,Ｏｎｅ　ＥＴＦ　日本国債　２７－３０年,ETF・ETN,2026-08-31
6125,6125.T,岡本工作機械製作所,スタンダード（内国株式）,2026-08-31
612A,612A.T,Ｏｎｅ　ＥＴＦ　日本国債先物逆連動指数,ETF・ETN,2026-08-31
6134,6134.T,ＦＵＪＩ,プライム（内国株式）,2026-08-31
6135,6135.T,牧野フライス製作所,プライム（内国株式）,2026-08-31
6136,6136.T,オーエスジー,プライム（内国株式）,2026-08-31
6137,6137.T,小池酸素工業,スタンダード（内国株式）,2026-08-31
6138,6138.T,ダイジェット工業,スタンダード（内国株式）,2026-08-31
613A,613A.T,ｉＦｒｅｅＥＴＦ　ドイツ０－３カ月短期国債,ETF・ETN,2026-08-31
6140,6140.T,旭ダイヤモンド工業,プライム（内国株式）,2026-08-31
6141,6141.T,ＤＭＧ森精機,プライム（内国株式）,2026-08-31
6143,6143.T,ソディック,プライム（内国株式）,2026-08-31
6144,6144.T,西部電機,スタンダード（内国株式）,2026-08-31
6145,6145.T,ＮＩＴＴＯＫＵ,スタンダード（内国株式）,2026-08-31
6146,6146.T,ディスコ,プライム（内国株式）,2026-08-31
6147,6147.T,ヤマザキ,スタンダード（内国株式）,2026-08-31
6149,6149.T,小田原エンジニアリング,スタンダード（内国株式）,2026-08-31
614A,614A.T,山八商事,PRO Market,2026-08-31
6150,6150.T,タケダ機械,スタンダード（内国株式）,2026-08-31
6151,6151.T,日東工器,プライム（内国株式）,2026-08-31
6155,6155.T,高松機械工業,スタンダード（内国株式）,2026-08-31
6156,6156.T,エーワン精密,スタンダード（内国株式）,2026-08-31
6157,6157.T,日進工具,スタンダード（内国株式）,2026-08-31
6158,6158.T,和井田製作所,スタンダード（内国株式）,2026-08-31
6159,6159.T,ミクロン精密,スタンダード（内国株式）,2026-08-31
615A,615A.T,インターパーク,PRO Market,2026-08-31
6161,6161.T,エスティック,スタンダード（内国株式）,2026-08-31
6165,6165.T,パンチ工業,スタンダード（内国株式）,2026-08-31
6166,6166.T,中村超硬,グロース（内国株式）,2026-08-31
6167,6167.T,冨士ダイス,プライム（内国株式）,2026-08-31
6168,6168.T,ＯＮＥ　ＧＲＯＵＰ,PRO Market,2026-08-31
616A,616A.T,数理技研,PRO Market,2026-08-31
6171,6171.T,土木管理総合試験所,スタンダード（内国株式）,2026-08-31
6174,6174.T,デンタス,PRO Market,2026-08-31
6176,6176.T,ブランジスタ,スタンダード（内国株式）,2026-08-31
6177,6177.T,ＡｐｐＢａｎｋ,グロース（内国株式）,2026-08-31
6178,6178.T,日本郵政,プライム（内国株式）,2026-08-31
617A,617A.T,レイシャス,PRO Market,2026-08-31
6180,6180.T,ＧＭＯメディア,グロース（内国株式）,2026-08-31
6181,6181.T,タメニー,グロース（内国株式）,2026-08-31
6182,6182.T,メタリアル,グロース（内国株式）,2026-08-31
6183,6183.T,ベルシステム２４ホールディングス,プライム（内国株式）,2026-08-31
6184,6184.T,鎌倉新書,プライム（内国株式）,2026-08-31
6185,6185.T,ＳＭＮ,スタンダード（内国株式）,2026-08-31
6186,6186.T,一蔵,スタンダード（内国株式）,2026-08-31
6189,6189.T,グローバルキッズＣＯＭＰＡＮＹ,スタンダード（内国株式）,2026-08-31
6190,6190.T,フェニックスバイオ,グロース（内国株式）,2026-08-31
6191,6191.T,エアトリ,プライム（内国株式）,2026-08-31
6193,6193.T,バーチャレクス・ホールディングス,グロース（内国株式）,2026-08-31
6194,6194.T,アトラエ,プライム（内国株式）,2026-08-31
6195,6195.T,ホープ,グロース（内国株式）,2026-08-31
6196,6196.T,ストライクグループ,プライム（内国株式）,2026-08-31
6198,6198.T,キャリア,グロース（内国株式）,2026-08-31
6199,6199.T,セラク,スタンダード（内国株式）,2026-08-31
6200,6200.T,インソース,プライム（内国株式）,2026-08-31
6203,6203.T,豊和工業,スタンダード（内国株式）,2026-08-31
6208,6208.T,石川製作所,スタンダード（内国株式）,2026-08-31
6209,6209.T,リケンＮＰＲ,プライム（内国株式）,2026-08-31
6217,6217.T,津田駒工業,スタンダード（内国株式）,2026-08-31
6218,6218.T,エンシュウ,スタンダード（内国株式）,2026-08-31
6222,6222.T,島精機製作所,プライム（内国株式）,2026-08-31
6223,6223.T,西部技研,スタンダード（内国株式）,2026-08-31
6224,6224.T,ＪＲＣ,グロース（内国株式）,2026-08-31
6226,6226.T,守谷輸送機工業,スタンダード（内国株式）,2026-08-31
6227,6227.T,ＡＩメカテック,スタンダード（内国株式）,2026-08-31
6228,6228.T,ジェイ・イー・ティ,スタンダード（内国株式）,2026-08-31
6229,6229.T,オーケーエム,スタンダード（内国株式）,2026-08-31
6230,6230.T,ＳＡＮＥＩ,スタンダード（内国株式）,2026-08-31
6231,6231.T,木村工機,スタンダード（内国株式）,2026-08-31
6232,6232.T,ＡＣＳＬ,グロース（内国株式）,2026-08-31
6233,6233.T,ＫＬＡＳＳ,スタンダード（内国株式）,2026-08-31
6235,6235.T,オプトラン,プライム（内国株式）,2026-08-31
6237,6237.T,イワキポンプ,プライム（内国株式）,2026-08-31
6238,6238.T,フリュー,プライム（内国株式）,2026-08-31
6239,6239.T,ナガオカ,スタンダード（内国株式）,2026-08-31
6240,6240.T,ヤマシンフィルタ,プライム（内国株式）,2026-08-31
6245,6245.T,ヒラノテクシード,スタンダード（内国株式）,2026-08-31
6246,6246.T,テクノスマート,スタンダード（内国株式）,2026-08-31
6247,6247.T,日阪製作所,プライム（内国株式）,2026-08-31
6248,6248.T,横田製作所,スタンダード（内国株式）,2026-08-31
6249,6249.T,ゲームカードホールディングス,スタンダード（内国株式）,2026-08-31
6250,6250.T,やまびこ,プライム（内国株式）,2026-08-31
6254,6254.T,野村マイクロ・サイエンス,プライム（内国株式）,2026-08-31
6255,6255.T,エヌ・ピー・シー,グロース（内国株式）,2026-08-31
6257,6257.T,藤商事,スタンダード（内国株式）,2026-08-31
6258,6258.T,平田機工,プライム（内国株式）,2026-08-31
6262,6262.T,ＰＥＧＡＳＵＳ,スタンダード（内国株式）,2026-08-31
6264,6264.T,マルマエ,プライム（内国株式）,2026-08-31
6265,6265.T,コンバム,スタンダード（内国株式）,2026-08-31
6266,6266.T,タツモ,プライム（内国株式）,2026-08-31
6267,6267.T,ゼネラルパッカー,スタンダード（内国株式）,2026-08-31
6268,6268.T,ナブテスコ,プライム（内国株式）,2026-08-31
6269,6269.T,三井海洋開発,プライム（内国株式）,2026-08-31
6272,6272.T,レオン自動機,プライム（内国株式）,2026-08-31
6273,6273.T,ＳＭＣ,プライム（内国株式）,2026-08-31
6276,6276.T,シリウスビジョン,スタンダード（内国株式）,2026-08-31
6277,6277.T,ホソカワミクロン,プライム（内国株式）,2026-08-31
6278,6278.T,ユニオンツール,プライム（内国株式）,2026-08-31
6279,6279.T,瑞光,プライム（内国株式）,2026-08-31
6282,6282.T,オイレス工業,プライム（内国株式）,2026-08-31
6284,6284.T,日精エー・エス・ビー機械,プライム（内国株式）,2026-08-31
6286,6286.T,靜甲,スタンダード（内国株式）,2026-08-31
6287,6287.T,サトー,プライム（内国株式）,2026-08-31
6289,6289.T,技研製作所,プライム（内国株式）,2026-08-31
6291,6291.T,日本エアーテック,スタンダード（内国株式）,2026-08-31
6292,6292.T,カワタ,スタンダード（内国株式）,2026-08-31
6294,6294.T,オカダアイヨン,プライム（内国株式）,2026-08-31
6298,6298.T,ワイエイシイホールディングス,プライム（内国株式）,2026-08-31
6301,6301.T,小松製作所,プライム（内国株式）,2026-08-31
6302,6302.T,住友重機械工業,プライム（内国株式）,2026-08-31
6305,6305.T,日立建機,プライム（内国株式）,2026-08-31
6306,6306.T,日工,プライム（内国株式）,2026-08-31
6307,6307.T,サンセイ,スタンダード（内国株式）,2026-08-31
6309,6309.T,巴工業,プライム（内国株式）,2026-08-31
6310,6310.T,井関農機,プライム（内国株式）,2026-08-31
6315,6315.T,ＴＯＷＡ,プライム（内国株式）,2026-08-31
6316,6316.T,丸山製作所,スタンダード（内国株式）,2026-08-31
6317,6317.T,北川鉄工所,スタンダード（内国株式）,2026-08-31
6322,6322.T,タクミナ,スタンダード（内国株式）,2026-08-31
6323,6323.T,ローツェ,プライム（内国株式）,2026-08-31
6324,6324.T,ハーモニック・ドライブ・システムズ,プライム（内国株式）,2026-08-31
6325,6325.T,タカキタ,スタンダード（内国株式）,2026-08-31
6326,6326.T,クボタ,プライム（内国株式）,2026-08-31
6327,6327.T,北川精機,スタンダード（内国株式）,2026-08-31
6328,6328.T,荏原実業,プライム（内国株式）,2026-08-31
6330,6330.T,東洋エンジニアリング,プライム（内国株式）,2026-08-31
6331,6331.T,三菱化工機,プライム（内国株式）,2026-08-31
6332,6332.T,月島ホールディングス,プライム（内国株式）,2026-08-31
6333,6333.T,ＴＥＩＫＯＫＵ,プライム（内国株式）,2026-08-31
6334,6334.T,明治機械,スタンダード（内国株式）,2026-08-31
6335,6335.T,東京機械製作所,スタンダード（内国株式）,2026-08-31
6336,6336.T,石井表記,スタンダード（内国株式）,2026-08-31
6337,6337.T,テセック,スタンダード（内国株式）,2026-08-31
6338,6338.T,タカトリ,スタンダード（内国株式）,2026-08-31
6339,6339.T,新東工業,プライム（内国株式）,2026-08-31
6340,6340.T,澁谷工業,プライム（内国株式）,2026-08-31
6342,6342.T,太平製作所,スタンダード（内国株式）,2026-08-31
6343,6343.T,フリージア・マクロス,スタンダード（内国株式）,2026-08-31
6345,6345.T,アイチ　コーポレーション,プライム（内国株式）,2026-08-31
6346,6346.T,キクカワエンタープライズ,スタンダード（内国株式）,2026-08-31
6347,6347.T,プラコー,スタンダード（内国株式）,2026-08-31
6349,6349.T,小森コーポレーション,プライム（内国株式）,2026-08-31
6351,6351.T,鶴見製作所,プライム（内国株式）,2026-08-31
6356,6356.T,日本ギア工業,スタンダード（内国株式）,2026-08-31
6357,6357.T,三精テクノロジーズ,スタンダード（内国株式）,2026-08-31
6358,6358.T,酒井重工業,プライム（内国株式）,2026-08-31
6360,6360.T,東京自働機械製作所,スタンダード（内国株式）,2026-08-31
6361,6361.T,荏原製作所,プライム（内国株式）,2026-08-31
6363,6363.T,酉島製作所,プライム（内国株式）,2026-08-31
6364,6364.T,ＡＩＲＭＡＮ,プライム（内国株式）,2026-08-31
6365,6365.T,電業社機械製作所,スタンダード（内国株式）,2026-08-31
6366,6366.T,千代田化工建設,スタンダード（内国株式）,2026-08-31
6367,6367.T,ダイキン工業,プライム（内国株式）,2026-08-31
6368,6368.T,オルガノ,プライム（内国株式）,2026-08-31
6369,6369.T,トーヨーカネツ,プライム（内国株式）,2026-08-31
6370,6370.T,栗田工業,プライム（内国株式）,2026-08-31
6371,6371.T,椿本チエイン,プライム（内国株式）,2026-08-31
6376,6376.T,日機装,プライム（内国株式）,2026-08-31
6378,6378.T,木村化工機,スタンダード（内国株式）,2026-08-31
6379,6379.T,レイズネクスト,プライム（内国株式）,2026-08-31
6380,6380.T,オリエンタルチエン工業,スタンダード（内国株式）,2026-08-31
6381,6381.T,アネスト岩田,プライム（内国株式）,2026-08-31
6382,6382.T,トリニティ工業,スタンダード（内国株式）,2026-08-31
6383,6383.T,ダイフク,プライム（内国株式）,2026-08-31
6384,6384.T,昭和真空,スタンダード（内国株式）,2026-08-31
6387,6387.T,サムコ,プライム（内国株式）,2026-08-31
6390,6390.T,加藤製作所,プライム（内国株式）,2026-08-31
6391,6391.T,加地テック,スタンダード（内国株式）,2026-08-31
6392,6392.T,ヤマダコーポレーション,スタンダード（内国株式）,2026-08-31
6393,6393.T,油研工業,スタンダード（内国株式）,2026-08-31
6395,6395.T,タダノ,プライム（内国株式）,2026-08-31
6396,6396.T,宇野澤組鐵工所,スタンダード（内国株式）,2026-08-31
6400,6400.T,不二精機,スタンダード（内国株式）,2026-08-31
6402,6402.T,兼松エンジニアリング,スタンダード（内国株式）,2026-08-31
6405,6405.T,鈴茂器工,スタンダード（内国株式）,2026-08-31
6407,6407.T,ＣＫＤ,プライム（内国株式）,2026-08-31
6408,6408.T,小倉クラッチ,スタンダード（内国株式）,2026-08-31
6412,6412.T,平和,プライム（内国株式）,2026-08-31
6413,6413.T,理想科学工業,プライム（内国株式）,2026-08-31
6417,6417.T,ＳＡＮＫＹＯ,プライム（内国株式）,2026-08-31
6418,6418.T,日本金銭機械,プライム（内国株式）,2026-08-31
6419,6419.T,マースグループホールディングス,プライム（内国株式）,2026-08-31
6420,6420.T,ガリレイホールディングス,プライム（内国株式）,2026-08-31
6424,6424.T,高見沢サイバネティックス,スタンダード（内国株式）,2026-08-31
6425,6425.T,ユニバーサルエンターテインメント,スタンダード（内国株式）,2026-08-31
6428,6428.T,オーイズミ,スタンダード（内国株式）,2026-08-31
6430,6430.T,ダイコク電機,プライム（内国株式）,2026-08-31
6432,6432.T,竹内製作所,プライム（内国株式）,2026-08-31
6433,6433.T,ヒーハイスト,スタンダード（内国株式）,2026-08-31
6436,6436.T,アマノ,プライム（内国株式）,2026-08-31
6440,6440.T,ＪＵＫＩ,プライム（内国株式）,2026-08-31
6444,6444.T,サンデン,スタンダード（内国株式）,2026-08-31
6445,6445.T,ジャノメ,プライム（内国株式）,2026-08-31
6448,6448.T,ブラザー工業,プライム（内国株式）,2026-08-31
6454,6454.T,マックス,プライム（内国株式）,2026-08-31
6455,6455.T,モリタホールディングス,プライム（内国株式）,2026-08-31
6457,6457.T,グローリー,プライム（内国株式）,2026-08-31
6458,6458.T,新晃工業,プライム（内国株式）,2026-08-31
6459,6459.T,だいわ,プライム（内国株式）,2026-08-31
6460,6460.T,セガサミーホールディングス,プライム（内国株式）,2026-08-31
6463,6463.T,ＴＰＲ,プライム（内国株式）,2026-08-31
6464,6464.T,ツバキ・ナカシマ,プライム（内国株式）,2026-08-31
6465,6465.T,ホシザキ,プライム（内国株式）,2026-08-31
6466,6466.T,ＴＶＥ,スタンダード（内国株式）,2026-08-31
6467,6467.T,ニチダイ,スタンダード（内国株式）,2026-08-31
6469,6469.T,放電精密加工研究所,スタンダード（内国株式）,2026-08-31
6470,6470.T,大豊工業,スタンダード（内国株式）,2026-08-31
6471,6471.T,日本精工,プライム（内国株式）,2026-08-31
6472,6472.T,ＮＴＮ,プライム（内国株式）,2026-08-31
6473,6473.T,ジェイテクト,プライム（内国株式）,2026-08-31
6474,6474.T,不二越,プライム（内国株式）,2026-08-31
6479,6479.T,ミネベアミツミ,プライム（内国株式）,2026-08-31
6480,6480.T,日本トムソン,プライム（内国株式）,2026-08-31
6481,6481.T,ＴＨＫ,プライム（内国株式）,2026-08-31
6482,6482.T,ＹＵＳＨＩＮ,スタンダード（内国株式）,2026-08-31
6484,6484.T,ＫＶＫ,スタンダード（内国株式）,2026-08-31
6485,6485.T,前澤給装工業,スタンダード（内国株式）,2026-08-31
6486,6486.T,イーグル工業,プライム（内国株式）,2026-08-31
6488,6488.T,ヨシタケ,スタンダード（内国株式）,2026-08-31
6490,6490.T,ＰＩＬＬＡＲ,プライム（内国株式）,2026-08-31
6492,6492.T,岡野バルブ製造,スタンダード（内国株式）,2026-08-31
6493,6493.T,ＮＩＴＴＡＮ,スタンダード（内国株式）,2026-08-31
6494,6494.T,ＮＦＫホールディングス,スタンダード（内国株式）,2026-08-31
6495,6495.T,宮入バルブ製作所,スタンダード（内国株式）,2026-08-31
6496,6496.T,中北製作所,スタンダード（内国株式）,2026-08-31
6497,6497.T,ハマイ,スタンダード（内国株式）,2026-08-31
6498,6498.T,キッツ,プライム（内国株式）,2026-08-31
6501,6501.T,日立製作所,プライム（内国株式）,2026-08-31
6503,6503.T,三菱電機,プライム（内国株式）,2026-08-31
6504,6504.T,富士電機,プライム（内国株式）,2026-08-31
6505,6505.T,東洋電機製造,スタンダード（内国株式）,2026-08-31
6506,6506.T,安川電機,プライム（内国株式）,2026-08-31
6507,6507.T,シンフォニアテクノロジー,プライム（内国株式）,2026-08-31
6508,6508.T,明電舎,プライム（内国株式）,2026-08-31
6513,6513.T,オリジン,スタンダード（内国株式）,2026-08-31
6516,6516.T,山洋電気,プライム（内国株式）,2026-08-31
6517,6517.T,デンヨー,プライム（内国株式）,2026-08-31
6518,6518.T,三相電機,スタンダード（内国株式）,2026-08-31
6521,6521.T,オキサイド,グロース（内国株式）,2026-08-31
6522,6522.T,アスタリスク,グロース（内国株式）,2026-08-31
6523,6523.T,ＰＨＣホールディングス,プライム（内国株式）,2026-08-31
6524,6524.T,湖北工業,スタンダード（内国株式）,2026-08-31
6525,6525.T,ＫＯＫＵＳＡＩ　ＥＬＥＣＴＲＩＣ,プライム（内国株式）,2026-08-31
6526,6526.T,ソシオネクスト,プライム（内国株式）,2026-08-31
6527,6527.T,ワカ製作所,PRO Market,2026-08-31
6532,6532.T,ベイカレント,プライム（内国株式）,2026-08-31
6533,6533.T,Ｏｒｃｈｅｓｔｒａ　Ｈｏｌｄｉｎｇｓ,プライム（内国株式）,2026-08-31
6535,6535.T,アイモバイル,プライム（内国株式）,2026-08-31
6537,6537.T,ＷＡＳＨハウス,グロース（内国株式）,2026-08-31
6538,6538.T,ディスラプターズ,スタンダード（内国株式）,2026-08-31
6539,6539.T,ＭＳ－Ｊａｐａｎ,プライム（内国株式）,2026-08-31
6540,6540.T,船場,スタンダード（内国株式）,2026-08-31
6543,6543.T,日宣,スタンダード（内国株式）,2026-08-31
6544,6544.T,ジャパンエレベーターサービスホールディングス,プライム（内国株式）,2026-08-31
6545,6545.T,インターネットインフィニティー,グロース（内国株式）,2026-08-31
6546,6546.T,フルテック,スタンダード（内国株式）,2026-08-31
6547,6547.T,グリーンズ,スタンダード（内国株式）,2026-08-31
6548,6548.T,旅工房,グロース（内国株式）,2026-08-31
6549,6549.T,ディーエムソリューションズ,スタンダード（内国株式）,2026-08-31
6551,6551.T,ツナググループ・ホールディングス,スタンダード（内国株式）,2026-08-31
6552,6552.T,ＧａｍｅＷｉｔｈ,スタンダード（内国株式）,2026-08-31
6554,6554.T,エスユーエス,グロース（内国株式）,2026-08-31
6555,6555.T,ＭＳ＆Ｃｏｎｓｕｌｔｉｎｇ,スタンダード（内国株式）,2026-08-31
6557,6557.T,ＡＩＡＩグループ,グロース（内国株式）,2026-08-31
6558,6558.T,クックビズ,グロース（内国株式）,2026-08-31
6560,6560.T,エル・ティー・エス,プライム（内国株式）,2026-08-31
6561,6561.T,ＨＡＮＡＴＯＵＲ　ＪＡＰＡＮ,グロース（内国株式）,2026-08-31
6562,6562.T,ジーニー,グロース（内国株式）,2026-08-31
6563,6563.T,みらいワークス,グロース（内国株式）,2026-08-31
6564,6564.T,ミダックホールディングス,プライム（内国株式）,2026-08-31
6566,6566.T,要興業,スタンダード（内国株式）,2026-08-31
6568,6568.T,神戸天然物化学,グロース（内国株式）,2026-08-31
6570,6570.T,共和コーポレーション,スタンダード（内国株式）,2026-08-31
6571,6571.T,キュービーネットホールディングス,プライム（内国株式）,2026-08-31
6572,6572.T,オープングループ,プライム（内国株式）,2026-08-31
6573,6573.T,ＣＲＡＶＩＡ,グロース（内国株式）,2026-08-31
6574,6574.T,コンヴァノ,グロース（内国株式）,2026-08-31
6576,6576.T,揚工舎,PRO Market,2026-08-31
6577,6577.T,ベストワンドットコム,グロース（内国株式）,2026-08-31
6578,6578.T,コレックホールディングス,スタンダード（内国株式）,2026-08-31
6579,6579.T,ログリー,グロース（内国株式）,2026-08-31
6580,6580.T,ライトアップ,グロース（内国株式）,2026-08-31
6584,6584.T,三櫻工業,プライム（内国株式）,2026-08-31
6586,6586.T,マキタ,プライム（内国株式）,2026-08-31
6588,6588.T,東芝テック,プライム（内国株式）,2026-08-31
6590,6590.T,芝浦メカトロニクス,プライム（内国株式）,2026-08-31
6592,6592.T,マブチモーター,プライム（内国株式）,2026-08-31
6594,6594.T,ニデック,プライム（内国株式）,2026-08-31
6596,6596.T,筑波精工,PRO Market,2026-08-31
6597,6597.T,ＨＰＣシステムズ,グロース（内国株式）,2026-08-31
6599,6599.T,エブレン,スタンダード（内国株式）,2026-08-31
6612,6612.T,バルミューダ,グロース（内国株式）,2026-08-31
6613,6613.T,ＱＤレーザ,グロース（内国株式）,2026-08-31
6614,6614.T,シキノハイテック,スタンダード（内国株式）,2026-08-31
6615,6615.T,ユー・エム・シー・エレクトロニクス,プライム（内国株式）,2026-08-31
6616,6616.T,トレックス・セミコンダクター,プライム（内国株式）,2026-08-31
6617,6617.T,東光高岳,プライム（内国株式）,2026-08-31
6619,6619.T,ダブル・スコープ,プライム（内国株式）,2026-08-31
6620,6620.T,宮越ホールディングス,プライム（内国株式）,2026-08-31
6622,6622.T,ダイヘン,プライム（内国株式）,2026-08-31
6625,6625.T,ＪＡＬＣＯホールディングス,スタンダード（内国株式）,2026-08-31
6626,6626.T,ＳＥＭＩＴＥＣ,スタンダード（内国株式）,2026-08-31
6627,6627.T,テラプローブ,スタンダード（内国株式）,2026-08-31
6629,6629.T,テクノホライゾン,スタンダード（内国株式）,2026-08-31
6630,6630.T,ヤーマン,プライム（内国株式）,2026-08-31
6632,6632.T,ＪＶＣケンウッド,プライム（内国株式）,2026-08-31
6633,6633.T,ＣＧＳホールディングス,スタンダード（内国株式）,2026-08-31
6634,6634.T,ＪＮグループ,スタンダード（内国株式）,2026-08-31
6635,6635.T,大日光・エンジニアリング,スタンダード（内国株式）,2026-08-31
6637,6637.T,寺崎電気産業,スタンダード（内国株式）,2026-08-31
6638,6638.T,ミマキエンジニアリング,プライム（内国株式）,2026-08-31
6643,6643.T,戸上電機製作所,スタンダード（内国株式）,2026-08-31
6644,6644.T,大崎電気工業,プライム（内国株式）,2026-08-31
6645,6645.T,オムロン,プライム（内国株式）,2026-08-31
6647,6647.T,森尾電機,スタンダード（内国株式）,2026-08-31
6648,6648.T,かわでん,スタンダード（内国株式）,2026-08-31
6651,6651.T,日東工業,プライム（内国株式）,2026-08-31
6652,6652.T,ＩＤＥＣ,プライム（内国株式）,2026-08-31
6653,6653.T,正興電機製作所,プライム（内国株式）,2026-08-31
6654,6654.T,不二電機工業,スタンダード（内国株式）,2026-08-31
6656,6656.T,インスペック,スタンダード（内国株式）,2026-08-31
6658,6658.T,シライ電子工業,スタンダード（内国株式）,2026-08-31
6659,6659.T,メディアリンクス,スタンダード（内国株式）,2026-08-31
6662,6662.T,ユビテック,スタンダード（内国株式）,2026-08-31
6663,6663.T,太洋テクノレックス,スタンダード（内国株式）,2026-08-31
6664,6664.T,オプトエレクトロニクス,スタンダード（内国株式）,2026-08-31
6666,6666.T,リバーエレテック,スタンダード（内国株式）,2026-08-31
6668,6668.T,アドテック　プラズマ　テクノロジー,スタンダード（内国株式）,2026-08-31
6674,6674.T,ジーエス・ユアサ　コーポレーション,プライム（内国株式）,2026-08-31
6675,6675.T,サクサ,スタンダード（内国株式）,2026-08-31
6676,6676.T,ＢＵＦＦＡＬＯ,スタンダード（内国株式）,2026-08-31
6677,6677.T,エスケーエレクトロニクス,スタンダード（内国株式）,2026-08-31
6678,6678.T,テクノメディカ,スタンダード（内国株式）,2026-08-31
6694,6694.T,ズーム,スタンダード（内国株式）,2026-08-31
6695,6695.T,キャストリコ,PRO Market,2026-08-31
6696,6696.T,トラース・オン・プロダクト,グロース（内国株式）,2026-08-31
6699,6699.T,ダイヤモンドエレクトリックホールディングス,スタンダード（内国株式）,2026-08-31
6701,6701.T,日本電気,プライム（内国株式）,2026-08-31
6702,6702.T,富士通,プライム（内国株式）,2026-08-31
6703,6703.T,沖電気工業,プライム（内国株式）,2026-08-31
6706,6706.T,電気興業,プライム（内国株式）,2026-08-31
6707,6707.T,サンケン電気,プライム（内国株式）,2026-08-31
6718,6718.T,アイホン,プライム（内国株式）,2026-08-31
6721,6721.T,ウインテスト,スタンダード（内国株式）,2026-08-31
6723,6723.T,ルネサスエレクトロニクス,プライム（内国株式）,2026-08-31
6724,6724.T,セイコーエプソン,プライム（内国株式）,2026-08-31
6727,6727.T,ワコム,プライム（内国株式）,2026-08-31
6728,6728.T,アルバック,プライム（内国株式）,2026-08-31
6730,6730.T,アクセル,スタンダード（内国株式）,2026-08-31
6731,6731.T,ピクセラ,スタンダード（内国株式）,2026-08-31
6736,6736.T,サン電子,スタンダード（内国株式）,2026-08-31
6737,6737.T,ＥＩＺＯ,プライム（内国株式）,2026-08-31
6740,6740.T,ジャパンディスプレイ,プライム（内国株式）,2026-08-31
6741,6741.T,日本信号,プライム（内国株式）,2026-08-31
6742,6742.T,京三製作所,プライム（内国株式）,2026-08-31
6743,6743.T,大同信号,スタンダード（内国株式）,2026-08-31
6744,6744.T,能美防災,プライム（内国株式）,2026-08-31
6745,6745.T,ホーチキ,プライム（内国株式）,2026-08-31
6748,6748.T,星和電機,スタンダード（内国株式）,2026-08-31
6750,6750.T,エレコム,プライム（内国株式）,2026-08-31
6752,6752.T,パナソニック　ホールディングス,プライム（内国株式）,2026-08-31
6753,6753.T,シャープ,プライム（内国株式）,2026-08-31
6754,6754.T,アンリツ,プライム（内国株式）,2026-08-31
6757,6757.T,ＯＳＧコーポレーション,スタンダード（内国株式）,2026-08-31
6758,6758.T,ソニーグループ,プライム（内国株式）,2026-08-31
6762,6762.T,ＴＤＫ,プライム（内国株式）,2026-08-31
6763,6763.T,帝国通信工業,プライム（内国株式）,2026-08-31
6768,6768.T,タムラ製作所,プライム（内国株式）,2026-08-31
6769,6769.T,ザインエレクトロニクス,スタンダード（内国株式）,2026-08-31
6770,6770.T,アルプスアルパイン,プライム（内国株式）,2026-08-31
6771,6771.T,池上通信機,スタンダード（内国株式）,2026-08-31
6772,6772.T,東京コスモス電機,スタンダード（内国株式）,2026-08-31
6775,6775.T,ＴＢグループ,スタンダード（内国株式）,2026-08-31
6776,6776.T,天昇電気工業,スタンダード（内国株式）,2026-08-31
6777,6777.T,ｓａｎｔｅｃ　Ｈｏｌｄｉｎｇｓ,スタンダード（内国株式）,2026-08-31
6778,6778.T,アルチザネットワークス,スタンダード（内国株式）,2026-08-31
6779,6779.T,日本電波工業,プライム（内国株式）,2026-08-31
6785,6785.T,鈴木,プライム（内国株式）,2026-08-31
6786,6786.T,ＲＶＨ,スタンダード（内国株式）,2026-08-31
6787,6787.T,メイコー,プライム（内国株式）,2026-08-31
6788,6788.T,日本トリム,プライム（内国株式）,2026-08-31
6794,6794.T,フォスター電機,プライム（内国株式）,2026-08-31
6797,6797.T,名古屋電機工業,スタンダード（内国株式）,2026-08-31
6798,6798.T,ＳＭＫ,プライム（内国株式）,2026-08-31
6800,6800.T,ヨコオ,プライム（内国株式）,2026-08-31
6803,6803.T,ティアック,スタンダード（内国株式）,2026-08-31
6804,6804.T,ホシデン,プライム（内国株式）,2026-08-31
6806,6806.T,ヒロセ電機,プライム（内国株式）,2026-08-31
6807,6807.T,日本航空電子工業,プライム（内国株式）,2026-08-31
6809,6809.T,ＴＯＡ,プライム（内国株式）,2026-08-31
6810,6810.T,マクセル,プライム（内国株式）,2026-08-31
6814,6814.T,古野電気,プライム（内国株式）,2026-08-31
6817,6817.T,スミダコーポレーション,プライム（内国株式）,2026-08-31
6819,6819.T,伊豆シャボテンリゾート,スタンダード（内国株式）,2026-08-31
6820,6820.T,アイコム,プライム（内国株式）,2026-08-31
6822,6822.T,大井電気,スタンダード（内国株式）,2026-08-31
6823,6823.T,リオン,プライム（内国株式）,2026-08-31
6824,6824.T,新コスモス電機,スタンダード（内国株式）,2026-08-31
6832,6832.T,アオイ電子,スタンダード（内国株式）,2026-08-31
6834,6834.T,精工技研,スタンダード（内国株式）,2026-08-31
6835,6835.T,アライドテレシスホールディングス,スタンダード（内国株式）,2026-08-31
6836,6836.T,ぷらっとホーム,スタンダード（内国株式）,2026-08-31
6837,6837.T,京写,スタンダード（内国株式）,2026-08-31
6838,6838.T,多摩川ホールディングス,スタンダード（内国株式）,2026-08-31
6840,6840.T,ＡＫＩＢＡホールディングス,スタンダード（内国株式）,2026-08-31
6841,6841.T,横河電機,プライム（内国株式）,2026-08-31
6844,6844.T,新電元工業,プライム（内国株式）,2026-08-31
6845,6845.T,アズビル,プライム（内国株式）,2026-08-31
6848,6848.T,東亜ディーケーケー,スタンダード（内国株式）,2026-08-31
6849,6849.T,日本光電工業,プライム（内国株式）,2026-08-31
6850,6850.T,チノー,プライム（内国株式）,2026-08-31
6853,6853.T,共和電業,スタンダード（内国株式）,2026-08-31
6855,6855.T,日本電子材料,スタンダード（内国株式）,2026-08-31
6856,6856.T,堀場製作所,プライム（内国株式）,2026-08-31
6857,6857.T,アドバンテスト,プライム（内国株式）,2026-08-31
6858,6858.T,小野測器,スタンダード（内国株式）,2026-08-31
6859,6859.T,エスペック,プライム（内国株式）,2026-08-31
6861,6861.T,キーエンス,プライム（内国株式）,2026-08-31
6862,6862.T,ミナトホールディングス,スタンダード（内国株式）,2026-08-31
6863,6863.T,ニレコ,スタンダード（内国株式）,2026-08-31
6864,6864.T,エヌエフホールディングス,スタンダード（内国株式）,2026-08-31
6866,6866.T,日置電機,プライム（内国株式）,2026-08-31
6867,6867.T,リーダー電子,スタンダード（内国株式）,2026-08-31
6869,6869.T,シスメックス,プライム（内国株式）,2026-08-31
6870,6870.T,日本フェンオール,スタンダード（内国株式）,2026-08-31
6871,6871.T,日本マイクロニクス,プライム（内国株式）,2026-08-31
6874,6874.T,協立電機,スタンダード（内国株式）,2026-08-31
6875,6875.T,メガチップス,プライム（内国株式）,2026-08-31
6877,6877.T,ＯＢＡＲＡ　ＧＲＯＵＰ,スタンダード（内国株式）,2026-08-31
6882,6882.T,三社電機製作所,スタンダード（内国株式）,2026-08-31
6888,6888.T,アクモス,スタンダード（内国株式）,2026-08-31
6890,6890.T,フェローテック,スタンダード（内国株式）,2026-08-31
6894,6894.T,パルステック工業,スタンダード（内国株式）,2026-08-31
6897,6897.T,ツインバード,スタンダード（内国株式）,2026-08-31
6898,6898.T,トミタ電機,スタンダード（内国株式）,2026-08-31
6899,6899.T,ＡＳＴＩ,スタンダード（内国株式）,2026-08-31
6902,6902.T,デンソー,プライム（内国株式）,2026-08-31
6904,6904.T,原田工業,スタンダード（内国株式）,2026-08-31
6905,6905.T,コーセル,プライム（内国株式）,2026-08-31
6907,6907.T,ジオマテック,スタンダード（内国株式）,2026-08-31
6908,6908.T,イリソ電子工業,プライム（内国株式）,2026-08-31
6912,6912.T,菊水ホールディングス,スタンダード（内国株式）,2026-08-31
6914,6914.T,オプテックスグループ,プライム（内国株式）,2026-08-31
6915,6915.T,千代田インテグレ,スタンダード（内国株式）,2026-08-31
6918,6918.T,アバールデータ,スタンダード（内国株式）,2026-08-31
6919,6919.T,ケル,スタンダード（内国株式）,2026-08-31
6920,6920.T,レーザーテック,プライム（内国株式）,2026-08-31
6923,6923.T,スタンレー電気,プライム（内国株式）,2026-08-31
6925,6925.T,ウシオ電機,プライム（内国株式）,2026-08-31
6926,6926.T,岡谷電機産業,スタンダード（内国株式）,2026-08-31
6927,6927.T,ヘリオス　テクノ　ホールディング,スタンダード（内国株式）,2026-08-31
6928,6928.T,エノモト,スタンダード（内国株式）,2026-08-31
6929,6929.T,日本セラミック,プライム（内国株式）,2026-08-31
6932,6932.T,遠藤照明,スタンダード（内国株式）,2026-08-31
6941,6941.T,山一電機,プライム（内国株式）,2026-08-31
6942,6942.T,ソフィアホールディングス,スタンダード（内国株式）,2026-08-31
6943,6943.T,ＮＫＫスイッチズ,スタンダード（内国株式）,2026-08-31
6946,6946.T,日本アビオニクス,スタンダード（内国株式）,2026-08-31
6947,6947.T,図研,プライム（内国株式）,2026-08-31
6951,6951.T,日本電子,プライム（内国株式）,2026-08-31
6952,6952.T,カシオ計算機,プライム（内国株式）,2026-08-31
6954,6954.T,ファナック,プライム（内国株式）,2026-08-31
6955,6955.T,ＦＤＫ,スタンダード（内国株式）,2026-08-31
6958,6958.T,日本シイエムケイ,プライム（内国株式）,2026-08-31
6960,6960.T,フクダ電子,スタンダード（内国株式）,2026-08-31
6961,6961.T,エンプラス,プライム（内国株式）,2026-08-31
6962,6962.T,大真空,プライム（内国株式）,2026-08-31
6963,6963.T,ローム,プライム（内国株式）,2026-08-31
6964,6964.T,サンコー,スタンダード（内国株式）,2026-08-31
6965,6965.T,浜松ホトニクス,プライム（内国株式）,2026-08-31
6966,6966.T,三井ハイテック,プライム（内国株式）,2026-08-31
6969,6969.T,松尾電機,スタンダード（内国株式）,2026-08-31
6971,6971.T,京セラ,プライム（内国株式）,2026-08-31
6976,6976.T,太陽誘電,プライム（内国株式）,2026-08-31
6977,6977.T,日本抵抗器製作所,スタンダード（内国株式）,2026-08-31
6981,6981.T,村田製作所,プライム（内国株式）,2026-08-31
6982,6982.T,リード,スタンダード（内国株式）,2026-08-31
6986,6986.T,双葉電子工業,プライム（内国株式）,2026-08-31
6988,6988.T,日東電工,プライム（内国株式）,2026-08-31
6989,6989.T,北陸電気工業,スタンダード（内国株式）,2026-08-31
6993,6993.T,大黒屋ホールディングス,スタンダード（内国株式）,2026-08-31
6994,6994.T,指月電機製作所,スタンダード（内国株式）,2026-08-31
6995,6995.T,東海理化電機製作所,プライム（内国株式）,2026-08-31
6996,6996.T,ニチコン,プライム（内国株式）,2026-08-31
6997,6997.T,日本ケミコン,プライム（内国株式）,2026-08-31
6998,6998.T,日本タングステン,スタンダード（内国株式）,2026-08-31
6999,6999.T,ＫＯＡ,プライム（内国株式）,2026-08-31
7003,7003.T,三井Ｅ＆Ｓ,プライム（内国株式）,2026-08-31
7004,7004.T,カナデビア,プライム（内国株式）,2026-08-31
7011,7011.T,三菱重工業,プライム（内国株式）,2026-08-31
7012,7012.T,川崎重工業,プライム（内国株式）,2026-08-31
7013,7013.T,ＩＨＩ,プライム（内国株式）,2026-08-31
7014,7014.T,名村造船所,スタンダード（内国株式）,2026-08-31
7018,7018.T,内海造船,スタンダード（内国株式）,2026-08-31
7021,7021.T,ニッチツ,スタンダード（内国株式）,2026-08-31
7022,7022.T,サノヤスホールディングス,スタンダード（内国株式）,2026-08-31
7030,7030.T,スプリックス,スタンダード（内国株式）,2026-08-31
7031,7031.T,インバウンドテック,グロース（内国株式）,2026-08-31
7033,7033.T,マネジメントソリューションズ,プライム（内国株式）,2026-08-31
7034,7034.T,プロレド・パートナーズ,プライム（内国株式）,2026-08-31
7035,7035.T,ａｎｄ　ｆａｃｔｏｒｙ,スタンダード（内国株式）,2026-08-31
7036,7036.T,イーエムネットジャパン,グロース（内国株式）,2026-08-31
7037,7037.T,テノ．ホールディングス,スタンダード（内国株式）,2026-08-31
7038,7038.T,フロンティア・マネジメント,プライム（内国株式）,2026-08-31
7039,7039.T,ブリッジインターナショナルグループ,グロース（内国株式）,2026-08-31
7040,7040.T,サン・ライフホールディング,スタンダード（内国株式）,2026-08-31
7041,7041.T,ＣＲＧホールディングス,グロース（内国株式）,2026-08-31
7042,7042.T,アクセスグループ・ホールディングス,スタンダード（内国株式）,2026-08-31
7043,7043.T,アルー,グロース（内国株式）,2026-08-31
7044,7044.T,ピアラ,スタンダード（内国株式）,2026-08-31
7046,7046.T,ＴＤＳＥ,グロース（内国株式）,2026-08-31
7047,7047.T,ポート,グロース（内国株式）,2026-08-31
7048,7048.T,ベルトラ,グロース（内国株式）,2026-08-31
7049,7049.T,識学,グロース（内国株式）,2026-08-31
7050,7050.T,フロンティアインターナショナル,グロース（内国株式）,2026-08-31
7057,7057.T,エヌ・シー・エヌ,スタンダード（内国株式）,2026-08-31
7058,7058.T,共栄セキュリティーサービス,スタンダード（内国株式）,2026-08-31
7059,7059.T,コプロ・ホールディングス,プライム（内国株式）,2026-08-31
7060,7060.T,ギークス,スタンダード（内国株式）,2026-08-31
7061,7061.T,日本ホスピスホールディングス,グロース（内国株式）,2026-08-31
7062,7062.T,フレアス,グロース（内国株式）,2026-08-31
7063,7063.T,Ｂｉｒｄｍａｎ,グロース（内国株式）,2026-08-31
7064,7064.T,ハウテレビジョン,スタンダード（内国株式）,2026-08-31
7065,7065.T,ユーピーアール,スタンダード（内国株式）,2026-08-31
7066,7066.T,ピアズ,グロース（内国株式）,2026-08-31
7067,7067.T,ブランディングテクノロジー,グロース（内国株式）,2026-08-31
7068,7068.T,フィードフォースグループ,グロース（内国株式）,2026-08-31
7069,7069.T,サイバー・バズ,グロース（内国株式）,2026-08-31
7071,7071.T,アンビスホールディングス,プライム（内国株式）,2026-08-31
7072,7072.T,インティメート・マージャー,グロース（内国株式）,2026-08-31
7073,7073.T,ジェイック,グロース（内国株式）,2026-08-31
7074,7074.T,トゥエンティーフォーセブンホールディングス,グロース（内国株式）,2026-08-31
7075,7075.T,ＱＬＳホールディングス,グロース（内国株式）,2026-08-31
7077,7077.T,ＡＬｉＮＫインターネット,グロース（内国株式）,2026-08-31
7078,7078.T,ＩＮＣＬＵＳＩＶＥ　Ｈｏｌｄｉｎｇｓ,グロース（内国株式）,2026-08-31
7079,7079.T,ＷＤＢココ,グロース（内国株式）,2026-08-31
7080,7080.T,スポーツフィールド,グロース（内国株式）,2026-08-31
7081,7081.T,コーユーレンティア,スタンダード（内国株式）,2026-08-31
7082,7082.T,ジモティー,グロース（内国株式）,2026-08-31
7083,7083.T,ＡＨＣグループ,グロース（内国株式）,2026-08-31
7084,7084.T,Ｓｍｉｌｅ　Ｈｏｌｄｉｎｇｓ,グロース（内国株式）,2026-08-31
7085,7085.T,カーブスホールディングス,プライム（内国株式）,2026-08-31
7087,7087.T,ウイルテック,スタンダード（内国株式）,2026-08-31
7089,7089.T,フォースタートアップス,グロース（内国株式）,2026-08-31
7090,7090.T,リグア,グロース（内国株式）,2026-08-31
7091,7091.T,リビングプラットフォーム,グロース（内国株式）,2026-08-31
7093,7093.T,アディッシュ,グロース（内国株式）,2026-08-31
7094,7094.T,ＮｅｘＴｏｎｅ,グロース（内国株式）,2026-08-31
7095,7095.T,Ｍａｃｂｅｅ　Ｐｌａｎｅｔ,プライム（内国株式）,2026-08-31
7096,7096.T,ステムセル研究所,グロース（内国株式）,2026-08-31
7097,7097.T,さくらさくプラス,グロース（内国株式）,2026-08-31
7098,7098.T,エージェント,PRO Market,2026-08-31
7102,7102.T,日本車輌製造,プライム（内国株式）,2026-08-31
7110,7110.T,クラシコム,グロース（内国株式）,2026-08-31
7111,7111.T,ＩＮＥＳＴ,スタンダード（内国株式）,2026-08-31
7112,7112.T,キューブ,グロース（内国株式）,2026-08-31
7114,7114.T,フーディソン,グロース（内国株式）,2026-08-31
7115,7115.T,アルファパーチェス,スタンダード（内国株式）,2026-08-31
7119,7119.T,ハルメクホールディングス,グロース（内国株式）,2026-08-31
7120,7120.T,ＳＨＩＮＫＯ,スタンダード（内国株式）,2026-08-31
7122,7122.T,近畿車輛,スタンダード（内国株式）,2026-08-31
7126,7126.T,グローバルスタイル,スタンダード（内国株式）,2026-08-31
7127,7127.T,一家ホールディングス,スタンダード（内国株式）,2026-08-31
7128,7128.T,ユニソルホールディングス,プライム（内国株式）,2026-08-31
7129,7129.T,ミアヘルサホールディングス,スタンダード（内国株式）,2026-08-31
7130,7130.T,ヤマエグループホールディングス,プライム（内国株式）,2026-08-31
7131,7131.T,のむら産業,スタンダード（内国株式）,2026-08-31
7132,7132.T,フローバル,PRO Market,2026-08-31
7133,7133.T,ＨＹＵＧＡ　ＰＲＩＭＡＲＹ　ＣＡＲＥ,グロース（内国株式）,2026-08-31
7134,7134.T,アップガレージグループ,スタンダード（内国株式）,2026-08-31
7135,7135.T,ジャパンクラフトホールディングス,スタンダード（内国株式）,2026-08-31
7137,7137.T,グラントマト,PRO Market,2026-08-31
7138,7138.T,ＴＯＲＩＣＯ,グロース（内国株式）,2026-08-31
7139,7139.T,東京高圧山崎,PRO Market,2026-08-31
7140,7140.T,ペットゴー,グロース（内国株式）,2026-08-31
7148,7148.T,ＦＰＧ,プライム（内国株式）,2026-08-31
7150,7150.T,島根銀行,スタンダード（内国株式）,2026-08-31
7157,7157.T,ライフネット生命保険,プライム（内国株式）,2026-08-31
7161,7161.T,じもとホールディングス,スタンダード（内国株式）,2026-08-31
7162,7162.T,アストマックス,スタンダード（内国株式）,2026-08-31
7164,7164.T,全国保証,プライム（内国株式）,2026-08-31
7167,7167.T,めぶきフィナンシャルグループ,プライム（内国株式）,2026-08-31
7170,7170.T,中央インターナショナルグループ,PRO Market,2026-08-31
7172,7172.T,ジャパンインベストメントアドバイザー,プライム（内国株式）,2026-08-31
7173,7173.T,東京きらぼしフィナンシャルグループ,プライム（内国株式）,2026-08-31
7175,7175.T,今村証券,スタンダード（内国株式）,2026-08-31
7176,7176.T,シンプレクス・ファイナンシャル・ホールディングス,PRO Market,2026-08-31
7177,7177.T,ＧＭＯフィナンシャルホールディングス,スタンダード（内国株式）,2026-08-31
7180,7180.T,九州フィナンシャルグループ,プライム（内国株式）,2026-08-31
7181,7181.T,かんぽ生命保険,プライム（内国株式）,2026-08-31
7182,7182.T,ゆうちょ銀行,プライム（内国株式）,2026-08-31
7183,7183.T,あんしん保証,スタンダード（内国株式）,2026-08-31
7184,7184.T,富山第一銀行,プライム（内国株式）,2026-08-31
7185,7185.T,ヒロセ通商,スタンダード（内国株式）,2026-08-31
7186,7186.T,横浜フィナンシャルグループ,プライム（内国株式）,2026-08-31
7187,7187.T,ジェイリース,プライム（内国株式）,2026-08-31
7189,7189.T,西日本フィナンシャルホールディングス,プライム（内国株式）,2026-08-31
7191,7191.T,イントラスト,スタンダード（内国株式）,2026-08-31
7192,7192.T,日本モーゲージサービス,スタンダード（内国株式）,2026-08-31
7196,7196.T,Ｃａｓａ,スタンダード（内国株式）,2026-08-31
7198,7198.T,ＳＢＩアルヒ,プライム（内国株式）,2026-08-31
7199,7199.T,プレミアグループ,プライム（内国株式）,2026-08-31
7201,7201.T,日産自動車,プライム（内国株式）,2026-08-31
7202,7202.T,いすゞ自動車,プライム（内国株式）,2026-08-31
7203,7203.T,トヨタ自動車,プライム（内国株式）,2026-08-31
7208,7208.T,カネミツ,スタンダード（内国株式）,2026-08-31
7211,7211.T,三菱自動車工業,プライム（内国株式）,2026-08-31
7212,7212.T,エフテック,スタンダード（内国株式）,2026-08-31
7213,7213.T,レシップホールディングス,スタンダード（内国株式）,2026-08-31
7214,7214.T,ＧＭＢ,スタンダード（内国株式）,2026-08-31
7215,7215.T,ファルテック,スタンダード（内国株式）,2026-08-31
7217,7217.T,テイン,スタンダード（内国株式）,2026-08-31
7218,7218.T,田中精密工業,スタンダード（内国株式）,2026-08-31
7219,7219.T,エッチ・ケー・エス,スタンダード（内国株式）,2026-08-31
7220,7220.T,武蔵精密工業,プライム（内国株式）,2026-08-31
7222,7222.T,日産車体,スタンダード（内国株式）,2026-08-31
7224,7224.T,新明和工業,プライム（内国株式）,2026-08-31
7226,7226.T,極東開発工業,プライム（内国株式）,2026-08-31
7228,7228.T,デイトナ,スタンダード（内国株式）,2026-08-31
7231,7231.T,トピー工業,プライム（内国株式）,2026-08-31
7235,7235.T,東京ラヂエーター製造,スタンダード（内国株式）,2026-08-31
7236,7236.T,ティラド,プライム（内国株式）,2026-08-31
7238,7238.T,曙ブレーキ工業,プライム（内国株式）,2026-08-31
7239,7239.T,タチエス,プライム（内国株式）,2026-08-31
7240,7240.T,ＮＯＫ,プライム（内国株式）,2026-08-31
7241,7241.T,フタバ産業,プライム（内国株式）,2026-08-31
7242,7242.T,カヤバ,プライム（内国株式）,2026-08-31
7244,7244.T,市光工業,プライム（内国株式）,2026-08-31
7245,7245.T,大同メタル工業,プライム（内国株式）,2026-08-31
7246,7246.T,プレス工業,プライム（内国株式）,2026-08-31
7247,7247.T,ミクニ,スタンダード（内国株式）,2026-08-31
7254,7254.T,ユニバンス,スタンダード（内国株式）,2026-08-31
7255,7255.T,桜井製作所,スタンダード（内国株式）,2026-08-31
7256,7256.T,河西工業,スタンダード（内国株式）,2026-08-31
7259,7259.T,アイシン,プライム（内国株式）,2026-08-31
7261,7261.T,マツダ,プライム（内国株式）,2026-08-31
7264,7264.T,ムロコーポレーション,スタンダード（内国株式）,2026-08-31
7265,7265.T,エイケン工業,スタンダード（内国株式）,2026-08-31
7266,7266.T,今仙電機製作所,スタンダード（内国株式）,2026-08-31
7267,7267.T,本田技研工業,プライム（内国株式）,2026-08-31
7269,7269.T,スズキ,プライム（内国株式）,2026-08-31
7270,7270.T,ＳＵＢＡＲＵ,プライム（内国株式）,2026-08-31
7271,7271.T,安永,スタンダード（内国株式）,2026-08-31
7272,7272.T,ヤマハ発動機,プライム（内国株式）,2026-08-31
7273,7273.T,イクヨ,スタンダード（内国株式）,2026-08-31
7276,7276.T,小糸製作所,プライム（内国株式）,2026-08-31
7277,7277.T,ＴＢＫ,スタンダード（内国株式）,2026-08-31
7278,7278.T,エクセディ,プライム（内国株式）,2026-08-31
7279,7279.T,ハイレックスコーポレーション,スタンダード（内国株式）,2026-08-31
7280,7280.T,ミツバ,プライム（内国株式）,2026-08-31
7282,7282.T,豊田合成,プライム（内国株式）,2026-08-31
7283,7283.T,愛三工業,プライム（内国株式）,2026-08-31
7284,7284.T,盟和産業,スタンダード（内国株式）,2026-08-31
7287,7287.T,日本精機,スタンダード（内国株式）,2026-08-31
7291,7291.T,日本プラスト,スタンダード（内国株式）,2026-08-31
7292,7292.T,村上開明堂,スタンダード（内国株式）,2026-08-31
7294,7294.T,ヨロズ,プライム（内国株式）,2026-08-31
7296,7296.T,エフ・シー・シー,プライム（内国株式）,2026-08-31
7297,7297.T,カーメイト,スタンダード（内国株式）,2026-08-31
7299,7299.T,フジオーゼックス,スタンダード（内国株式）,2026-08-31
7305,7305.T,新家工業,スタンダード（内国株式）,2026-08-31
7309,7309.T,シマノ,プライム（内国株式）,2026-08-31
7313,7313.T,テイ・エス　テック,プライム（内国株式）,2026-08-31
7314,7314.T,小田原機器,スタンダード（内国株式）,2026-08-31
7318,7318.T,セレンディップ・ホールディングス,グロース（内国株式）,2026-08-31
7320,7320.T,Ｓｏｌｖｖｙ,グロース（内国株式）,2026-08-31
7322,7322.T,三十三フィナンシャルグループ,プライム（内国株式）,2026-08-31
7325,7325.T,アイリックコーポレーション,グロース（内国株式）,2026-08-31
7326,7326.T,ＳＢＩインシュアランスグループ,グロース（内国株式）,2026-08-31
7327,7327.T,第四北越フィナンシャルグループ,プライム（内国株式）,2026-08-31
7337,7337.T,ひろぎんホールディングス,プライム（内国株式）,2026-08-31
7343,7343.T,ブロードマインド,グロース（内国株式）,2026-08-31
7345,7345.T,アイ・パートナーズフィナンシャル,グロース（内国株式）,2026-08-31
7347,7347.T,マーキュリアホールディングス,プライム（内国株式）,2026-08-31
7350,7350.T,おきなわフィナンシャルグループ,プライム（内国株式）,2026-08-31
7351,7351.T,グッドパッチ,グロース（内国株式）,2026-08-31
7352,7352.T,ＴＷＯＳＴＯＮＥ＆Ｓｏｎｓ,グロース（内国株式）,2026-08-31
7353,7353.T,ＫＩＹＯラーニング,グロース（内国株式）,2026-08-31
7354,7354.T,ダイレクトマーケティングミックス,スタンダード（内国株式）,2026-08-31
7355,7355.T,一寸房,PRO Market,2026-08-31
7356,7356.T,Ｒｅｔｔｙ,グロース（内国株式）,2026-08-31
7357,7357.T,ジオコード,スタンダード（内国株式）,2026-08-31
7358,7358.T,ポピンズ,スタンダード（内国株式）,2026-08-31
7359,7359.T,東京通信グループ,グロース（内国株式）,2026-08-31
7360,7360.T,オンデック,グロース（内国株式）,2026-08-31
7361,7361.T,ヒューマンクリエイションホールディングス,グロース（内国株式）,2026-08-31
7362,7362.T,Ｔ．Ｓ．Ｉ,グロース（内国株式）,2026-08-31
7363,7363.T,ベビーカレンダー,グロース（内国株式）,2026-08-31
7364,7364.T,琉球アスティーダスポーツクラブ,PRO Market,2026-08-31
7366,7366.T,ＬＩＴＡＬＩＣＯ,プライム（内国株式）,2026-08-31
7367,7367.T,セルム,スタンダード（内国株式）,2026-08-31
7368,7368.T,表示灯,スタンダード（内国株式）,2026-08-31
7369,7369.T,メイホーホールディングス,グロース（内国株式）,2026-08-31
7370,7370.T,Ｅｎｊｉｎ,グロース（内国株式）,2026-08-31
7371,7371.T,Ｚｅｎｋｅｎ,グロース（内国株式）,2026-08-31
7372,7372.T,デコルテ・ホールディングス,グロース（内国株式）,2026-08-31
7373,7373.T,アイドマ・ホールディングス,グロース（内国株式）,2026-08-31
7374,7374.T,コンフィデンス・インターワークス,グロース（内国株式）,2026-08-31
7375,7375.T,リファインバースグループ,グロース（内国株式）,2026-08-31
7376,7376.T,ＢＣＣ,グロース（内国株式）,2026-08-31
7377,7377.T,ＤＮホールディングス,スタンダード（内国株式）,2026-08-31
7378,7378.T,アシロ,グロース（内国株式）,2026-08-31
7380,7380.T,十六フィナンシャルグループ,プライム（内国株式）,2026-08-31
7381,7381.T,ＣＣＩグループ,プライム（内国株式）,2026-08-31
7383,7383.T,ネットプロテクションズホールディングス,プライム（内国株式）,2026-08-31
7384,7384.T,プロクレアホールディングス,プライム（内国株式）,2026-08-31
7388,7388.T,ＦＰパートナー,プライム（内国株式）,2026-08-31
7389,7389.T,あいちフィナンシャルグループ,プライム（内国株式）,2026-08-31
7399,7399.T,ナンシン,スタンダード（内国株式）,2026-08-31
7409,7409.T,ＡｅｒｏＥｄｇｅ,グロース（内国株式）,2026-08-31
7412,7412.T,アトム,スタンダード（内国株式）,2026-08-31
7413,7413.T,創健社,スタンダード（内国株式）,2026-08-31
7414,7414.T,小野建,プライム（内国株式）,2026-08-31
7416,7416.T,はるやまホールディングス,スタンダード（内国株式）,2026-08-31
7417,7417.T,南陽,スタンダード（内国株式）,2026-08-31
7419,7419.T,ノジマ,プライム（内国株式）,2026-08-31
7421,7421.T,カッパ・クリエイト,プライム（内国株式）,2026-08-31
7422,7422.T,東邦レマック,スタンダード（内国株式）,2026-08-31
7425,7425.T,初穂商事,スタンダード（内国株式）,2026-08-31
7426,7426.T,山大,スタンダード（内国株式）,2026-08-31
7427,7427.T,エコートレーディング,スタンダード（内国株式）,2026-08-31
7433,7433.T,伯東,プライム（内国株式）,2026-08-31
7434,7434.T,オータケ,スタンダード（内国株式）,2026-08-31
7435,7435.T,ナ・デックス,スタンダード（内国株式）,2026-08-31
7438,7438.T,コンドーテック,プライム（内国株式）,2026-08-31
7442,7442.T,中山福,スタンダード（内国株式）,2026-08-31
7443,7443.T,横浜魚類,スタンダード（内国株式）,2026-08-31
7444,7444.T,ハリマ共和物産,スタンダード（内国株式）,2026-08-31
7446,7446.T,東北化学薬品,スタンダード（内国株式）,2026-08-31
7447,7447.T,ナガイレーベン,プライム（内国株式）,2026-08-31
7453,7453.T,良品計画,プライム（内国株式）,2026-08-31
7456,7456.T,松田産業,プライム（内国株式）,2026-08-31
7458,7458.T,第一興商,プライム（内国株式）,2026-08-31
7459,7459.T,メディパルホールディングス,プライム（内国株式）,2026-08-31
7460,7460.T,ヤギ,スタンダード（内国株式）,2026-08-31
7461,7461.T,キムラ,スタンダード（内国株式）,2026-08-31
7462,7462.T,ＣＡＰＩＴＡ,スタンダード（内国株式）,2026-08-31
7463,7463.T,アドヴァングループ,スタンダード（内国株式）,2026-08-31
7464,7464.T,セフテック,スタンダード（内国株式）,2026-08-31
7466,7466.T,ＳＰＫ,プライム（内国株式）,2026-08-31
7472,7472.T,鳥羽洋行,スタンダード（内国株式）,2026-08-31
7475,7475.T,アルビス,プライム（内国株式）,2026-08-31
7476,7476.T,アズワン,プライム（内国株式）,2026-08-31
7477,7477.T,ムラキ,スタンダード（内国株式）,2026-08-31
7480,7480.T,スズデン,スタンダード（内国株式）,2026-08-31
7481,7481.T,尾家産業,スタンダード（内国株式）,2026-08-31
7482,7482.T,シモジマ,プライム（内国株式）,2026-08-31
7483,7483.T,ドウシシャ,プライム（内国株式）,2026-08-31
7486,7486.T,サンリン,スタンダード（内国株式）,2026-08-31
7487,7487.T,小津産業,スタンダード（内国株式）,2026-08-31
7490,7490.T,日新商事,スタンダード（内国株式）,2026-08-31
7494,7494.T,コナカ,スタンダード（内国株式）,2026-08-31
7500,7500.T,西川計測,スタンダード（内国株式）,2026-08-31
7501,7501.T,ティムコ,スタンダード（内国株式）,2026-08-31
7502,7502.T,プラザホールディングス,スタンダード（内国株式）,2026-08-31
7504,7504.T,高速,プライム（内国株式）,2026-08-31
7505,7505.T,扶桑電通,スタンダード（内国株式）,2026-08-31
7506,7506.T,ハウス　オブ　ローゼ,スタンダード（内国株式）,2026-08-31
7508,7508.T,Ｇ‐７ホールディングス,プライム（内国株式）,2026-08-31
7509,7509.T,アイエーグループ,スタンダード（内国株式）,2026-08-31
7510,7510.T,たけびし,プライム（内国株式）,2026-08-31
7512,7512.T,イオン北海道,スタンダード（内国株式）,2026-08-31
7513,7513.T,コジマ,プライム（内国株式）,2026-08-31
7514,7514.T,ヒマラヤ,スタンダード（内国株式）,2026-08-31
7515,7515.T,マルヨシセンター,スタンダード（内国株式）,2026-08-31
7516,7516.T,コーナン商事,プライム（内国株式）,2026-08-31
7520,7520.T,エコス,プライム（内国株式）,2026-08-31
7521,7521.T,ムサシ,スタンダード（内国株式）,2026-08-31
7522,7522.T,ワタミ,プライム（内国株式）,2026-08-31
7523,7523.T,アールビバン,スタンダード（内国株式）,2026-08-31
7524,7524.T,マルシェ,スタンダード（内国株式）,2026-08-31
7525,7525.T,リックス,プライム（内国株式）,2026-08-31
7527,7527.T,システムソフト,スタンダード（内国株式）,2026-08-31
7531,7531.T,清和中央ホールディングス,スタンダード（内国株式）,2026-08-31
7532,7532.T,パン・パシフィック・インターナショナルホールディングス,プライム（内国株式）,2026-08-31
7537,7537.T,丸文,プライム（内国株式）,2026-08-31
7538,7538.T,大水,スタンダード（内国株式）,2026-08-31
7539,7539.T,アイナボホールディングス,スタンダード（内国株式）,2026-08-31
7544,7544.T,スリーエフ,スタンダード（内国株式）,2026-08-31
7545,7545.T,西松屋チェーン,プライム（内国株式）,2026-08-31
7550,7550.T,ゼンショーホールディングス,プライム（内国株式）,2026-08-31
75505,75505.T,ゼンショーホールディングス第１回社債型種類株式,プライム（内国株式）,2026-08-31
7551,7551.T,ウェッズ,スタンダード（内国株式）,2026-08-31
7552,7552.T,ハピネット,プライム（内国株式）,2026-08-31
7554,7554.T,幸楽苑,プライム（内国株式）,2026-08-31
7555,7555.T,大田花き,スタンダード（内国株式）,2026-08-31
7561,7561.T,ハークスレイホールディングス,スタンダード（内国株式）,2026-08-31
7562,7562.T,安楽亭,スタンダード（内国株式）,2026-08-31
7564,7564.T,ワークマン,スタンダード（内国株式）,2026-08-31
7565,7565.T,萬世電機,スタンダード（内国株式）,2026-08-31
7567,7567.T,栄電子,スタンダード（内国株式）,2026-08-31
7570,7570.T,橋本総業ホールディングス,スタンダード（内国株式）,2026-08-31
7571,7571.T,ヤマノホールディングス,スタンダード（内国株式）,2026-08-31
7575,7575.T,日本ライフライン,プライム（内国株式）,2026-08-31
7578,7578.T,ニチリョク,スタンダード（内国株式）,2026-08-31
7581,7581.T,サイゼリヤ,プライム（内国株式）,2026-08-31
7585,7585.T,かんなん丸,スタンダード（内国株式）,2026-08-31
7590,7590.T,タカショー,スタンダード（内国株式）,2026-08-31
7593,7593.T,ＶＴホールディングス,プライム（内国株式）,2026-08-31
7595,7595.T,アルゴグラフィックス,プライム（内国株式）,2026-08-31
7596,7596.T,魚力,プライム（内国株式）,2026-08-31
7599,7599.T,ＩＤＯＭ,プライム（内国株式）,2026-08-31
7600,7600.T,日本エム・ディ・エム,プライム（内国株式）,2026-08-31
7601,7601.T,ポプラ,スタンダード（内国株式）,2026-08-31
7602,7602.T,レダックス,スタンダード（内国株式）,2026-08-31
7603,7603.T,ジーイエット,スタンダード（内国株式）,2026-08-31
7604,7604.T,梅の花グループ,スタンダード（内国株式）,2026-08-31
7606,7606.T,ユナイテッドアローズ,プライム（内国株式）,2026-08-31
7607,7607.T,進和,プライム（内国株式）,2026-08-31
7608,7608.T,エスケイジャパン,スタンダード（内国株式）,2026-08-31
7609,7609.T,ダイトロン,プライム（内国株式）,2026-08-31
7610,7610.T,テイツー,スタンダード（内国株式）,2026-08-31
7611,7611.T,ハイデイ日高,プライム（内国株式）,2026-08-31
7613,7613.T,シークス,プライム（内国株式）,2026-08-31
7614,7614.T,オーエムツーネットワーク,スタンダード（内国株式）,2026-08-31
7615,7615.T,京都きもの友禅ホールディングス,スタンダード（内国株式）,2026-08-31
7616,7616.T,コロワイド,プライム（内国株式）,2026-08-31
7619,7619.T,田中商事,スタンダード（内国株式）,2026-08-31
7621,7621.T,うかい,スタンダード（内国株式）,2026-08-31
7624,7624.T,ＮａＩＴＯ,スタンダード（内国株式）,2026-08-31
7625,7625.T,グローバルダイニング,スタンダード（内国株式）,2026-08-31
7628,7628.T,オーハシテクニカ,プライム（内国株式）,2026-08-31
7630,7630.T,壱番屋,プライム（内国株式）,2026-08-31
7634,7634.T,星医療酸器,スタンダード（内国株式）,2026-08-31
7636,7636.T,ハンズマン,スタンダード（内国株式）,2026-08-31
7637,7637.T,白銅,プライム（内国株式）,2026-08-31
7638,7638.T,ＮＥＷ　ＡＲＴ　ＨＯＬＤＩＮＧＳ,スタンダード（内国株式）,2026-08-31
7640,7640.T,トップカルチャー,スタンダード（内国株式）,2026-08-31
7643,7643.T,ダイイチ,スタンダード（内国株式）,2026-08-31
7646,7646.T,ＰＬＡＮＴ,スタンダード（内国株式）,2026-08-31
7649,7649.T,スギホールディングス,プライム（内国株式）,2026-08-31
7670,7670.T,オーウエル,スタンダード（内国株式）,2026-08-31
7673,7673.T,ダイコー通産,スタンダード（内国株式）,2026-08-31
7674,7674.T,ＮＡＴＴＹ　ＳＷＡＮＫＹホールディングス,グロース（内国株式）,2026-08-31
7677,7677.T,ヤシマキザイ,スタンダード（内国株式）,2026-08-31
7678,7678.T,あさくま,スタンダード（内国株式）,2026-08-31
7679,7679.T,薬王堂ホールディングス,プライム（内国株式）,2026-08-31
7680,7680.T,軽自動車館,PRO Market,2026-08-31
7681,7681.T,レオクラン,スタンダード（内国株式）,2026-08-31
7682,7682.T,浜木綿,スタンダード（内国株式）,2026-08-31
7683,7683.T,ダブルエー,プライム（内国株式）,2026-08-31
7685,7685.T,ＢｕｙＳｅｌｌ　Ｔｅｃｈｎｏｌｏｇｉｅｓ,グロース（内国株式）,2026-08-31
7686,7686.T,ひとまいる,スタンダード（内国株式）,2026-08-31
7687,7687.T,ミクリード,グロース（内国株式）,2026-08-31
7689,7689.T,コパ・コーポレーション,グロース（内国株式）,2026-08-31
7690,7690.T,カレント自動車,PRO Market,2026-08-31
7691,7691.T,Ｃ　Ｃｈａｎｎｅｌ,PRO Market,2026-08-31
7692,7692.T,アースインフィニティ,スタンダード（内国株式）,2026-08-31
7693,7693.T,北海道歯科産業,PRO Market,2026-08-31
7694,7694.T,いつも,グロース（内国株式）,2026-08-31
7695,7695.T,交換できるくん,グロース（内国株式）,2026-08-31
7698,7698.T,アイスコ,スタンダード（内国株式）,2026-08-31
7699,7699.T,オムニ・プラス・システム・リミテッド　ＪＤＲ,グロース（外国株式）,2026-08-31
7701,7701.T,島津製作所,プライム（内国株式）,2026-08-31
7702,7702.T,ＪＭＳ,スタンダード（内国株式）,2026-08-31
7707,7707.T,プレシジョン・システム・サイエンス,グロース（内国株式）,2026-08-31
7709,7709.T,クボテック,スタンダード（内国株式）,2026-08-31
7711,7711.T,助川電気工業,スタンダード（内国株式）,2026-08-31
7713,7713.T,シグマ光機,スタンダード（内国株式）,2026-08-31
7715,7715.T,長野計器,プライム（内国株式）,2026-08-31
7716,7716.T,ナカニシ,スタンダード（内国株式）,2026-08-31
7717,7717.T,ブイ・テクノロジー,プライム（内国株式）,2026-08-31
7719,7719.T,東京衡機,スタンダード（内国株式）,2026-08-31
7721,7721.T,東京計器,プライム（内国株式）,2026-08-31
7722,7722.T,国際計測器,スタンダード（内国株式）,2026-08-31
7723,7723.T,愛知時計電機,プライム（内国株式）,2026-08-31
7725,7725.T,インターアクション,プライム（内国株式）,2026-08-31
7726,7726.T,黒田精工,スタンダード（内国株式）,2026-08-31
7727,7727.T,オーバル,スタンダード（内国株式）,2026-08-31
7729,7729.T,東京精密,プライム（内国株式）,2026-08-31
7730,7730.T,マニー,プライム（内国株式）,2026-08-31
7731,7731.T,ニコン,プライム（内国株式）,2026-08-31
7733,7733.T,オリンパス,プライム（内国株式）,2026-08-31
7734,7734.T,理研計器,プライム（内国株式）,2026-08-31
7735,7735.T,ＳＣＲＥＥＮホールディングス,プライム（内国株式）,2026-08-31
7740,7740.T,タムロン,プライム（内国株式）,2026-08-31
7741,7741.T,ＨＯＹＡ,プライム（内国株式）,2026-08-31
7743,7743.T,シード,スタンダード（内国株式）,2026-08-31
7744,7744.T,ノーリツ鋼機,プライム（内国株式）,2026-08-31
7745,7745.T,Ａ＆Ｄホロンホールディングス,プライム（内国株式）,2026-08-31
7746,7746.T,岡本硝子,スタンダード（内国株式）,2026-08-31
7747,7747.T,朝日インテック,プライム（内国株式）,2026-08-31
7749,7749.T,メディキット,スタンダード（内国株式）,2026-08-31
7751,7751.T,キヤノン,プライム（内国株式）,2026-08-31
7752,7752.T,リコー,プライム（内国株式）,2026-08-31
7760,7760.T,ＩＭＶ,スタンダード（内国株式）,2026-08-31
7762,7762.T,シチズン時計,プライム（内国株式）,2026-08-31
7769,7769.T,リズム,プライム（内国株式）,2026-08-31
7771,7771.T,日本精密,スタンダード（内国株式）,2026-08-31
7774,7774.T,ジャパン・ティッシュエンジニアリング,グロース（内国株式）,2026-08-31
7775,7775.T,大研医器,スタンダード（内国株式）,2026-08-31
7776,7776.T,セルシード,グロース（内国株式）,2026-08-31
7777,7777.T,スリー・ディー・マトリックス,グロース（内国株式）,2026-08-31
7779,7779.T,ＣＹＢＥＲＤＹＮＥ,グロース（内国株式）,2026-08-31
7780,7780.T,メニコン,プライム（内国株式）,2026-08-31
7781,7781.T,平山ホールディングス,スタンダード（内国株式）,2026-08-31
7782,7782.T,シンシア,スタンダード（内国株式）,2026-08-31
7791,7791.T,ドリームベッド,スタンダード（内国株式）,2026-08-31
7792,7792.T,コラントッテ,グロース（内国株式）,2026-08-31
7793,7793.T,イメージ・マジック,グロース（内国株式）,2026-08-31
7794,7794.T,イーディーピー,グロース（内国株式）,2026-08-31
7795,7795.T,ＫＹＯＲＩＴＳＵ,スタンダード（内国株式）,2026-08-31
7800,7800.T,アミファ,スタンダード（内国株式）,2026-08-31
7803,7803.T,ブシロード,グロース（内国株式）,2026-08-31
7804,7804.T,ビーアンドピー,スタンダード（内国株式）,2026-08-31
7805,7805.T,プリントネット,スタンダード（内国株式）,2026-08-31
7806,7806.T,ＭＴＧ,グロース（内国株式）,2026-08-31
7807,7807.T,幸和製作所,スタンダード（内国株式）,2026-08-31
7808,7808.T,シー・エス・ランバー,スタンダード（内国株式）,2026-08-31
7809,7809.T,壽屋,スタンダード（内国株式）,2026-08-31
7810,7810.T,クロスフォー,スタンダード（内国株式）,2026-08-31
7811,7811.T,中本パックス,スタンダード（内国株式）,2026-08-31
7812,7812.T,クレステック,スタンダード（内国株式）,2026-08-31
7813,7813.T,プラッツ,スタンダード（内国株式）,2026-08-31
7814,7814.T,日本創発グループ,スタンダード（内国株式）,2026-08-31
7815,7815.T,東京ボード工業,スタンダード（内国株式）,2026-08-31
7818,7818.T,トランザクション,プライム（内国株式）,2026-08-31
7819,7819.T,粧美堂,スタンダード（内国株式）,2026-08-31
7820,7820.T,ニホンフラッシュ,プライム（内国株式）,2026-08-31
7821,7821.T,前田工繊,プライム（内国株式）,2026-08-31
7822,7822.T,永大産業,スタンダード（内国株式）,2026-08-31
7823,7823.T,アートネイチャー,スタンダード（内国株式）,2026-08-31
7826,7826.T,フルヤ金属,プライム（内国株式）,2026-08-31
7827,7827.T,オービス,スタンダード（内国株式）,2026-08-31
7831,7831.T,ウイルコホールディングス,スタンダード（内国株式）,2026-08-31
7832,7832.T,バンダイナムコホールディングス,プライム（内国株式）,2026-08-31
7833,7833.T,アイフィスジャパン,スタンダード（内国株式）,2026-08-31
7836,7836.T,アビックス,スタンダード（内国株式）,2026-08-31
7837,7837.T,アールシーコア,スタンダード（内国株式）,2026-08-31
7839,7839.T,ＳＨＯＥＩ,プライム（内国株式）,2026-08-31
7840,7840.T,フランスベッドホールディングス,プライム（内国株式）,2026-08-31
7841,7841.T,遠藤製作所,スタンダード（内国株式）,2026-08-31
7844,7844.T,マーベラス,プライム（内国株式）,2026-08-31
7846,7846.T,パイロットコーポレーション,プライム（内国株式）,2026-08-31
7847,7847.T,グラファイトデザイン,スタンダード（内国株式）,2026-08-31
7849,7849.T,スターツ出版,スタンダード（内国株式）,2026-08-31
7850,7850.T,総合商研,スタンダード（内国株式）,2026-08-31
7851,7851.T,カワセコンピュータサプライ,スタンダード（内国株式）,2026-08-31
7856,7856.T,萩原工業,プライム（内国株式）,2026-08-31
7857,7857.T,セキ,スタンダード（内国株式）,2026-08-31
7859,7859.T,アルメディオ,スタンダード（内国株式）,2026-08-31
7860,7860.T,エイベックス,プライム（内国株式）,2026-08-31
7863,7863.T,平賀,スタンダード（内国株式）,2026-08-31
7864,7864.T,フジシールインターナショナル,プライム（内国株式）,2026-08-31
7865,7865.T,ピープル,スタンダード（内国株式）,2026-08-31
7867,7867.T,タカラトミー,プライム（内国株式）,2026-08-31
7868,7868.T,広済堂ホールディングス,プライム（内国株式）,2026-08-31
7871,7871.T,フクビ化学工業,スタンダード（内国株式）,2026-08-31
7872,7872.T,エステールホールディングス,スタンダード（内国株式）,2026-08-31
7874,7874.T,レック,プライム（内国株式）,2026-08-31
7875,7875.T,竹田ｉＰホールディングス,スタンダード（内国株式）,2026-08-31
7877,7877.T,永大化工,スタンダード（内国株式）,2026-08-31
7878,7878.T,光・彩,スタンダード（内国株式）,2026-08-31
7879,7879.T,ノダ,スタンダード（内国株式）,2026-08-31
7883,7883.T,サンメッセ,スタンダード（内国株式）,2026-08-31
7885,7885.T,タカノ,スタンダード（内国株式）,2026-08-31
7886,7886.T,ヤマト　モビリティ　＆　Ｍｆｇ．,スタンダード（内国株式）,2026-08-31
7887,7887.T,南海プライウッド,スタンダード（内国株式）,2026-08-31
7888,7888.T,三光合成,プライム（内国株式）,2026-08-31
7893,7893.T,プロネクサス,プライム（内国株式）,2026-08-31
7896,7896.T,セブン工業,スタンダード（内国株式）,2026-08-31
7897,7897.T,ホクシン,スタンダード（内国株式）,2026-08-31
7898,7898.T,ウッドワン,スタンダード（内国株式）,2026-08-31
7901,7901.T,マツモト,スタンダード（内国株式）,2026-08-31
7902,7902.T,ソノコム,スタンダード（内国株式）,2026-08-31
7906,7906.T,ヨネックス,スタンダード（内国株式）,2026-08-31
7908,7908.T,きもと,スタンダード（内国株式）,2026-08-31
7911,7911.T,ＴＯＰＰＡＮホールディングス,プライム（内国株式）,2026-08-31
7912,7912.T,大日本印刷,プライム（内国株式）,2026-08-31
7914,7914.T,共同印刷,プライム（内国株式）,2026-08-31
7915,7915.T,ＮＩＳＳＨＡ,プライム（内国株式）,2026-08-31
7916,7916.T,光村印刷,スタンダード（内国株式）,2026-08-31
7917,7917.T,ＺＡＣＲＯＳ,プライム（内国株式）,2026-08-31
7918,7918.T,ヴィア・ホールディングス,スタンダード（内国株式）,2026-08-31
7919,7919.T,野崎印刷紙業,スタンダード（内国株式）,2026-08-31
7921,7921.T,ＴＡＫＡＲＡ　＆　ＣＯＭＰＡＮＹ,プライム（内国株式）,2026-08-31
7927,7927.T,ムトー精工,スタンダード（内国株式）,2026-08-31
7928,7928.T,旭化学工業,スタンダード（内国株式）,2026-08-31
7931,7931.T,未来工業,プライム（内国株式）,2026-08-31
7932,7932.T,ニッピ,スタンダード（内国株式）,2026-08-31
7936,7936.T,アシックス,プライム（内国株式）,2026-08-31
7937,7937.T,ツツミ,スタンダード（内国株式）,2026-08-31
7938,7938.T,リーガルコーポレーション,スタンダード（内国株式）,2026-08-31
7939,7939.T,研創,スタンダード（内国株式）,2026-08-31
7942,7942.T,ＪＳＰ,プライム（内国株式）,2026-08-31
7943,7943.T,ニチハ,プライム（内国株式）,2026-08-31
7944,7944.T,ローランド,プライム（内国株式）,2026-08-31
7946,7946.T,光陽社,スタンダード（内国株式）,2026-08-31
7947,7947.T,エフピコ,プライム（内国株式）,2026-08-31
7949,7949.T,小松ウオール工業,プライム（内国株式）,2026-08-31
7951,7951.T,ヤマハ,プライム（内国株式）,2026-08-31
7952,7952.T,河合楽器製作所,プライム（内国株式）,2026-08-31
7953,7953.T,菊水化学工業,スタンダード（内国株式）,2026-08-31
7955,7955.T,クリナップ,プライム（内国株式）,2026-08-31
7956,7956.T,ピジョン,プライム（内国株式）,2026-08-31
7957,7957.T,フジコピアン,スタンダード（内国株式）,2026-08-31
7962,7962.T,キングジム,プライム（内国株式）,2026-08-31
7963,7963.T,興研,スタンダード（内国株式）,2026-08-31
7965,7965.T,象印マホービン,プライム（内国株式）,2026-08-31
7966,7966.T,リンテック,プライム（内国株式）,2026-08-31
7970,7970.T,信越ポリマー,プライム（内国株式）,2026-08-31
7971,7971.T,東リ,スタンダード（内国株式）,2026-08-31
7972,7972.T,イトーキ,プライム（内国株式）,2026-08-31
7974,7974.T,任天堂,プライム（内国株式）,2026-08-31
7975,7975.T,リヒトラブ,スタンダード（内国株式）,2026-08-31
7976,7976.T,三菱鉛筆,プライム（内国株式）,2026-08-31
7979,7979.T,松風,プライム（内国株式）,2026-08-31
7980,7980.T,重松製作所,スタンダード（内国株式）,2026-08-31
7981,7981.T,タカラスタンダード,プライム（内国株式）,2026-08-31
7983,7983.T,ミロク,スタンダード（内国株式）,2026-08-31
7984,7984.T,コクヨ,プライム（内国株式）,2026-08-31
7985,7985.T,ネポン,スタンダード（内国株式）,2026-08-31
7986,7986.T,日本アイ・エス・ケイ,スタンダード（内国株式）,2026-08-31
7987,7987.T,ナカバヤシ,スタンダード（内国株式）,2026-08-31
7988,7988.T,ニフコ,プライム（内国株式）,2026-08-31
7989,7989.T,立川ブラインド工業,プライム（内国株式）,2026-08-31
7990,7990.T,グローブライド,プライム（内国株式）,2026-08-31
7991,7991.T,マミヤ・オーピー,スタンダード（内国株式）,2026-08-31
7992,7992.T,セーラー万年筆,スタンダード（内国株式）,2026-08-31
7994,7994.T,オカムラ,プライム（内国株式）,2026-08-31
7995,7995.T,バルカー,プライム（内国株式）,2026-08-31
7997,7997.T,くろがね工作所,スタンダード（内国株式）,2026-08-31
8001,8001.T,伊藤忠商事,プライム（内国株式）,2026-08-31
8002,8002.T,丸紅,プライム（内国株式）,2026-08-31
8005,8005.T,スクロール,プライム（内国株式）,2026-08-31
8006,8006.T,ユアサ・フナショク,スタンダード（内国株式）,2026-08-31
8007,8007.T,高島,プライム（内国株式）,2026-08-31
8008,8008.T,ヨンドシーホールディングス,プライム（内国株式）,2026-08-31
8011,8011.T,三陽商会,プライム（内国株式）,2026-08-31
8012,8012.T,長瀬産業,プライム（内国株式）,2026-08-31
8013,8013.T,ナイガイ,スタンダード（内国株式）,2026-08-31
8014,8014.T,蝶理,プライム（内国株式）,2026-08-31
8015,8015.T,豊田通商,プライム（内国株式）,2026-08-31
8016,8016.T,オンワードホールディングス,プライム（内国株式）,2026-08-31
8018,8018.T,三共生興,スタンダード（内国株式）,2026-08-31
8020,8020.T,兼松,プライム（内国株式）,2026-08-31
8022,8022.T,美津濃,プライム（内国株式）,2026-08-31
8023,8023.T,ＤＡＩＫＯ　ＸＴＥＣＨ,スタンダード（内国株式）,2026-08-31
8025,8025.T,ツカモトコーポレーション,スタンダード（内国株式）,2026-08-31
8029,8029.T,ルックホールディングス,スタンダード（内国株式）,2026-08-31
8030,8030.T,中央魚類,スタンダード（内国株式）,2026-08-31
8031,8031.T,三井物産,プライム（内国株式）,2026-08-31
8032,8032.T,日本紙パルプ商事,プライム（内国株式）,2026-08-31
8035,8035.T,東京エレクトロン,プライム（内国株式）,2026-08-31
8037,8037.T,カメイ,プライム（内国株式）,2026-08-31
8039,8039.T,築地魚市場,スタンダード（内国株式）,2026-08-31
8040,8040.T,東京ソワール,スタンダード（内国株式）,2026-08-31
8041,8041.T,ＯＵＧホールディングス,スタンダード（内国株式）,2026-08-31
8043,8043.T,スターゼン,プライム（内国株式）,2026-08-31
8045,8045.T,横浜丸魚,スタンダード（内国株式）,2026-08-31
8046,8046.T,丸藤シートパイル,スタンダード（内国株式）,2026-08-31
8050,8050.T,セイコーグループ,プライム（内国株式）,2026-08-31
8051,8051.T,山善,プライム（内国株式）,2026-08-31
8052,8052.T,椿本興業,プライム（内国株式）,2026-08-31
8053,8053.T,住友商事,プライム（内国株式）,2026-08-31
8056,8056.T,ＢＩＰＲＯＧＹ,プライム（内国株式）,2026-08-31
8057,8057.T,内田洋行,プライム（内国株式）,2026-08-31
8058,8058.T,三菱商事,プライム（内国株式）,2026-08-31
8059,8059.T,第一実業,プライム（内国株式）,2026-08-31
8060,8060.T,キヤノンマーケティングジャパン,プライム（内国株式）,2026-08-31
8061,8061.T,西華産業,プライム（内国株式）,2026-08-31
8065,8065.T,佐藤商事,プライム（内国株式）,2026-08-31
8066,8066.T,三谷商事,スタンダード（内国株式）,2026-08-31
8070,8070.T,東京産業,プライム（内国株式）,2026-08-31
8074,8074.T,ＹＵＡＳＡ,プライム（内国株式）,2026-08-31
8075,8075.T,神鋼商事,プライム（内国株式）,2026-08-31
8076,8076.T,カノークス,スタンダード（内国株式）,2026-08-31
8077,8077.T,トルク,スタンダード（内国株式）,2026-08-31
8078,8078.T,阪和興業,プライム（内国株式）,2026-08-31
8079,8079.T,正栄食品工業,プライム（内国株式）,2026-08-31
8081,8081.T,カナデン,プライム（内国株式）,2026-08-31
8084,8084.T,ＲＹＯＤＥＮ,プライム（内国株式）,2026-08-31
8085,8085.T,ナラサキ産業,スタンダード（内国株式）,2026-08-31
8086,8086.T,ニプロ,プライム（内国株式）,2026-08-31
8088,8088.T,岩谷産業,プライム（内国株式）,2026-08-31
8089,8089.T,ナイス,スタンダード（内国株式）,2026-08-31
8091,8091.T,ニチモウ,プライム（内国株式）,2026-08-31
8093,8093.T,極東貿易,プライム（内国株式）,2026-08-31
8095,8095.T,アステナホールディングス,プライム（内国株式）,2026-08-31
8097,8097.T,三愛オブリ,プライム（内国株式）,2026-08-31
8098,8098.T,稲畑産業,プライム（内国株式）,2026-08-31
8101,8101.T,ＧＳＩクレオス,プライム（内国株式）,2026-08-31
8103,8103.T,明和産業,プライム（内国株式）,2026-08-31
8104,8104.T,クワザワホールディングス,スタンダード（内国株式）,2026-08-31
8105,8105.T,Ｂｉｔｃｏｉｎ　Ｊａｐａｎ,スタンダード（内国株式）,2026-08-31
8107,8107.T,キムラタン,スタンダード（内国株式）,2026-08-31
8111,8111.T,ゴールドウイン,プライム（内国株式）,2026-08-31
8113,8113.T,ユニ・チャーム,プライム（内国株式）,2026-08-31
8115,8115.T,ムーンバット,スタンダード（内国株式）,2026-08-31
8117,8117.T,中央自動車工業,スタンダード（内国株式）,2026-08-31
8118,8118.T,キング,スタンダード（内国株式）,2026-08-31
8119,8119.T,三栄コーポレーション,スタンダード（内国株式）,2026-08-31
8123,8123.T,川辺,スタンダード（内国株式）,2026-08-31
8125,8125.T,ワキタ,プライム（内国株式）,2026-08-31
8127,8127.T,ヤマトインターナショナル,スタンダード（内国株式）,2026-08-31
8129,8129.T,東邦ホールディングス,プライム（内国株式）,2026-08-31
8130,8130.T,サンゲツ,プライム（内国株式）,2026-08-31
8131,8131.T,ミツウロコグループホールディングス,スタンダード（内国株式）,2026-08-31
8132,8132.T,シナネンホールディングス,プライム（内国株式）,2026-08-31
8133,8133.T,伊藤忠エネクス,プライム（内国株式）,2026-08-31
8135,8135.T,ゼット,スタンダード（内国株式）,2026-08-31
8136,8136.T,サンリオ,プライム（内国株式）,2026-08-31
8137,8137.T,サンワテクノス,プライム（内国株式）,2026-08-31
8138,8138.T,三京化成,スタンダード（内国株式）,2026-08-31
8139,8139.T,ナガホリ,スタンダード（内国株式）,2026-08-31
8141,8141.T,新光商事,プライム（内国株式）,2026-08-31
8142,8142.T,トーホー,プライム（内国株式）,2026-08-31
8143,8143.T,ラピーヌ,スタンダード（内国株式）,2026-08-31
8144,8144.T,デンキョーグループホールディングス,スタンダード（内国株式）,2026-08-31
8147,8147.T,トミタ,スタンダード（内国株式）,2026-08-31
8150,8150.T,三信電気,プライム（内国株式）,2026-08-31
8151,8151.T,東陽テクニカ,プライム（内国株式）,2026-08-31
8152,8152.T,ソマール,スタンダード（内国株式）,2026-08-31
8153,8153.T,モスフードサービス,プライム（内国株式）,2026-08-31
8154,8154.T,加賀電子,プライム（内国株式）,2026-08-31
8157,8157.T,都築電気,プライム（内国株式）,2026-08-31
8158,8158.T,ソーダニッカ,プライム（内国株式）,2026-08-31
8159,8159.T,立花エレテック,プライム（内国株式）,2026-08-31
8160,8160.T,木曽路,プライム（内国株式）,2026-08-31
8163,8163.T,ＳＲＳホールディングス,プライム（内国株式）,2026-08-31
8165,8165.T,千趣会,スタンダード（内国株式）,2026-08-31
8166,8166.T,タカキュー,スタンダード（内国株式）,2026-08-31
8167,8167.T,リテールパートナーズ,プライム（内国株式）,2026-08-31
8173,8173.T,Ｊｏｓｈｉｎ,プライム（内国株式）,2026-08-31
8174,8174.T,日本瓦斯,プライム（内国株式）,2026-08-31
8179,8179.T,ロイヤルホールディングス,プライム（内国株式）,2026-08-31
8181,8181.T,東天紅,スタンダード（内国株式）,2026-08-31
8185,8185.T,チヨダ,プライム（内国株式）,2026-08-31
8194,8194.T,ライフコーポレーション,プライム（内国株式）,2026-08-31
8198,8198.T,マックスバリュ東海,スタンダード（内国株式）,2026-08-31
8200,8200.T,リンガーハット,プライム（内国株式）,2026-08-31
8202,8202.T,ラオックスホールディングス,スタンダード（内国株式）,2026-08-31
8203,8203.T,ＭｒＭａｘＨＤ,プライム（内国株式）,2026-08-31
8207,8207.T,テンアライド,スタンダード（内国株式）,2026-08-31
8214,8214.T,ＡＯＫＩホールディングス,プライム（内国株式）,2026-08-31
8217,8217.T,オークワ,プライム（内国株式）,2026-08-31
8218,8218.T,コメリ,プライム（内国株式）,2026-08-31
8219,8219.T,青山商事,プライム（内国株式）,2026-08-31
8225,8225.T,タカチホ,スタンダード（内国株式）,2026-08-31
8226,8226.T,理経,スタンダード（内国株式）,2026-08-31
8227,8227.T,しまむら,プライム（内国株式）,2026-08-31
8230,8230.T,はせがわ,スタンダード（内国株式）,2026-08-31
8233,8233.T,高島屋,プライム（内国株式）,2026-08-31
8237,8237.T,松屋,プライム（内国株式）,2026-08-31
8242,8242.T,エイチ・ツー・オー　リテイリング,プライム（内国株式）,2026-08-31
8244,8244.T,近鉄百貨店,スタンダード（内国株式）,2026-08-31
8247,8247.T,大和,スタンダード（内国株式）,2026-08-31
8252,8252.T,丸井グループ,プライム（内国株式）,2026-08-31
8253,8253.T,クレディセゾン,プライム（内国株式）,2026-08-31
8254,8254.T,さいか屋,スタンダード（内国株式）,2026-08-31
8255,8255.T,アクシアル　リテイリング,プライム（内国株式）,2026-08-31
8260,8260.T,井筒屋,スタンダード（内国株式）,2026-08-31
8267,8267.T,イオン,プライム（内国株式）,2026-08-31
8273,8273.T,イズミ,プライム（内国株式）,2026-08-31
8275,8275.T,フォーバル,スタンダード（内国株式）,2026-08-31
8276,8276.T,平和堂,プライム（内国株式）,2026-08-31
8278,8278.T,フジ,プライム（内国株式）,2026-08-31
8281,8281.T,ゼビオホールディングス,プライム（内国株式）,2026-08-31
8282,8282.T,ケーズホールディングス,プライム（内国株式）,2026-08-31
8285,8285.T,三谷産業,スタンダード（内国株式）,2026-08-31
8291,8291.T,日産東京販売ホールディングス,スタンダード（内国株式）,2026-08-31
8301,8301.T,日本銀行　出資証券,出資証券,2026-08-31
8303,8303.T,ＳＢＩ新生銀行,プライム（内国株式）,2026-08-31
8304,8304.T,あおぞら銀行,プライム（内国株式）,2026-08-31
8306,8306.T,三菱ＵＦＪフィナンシャル・グループ,プライム（内国株式）,2026-08-31
8308,8308.T,りそなホールディングス,プライム（内国株式）,2026-08-31
8309,8309.T,三井住友トラストグループ,プライム（内国株式）,2026-08-31
8316,8316.T,三井住友フィナンシャルグループ,プライム（内国株式）,2026-08-31
8331,8331.T,千葉銀行,プライム（内国株式）,2026-08-31
8334,8334.T,群馬銀行,プライム（内国株式）,2026-08-31
8336,8336.T,武蔵野銀行,プライム（内国株式）,2026-08-31
8337,8337.T,千葉興業銀行,プライム（内国株式）,2026-08-31
8338,8338.T,筑波銀行,プライム（内国株式）,2026-08-31
8341,8341.T,七十七銀行,プライム（内国株式）,2026-08-31
8343,8343.T,秋田銀行,プライム（内国株式）,2026-08-31
8344,8344.T,山形銀行,プライム（内国株式）,2026-08-31
8345,8345.T,岩手銀行,プライム（内国株式）,2026-08-31
8346,8346.T,東邦銀行,プライム（内国株式）,2026-08-31
8349,8349.T,東北銀行,スタンダード（内国株式）,2026-08-31
8354,8354.T,ふくおかフィナンシャルグループ,プライム（内国株式）,2026-08-31
8358,8358.T,スルガ銀行,プライム（内国株式）,2026-08-31
8359,8359.T,八十二長野銀行,プライム（内国株式）,2026-08-31
8360,8360.T,山梨中央銀行,プライム（内国株式）,2026-08-31
8361,8361.T,大垣共立銀行,プライム（内国株式）,2026-08-31
8362,8362.T,福井銀行,プライム（内国株式）,2026-08-31
8364,8364.T,清水銀行,プライム（内国株式）,2026-08-31
8365,8365.T,富山銀行,スタンダード（内国株式）,2026-08-31
8366,8366.T,滋賀銀行,プライム（内国株式）,2026-08-31
8367,8367.T,南都銀行,プライム（内国株式）,2026-08-31
8368,8368.T,百五銀行,プライム（内国株式）,2026-08-31
8370,8370.T,紀陽銀行,プライム（内国株式）,2026-08-31
8377,8377.T,ほくほくフィナンシャルグループ,プライム（内国株式）,2026-08-31
8381,8381.T,山陰合同銀行,プライム（内国株式）,2026-08-31
8383,8383.T,鳥取銀行,スタンダード（内国株式）,2026-08-31
8386,8386.T,百十四銀行,プライム（内国株式）,2026-08-31
8387,8387.T,四国銀行,プライム（内国株式）,2026-08-31
8388,8388.T,阿波銀行,プライム（内国株式）,2026-08-31
8392,8392.T,大分銀行,プライム（内国株式）,2026-08-31
8393,8393.T,宮崎銀行,プライム（内国株式）,2026-08-31
8395,8395.T,佐賀銀行,プライム（内国株式）,2026-08-31
8399,8399.T,琉球銀行,プライム（内国株式）,2026-08-31
8410,8410.T,セブン銀行,プライム（内国株式）,2026-08-31
8411,8411.T,みずほフィナンシャルグループ,プライム（内国株式）,2026-08-31
8416,8416.T,高知銀行,スタンダード（内国株式）,2026-08-31
8418,8418.T,山口フィナンシャルグループ,プライム（内国株式）,2026-08-31
8421,8421.T,信金中央金庫　優先出資証券,出資証券,2026-08-31
8424,8424.T,芙蓉総合リース,プライム（内国株式）,2026-08-31
8425,8425.T,みずほリース,プライム（内国株式）,2026-08-31
8439,8439.T,東京センチュリー,プライム（内国株式）,2026-08-31
8473,8473.T,ＳＢＩホールディングス,プライム（内国株式）,2026-08-31
8508,8508.T,Ｊトラスト,スタンダード（内国株式）,2026-08-31
8511,8511.T,日本証券金融,プライム（内国株式）,2026-08-31
8518,8518.T,日本アジア投資,スタンダード（内国株式）,2026-08-31
8522,8522.T,名古屋銀行,プライム（内国株式）,2026-08-31
8524,8524.T,北洋銀行,プライム（内国株式）,2026-08-31
8537,8537.T,大光銀行,スタンダード（内国株式）,2026-08-31
8541,8541.T,愛媛銀行,プライム（内国株式）,2026-08-31
8542,8542.T,トマト銀行,スタンダード（内国株式）,2026-08-31
8544,8544.T,京葉銀行,プライム（内国株式）,2026-08-31
8550,8550.T,栃木銀行,プライム（内国株式）,2026-08-31
8551,8551.T,北日本銀行,プライム（内国株式）,2026-08-31
8558,8558.T,東和銀行,プライム（内国株式）,2026-08-31
8562,8562.T,福島銀行,スタンダード（内国株式）,2026-08-31
8563,8563.T,大東銀行,スタンダード（内国株式）,2026-08-31
8566,8566.T,リコーリース,プライム（内国株式）,2026-08-31
8570,8570.T,イオンフィナンシャルサービス,プライム（内国株式）,2026-08-31
8572,8572.T,アコム,スタンダード（内国株式）,2026-08-31
8584,8584.T,ジャックス,プライム（内国株式）,2026-08-31
8585,8585.T,オリエントコーポレーション,プライム（内国株式）,2026-08-31
8591,8591.T,オリックス,プライム（内国株式）,2026-08-31
8593,8593.T,三菱ＨＣキャピタル,プライム（内国株式）,2026-08-31
8595,8595.T,ジャフコ　グループ,プライム（内国株式）,2026-08-31
8596,8596.T,九州リースサービス,スタンダード（内国株式）,2026-08-31
8600,8600.T,トモニホールディングス,プライム（内国株式）,2026-08-31
8601,8601.T,大和証券グループ本社,プライム（内国株式）,2026-08-31
8604,8604.T,野村ホールディングス,プライム（内国株式）,2026-08-31
8609,8609.T,岡三証券グループ,プライム（内国株式）,2026-08-31
8613,8613.T,丸三証券,プライム（内国株式）,2026-08-31
8614,8614.T,東洋証券,プライム（内国株式）,2026-08-31
8616,8616.T,東海東京フィナンシャル・ホールディングス,プライム（内国株式）,2026-08-31
8617,8617.T,光世証券,スタンダード（内国株式）,2026-08-31
8622,8622.T,水戸証券,プライム（内国株式）,2026-08-31
8624,8624.T,いちよし証券,プライム（内国株式）,2026-08-31
8628,8628.T,松井証券,プライム（内国株式）,2026-08-31
8630,8630.T,ＳＯＭＰＯホールディングス,プライム（内国株式）,2026-08-31
8697,8697.T,日本取引所グループ,プライム（内国株式）,2026-08-31
8698,8698.T,マネックスグループ,プライム（内国株式）,2026-08-31
8699,8699.T,ＨＳホールディングス,スタンダード（内国株式）,2026-08-31
8700,8700.T,丸八証券,スタンダード（内国株式）,2026-08-31
8704,8704.T,トレイダーズホールディングス,スタンダード（内国株式）,2026-08-31
8705,8705.T,日産証券グループ,スタンダード（内国株式）,2026-08-31
8706,8706.T,極東証券,プライム（内国株式）,2026-08-31
8707,8707.T,岩井コスモホールディングス,プライム（内国株式）,2026-08-31
8708,8708.T,アイザワ証券グループ,プライム（内国株式）,2026-08-31
8713,8713.T,フィデアホールディングス,プライム（内国株式）,2026-08-31
8714,8714.T,池田泉州ホールディングス,プライム（内国株式）,2026-08-31
8715,8715.T,アニコム　ホールディングス,プライム（内国株式）,2026-08-31
8725,8725.T,ＭＳ＆ＡＤインシュアランスグループホールディングス,プライム（内国株式）,2026-08-31
8729,8729.T,ソニーフィナンシャルグループ,プライム（内国株式）,2026-08-31
8737,8737.T,あかつき本社,スタンダード（内国株式）,2026-08-31
8739,8739.T,スパークス・グループ,プライム（内国株式）,2026-08-31
8742,8742.T,小林洋行,スタンダード（内国株式）,2026-08-31
8746,8746.T,ｕｎｂａｎｋｅｄ,スタンダード（内国株式）,2026-08-31
8747,8747.T,豊トラスティ証券,スタンダード（内国株式）,2026-08-31
8750,8750.T,第一ライフグループ,プライム（内国株式）,2026-08-31
8766,8766.T,東京海上ホールディングス,プライム（内国株式）,2026-08-31
8769,8769.T,アドバンテッジリスクマネジメント,スタンダード（内国株式）,2026-08-31
8771,8771.T,イー・ギャランティ,プライム（内国株式）,2026-08-31
8772,8772.T,アサックス,スタンダード（内国株式）,2026-08-31
8783,8783.T,ａｂｃ,スタンダード（内国株式）,2026-08-31
8789,8789.T,フィンテック　グローバル,スタンダード（内国株式）,2026-08-31
8793,8793.T,ＮＥＣキャピタルソリューション,プライム（内国株式）,2026-08-31
8795,8795.T,Ｔ＆Ｄホールディングス,プライム（内国株式）,2026-08-31
8798,8798.T,アドバンスクリエイト,プライム（内国株式）,2026-08-31
8801,8801.T,三井不動産,プライム（内国株式）,2026-08-31
8802,8802.T,三菱地所,プライム（内国株式）,2026-08-31
8803,8803.T,平和不動産,プライム（内国株式）,2026-08-31
8804,8804.T,東京建物,プライム（内国株式）,2026-08-31
8818,8818.T,京阪神ビルディング,プライム（内国株式）,2026-08-31
8830,8830.T,住友不動産,プライム（内国株式）,2026-08-31
8835,8835.T,太平洋興発,スタンダード（内国株式）,2026-08-31
8836,8836.T,ＲＩＳＥ,スタンダード（内国株式）,2026-08-31
8841,8841.T,テーオーシー,スタンダード（内国株式）,2026-08-31
8844,8844.T,コスモスイニシア,スタンダード（内国株式）,2026-08-31
8848,8848.T,レオパレス２１,プライム（内国株式）,2026-08-31
8850,8850.T,スターツコーポレーション,プライム（内国株式）,2026-08-31
8860,8860.T,フジ住宅,プライム（内国株式）,2026-08-31
8864,8864.T,空港施設,スタンダード（内国株式）,2026-08-31
8869,8869.T,明和地所,スタンダード（内国株式）,2026-08-31
8871,8871.T,ゴールドクレスト,スタンダード（内国株式）,2026-08-31
8876,8876.T,リログループ,プライム（内国株式）,2026-08-31
8877,8877.T,エスリード,プライム（内国株式）,2026-08-31
8881,8881.T,日神グループホールディングス,プライム（内国株式）,2026-08-31
8887,8887.T,シーラホールディングス,スタンダード（内国株式）,2026-08-31
8891,8891.T,ＡＭＧホールディングス,スタンダード（内国株式）,2026-08-31
8892,8892.T,エスコン,プライム（内国株式）,2026-08-31
8894,8894.T,ＲＥＶＯＬＵＴＩＯＮ,スタンダード（内国株式）,2026-08-31
8897,8897.T,ＭＩＲＡＲＴＨホールディングス,プライム（内国株式）,2026-08-31
8898,8898.T,センチュリー２１・ジャパン,スタンダード（内国株式）,2026-08-31
8904,8904.T,ＡＶＡＮＴＩＡ,スタンダード（内国株式）,2026-08-31
8908,8908.T,毎日コムネット,スタンダード（内国株式）,2026-08-31
8912,8912.T,エリアクエスト,スタンダード（内国株式）,2026-08-31
8914,8914.T,エリアリンク,スタンダード（内国株式）,2026-08-31
8917,8917.T,ファースト住建,スタンダード（内国株式）,2026-08-31
8918,8918.T,ランド,スタンダード（内国株式）,2026-08-31
8919,8919.T,カチタス,プライム（内国株式）,2026-08-31
8920,8920.T,東祥,スタンダード（内国株式）,2026-08-31
8921,8921.T,シーズクリエイト,PRO Market,2026-08-31
8923,8923.T,トーセイ,プライム（内国株式）,2026-08-31
8927,8927.T,明豊エンタープライズ,スタンダード（内国株式）,2026-08-31
8928,8928.T,穴吹興産,スタンダード（内国株式）,2026-08-31
8929,8929.T,青山財産ネットワークス,スタンダード（内国株式）,2026-08-31
8931,8931.T,和田興産,スタンダード（内国株式）,2026-08-31
8934,8934.T,サンフロンティア不動産,プライム（内国株式）,2026-08-31
8935,8935.T,ＦＪネクストホールディングス,プライム（内国株式）,2026-08-31
8938,8938.T,グローム・ホールディングス,グロース（内国株式）,2026-08-31
8944,8944.T,ランドビジネス,スタンダード（内国株式）,2026-08-31
8945,8945.T,サンネクスタグループ,スタンダード（内国株式）,2026-08-31
8946,8946.T,ＡＳＩＡＮ　ＳＴＡＲ,スタンダード（内国株式）,2026-08-31
8951,8951.T,日本ビルファンド投資法人,REIT・ベンチャーファンド・カントリーファンド・インフラファンド,2026-08-31
8952,8952.T,ジャパンリアルエステイト投資法人,REIT・ベンチャーファンド・カントリーファンド・インフラファンド,2026-08-31
8953,8953.T,日本都市ファンド投資法人,REIT・ベンチャーファンド・カントリーファンド・インフラファンド,2026-08-31
8954,8954.T,オリックス不動産投資法人,REIT・ベンチャーファンド・カントリーファンド・インフラファンド,2026-08-31
8955,8955.T,日本プライムリアルティ投資法人,REIT・ベンチャーファンド・カントリーファンド・インフラファンド,2026-08-31
8956,8956.T,ＮＴＴ都市開発リート投資法人,REIT・ベンチャーファンド・カントリーファンド・インフラファンド,2026-08-31
8957,8957.T,東急リアル・エステート投資法人,REIT・ベンチャーファンド・カントリーファンド・インフラファンド,2026-08-31
8958,8958.T,グローバル・ワン不動産投資法人,REIT・ベンチャーファンド・カントリーファンド・インフラファンド,2026-08-31
8960,8960.T,ユナイテッド・アーバン投資法人,REIT・ベンチャーファンド・カントリーファンド・インフラファンド,2026-08-31
8961,8961.T,森トラストリート投資法人,REIT・ベンチャーファンド・カントリーファンド・インフラファンド,2026-08-31
8963,8963.T,インヴィンシブル投資法人,REIT・ベンチャーファンド・カントリーファンド・インフラファンド,2026-08-31
8964,8964.T,三井不動産商業ファンド投資法人,REIT・ベンチャーファンド・カントリーファンド・インフラファンド,2026-08-31
8966,8966.T,平和不動産リート投資法人,REIT・ベンチャーファンド・カントリーファンド・インフラファンド,2026-08-31
8967,8967.T,日本ロジスティクスファンド投資法人,REIT・ベンチャーファンド・カントリーファンド・インフラファンド,2026-08-31
8968,8968.T,福岡リート投資法人,REIT・ベンチャーファンド・カントリーファンド・インフラファンド,2026-08-31
8972,8972.T,ＫＤＸ不動産投資法人,REIT・ベンチャーファンド・カントリーファンド・インフラファンド,2026-08-31
8975,8975.T,いちごオフィスリート投資法人,REIT・ベンチャーファンド・カントリーファンド・インフラファンド,2026-08-31
8976,8976.T,大和証券オフィス投資法人,REIT・ベンチャーファンド・カントリーファンド・インフラファンド,2026-08-31
8977,8977.T,阪急阪神リート投資法人,REIT・ベンチャーファンド・カントリーファンド・インフラファンド,2026-08-31
8979,8979.T,スターツプロシード投資法人,REIT・ベンチャーファンド・カントリーファンド・インフラファンド,2026-08-31
8984,8984.T,大和ハウスリート投資法人,REIT・ベンチャーファンド・カントリーファンド・インフラファンド,2026-08-31
8985,8985.T,ジャパン・ホテル・リート投資法人,REIT・ベンチャーファンド・カントリーファンド・インフラファンド,2026-08-31
8986,8986.T,大和証券リビング投資法人,REIT・ベンチャーファンド・カントリーファンド・インフラファンド,2026-08-31
8987,8987.T,ジャパンエクセレント投資法人,REIT・ベンチャーファンド・カントリーファンド・インフラファンド,2026-08-31
8995,8995.T,誠建設工業,スタンダード（内国株式）,2026-08-31
8996,8996.T,ハウスフリーダム,スタンダード（内国株式）,2026-08-31
8999,8999.T,グランディハウス,プライム（内国株式）,2026-08-31
9001,9001.T,東武鉄道,プライム（内国株式）,2026-08-31
9003,9003.T,相鉄ホールディングス,プライム（内国株式）,2026-08-31
9005,9005.T,東急,プライム（内国株式）,2026-08-31
9006,9006.T,京浜急行電鉄,プライム（内国株式）,2026-08-31
9007,9007.T,小田急電鉄,プライム（内国株式）,2026-08-31
9008,9008.T,京王電鉄,プライム（内国株式）,2026-08-31
9009,9009.T,京成電鉄,プライム（内国株式）,2026-08-31
9010,9010.T,富士急行,プライム（内国株式）,2026-08-31
9012,9012.T,秩父鉄道,スタンダード（内国株式）,2026-08-31
9017,9017.T,新潟交通,スタンダード（内国株式）,2026-08-31
9020,9020.T,東日本旅客鉄道,プライム（内国株式）,2026-08-31
9021,9021.T,西日本旅客鉄道,プライム（内国株式）,2026-08-31
9022,9022.T,東海旅客鉄道,プライム（内国株式）,2026-08-31
9023,9023.T,東京地下鉄,プライム（内国株式）,2026-08-31
9024,9024.T,西武ホールディングス,プライム（内国株式）,2026-08-31
9025,9025.T,鴻池運輸,プライム（内国株式）,2026-08-31
9028,9028.T,ゼロ,スタンダード（内国株式）,2026-08-31
9029,9029.T,ヒガシホールディングス,スタンダード（内国株式）,2026-08-31
9031,9031.T,西日本鉄道,プライム（内国株式）,2026-08-31
9033,9033.T,広島電鉄,スタンダード（内国株式）,2026-08-31
9034,9034.T,南総通運,スタンダード（内国株式）,2026-08-31
9036,9036.T,東部ネットワーク,スタンダード（内国株式）,2026-08-31
9037,9037.T,ハマキョウレックス,プライム（内国株式）,2026-08-31
9039,9039.T,サカイ引越センター,プライム（内国株式）,2026-08-31
9041,9041.T,近鉄グループホールディングス,プライム（内国株式）,2026-08-31
9042,9042.T,阪急阪神ホールディングス,プライム（内国株式）,2026-08-31
9044,9044.T,ＮＡＮＫＡＩ,プライム（内国株式）,2026-08-31
9045,9045.T,京阪ホールディングス,プライム（内国株式）,2026-08-31
9046,9046.T,神戸電鉄,スタンダード（内国株式）,2026-08-31
9048,9048.T,名古屋鉄道,プライム（内国株式）,2026-08-31
9049,9049.T,京福電気鉄道,スタンダード（内国株式）,2026-08-31
9051,9051.T,センコン物流,スタンダード（内国株式）,2026-08-31
9052,9052.T,山陽電気鉄道,プライム（内国株式）,2026-08-31
9057,9057.T,遠州トラック,スタンダード（内国株式）,2026-08-31
9059,9059.T,カンダホールディングス,スタンダード（内国株式）,2026-08-31
9060,9060.T,日本ロジテム,スタンダード（内国株式）,2026-08-31
9063,9063.T,岡山県貨物運送,スタンダード（内国株式）,2026-08-31
9064,9064.T,ヤマトホールディングス,プライム（内国株式）,2026-08-31
9065,9065.T,山九,プライム（内国株式）,2026-08-31
9068,9068.T,丸全昭和運輸,プライム（内国株式）,2026-08-31
9069,9069.T,センコーグループホールディングス,プライム（内国株式）,2026-08-31
9072,9072.T,ニッコンホールディングス,プライム（内国株式）,2026-08-31
9073,9073.T,京極運輸商事,スタンダード（内国株式）,2026-08-31
9074,9074.T,日本石油輸送,スタンダード（内国株式）,2026-08-31
9075,9075.T,福山通運,プライム（内国株式）,2026-08-31
9076,9076.T,セイノーホールディングス,プライム（内国株式）,2026-08-31
9081,9081.T,神奈川中央交通,プライム（内国株式）,2026-08-31
9082,9082.T,大和自動車交通,スタンダード（内国株式）,2026-08-31
9083,9083.T,神姫バス,スタンダード（内国株式）,2026-08-31
9087,9087.T,タカセ,スタンダード（内国株式）,2026-08-31
9090,9090.T,ＡＺ－ＣＯＭ丸和ホールディングス,プライム（内国株式）,2026-08-31
9101,9101.T,日本郵船,プライム（内国株式）,2026-08-31
9104,9104.T,商船三井,プライム（内国株式）,2026-08-31
9107,9107.T,川崎汽船,プライム（内国株式）,2026-08-31
9110,9110.T,ＮＳユナイテッド海運,プライム（内国株式）,2026-08-31
9115,9115.T,明海グループ,スタンダード（内国株式）,2026-08-31
9119,9119.T,飯野海運,プライム（内国株式）,2026-08-31
9127,9127.T,玉井商船,スタンダード（内国株式）,2026-08-31
9130,9130.T,共栄タンカー,スタンダード（内国株式）,2026-08-31
9142,9142.T,九州旅客鉄道,プライム（内国株式）,2026-08-31
9143,9143.T,ＳＧホールディングス,プライム（内国株式）,2026-08-31
9145,9145.T,ビーイングホールディングス,スタンダード（内国株式）,2026-08-31
9146,9146.T,五健堂ホールディングス,PRO Market,2026-08-31
9147,9147.T,ＮＩＰＰＯＮ　ＥＸＰＲＥＳＳホールディングス,プライム（内国株式）,2026-08-31
9149,9149.T,大友ロジスティクスサービス,PRO Market,2026-08-31
9156,9156.T,はなホールディングス,PRO Market,2026-08-31
9158,9158.T,シーユーシー,グロース（内国株式）,2026-08-31
9159,9159.T,Ｗ　ＴＯＫＹＯ,グロース（内国株式）,2026-08-31
9160,9160.T,オンザページ,スタンダード（内国株式）,2026-08-31
9162,9162.T,ブリーチ,グロース（内国株式）,2026-08-31
9163,9163.T,ナレルグループ,グロース（内国株式）,2026-08-31
9165,9165.T,クオルテック,グロース（内国株式）,2026-08-31
9166,9166.T,ＧＥＮＤＡ,グロース（内国株式）,2026-08-31
9168,9168.T,ライズ・コンサルティング・グループ,グロース（内国株式）,2026-08-31
9169,9169.T,大伸社,PRO Market,2026-08-31
9171,9171.T,栗林商船,スタンダード（内国株式）,2026-08-31
9173,9173.T,東海汽船,スタンダード（内国株式）,2026-08-31
9193,9193.T,東京汽船,スタンダード（内国株式）,2026-08-31
9201,9201.T,日本航空,プライム（内国株式）,2026-08-31
92015,92015.T,日本航空株式会社第１回社債型種類株式,プライム（内国株式）,2026-08-31
9202,9202.T,ＡＮＡホールディングス,プライム（内国株式）,2026-08-31
92025,92025.T,ＡＮＡホールディングス第１回社債型種類株式,プライム（内国株式）,2026-08-31
9204,9204.T,スカイマーク,グロース（内国株式）,2026-08-31
9206,9206.T,スターフライヤー,スタンダード（内国株式）,2026-08-31
9211,9211.T,エフ・コード,グロース（内国株式）,2026-08-31
9212,9212.T,Ｇｒｅｅｎ　Ｅａｒｔｈ　Ｉｎｓｔｉｔｕｔｅ,グロース（内国株式）,2026-08-31
9213,9213.T,セイファート,スタンダード（内国株式）,2026-08-31
9214,9214.T,Ｒｅｃｏｖｅｒｙ　Ｉｎｔｅｒｎａｔｉｏｎａｌ,グロース（内国株式）,2026-08-31
9215,9215.T,ＣａＳｙ,グロース（内国株式）,2026-08-31
9216,9216.T,ビーウィズ,プライム（内国株式）,2026-08-31
9218,9218.T,メンタルヘルステクノロジーズ,グロース（内国株式）,2026-08-31
9219,9219.T,ギックス,グロース（内国株式）,2026-08-31
9220,9220.T,エフビー介護サービス,スタンダード（内国株式）,2026-08-31
9221,9221.T,フルハシＥＰＯ,スタンダード（内国株式）,2026-08-31
9222,9222.T,ｍａｎａｂｙ,PRO Market,2026-08-31
9223,9223.T,ＡＳＮＯＶＡ,グロース（内国株式）,2026-08-31
9225,9225.T,ブリッジコンサルティンググループ,グロース（内国株式）,2026-08-31
9226,9226.T,アイガー,PRO Market,2026-08-31
9227,9227.T,マイクロ波化学,グロース（内国株式）,2026-08-31
9229,9229.T,サンウェルズ,プライム（内国株式）,2026-08-31
9233,9233.T,アジア航測,スタンダード（内国株式）,2026-08-31
9235,9235.T,売れるネット広告社グループ,グロース（内国株式）,2026-08-31
9236,9236.T,ジャパンＭ＆Ａソリューション,グロース（内国株式）,2026-08-31
9237,9237.T,笑美面,グロース（内国株式）,2026-08-31
9238,9238.T,バリュークリエーション,グロース（内国株式）,2026-08-31
9239,9239.T,ケーイーティ,PRO Market,2026-08-31
9240,9240.T,デリバリーコンサルティング,グロース（内国株式）,2026-08-31
9241,9241.T,フューチャーリンクネットワーク,グロース（内国株式）,2026-08-31
9242,9242.T,メディア総研,グロース（内国株式）,2026-08-31
9243,9243.T,富士テクノホールディングス,PRO Market,2026-08-31
9244,9244.T,デジタリフト,グロース（内国株式）,2026-08-31
9245,9245.T,リベロ,グロース（内国株式）,2026-08-31
9246,9246.T,プロジェクトホールディングス,グロース（内国株式）,2026-08-31
9247,9247.T,ＴＲＥホールディングス,プライム（内国株式）,2026-08-31
9248,9248.T,人・夢・技術グループ,スタンダード（内国株式）,2026-08-31
9249,9249.T,日本エコシステム,スタンダード（内国株式）,2026-08-31
9250,9250.T,ＧＲＣＳ,グロース（内国株式）,2026-08-31
9251,9251.T,ＡＢ＆Ｃｏｍｐａｎｙ,グロース（内国株式）,2026-08-31
9252,9252.T,ラストワンマイル,グロース（内国株式）,2026-08-31
9253,9253.T,スローガン,グロース（内国株式）,2026-08-31
9254,9254.T,ラバブルマーケティンググループ,グロース（内国株式）,2026-08-31
9256,9256.T,サクシード,グロース（内国株式）,2026-08-31
9257,9257.T,ＹＣＰホールディングス（グローバル）リミテッド　ＪＤＲ,グロース（外国株式）,2026-08-31
9258,9258.T,ＣＳ－Ｃ,グロース（内国株式）,2026-08-31
9259,9259.T,タカヨシホールディングス,グロース（内国株式）,2026-08-31
9262,9262.T,シルバーライフ,スタンダード（内国株式）,2026-08-31
9264,9264.T,ポエック,スタンダード（内国株式）,2026-08-31
9265,9265.T,ヤマシタヘルスケアホールディングス,スタンダード（内国株式）,2026-08-31
9267,9267.T,Ｇｅｎｋｙ　ＤｒｕｇＳｔｏｒｅｓ,プライム（内国株式）,2026-08-31
9268,9268.T,オプティマスグループ,スタンダード（内国株式）,2026-08-31
9270,9270.T,バリュエンスホールディングス,グロース（内国株式）,2026-08-31
9271,9271.T,和心,グロース（内国株式）,2026-08-31
9272,9272.T,ブティックス,グロース（内国株式）,2026-08-31
9273,9273.T,コーア商事ホールディングス,プライム（内国株式）,2026-08-31
9274,9274.T,ＫＰＰグループホールディングス,プライム（内国株式）,2026-08-31
9278,9278.T,ブックオフグループホールディングス,プライム（内国株式）,2026-08-31
9279,9279.T,ギフトホールディングス,プライム（内国株式）,2026-08-31
9282,9282.T,いちごグリーンインフラ投資法人,REIT・ベンチャーファンド・カントリーファンド・インフラファンド,2026-08-31
9284,9284.T,カナディアン・ソーラー・インフラ投資法人,REIT・ベンチャーファンド・カントリーファンド・インフラファンド,2026-08-31
9285,9285.T,東京インフラ・エネルギー投資法人,REIT・ベンチャーファンド・カントリーファンド・インフラファンド,2026-08-31
9286,9286.T,エネクス・インフラ投資法人,REIT・ベンチャーファンド・カントリーファンド・インフラファンド,2026-08-31
9301,9301.T,三菱倉庫,プライム（内国株式）,2026-08-31
9302,9302.T,三井倉庫ホールディングス,プライム（内国株式）,2026-08-31
9303,9303.T,住友倉庫,プライム（内国株式）,2026-08-31
9304,9304.T,澁澤倉庫,プライム（内国株式）,2026-08-31
9305,9305.T,ヤマタネ,プライム（内国株式）,2026-08-31
9306,9306.T,東陽倉庫,スタンダード（内国株式）,2026-08-31
9307,9307.T,杉村倉庫,スタンダード（内国株式）,2026-08-31
9308,9308.T,乾汽船,スタンダード（内国株式）,2026-08-31
9310,9310.T,日本トランスシティ,プライム（内国株式）,2026-08-31
9311,9311.T,アサガミ,スタンダード（内国株式）,2026-08-31
9312,9312.T,ケイヒン,スタンダード（内国株式）,2026-08-31
9313,9313.T,丸八倉庫,スタンダード（内国株式）,2026-08-31
9319,9319.T,中央倉庫,プライム（内国株式）,2026-08-31
9322,9322.T,川西倉庫,スタンダード（内国株式）,2026-08-31
9324,9324.T,安田倉庫,プライム（内国株式）,2026-08-31
9325,9325.T,ファイズホールディングス,スタンダード（内国株式）,2026-08-31
9326,9326.T,関通ホールディングス,グロース（内国株式）,2026-08-31
9327,9327.T,イー・ロジット,スタンダード（内国株式）,2026-08-31
9330,9330.T,揚羽,グロース（内国株式）,2026-08-31
9331,9331.T,キャスター,グロース（内国株式）,2026-08-31
9332,9332.T,ＮＩＳＳＯホールディングス,プライム（内国株式）,2026-08-31
9334,9334.T,アイビスホールディングス,PRO Market,2026-08-31
9335,9335.T,テクノクリエイティブ,PRO Market,2026-08-31
9336,9336.T,大栄環境,プライム（内国株式）,2026-08-31
9337,9337.T,トリドリ,グロース（内国株式）,2026-08-31
9339,9339.T,コーチ・エィ,スタンダード（内国株式）,2026-08-31
9340,9340.T,アソインターナショナル,スタンダード（内国株式）,2026-08-31
9341,9341.T,ＧＥＮＯＶＡ,プライム（内国株式）,2026-08-31
9342,9342.T,スマサポ,グロース（内国株式）,2026-08-31
9343,9343.T,アイビス,グロース（内国株式）,2026-08-31
9344,9344.T,アクシスコンサルティング,グロース（内国株式）,2026-08-31
9345,9345.T,ビズメイツ,グロース（内国株式）,2026-08-31
9346,9346.T,ココルポート,グロース（内国株式）,2026-08-31
9347,9347.T,日本管財ホールディングス,プライム（内国株式）,2026-08-31
9348,9348.T,ｉｓｐａｃｅ,グロース（内国株式）,2026-08-31
9351,9351.T,東洋埠頭,スタンダード（内国株式）,2026-08-31
9353,9353.T,櫻島埠頭,スタンダード（内国株式）,2026-08-31
9355,9355.T,リンコーコーポレーション,スタンダード（内国株式）,2026-08-31
9360,9360.T,鈴与シンワート,スタンダード（内国株式）,2026-08-31
9361,9361.T,伏木海陸運送,スタンダード（内国株式）,2026-08-31
9362,9362.T,兵機海運,スタンダード（内国株式）,2026-08-31
9363,9363.T,大運,スタンダード（内国株式）,2026-08-31
9364,9364.T,上組,プライム（内国株式）,2026-08-31
9365,9365.T,トレーディア,スタンダード（内国株式）,2026-08-31
9366,9366.T,サンリツ,スタンダード（内国株式）,2026-08-31
9367,9367.T,大東港運,スタンダード（内国株式）,2026-08-31
9368,9368.T,キムラユニティー,スタンダード（内国株式）,2026-08-31
9369,9369.T,キユーソー流通システム,スタンダード（内国株式）,2026-08-31
9376,9376.T,ユーラシア旅行社,スタンダード（内国株式）,2026-08-31
9380,9380.T,東海運,スタンダード（内国株式）,2026-08-31
9381,9381.T,エーアイテイー,プライム（内国株式）,2026-08-31
9385,9385.T,ショーエイコーポレーション,スタンダード（内国株式）,2026-08-31
9399,9399.T,ビート・ホールディングス・リミテッド,スタンダード（外国株式）,2026-08-31
9401,9401.T,ＴＢＳホールディングス,プライム（内国株式）,2026-08-31
9404,9404.T,日本テレビホールディングス,プライム（内国株式）,2026-08-31
9405,9405.T,朝日放送グループホールディングス,プライム（内国株式）,2026-08-31
9408,9408.T,ＢＳＮメディアホールディングス,スタンダード（内国株式）,2026-08-31
9409,9409.T,テレビ朝日ホールディングス,プライム（内国株式）,2026-08-31
9412,9412.T,スカパーＪＳＡＴ,プライム（内国株式）,2026-08-31
9413,9413.T,テレビ東京ホールディングス,プライム（内国株式）,2026-08-31
9414,9414.T,日本ＢＳ放送,スタンダード（内国株式）,2026-08-31
9416,9416.T,ビジョン,プライム（内国株式）,2026-08-31
9417,9417.T,スマートバリュー,スタンダード（内国株式）,2026-08-31
9418,9418.T,Ｕ－ＮＥＸＴ　ＨＯＬＤＩＮＧＳ,プライム（内国株式）,2026-08-31
9419,9419.T,ワイヤレスゲート,スタンダード（内国株式）,2026-08-31
9421,9421.T,エヌジェイホールディングス,スタンダード（内国株式）,2026-08-31
9423,9423.T,フォーバル・リアルストレート,スタンダード（内国株式）,2026-08-31
9424,9424.T,日本通信,プライム（内国株式）,2026-08-31
9425,9425.T,ＲｅＹｕｕ　Ｊａｐａｎ,スタンダード（内国株式）,2026-08-31
9428,9428.T,クロップス,スタンダード（内国株式）,2026-08-31
9432,9432.T,ＮＴＴ,プライム（内国株式）,2026-08-31
9433,9433.T,ＫＤＤＩ,プライム（内国株式）,2026-08-31
9434,9434.T,ソフトバンク,プライム（内国株式）,2026-08-31
94345,94345.T,ソフトバンク第１回社債型種類株式,プライム（内国株式）,2026-08-31
94346,94346.T,ソフトバンク第２回社債型種類株式,プライム（内国株式）,2026-08-31
9435,9435.T,光通信,プライム（内国株式）,2026-08-31
9436,9436.T,沖縄セルラー電話,スタンダード（内国株式）,2026-08-31
9438,9438.T,エムティーアイ,プライム（内国株式）,2026-08-31
9439,9439.T,エム・エイチ・グループ,スタンダード（内国株式）,2026-08-31
9441,9441.T,ベルパーク,スタンダード（内国株式）,2026-08-31
9444,9444.T,トーシンホールディングス,スタンダード（内国株式）,2026-08-31
9445,9445.T,フォーバルテレコム,スタンダード（内国株式）,2026-08-31
9446,9446.T,サカイホールディングス,スタンダード（内国株式）,2026-08-31
9449,9449.T,ＧＭＯインターネットグループ,プライム（内国株式）,2026-08-31
9450,9450.T,ファイバーゲート,スタンダード（内国株式）,2026-08-31
9466,9466.T,アイドママーケティングコミュニケーション,スタンダード（内国株式）,2026-08-31
9467,9467.T,アルファポリス,グロース（内国株式）,2026-08-31
9468,9468.T,ＫＡＤＯＫＡＷＡ,プライム（内国株式）,2026-08-31
9470,9470.T,学研ホールディングス,プライム（内国株式）,2026-08-31
9474,9474.T,ゼンリン,プライム（内国株式）,2026-08-31
9475,9475.T,昭文社ホールディングス,スタンダード（内国株式）,2026-08-31
9476,9476.T,中央経済社ホールディングス,スタンダード（内国株式）,2026-08-31
9478,9478.T,ＳＥホールディングス・アンド・インキュベーションズ,スタンダード（内国株式）,2026-08-31
9501,9501.T,東京電力ホールディングス,プライム（内国株式）,2026-08-31
9502,9502.T,中部電力,プライム（内国株式）,2026-08-31
9503,9503.T,関西電力,プライム（内国株式）,2026-08-31
9504,9504.T,中国電力,プライム（内国株式）,2026-08-31
9505,9505.T,北陸電力,プライム（内国株式）,2026-08-31
9506,9506.T,東北電力,プライム（内国株式）,2026-08-31
9507,9507.T,四国電力,プライム（内国株式）,2026-08-31
9508,9508.T,九州電力,プライム（内国株式）,2026-08-31
9509,9509.T,北海道電力,プライム（内国株式）,2026-08-31
9511,9511.T,沖縄電力,プライム（内国株式）,2026-08-31
9513,9513.T,電源開発,プライム（内国株式）,2026-08-31
9514,9514.T,エフオン,スタンダード（内国株式）,2026-08-31
9517,9517.T,イーレックス,プライム（内国株式）,2026-08-31
9519,9519.T,レノバ,プライム（内国株式）,2026-08-31
9531,9531.T,東京瓦斯,プライム（内国株式）,2026-08-31
9532,9532.T,大阪瓦斯,プライム（内国株式）,2026-08-31
9533,9533.T,東邦瓦斯,プライム（内国株式）,2026-08-31
9534,9534.T,北海道瓦斯,プライム（内国株式）,2026-08-31
9535,9535.T,広島ガス,プライム（内国株式）,2026-08-31
9536,9536.T,西部ガスホールディングス,プライム（内国株式）,2026-08-31
9537,9537.T,北陸瓦斯,スタンダード（内国株式）,2026-08-31
9539,9539.T,京葉瓦斯,スタンダード（内国株式）,2026-08-31
9543,9543.T,静岡ガス,プライム（内国株式）,2026-08-31
9551,9551.T,メタウォーター,プライム（内国株式）,2026-08-31
9552,9552.T,クオンツ総研ホールディングス,プライム（内国株式）,2026-08-31
9553,9553.T,マイクロアド,グロース（内国株式）,2026-08-31
9554,9554.T,ＡＶｉＣ,グロース（内国株式）,2026-08-31
9556,9556.T,ＩＮＴＬＯＯＰ,グロース（内国株式）,2026-08-31
9557,9557.T,エアークローゼット,グロース（内国株式）,2026-08-31
9558,9558.T,ジャパニアス,グロース（内国株式）,2026-08-31
9560,9560.T,プログリット,グロース（内国株式）,2026-08-31
9561,9561.T,グラッドキューブ,グロース（内国株式）,2026-08-31
9562,9562.T,ビジネスコーチ,グロース（内国株式）,2026-08-31
9563,9563.T,Ａｔｌａｓ　Ｔｅｃｈｎｏｌｏｇｉｅｓ,グロース（内国株式）,2026-08-31
9564,9564.T,ＦＣＥ,スタンダード（内国株式）,2026-08-31
9565,9565.T,ＧＬＯＥ,グロース（内国株式）,2026-08-31
9601,9601.T,松竹,プライム（内国株式）,2026-08-31
9602,9602.T,東宝,プライム（内国株式）,2026-08-31
9603,9603.T,エイチ・アイ・エス,プライム（内国株式）,2026-08-31
9605,9605.T,東映,プライム（内国株式）,2026-08-31
9610,9610.T,ウィルソン・ラーニング　ワールドワイド,スタンダード（内国株式）,2026-08-31
9612,9612.T,ラックランド,プライム（内国株式）,2026-08-31
9616,9616.T,共立メンテナンス,プライム（内国株式）,2026-08-31
9619,9619.T,イチネンホールディングス,プライム（内国株式）,2026-08-31
9621,9621.T,建設技術研究所,プライム（内国株式）,2026-08-31
9622,9622.T,スペース,プライム（内国株式）,2026-08-31
9625,9625.T,セレスポ,スタンダード（内国株式）,2026-08-31
9627,9627.T,アインホールディングス,プライム（内国株式）,2026-08-31
9628,9628.T,燦ホールディングス,プライム（内国株式）,2026-08-31
9629,9629.T,ピー・シー・エー,プライム（内国株式）,2026-08-31
9632,9632.T,スバル興業,スタンダード（内国株式）,2026-08-31
9633,9633.T,東京テアトル,スタンダード（内国株式）,2026-08-31
9635,9635.T,武蔵野興業,スタンダード（内国株式）,2026-08-31
9636,9636.T,きんえい,スタンダード（内国株式）,2026-08-31
9639,9639.T,三協フロンテア,スタンダード（内国株式）,2026-08-31
9640,9640.T,セゾンテクノロジー,スタンダード（内国株式）,2026-08-31
9644,9644.T,タナベコンサルティンググループ,プライム（内国株式）,2026-08-31
9647,9647.T,協和コンサルタンツ,スタンダード（内国株式）,2026-08-31
9651,9651.T,日本プロセス,スタンダード（内国株式）,2026-08-31
9656,9656.T,グリーンランドリゾート,スタンダード（内国株式）,2026-08-31
9658,9658.T,ビジネスブレイン太田昭和,プライム（内国株式）,2026-08-31
9661,9661.T,歌舞伎座,スタンダード（内国株式）,2026-08-31
9663,9663.T,ナガワ,プライム（内国株式）,2026-08-31
9672,9672.T,東京都競馬,プライム（内国株式）,2026-08-31
9678,9678.T,カナモト,プライム（内国株式）,2026-08-31
9679,9679.T,ホウライ,スタンダード（内国株式）,2026-08-31
9682,9682.T,ＤＴＳ,プライム（内国株式）,2026-08-31
9684,9684.T,スクウェア・エニックス・ホールディングス,プライム（内国株式）,2026-08-31
9685,9685.T,ＫＹＣＯＭホールディングス,スタンダード（内国株式）,2026-08-31
9686,9686.T,東洋テック,スタンダード（内国株式）,2026-08-31
9687,9687.T,ＫＳＫ,スタンダード（内国株式）,2026-08-31
9691,9691.T,両毛システムズ,スタンダード（内国株式）,2026-08-31
9692,9692.T,シーイーシー,プライム（内国株式）,2026-08-31
9697,9697.T,カプコン,プライム（内国株式）,2026-08-31
9698,9698.T,クレオ,スタンダード（内国株式）,2026-08-31
9699,9699.T,ニシオホールディングス,プライム（内国株式）,2026-08-31
9701,9701.T,東京會舘,スタンダード（内国株式）,2026-08-31
9702,9702.T,アイ・エス・ビー,プライム（内国株式）,2026-08-31
9704,9704.T,アゴーラ　ホスピタリティー　グループ,スタンダード（内国株式）,2026-08-31
9706,9706.T,日本空港ビルデング,プライム（内国株式）,2026-08-31
9708,9708.T,帝国ホテル,スタンダード（内国株式）,2026-08-31
9709,9709.T,ＮＣＳ＆Ａ,スタンダード（内国株式）,2026-08-31
9713,9713.T,ロイヤルホテル,スタンダード（内国株式）,2026-08-31
9715,9715.T,トランス・コスモス,プライム（内国株式）,2026-08-31
9716,9716.T,乃村工藝社,プライム（内国株式）,2026-08-31
9720,9720.T,ホテル、ニューグランド,スタンダード（内国株式）,2026-08-31
9722,9722.T,藤田観光,プライム（内国株式）,2026-08-31
9723,9723.T,京都ホテル,スタンダード（内国株式）,2026-08-31
9726,9726.T,ＫＮＴ－ＣＴホールディングス,スタンダード（内国株式）,2026-08-31
9729,9729.T,トーカイ,プライム（内国株式）,2026-08-31
9731,9731.T,白洋舎,スタンダード（内国株式）,2026-08-31
9733,9733.T,ナガセ,スタンダード（内国株式）,2026-08-31
9735,9735.T,セコム,プライム（内国株式）,2026-08-31
9739,9739.T,ＮＳＷ,プライム（内国株式）,2026-08-31
9740,9740.T,セントラル警備保障,プライム（内国株式）,2026-08-31
9742,9742.T,アイネス,プライム（内国株式）,2026-08-31
9743,9743.T,丹青社,プライム（内国株式）,2026-08-31
9744,9744.T,メイテックグループホールディングス,プライム（内国株式）,2026-08-31
9746,9746.T,ＴＫＣ,プライム（内国株式）,2026-08-31
9753,9753.T,アイエックス・ナレッジ,スタンダード（内国株式）,2026-08-31
9755,9755.T,応用地質,プライム（内国株式）,2026-08-31
9757,9757.T,船井総研ホールディングス,プライム（内国株式）,2026-08-31
9759,9759.T,ＮＳＤ,プライム（内国株式）,2026-08-31
9760,9760.T,進学会ホールディングス,スタンダード（内国株式）,2026-08-31
9761,9761.T,東海リース,スタンダード（内国株式）,2026-08-31
9763,9763.T,丸建リース,スタンダード（内国株式）,2026-08-31
9765,9765.T,オオバ,プライム（内国株式）,2026-08-31
9766,9766.T,コナミグループ,プライム（内国株式）,2026-08-31
9767,9767.T,日建工学,スタンダード（内国株式）,2026-08-31
9768,9768.T,いであ,スタンダード（内国株式）,2026-08-31
9769,9769.T,学究社,プライム（内国株式）,2026-08-31
9778,9778.T,昴,スタンダード（内国株式）,2026-08-31
9780,9780.T,ハリマビステム,スタンダード（内国株式）,2026-08-31
9782,9782.T,ディーエムエス,スタンダード（内国株式）,2026-08-31
9788,9788.T,ナック,プライム（内国株式）,2026-08-31
9790,9790.T,福井コンピュータホールディングス,プライム（内国株式）,2026-08-31
9791,9791.T,ビケンテクノ,スタンダード（内国株式）,2026-08-31
9793,9793.T,ダイセキ,プライム（内国株式）,2026-08-31
9795,9795.T,ステップ,プライム（内国株式）,2026-08-31
9799,9799.T,旭情報サービス,スタンダード（内国株式）,2026-08-31
9812,9812.T,テーオーホールディングス,スタンダード（内国株式）,2026-08-31
9816,9816.T,ストライダーズ,スタンダード（内国株式）,2026-08-31
9818,9818.T,大丸エナウィン,スタンダード（内国株式）,2026-08-31
9820,9820.T,エムティジェネックス,スタンダード（内国株式）,2026-08-31
9823,9823.T,マミーマートホールディングス,スタンダード（内国株式）,2026-08-31
9824,9824.T,泉州電業,プライム（内国株式）,2026-08-31
9827,9827.T,リリカラ,スタンダード（内国株式）,2026-08-31
9828,9828.T,Ｇｅｎｋｉ　Ｇｌｏｂａｌ　Ｄｉｎｉｎｇ　Ｃｏｎｃｅｐｔｓ,スタンダード（内国株式）,2026-08-31
9830,9830.T,トラスコ中山,プライム（内国株式）,2026-08-31
9831,9831.T,ヤマダホールディングス,プライム（内国株式）,2026-08-31
9832,9832.T,オートバックスセブン,プライム（内国株式）,2026-08-31
9835,9835.T,ジュンテンドー,スタンダード（内国株式）,2026-08-31
9837,9837.T,モリト,プライム（内国株式）,2026-08-31
9842,9842.T,アークランズ,プライム（内国株式）,2026-08-31
9843,9843.T,ニトリホールディングス,プライム（内国株式）,2026-08-31
9845,9845.T,パーカーコーポレーション,スタンダード（内国株式）,2026-08-31
9846,9846.T,天満屋ストア,スタンダード（内国株式）,2026-08-31
9849,9849.T,共同紙販ホールディングス,スタンダード（内国株式）,2026-08-31
9850,9850.T,グルメ杵屋,プライム（内国株式）,2026-08-31
9853,9853.T,銀座ルノアール,スタンダード（内国株式）,2026-08-31
9854,9854.T,愛眼,スタンダード（内国株式）,2026-08-31
9856,9856.T,ケーユーホールディングス,スタンダード（内国株式）,2026-08-31
9857,9857.T,英和,スタンダード（内国株式）,2026-08-31
9861,9861.T,吉野家ホールディングス,プライム（内国株式）,2026-08-31
9867,9867.T,ソレキア,スタンダード（内国株式）,2026-08-31
9869,9869.T,加藤産業,プライム（内国株式）,2026-08-31
9872,9872.T,北恵,スタンダード（内国株式）,2026-08-31
9876,9876.T,コックス,スタンダード（内国株式）,2026-08-31
9878,9878.T,セキド,スタンダード（内国株式）,2026-08-31
9880,9880.T,イノテック,プライム（内国株式）,2026-08-31
9882,9882.T,イエローハット,プライム（内国株式）,2026-08-31
9885,9885.T,シャルレ,スタンダード（内国株式）,2026-08-31
9887,9887.T,松屋フーズホールディングス,プライム（内国株式）,2026-08-31
9888,9888.T,ＵＥＸ,スタンダード（内国株式）,2026-08-31
9889,9889.T,ＪＢＣＣホールディングス,プライム（内国株式）,2026-08-31
9890,9890.T,マキヤ,スタンダード（内国株式）,2026-08-31
9895,9895.T,コンセック,スタンダード（内国株式）,2026-08-31
9896,9896.T,ＪＫホールディングス,スタンダード（内国株式）,2026-08-31
9900,9900.T,サガミホールディングス,プライム（内国株式）,2026-08-31
9902,9902.T,日伝,プライム（内国株式）,2026-08-31
9903,9903.T,カンセキ,スタンダード（内国株式）,2026-08-31
9904,9904.T,ベリテ,スタンダード（内国株式）,2026-08-31
9906,9906.T,藤井産業,スタンダード（内国株式）,2026-08-31
9908,9908.T,日本電計,スタンダード（内国株式）,2026-08-31
9913,9913.T,日邦産業,スタンダード（内国株式）,2026-08-31
9914,9914.T,植松商会,スタンダード（内国株式）,2026-08-31
9928,9928.T,ミロク情報サービス,プライム（内国株式）,2026-08-31
9929,9929.T,平和紙業,スタンダード（内国株式）,2026-08-31
9930,9930.T,北沢産業,スタンダード（内国株式）,2026-08-31
9932,9932.T,杉本商事,プライム（内国株式）,2026-08-31
9934,9934.T,因幡電機産業,プライム（内国株式）,2026-08-31
9936,9936.T,王将フードサービス,プライム（内国株式）,2026-08-31
9941,9941.T,太洋物産,スタンダード（内国株式）,2026-08-31
9946,9946.T,ミニストップ,プライム（内国株式）,2026-08-31
9948,9948.T,アークス,プライム（内国株式）,2026-08-31
9950,9950.T,ハチバン,スタンダード（内国株式）,2026-08-31
9955,9955.T,ヨンキュウ,スタンダード（内国株式）,2026-08-31
9956,9956.T,バローホールディングス,プライム（内国株式）,2026-08-31
9959,9959.T,アシードホールディングス,スタンダード（内国株式）,2026-08-31
9960,9960.T,東テク,プライム（内国株式）,2026-08-31
9962,9962.T,ミスミグループ本社,プライム（内国株式）,2026-08-31
9969,9969.T,ショクブン,スタンダード（内国株式）,2026-08-31
9972,9972.T,アルテック,スタンダード（内国株式）,2026-08-31
9973,9973.T,ＫＯＺＯホールディングス,スタンダード（内国株式）,2026-08-31
9974,9974.T,ベルク,プライム（内国株式）,2026-08-31
9976,9976.T,セキチュー,スタンダード（内国株式）,2026-08-31
9978,9978.T,文教堂グループホールディングス,スタンダード（内国株式）,2026-08-31
9979,9979.T,大庄,スタンダード（内国株式）,2026-08-31
9980,9980.T,ＭＲＫホールディングス,スタンダード（内国株式）,2026-08-31
9982,9982.T,タキヒヨー,スタンダード（内国株式）,2026-08-31
9983,9983.T,ファーストリテイリング,プライム（内国株式）,2026-08-31
9984,9984.T,ソフトバンクグループ,プライム（内国株式）,2026-08-31
9986,9986.T,蔵王産業,スタンダード（内国株式）,2026-08-31
9987,9987.T,スズケン,プライム（内国株式）,2026-08-31
9989,9989.T,サンドラッグ,プライム（内国株式）,2026-08-31
9990,9990.T,サックスバー　ホールディングス,プライム（内国株式）,2026-08-31
9991,9991.T,ジェコス,プライム（内国株式）,2026-08-31
9993,9993.T,ヤマザワ,スタンダード（内国株式）,2026-08-31
9994,9994.T,やまや,スタンダード（内国株式）,2026-08-31
9996,9996.T,サトー商会,スタンダード（内国株式）,2026-08-31
9997,9997.T,ベルーナ,プライム（内国株式）,2026-08-31
