symbol,open,high,low,close,volume
1301.T,4735,4735,4690,4690,37400
1305.T,4340,4340,4288,4309,45410
1306.T,429.1,429.1,424.1,426.3,15096840
1308.T,4234,4237,4187,4210,95248
1309.T,54400,55000,54150,54990,76
130A.T,436,440,434,434,7200
1311.T,2133,2148,2128,2146,12088
1319.T,753.8,753.8,753.8,753.8,1000
131A.T,1737,1737,1737,1737,0
1320.T,66890,67510,66460,67180,27578
1321.T,67160,67740,66660,67390,282462
1322.T,11300,11600,11215,11600,123
1325.T,293,297.6,293,297.6,8700
1326.T,62200,63240,62150,63240,7964
1328.T,16020,16300,16005,16300,24913
1329.T,6720,6778,6671,6740,321422
132A.T,220,220,220,220,0
1330.T,67190,67830,66800,67610,56289
1332.T,1185,1190.5,1161.5,1163,3429000
1333.T,1310,1310.5,1290.5,1292.5,569700
133A.T,1050,1058,1050,1058,183059
1343.T,1897,1898.5,1883.5,1886,1283370
1345.T,1778,1779,1762,1771,35488
1346.T,67110,67730,66680,67400,23624
1348.T,4268,4269,4222,4247,88191
1349.T,16750,17320,16750,17315,244
134A.T,1500,1500,1500,1500,0
1356.T,104.1,106.5,104.1,105.1,1734560
1357.T,2853,2881,2788,2818,11066590
1358.T,126800,128750,124800,127000,8429
135A.T,4650,4770,4600,4710,58100
1360.T,69.5,70.7,68.3,69.1,138195480
1364.T,3771,3777,3738,3758,1040
1365.T,4080,4169,4039,4118,270236
1366.T,71,73,70,71,1029482
1367.T,3111,3111,3036,3071,27132
1368.T,150,155,150,153,67624
1369.T,65300,65790,64940,65570,2285
1375.T,1179,1179,1172,1179,40800
1376.T,1608,1608,1593,1603,7800
1377.T,4430,4440,4400,4410,133800
1379.T,2138,2144,2118,2136,48000
137A.T,701,704,693,701,2600
1380.T,997,998,996,998,1700
1381.T,3580,3590,3525,3590,1700
1382.T,884,894,884,885,2500
1383.T,3020,3080,3010,3065,1900
1384.T,2165,2171,2145,2145,11800
138A.T,3065,3070,3065,3070,900
1397.T,65620,66200,65370,65850,2089
1398.T,1804.5,1804.5,1775,1775,193640
1399.T,3200,3262,3200,3238,19438
139A.T,3350,3350,3350,3350,0
1401.T,1301,1318,1300,1311,2500
1407.T,2258,2258,2193,2233,517600
140A.T,2055,2055,2053,2053,111
1414.T,1255,1274,1247,1259,4542400
1417.T,3624,3624,3580,3591,249000
1418.T,584,587,581,584,44400
1419.T,2900,2910,2890,2907,73700
141A.T,3755,3765,3650,3650,398100
1420.T,632,633,631,631,16300
1429.T,794,797,791,797,47900
142A.T,876,920,870,915,21200
1430.T,1064,1070,1063,1066,14000
1431.T,660,661,656,657,15300
1433.T,1209,1209,1193,1203,37000
1434.T,1640,1640,1616,1624,11900
1435.T,180,184,179,182,294400
1436.T,1704,1745,1675,1723,33000
1438.T,2280,2330,2280,2330,900
143A.T,716,716,705,705,1400
1443.T,270,275,269,272,94000
1444.T,2731,2731,2724,2731,2100
1446.T,540,541,538,540,5400
1447.T,313,322,303,319,178300
144A.T,450,450,450,450,0
1450.T,1485,1495,1459,1495,1800
1456.T,1282,1290,1270,1278,41871
1457.T,1753,1772,1753,1765,2466
1458.T,79040,80690,78150,79820,131450
1459.T,115,117,112,113,6163125
145A.T,891,895,878,884,2100
1466.T,197,201,196,196,761
1469.T,184,186,183.6,183.6,1390
146A.T,3675,3750,3650,3705,25500
1472.T,75,78,75,75,4268
1473.T,4188,4188,4158,4159,1140
1474.T,37590,37590,36990,37120,1123
1475.T,422.1,422.3,417.5,420.1,1761420
1476.T,1823,1823,1804,1804,143461
1477.T,3400,3400,3358,3371,174
1478.T,5468,5468,5388,5403,16525
1479.T,51360,51360,51360,51360,10
147A.T,1017,1021,1004,1004,55700
1480.T,39360,39360,39360,39360,0
1481.T,3977,3977,3977,3977,1
1482.T,1510,1513,1510,1513,246208
1483.T,3927,3927,3927,3927,0
1484.T,3922,3922,3908,3910,3230
1485.T,54400,54400,54400,54400,0
1486.T,22875,23000,22855,22970,547
1487.T,11545,11565,11545,11550,57
1488.T,1815,1815,1793,1800,55703
1489.T,3620,3622,3573,3585,769578
148A.T,1720,1745,1720,1745,2000
1490.T,7970,7970,7970,7970,0
1491.T,764,773,759,761,28500
1493.T,25800,25920,25800,25870,77
1494.T,44540,44550,44050,44110,507
1495.T,10850,10930,10850,10930,45
1496.T,1618,1620,1617,1620,19044
1497.T,1718,1722,1718,1720,7744
1498.T,32500,32500,32500,32500,1
1499.T,9459,9459,9200,9301,419
149A.T,804,812,804,806,2200
150A.T,840,841,802,823,199100
1514.T,643,649,639,639,285000
1515.T,3320,3490,3295,3485,887800
1518.T,2295,2299,2258,2296,370800
151A.T,632,637,623,630,9000
152A.T,1186,1186,1186,1186,0
153A.T,1666,1710,1629,1694,72700
1540.T,20330,20720,20315,20720,184970
1541.T,8077,8278,8053,8251,18653
1542.T,29480,30280,29425,30240,42646
1543.T,57790,59970,57700,59600,135
1545.T,231.1,235,231.1,235,2839240
1546.T,78710,79500,78700,79500,550
1547.T,12965,13105,12965,13095,11716
154A.T,6610,6610,6610,6610,0
1550.T,7936,8034,7933,8010,9054
1551.T,7218,7291,7150,7150,150
1554.T,6688,6771,6687,6771,739
1555.T,2248,2248,2224,2228,394
1557.T,119000,120200,118850,120200,803
1559.T,4700,4700,4633,4700,181
155A.T,839,846,824,835,44600
1560.T,6181,6181,6120,6170,315
1563.T,2455,2515,2446,2489,28968
1566.T,51950,52610,51950,52570,2318
1568.T,1007.5,1007.5,983.3,996.2,2481840
1569.T,731.5,738.8,731.5,735.6,253270
156A.T,880,884,872,876,14700
1570.T,65930,67550,65420,66860,2199655
1571.T,301,304,298,300,1326275
1572.T,6490,6670,6490,6670,600
1573.T,8400,8400,8360,8360,20
1577.T,61000,61000,60230,60470,6580
1578.T,5184,5225,5149,5199,3483
1579.T,716.5,729.7,706.8,722,13442530
157A.T,768,768,757,768,4100
1580.T,798.9,803.8,791.2,795,903920
1585.T,2617.5,2617.5,2617.5,2617.5,0
1586.T,3112,3112,3070,3088,37
158A.T,2227,2227,2227,2227,0
1591.T,37260,37260,36770,36880,495
1592.T,3392,3395,3358,3376,13631
1593.T,37870,37950,37610,37750,9101
1595.T,1809,1809,1791,1791,33006
1596.T,3049,3049,3049,3049,0
1597.T,1796,1797,1783,1789,172566
1599.T,37540,37540,37300,37470,42
159A.T,745.7,745.7,731.9,735.1,174730
1605.T,3903,3948,3900,3913,5445900
160A.T,1970,1984,1963,1963,5800
1615.T,767.2,772.4,752.8,761,3664000
1617.T,48050,48050,47360,47400,400
1618.T,37740,37750,37300,37300,3252
1619.T,45100,45180,44690,44690,452
161A.T,1125,1125,1125,1125,0
1620.T,36410,36490,36160,36400,74
1621.T,29900,30750,29900,30710,483
1622.T,34510,34510,34220,34320,633
1623.T,62880,63030,61900,62770,541
1624.T,82210,82210,81340,81800,86
1625.T,62750,63200,62260,62910,1004
1626.T,50350,50350,49660,49820,134
1627.T,13100,13100,12740,12760,3955
1628.T,22425,22510,22300,22300,324
1629.T,284.5,284.5,279,280.8,888760
162A.T,16645,16650,16480,16650,26
1630.T,35770,36400,35770,36400,220
1631.T,41350,41600,40750,41320,9575
1632.T,44150,44410,43700,43860,1015
1633.T,48790,49120,48550,48550,114
163A.T,18345,18950,18345,18950,5981
164A.T,1980,1980,1980,1980,0
1651.T,3378,3378,3319,3335,14239
1652.T,5052,5052,5052,5052,0
1653.T,5111,5111,5111,5111,0
1654.T,3340,3340,3340,3340,0
1655.T,859.1,868,858.6,868,996050
1656.T,300,301.5,299.2,301.4,47120
1657.T,7175,7200,7114,7199,839
1658.T,4253,4339,4253,4315,8219
1659.T,3702,3726,3698,3716,2231
1660.T,10410,10410,10285,10380,5206
1662.T,1936,1944,1922,1929,1089100
1663.T,1980,1981,1936,1936,289500
166A.T,1087,1102,1074,1087,338500
1671.T,6138,6185,6121,6131,140185
1673.T,9265,9522,9264,9522,9340
1674.T,25300,25760,25295,25680,206
1675.T,18445,18945,18405,18945,188
1676.T,42350,43310,41920,41920,57
1677.T,57920,58290,57920,58290,30
1678.T,293.6,295.3,293.3,294.8,438760
1679.T,64630,64630,64630,64630,20
167A.T,3310,3320,3270,3300,188700
1680.T,8187,8260,8164,8243,595
1681.T,3348,3379,3338,3379,3823
1684.T,2695,2797.5,2695,2763,130
1686.T,3060,3060,3060,3060,0
1689.T,718,722,715,719,20060
168A.T,1045,1050,1045,1049,1600
1690.T,2661,2705,2661,2702,920
1691.T,16565,16785,16500,16500,53
1692.T,685,695,685,688,11900
1693.T,8796,8880,8790,8859,8190
1694.T,2195,2198,2195,2198,30
1695.T,3607,3607,3550,3551,5424
1698.T,4421,4421,4368,4399,18090
1699.T,705.2,709,703.4,704.7,363340
170A.T,3150,3150,3104,3118,129
1711.T,246,248,246,247,15400
1716.T,1373,1379,1368,1375,21100
1717.T,934,940,934,940,7500
1718.T,7090,7130,7090,7130,500
1719.T,1932,1936,1912.5,1915.5,729900
171A.T,2167,2167,2167,2167,0
1720.T,1238,1241,1220,1241,478100
1721.T,5630,5868,5576,5868,2288200
1723.T,2624,2670,2580,2639,210100
1724.T,719,720,716,720,1600
172A.T,2234,2234,2234,2234,0
1736.T,2484,2500,2453,2500,4000
173A.T,1561,1565,1536,1564,1200
1758.T,2399,2480,2399,2480,1200
175A.T,643,651,633,651,2400
1762.T,4275,4275,4190,4260,53700
1764.T,2678,2700,2678,2681,400
1766.T,13530,13530,13300,13300,30400
1768.T,1045,1045,1030,1037,3700
1770.T,2339,2339,2298,2301,5500
1773.T,86,88,86,86,4000
177A.T,828,835,828,834,3900
1780.T,1496,1500,1489,1495,23300
1783.T,68,74,68,71,3823300
1786.T,357,358,354,356,425400
1787.T,5640,5640,5640,5640,100
1788.T,4035,4070,4035,4070,500
178A.T,1609,1627,1573,1627,1359
1793.T,2120,2125,2105,2121,1200
1795.T,5630,5630,5630,5630,200
1798.T,1091,1098,1091,1098,300
1799.T,3310,3340,3295,3310,13500
179A.T,238.4,238.9,238.1,238.9,16060
1801.T,12830,12900,12595,12620,1054000
1802.T,3138,3144,3083,3083,3823900
1803.T,2410,2423,2358,2358,4011100
1807.T,1902,1934,1902,1934,800
1808.T,2777,2784.5,2729.5,2733,1332100
180A.T,273.9,277.2,273.9,277,14550
1810.T,1485,1485,1460,1467,70500
1811.T,7640,7640,7460,7570,4000
1812.T,5082,5096,4979,4979,2832700
1813.T,3035,3070,2982,3055,127000
1814.T,3670,3670,3615,3635,55300
1815.T,4585,4600,4520,4525,68300
181A.T,519.9,522.9,519.9,521.9,10650
1820.T,5737,5745,5677,5685,112200
1822.T,847,847,831,831,269800
1826.T,1078,1089,1070,1073,37900
1827.T,1464,1464,1381,1409,19800
1828.T,2464,2470,2445,2445,5600
182A.T,477.4,480.5,477,479.2,7450
1833.T,5840,5840,5770,5770,192200
1835.T,3955,3970,3930,3960,112700
183A.T,422.6,422.6,422.6,422.6,0
1840.T,251,252,247,251,12700
1844.T,449,450,441,441,60800
1847.T,3410,3430,3390,3430,30200
1848.T,820,820,808,810,21500
184A.T,327,327,321,321,2100
1850.T,438,439,433,433,8400
1852.T,909,912,904,908,420000
1853.T,324,328,324,326,22800
185A.T,886,886,886,886,0
1860.T,1524.5,1537.5,1500.5,1518.5,1068500
1861.T,1322,1328,1311,1327,911300
1866.T,1133,1140,1116,1123,9800
1867.T,2740,2740,2729,2729,1400
186A.T,1096,1156,1075,1153,4816300
1870.T,2190,2200,2174,2193,135200
1871.T,2191,2191,2170,2181,86200
1873.T,310,315,310,312,58000
1878.T,3376,3391,3352,3352,2113800
1879.T,2344,2350,2307,2317,172300
1882.T,1622,1622,1608,1610,335400
1885.T,2210,2222,2173,2189,474600
1887.T,553,554,550,550,210000
1888.T,3695,3715,3660,3695,14600
188A.T,833,835,819,823,1476
1893.T,1583,1601,1564.5,1582,2655400
1897.T,3700,3700,3660,3700,1300
1898.T,1501,1502,1491,1491,191700
1899.T,4695,4740,4640,4710,52000
189A.T,1063,1083,1063,1083,2700
1904.T,5240,5240,5160,5160,11300
1905.T,1450,1471,1446,1446,3200
190A.T,68,69,68,69,286400
1911.T,1245.5,1255,1226,1226.5,6311900
1914.T,815,815,802,807,14400
1921.T,1996,2043,1957,2004,22900
1925.T,4601,4622,4547,4558,3465400
1926.T,3950,3950,3910,3925,159900
1928.T,3406,3412,3350,3350,3405200
1929.T,1250,1251,1238,1241,82700
192A.T,1267,1282,1265,1282,1700
1930.T,1607,1619,1602,1608,49800
1934.T,2677,2680,2624,2642,167800
1938.T,2632,2648,2598,2615,72100
1939.T,2305,2316,2268,2303,109500
1941.T,5200,5220,5140,5150,93300
1942.T,5642,5672,5543,5543,1158900
1944.T,6970,7008,6897,6929,842000
1945.T,2180,2195,2151,2180,161200
1946.T,2236,2269,2231,2252,230400
1948.T,11430,11440,11430,11430,8400
194A.T,1755,1759,1694,1694,55200
1950.T,4150,4195,4095,4125,170500
1951.T,2637.5,2645,2607.5,2621,623900
1952.T,3270,3280,3230,3240,231900
1959.T,8123,8140,8033,8087,288100
195A.T,694,720,694,720,19200
1960.T,1670,1690,1658,1665,12500
1961.T,2525,2550,2509,2531,739000
1963.T,2359,2377.5,2328.5,2334.5,1448900
1964.T,3950,3970,3910,3930,34000
1965.T,7130,7260,7040,7130,91500
1966.T,1753,1756,1731,1741,5900
1967.T,2125,2138,2090,2124,20100
1968.T,2590,2594,2558,2558,228500
1969.T,4662,4751,4599,4713,747000
196A.T,319,321,310,310,30800
1972.T,1319,1320,1309,1312,18200
1975.T,3990,4000,3890,3915,88800
1976.T,1746,1748,1707,1713,112000
1979.T,3870,3900,3830,3845,306900
197A.T,519,523,517,523,162900
1980.T,2910,2963,2906,2926,657800
1981.T,1326,1331,1326,1331,1300
1982.T,3235,3250,3200,3220,126900
198A.T,164,164,162,163,12100
1992.T,2986,2986,2986,2986,0
1994.T,627,627,618,621,3600
1997.T,4005,4090,4005,4055,1600
199A.T,1350,1350,1350,1350,0
2001.T,3020,3020,2963,2979,233700
2002.T,2072,2072,1998,1998,2012800
2003.T,1922,1926,1909,1916,19000
2004.T,3960,3965,3935,3945,51400
2009.T,1110,1112,1107,1112,11000
200A.T,4139,4289,4137,4289,1523722
2011.T,864.8,871,855.9,855.9,18810
2012.T,237.3,239.8,237.3,239.5,152720
2013.T,304.1,306,303.5,305.4,42460
2014.T,310.3,311.9,309.3,311.5,62430
2015.T,2053,2069,2053,2069,1254
2016.T,1721,1735,1718,1735,322615
2017.T,1520,1529,1513,1517,5458
2018.T,1223,1236,1223,1232,192
2019.T,970,983,968,976,5162
201A.T,171.1,174.1,171,173.2,51510
2034.T,1854,1878,1853,1871,11966
2038.T,2738,2809,2738,2770,134455
2039.T,473,475,469,471,419227
203A.T,160,160,160,160,0
2042.T,8194,8335,8194,8324,1526
2044.T,33880,33880,33510,33630,2473
2046.T,22310,22510,22310,22370,306
2047.T,3462,3539,3462,3539,7
204A.T,1250,1250,1250,1250,0
2050.T,31660,31660,31660,31660,0
2053.T,2078,2079,2048,2058,83300
2055.T,344,348,344,346,4900
205A.T,1668,1684,1668,1683,28300
2060.T,1486,1486,1462,1473,116600
2066.T,23500,23500,23500,23500,10
2067.T,28800,28800,28800,28800,3
206A.T,163,169,163,169,41500
2070.T,16850,16850,16850,16850,0
2071.T,19665,19665,19665,19665,0
2072.T,21695,21695,21695,21695,0
2073.T,15860,15860,15860,15860,0
207A.T,1400,1400,1400,1400,0
2080.T,2090,2090,2051,2060,21947
2081.T,2178,2178,2154,2154,63
2082.T,1264,1264,1243,1244,18
2083.T,3950,3950,3910,3941,3029
2084.T,3929,3929,3885,3926,2395
2085.T,799,799,789.9,791,13970
2086.T,3040,3040,3040,3040,1
2087.T,3436,3456,3436,3456,5273
2088.T,2590,2605,2590,2605,112
2089.T,2828,2829,2827,2829,202
208A.T,2910,2922,2910,2910,2800
2090.T,4241,4241,4241,4241,4
2091.T,4411,4417,4411,4417,5
2092.T,4428,4428,4428,4428,0
2093.T,5192,5223,5189,5223,46
2094.T,794,804,794,804,82922
2095.T,1151,1151,1142,1142,59
2096.T,993,993,984,984,10804
2097.T,934,934,915,915,48398
2098.T,970,970,961,967,4499
209A.T,780,780,780,780,0
2108.T,5300,5300,5160,5230,88600
2109.T,3880,3885,3850,3855,63100
210A.T,1543,1546,1534,1536,46423
2112.T,464,467,462,463,22800
2114.T,675,676,673,674,18900
2117.T,2883,2883,2854,2855,25700
211A.T,3290,3290,3290,3290,100
2120.T,239,240,232,232,3637700
2121.T,3820,3825,3770,3810,228000
2122.T,1438,1440,1402,1416,13400
2124.T,1051,1056,1038,1049,561400
2127.T,660.7,660.8,654.3,656.7,2412300
212A.T,2751,2798,2735,2788,130300
2130.T,926,928,920,925,31700
2134.T,18,18,17,17,5087300
2136.T,1405,1436,1400,1414,16200
2138.T,430,434,423,426,9700
2139.T,520,521,519,519,2900
213A.T,383,395.9,382.6,393.6,1277750
2146.T,242,243,239,241,5931900
2148.T,1169,1169,1151,1155,46600
2152.T,1547,1548,1547,1548,200
2153.T,1891,1899,1880,1891,66900
2154.T,2040,2040,2009,2025,156800
2156.T,280,282,280,282,1800
2157.T,1003,1014,999,1003,654300
2158.T,634,643,624,641,166000
215A.T,1322,1338,1304,1322,1827600
2160.T,3045,3260,3015,3250,2270400
2163.T,956,956,948,954,21900
2164.T,110,114,110,113,36600
2168.T,1599,1603,1556,1556,199300
2169.T,1744,1744,1740,1740,2700
216A.T,1250,1250,1250,1250,0
2170.T,670,690,664,690,346500
2173.T,735,737,730,737,6300
2175.T,2676,2696,2666,2673,261000
2179.T,821,822,810,821,2000
217A.T,382,382,382,382,0
2181.T,300.9,301.3,291.9,291.9,20214400
2183.T,207,207,204,205,21900
2185.T,2004,2009,2001,2009,2800
2186.T,900,900,896,896,3300
218A.T,1062,1071,1036,1038,247900
2193.T,130,131,129,131,140800
2195.T,380,386,374,380,23300
2198.T,778,782,773,774,16400
219A.T,2480,2663,2433,2662,814100
2201.T,2510,2510,2480.5,2480.5,365700
2204.T,3155,3165,3130,3130,9400
2206.T,5056,5058,5003,5038,343300
2207.T,3470,3470,3435,3450,32100
2208.T,3145,3150,3120,3125,4500
2209.T,2364,2372,2359,2359,35400
220A.T,959,959,950,957,800
2211.T,2520,2530,2509,2530,41400
2212.T,3750,3754,3642,3647,1254400
2215.T,616,619,616,619,2600
2216.T,1090,1099,1087,1099,40800
2217.T,1487,1492,1486,1491,39500
221A.T,1074,1117,1072.5,1115,187050
2220.T,1322,1323,1300,1318,315200
2221.T,3050,3050,3040,3050,1300
2222.T,2584,2597,2545,2597,555900
2224.T,3715,3725,3710,3720,1400
2226.T,4905,4910,4895,4895,6500
2229.T,3052,3057,3027,3027,258700
222A.T,60,60,60,60,0
2235.T,3495,3539,3495,3539,625
2236.T,1423,1433,1422,1431,1607
2237.T,2421,2425,2403,2424,7443
2238.T,5322,5322,5261,5261,699
2239.T,26230,26455,26215,26455,660
223A.T,1790,1821,1788,1815,4302
2240.T,5359,5359,5359,5359,0
2241.T,900,908.6,899.8,908,1600
2242.T,670.7,670.7,665.9,667.3,50
2243.T,4298,4359,4267,4354,143358
2244.T,3560,3606,3551,3605,49411
2245.T,684,684,684,684,0
2247.T,2236,2264,2236,2262,1637
2248.T,2731,2743,2731,2741,37266
2249.T,9529,9529,9441,9443,373
224A.T,1515,1544,1515,1534,6195
2250.T,370.2,370.2,370.2,370.2,0
2251.T,911,911.5,908,910.3,32530
2252.T,1386,1391,1378,1390,20365
2253.T,1311,1322,1311,1317,20106
2254.T,971,984,971,984,1387
2255.T,196.1,197.9,196.1,197.9,406800
2256.T,215.4,216.9,215,216.7,18460
2257.T,217,218.1,215.6,218,8790
2258.T,220.3,223,220.3,222.8,59420
2259.T,175.4,175.4,174.9,175.3,550090
2264.T,1145,1147,1133,1142,2161400
2266.T,1107,1119,1106,1114,442400
2267.T,2855.5,2861.5,2803,2815.5,1355900
2268.T,4045,4055,4045,4045,2300
2269.T,4373,4379,4307,4356,1529400
226A.T,600,600,600,600,0
2270.T,3795,3795,3730,3750,223200
227A.T,1230,1230,1230,1230,0
2281.T,2433,2437,2407,2407,333200
2282.T,6250,6250,6078,6078,1226500
2286.T,905,907,900,906,12900
2288.T,2318,2318,2302,2311,210500
228A.T,1684,1738,1684,1738,1300
2291.T,508,509,507,509,3600
2292.T,2790,2798,2743,2744,142500
2293.T,2674,2675,2652,2652,5900
2294.T,2490,2505,2490,2501,12500
2296.T,5090,5090,4975,4975,459100
229A.T,760,760,760,760,0
2300.T,496,498,496,497,1100
2301.T,1779,1794,1774,1777,84700
2303.T,1364,1374,1357,1357,11200
2304.T,910,910,909,909,2300
2305.T,1870,1876,1864,1873,23300
2307.T,1080,1085,1066,1078,50200
2311.T,783,790,781,788,8900
2315.T,65,68,64,65,3996000
2317.T,441,442,438,440,742500
2321.T,145,146,142,142,320100
2323.T,359,363,354,356,29300
2325.T,4530,4560,4510,4545,24600
2326.T,4950,4990,4910,4945,150800
2327.T,3913,3925,3694,3757,1826600
2329.T,501,506,501,504,43200
2330.T,91,94,91,92,451500
2331.T,1260,1271,1230,1230,3216900
2332.T,1681,1707,1680,1702,6500
2334.T,588,596,575,588,897400
2335.T,1105,1108,1103,1105,35600
2337.T,409,409,403,406,1938300
2338.T,112,115,112,115,102400
233A.T,1760,1784,1760,1779,13894
2340.T,538,540,537,540,38400
2341.T,172,173,171,173,17500
2342.T,257,258,253,256,35300
2345.T,102,103,99,100,55700
2349.T,2510,2600,2498,2524,6200
234A.T,1520,1520,1502,1502,518
2351.T,337,342,330,331,9200
2353.T,271,273,267,272,2059600
2354.T,1331,1360,1303,1352,457300
2359.T,2116,2132,2102,2122,17700
235A.T,1480,1480,1460,1469,1794
236A.T,435.9,437.4,435.9,436.4,94670
2370.T,24,25,24,25,215300
2371.T,3788,3835,3774,3835,506500
2373.T,445,447,440,446,16700
2375.T,200,203,199,200,32400
2376.T,793,804,793,798,500
2378.T,1051,1054,1050,1052,46200
2379.T,1854,1855,1839,1848,327000
237A.T,143.9,146,143.9,145,272640
2384.T,5110,5280,5100,5260,136000
2385.T,220,220,217,218,19200
2388.T,32,32,31,31,139800
238A.T,120.8,121.6,120.8,121.3,263410
2391.T,1171,1175,1169,1170,5100
2393.T,4370,4520,4370,4470,11000
2395.T,1356,1362,1344,1348,138500
239A.T,450,450,450,450,0
2404.T,534,535,532,534,9200
2408.T,821,826,817,819,3000
2410.T,2894,2898,2874,2885,51500
2411.T,472,473,466,470,27100
2413.T,1790.5,1794.5,1753,1773,3335500
2415.T,1603,1624,1603,1624,1600
2418.T,603,603,596,597,78100
241A.T,414,420,414,416,5300
2424.T,622,622,614,614,4100
2425.T,665,665,663,663,400
2428.T,622,624,622,623,20300
2429.T,2926,2926,2873,2873,48100
2432.T,2563,2570,2516,2545.5,1454000
2433.T,1333,1340,1295.5,1295.5,2296200
2435.T,206,208,205,206,15700
2436.T,577,596,577,592,53500
2437.T,610,622,609,620,14200
2438.T,345,345,341,341,12900
243A.T,1122,1122,1122,1122,0
2440.T,125,125,122,123,131500
2445.T,400,405,400,404,54700
2449.T,1060,1065,1060,1061,3100
244A.T,1228,1228,1190,1193,1900
2454.T,350,351,347,348,5400
2459.T,180,181,177,179,27600
245A.T,2486,2499,2486,2488,400
2461.T,388,391,376,376,1015600
2462.T,1513,1515,1506,1510,19500
2464.T,378,378,373,373,4500
2469.T,2762,2776,2740,2740,9000
246A.T,1069,1069,1053,1067,5900
2471.T,282,288,281,287,257000
2475.T,1780,1784,1761,1783,17400
2477.T,3320,3425,3250,3380,14400
2479.T,263,268,260,268,105000
247A.T,1006,1010,985,996,801400
2480.T,1850,1879,1848,1879,700
2481.T,695,703,695,697,1100
2483.T,2248,2272,2200,2272,12500
2484.T,158,158,151,152,468100
2485.T,453,453,450,451,16700
2488.T,1438,1443,1424,1442,7600
2489.T,417,417,407,411,124900
248A.T,805,808,805,808,300
2491.T,479,480,473,475,102700
2492.T,720,728,709,713,2695600
2493.T,950,956,950,956,6000
2497.T,526,529,526,526,10500
2498.T,3165,3165,3115,3140,4600
2499.T,310,311,309,310,7400
249A.T,340,340,340,340,0
2501.T,1890,1895,1848,1848,1567000
2502.T,1634,1636.5,1610,1610,7765000
2503.T,2882.5,2885,2827,2848.5,4237400
250A.T,1602,1609,1592,1597,220600
2510.T,795.3,797.5,795,797.1,119320
2511.T,1125,1135,1124.5,1135,137360
2512.T,710,712.6,710,711.5,3910
2513.T,3501,3542,3497,3542,1695
2514.T,2052,2052,2017,2017,269
2515.T,1593,1640,1576,1580,91711
2516.T,629.5,642.5,625,640.9,425170
2517.T,1080,1080,1057,1057,72140
2518.T,2454,2454,2427,2440,504
2519.T,1134,1144.5,1111,1139,3180
251A.T,256,256,256,256,0
2520.T,2310,2340,2302,2340,3095
2521.T,2149,2160,2149,2160,1018
2522.T,8582,8674,8537,8674,1449
2523.T,3200,3200,3200,3200,0
2524.T,4177,4182,4165,4182,32756
2525.T,65140,65870,65140,65870,22876
2526.T,37290,37350,37290,37300,13903
2527.T,1085,1085,1072,1072,95244
2528.T,1057,1057,1048,1048,34507
2529.T,2426,2426,2384,2396,21673
252A.T,2566,2566,2566,2566,0
2530.T,17380,17380,17030,17365,36
2531.T,2530,2553,2502,2502,815100
2533.T,480,486,480,484,103400
253A.T,1043,1057,1038,1038,19200
254A.T,1198,1218,1198,1214,9200
2552.T,1897,1897,1880,1880,1901
2553.T,2518,2518,2441,2475.5,18970
2554.T,731,732,731,731.9,620
2555.T,1814,1819.5,1800,1800,24090
2556.T,1828.5,1828.5,1804,1811,62280
2557.T,4170,4170,4124,4143,13610
2558.T,3430,3471,3429,3469,232044
2559.T,2926,2962,2922,2951,305900
255A.T,5180,5260,5130,5230,23200
2560.T,53090,53090,53090,53090,0
2561.T,1979,1995,1973,1983,41497
2562.T,3610,3610,3595,3607,12487
2563.T,402.3,403.8,402.1,403.4,65820
2564.T,3745,3745,3694,3709,28877
2565.T,868,872,864,866,5942
2566.T,1007,1007,990,999,142570
2567.T,542,542,542,542,0
2568.T,7877,7976,7866,7976,3062
2569.T,4286,4312,4279,4312,3583
256A.T,2280,2292,2251,2277,168700
2573.T,4090,4090,4070,4080,1600
2579.T,3841,3857,3801,3830,1044600
257A.T,3334,3355,3334,3355,112
2585.T,1351,1352,1307,1341,970500
2586.T,66,66,64,64,960400
2587.T,4580,4580,4501,4513,846600
2588.T,3770,3770,3720,3720,2500
258A.T,2026,2026,2018,2018,608
2590.T,3040,3040,3000,3010,65700
2593.T,3228,3230,3165,3165,922500
25935.T,1806,1806,1800,1800,10800
2594.T,2013,2022,2008,2008,82900
2597.T,1265,1276,1262,1276,4900
2602.T,2104,2132,2094,2107,845100
2607.T,4514,4514,4430,4453,239000
2612.T,2867,2882,2856,2880,310500
2613.T,2312,2312,2279,2291,66300
261A.T,1964,1979,1964,1971,7500
2620.T,360.6,363.3,360.6,362.7,1033390
2621.T,991,994,990,992,543362
2622.T,1682,1689,1682,1688,41
2623.T,1914,1914,1910,1912,1361
2624.T,6524,6585,6480,6552,15977
2625.T,4121,4123,4080,4099,623
2626.T,3448,3448,3374,3389,11824
2627.T,1588,1588,1580,1580,3
2628.T,3849,4063,3800,3990,13349
2629.T,3859,4060,3859,4007,21524
262A.T,1762,1762,1733,1741,137900
2630.T,15955,16045,15955,16045,2743
2631.T,32860,33290,32820,33280,9118
2632.T,17850,17980,17835,17980,1945
2633.T,550,555.2,549,555.2,116640
2634.T,3140,3150,3139,3150,10457
2636.T,4862,4862,4806,4811,108
2637.T,2612,2620,2577,2620,3319
2638.T,2590,2620,2588,2608,21817
2639.T,1725,1725,1713,1723,312
263A.T,800,800,800,800,0
2640.T,4330,4330,4167,4288,18462
2641.T,4605,4605,4521,4551,17972
2642.T,53870,53870,53870,53870,1
2643.T,4262.8799,4262.8799,4262.8799,4262.8799,0
2644.T,3733,3867,3730,3851,530543
2645.T,3117,3117,3055,3063,44
2646.T,3704,3782,3704,3781,1645
2647.T,5629,5658,5629,5658,437
2648.T,3254,3259,3254,3259,521
2649.T,572,572,568.8,568.8,2670
264A.T,345,346,332,332,45200
2652.T,443,443,435,435,137500
2653.T,2817,2818,2804,2817,11300
2654.T,429,435,429,435,6200
2656.T,154,156,153,154,104100
2659.T,3435,3435,3370,3390,237100
265A.T,765,771,745,762,40300
2664.T,3710,3720,3645,3720,49900
2666.T,191,191,189,190,52800
2667.T,114,116,108,108,337100
2668.T,1270,1274,1270,1274,800
2669.T,3930,3955,3915,3945,2100
266A.T,1350,1350,1350,1350,0
2670.T,2712,2715,2675.5,2684,480900
2673.T,105,107,105,106,24600
2674.T,2595,2601,2571,2595,34200
2676.T,2085,2085,2069,2072,17000
2678.T,1256,1259,1243,1243,437900
267A.T,1815,1815,1815,1815,0
2681.T,2348,2376,2316,2357,118900
2683.T,994,994,992,992,1500
2685.T,3185,3185,3120,3130,204400
2687.T,490,492,490,492,2300
2689.T,1927,1929,1920,1925,3000
268A.T,1564,1615,1555,1592,2745300
2693.T,282,286,282,286,12800
2694.T,72,72,71,72,108400
2695.T,1709,1709,1663,1673,300200
2698.T,3220,3275,3220,3250,16800
269A.T,2966,2966,2920,2920,3300
2700.T,1765,1768,1725,1730,12400
2702.T,7900,7930,7830,7860,532600
2705.T,8990,9080,8800,8850,19100
2708.T,1900,1907,1900,1900,500
271A.T,1500,1500,1500,1500,0
2721.T,102,103,100,103,57000
2722.T,360,361,360,360,3300
2726.T,1498,1498,1474,1486,653700
2730.T,2519,2520,2492,2516,336300
2733.T,2744,2744,2705,2705,199100
2734.T,1239,1241,1228,1241,237200
2735.T,720,727,719,720,21000
2736.T,600,601,599,599,1600
2737.T,36550,36850,34850,36850,274500
273A.T,9799,9799,9451,9550,444
2742.T,4020,4020,3940,3965,44400
2747.T,3145,3145,3100,3140,1300
2749.T,680,680,675,675,293100
274A.T,2252,2256,2244,2254,4500
2750.T,1359,1364,1356,1356,6700
2751.T,3635,3635,3580,3580,9900
2752.T,1152,1167,1152,1166,98200
2753.T,1399,1409,1399,1403,34400
2760.T,4210,4240,4165,4240,91400
2762.T,66,72,66,71,689300
2764.T,171,172,167,168,131600
2767.T,2670,2670,2615,2647,410400
2768.T,5940,5949,5851,5872,1406900
2769.T,925,925,921,925,3500
276A.T,4155,4315,4080,4315,21000
2776.T,97,98,95,95,163900
2778.T,112,113,112,113,22500
277A.T,1850,1856,1818,1845,64200
2780.T,4520,4540,4465,4465,93500
2782.T,4785,4785,4695,4735,307800
2784.T,2377.5,2384.5,2342.5,2353,1003300
2788.T,438,443,412,416,774100
2789.T,474,477,473,477,3000
278A.T,19310,19740,18070,19740,1767600
2790.T,2119,2120,2103,2120,4300
2791.T,4555,4590,4530,4560,39500
2792.T,1445,1452,1443,1445,48700
2795.T,965,965,956,956,200
2796.T,494,499,490,499,33400
2798.T,2997,2997,2994,2997,800
279A.T,1550,1550,1550,1550,0
2801.T,1663.5,1675.5,1642.5,1655,5480600
2802.T,4981,4994,4890,4904,3050400
2804.T,1872,1888,1868,1875,19300
2805.T,7770,7930,7640,7930,113700
2806.T,1911,1922,1894,1917,1500
2809.T,4598,4600,4440,4440,1055600
280A.T,1109,1119,1100,1110,18300
2810.T,4000,4000,3926,3974,441700
2811.T,2735,2735.5,2692,2692,1460800
2813.T,3930,3930,3855,3875,1000
2814.T,1921,1930,1900,1900,10100
2815.T,5240,5280,5230,5250,113400
2816.T,1420,1421,1418,1419,3700
2818.T,1770,1770,1756,1756,3500
2819.T,2506,2517,2506,2515,4800
281A.T,397,407,397,399,67900
2820.T,6510,6560,6410,6500,12800
282A.T,2180,2261,2180,2260,168762
2831.T,3700,3700,3685,3685,1100
2836.T,3356,3356,3291,3356,16
2837.T,4880,4916,4865,4888,772
2838.T,8389,8389,8389,8389,32
2839.T,4878,4879,4878,4879,431
283A.T,1299,1311,1296,1311,34493
2840.T,2650,2680,2641,2678,77868
2841.T,1683,1695,1682,1695,8832
2842.T,12235,12250,12155,12160,3983
2843.T,3625,3625,3624,3625,28504
2844.T,5386,5433,5386,5423,1495
2845.T,3534,3554,3522,3554,2343
2846.T,2517,2517,2497,2500,4051
2847.T,3090,3090,3031,3031,261
2848.T,3118,3118,3035,3053,1307
2849.T,5620,5620,5518,5518,78
284A.T,2335,2335,2335,2335,0
2851.T,386.4,396,386.4,396,4220
2852.T,171.7,171.7,170.1,170.1,2210
2853.T,604,604,604,604,0
2854.T,2625,2730,2625,2730,55010
2855.T,920,920,914,914,1331
2856.T,638,638.7,637.1,638,6430
2857.T,614.7,615.8,614.7,615.4,1090
2858.T,1488,1509,1488,1507,494
2859.T,3178,3178,3161,3169,164
285A.T,50800,54570,50600,54570,34475500
2860.T,3226,3227,3220,3227,111
2861.T,5374,5374,5338,5371,16
2862.T,3769,3769,3769,3769,1
2864.T,1286,1299,1286,1299,308
2865.T,1268,1280,1267,1280,425211
2866.T,949,957,948,957,25707
2867.T,1649,1683,1649,1683,1606
2868.T,1123,1134,1123,1134,89196
2869.T,2900,2938,2889,2925,221705
286A.T,792,792,769,770,43800
2870.T,7636,7661,7533,7542,13882
2871.T,2206,2227.5,2191.5,2210,2239800
2872.T,1928,1928,1923,1924,1400
2874.T,2174,2183,2123,2164,135000
2875.T,9900,9922,9685,9737,788900
2876.T,485,485,474,474,1600
2877.T,747,752,743,752,2700
287A.T,1146,1150,1134,1142,256000
2882.T,2010,2018,2007,2011,14300
2883.T,2049,2054,2048,2054,5500
2884.T,621,626,618,622,36100
288A.T,92,94,92,92,31800
2892.T,4760,4870,4760,4870,6100
2894.T,364,364,358,363,2900
2897.T,2976,2976,2941,2943.5,1177600
2901.T,145,148,144,148,76300
2903.T,1635,1635,1601,1608,1200
2904.T,754,756,754,755,1300
2907.T,1540,1565,1540,1550,4900
2908.T,1630,1639,1626,1638,46500
290A.T,1477,1563,1452,1563,2017700
2910.T,1402,1422,1399,1421,52700
2911.T,2279,2282,2255,2282,1000
2914.T,6857,6890,6787,6886,4739800
2915.T,2091,2099,2064,2069,21400
2916.T,742,745,740,740,1900
2917.T,923,924,923,924,1300
2918.T,2767,2767,2717,2717,61900
291A.T,2100,2100,2008,2012,10700
2922.T,2006,2010,1990,1992,13000
2923.T,7360,7470,7360,7470,700
2924.T,1918,1920,1906,1920,2000
2926.T,122,124,122,123,68200
2927.T,857,857,853,854,13400
2929.T,740,743,722,730,303600
292A.T,680,680,680,680,0
2930.T,133,134,132,133,286700
2931.T,354,355,349,350,412000
2932.T,1110,1110,1097,1101,8400
2933.T,1133,1136,1126,1127,63000
2934.T,2028,2040,2020,2039,5900
2935.T,1216,1216,1206,1213,30200
2936.T,285,288,279,281,44800
2937.T,1766,1774,1765,1766,3700
2938.T,1289,1303,1286,1302,37000
293A.T,950,950,950,950,0
294A.T,2931,2955,2931,2954,301
295A.T,9650,9650,9650,9650,1
2961.T,1504,1505,1503,1504,1100
2962.T,1871,2231,1871,2231,1918200
296A.T,1237,1248,1215,1222,69600
2970.T,1100,1115,1100,1115,7300
2971.T,107500,107500,105700,106300,3325
2972.T,105800,105800,103600,105000,5438
2975.T,1431,1443,1420,1422,127100
2978.T,328,328,320,325,9900
2979.T,100100,100200,98600,98600,5772
297A.T,212,212,210,211,29600
2980.T,2350,2372,2330,2351,228700
2981.T,2298,2334,2298,2320,4400
2982.T,436,438,431,431,169700
2983.T,1707,1720,1696,1711,25700
2984.T,767,783,763,783,13000
2986.T,2980,2991,2955,2955,118900
2989.T,95500,95600,92800,92800,7067
298A.T,345,347,325,328,4000
2990.T,262,262,262,262,0
2991.T,521,529,517,527,10900
2993.T,2234,2248,2219,2248,1800
2997.T,1321,1322,1321,1321,1500
2998.T,530,532,522,524,68600
2999.T,516,516,507,507,4700
299A.T,1252,1261,1234,1242,91500
3001.T,3055,3125,3030,3125,63700
3002.T,4110,4110,4070,4075,211100
3003.T,1761,1762.5,1740,1740,2968100
3004.T,2089,2089,2076,2080,5400
300A.T,3200,3200,3125,3160,18400
3010.T,188,190,187,189,139000
3011.T,142,142,142,142,2200
301A.T,550,550,550,550,0
3020.T,4700,4800,4700,4760,2000
3021.T,1585,1633,1583,1631,26800
3023.T,2082,2089,2071,2082,21100
3024.T,1197,1203,1195,1195,1000
3028.T,2317,2324,2305,2312,95600
302A.T,664,666,593,617,104400
3030.T,861,869,861,862,8000
3031.T,690,691,685,687,57700
3034.T,2362,2390,2344,2349,119300
3035.T,762,772,762,766,5100
3036.T,3390,3420,3355,3380,114200
3038.T,3113,3117,3030,3037,2182100
303A.T,566,571,561,567,6100
3040.T,2480,2540,2445,2499,97200
3041.T,402,403,401,402,4100
3042.T,312,314,309,309,23300
3045.T,1470,1470,1470,1470,700
3046.T,5900,5950,5860,5910,154800
3048.T,1751.5,1753.5,1720.5,1723,1699300
304A.T,1980,1997,1970,1997,1100
3050.T,1622,1622,1595,1600,317600
3053.T,201,201,200,201,108400
3054.T,372,372,366,370,14300
3058.T,718,719,716,719,1200
3059.T,712,712,709,709,2000
305A.T,1146,1146,1146,1146,0
3063.T,1179,1186,1177,1180,13800
3064.T,1985,1989,1960,1970,1705800
3065.T,1586,1589,1585,1586,2600
3067.T,466,467,463,465,10400
3068.T,3060,3060,3045,3060,1300
3069.T,162,167,162,166,181700
3070.T,52,54,52,53,400700
3071.T,102,103,101,101,21600
3075.T,1800,1819,1704,1729,135600
3076.T,3040,3040,3000,3010,139200
3077.T,1311,1355,1301,1349,29500
307A.T,800,800,800,800,0
3080.T,819,820,817,817,9700
3082.T,987,988,979,984,9600
3083.T,1230,1230,1189,1190,501800
3086.T,2701,2702,2626,2667,1369000
3087.T,3240,3270,3225,3265,128900
3088.T,2531.5,2560,2519.5,2529,2094200
3089.T,1060,1064,1054,1055,2900
308A.T,1310,1310,1310,1310,0
3091.T,2790,2807,2736,2796,88600
3092.T,1165,1171.5,1152.5,1162,2857900
3093.T,1931,1939,1913,1920,109500
3096.T,1607,1619,1607,1618,2200
3097.T,5240,5370,5190,5330,211600
3099.T,3285,3296,3225,3296,3835800
309A.T,700,700,700,700,0
3101.T,1659,1667,1631,1648,579500
3103.T,1497,1565,1477,1518,6998600
3104.T,3275,3300,3215,3250,156300
3105.T,2413,2454,2402,2435.5,1035200
3106.T,11440,11440,11110,11320,42700
3107.T,3801,3808,3737,3737,445500
3109.T,1067,1067,1062,1062,23000
310A.T,1440,1440,1440,1440,0
3110.T,2926,3080,2926,3080,6849800
3111.T,175,180,175,180,11200
3113.T,81,82,80,82,47400
3116.T,2278,2284,2236.5,2236.5,641800
3121.T,254,260,252,258,54800
3123.T,649,650,649,649,3200
312A.T,1542,1542,1542,1542,0
3131.T,6760,7310,6760,7210,52900
3132.T,3997,4118,3933,4088,1367800
3133.T,50,54,50,51,877900
3134.T,296,299,289,297,29300
3135.T,1166,1178,1166,1177,2500
3137.T,218,219,213,215,30400
3138.T,1140,1140,1140,1140,700
3139.T,3435,3455,3420,3455,23600
313A.T,263.1,267.5,263.1,266.9,100770
3140.T,1018,1021,1017,1021,4700
3143.T,719,723,714,714,1900
3148.T,3345,3345,3300,3300,88300
314A.T,321.2,326.7,320.9,326.7,1412830
3150.T,2447,2450,2425,2426,40700
3151.T,1650,1650,1621,1632,60300
3153.T,3285,3295,3210,3265,130800
3154.T,781,793,780,792,12300
3156.T,5720,5940,5680,5890,151300
3157.T,1442,1443,1437,1439,1300
3159.T,381,381,377,381,32200
315A.T,1967,1967,1913,1940,149743
3160.T,582,582,580,582,13600
3161.T,674,675,665,673,4700
3166.T,1456,1456,1443,1450,2000
3167.T,1404,1410,1387,1387,925900
3168.T,1294,1297,1269,1273,51000
3169.T,675,683,675,678,4200
316A.T,2693,2732,2693,2732,187375
3172.T,1124,1125,1124,1125,1400
3173.T,1407,1420,1400,1400,3200
3174.T,390,391,387,387,26600
3175.T,981,983,980,980,14400
3176.T,1193,1203,1174,1187,378100
3177.T,4550,4570,4505,4570,800
3178.T,1206,1206,1202,1203,8200
3179.T,1240,1274,1224,1260,87300
317A.T,1350,1350,1350,1350,0
3180.T,1645,1650,1616,1627,31900
3181.T,1065,1065,1059,1059,1300
3182.T,1639,1647,1627,1636,75000
3183.T,1262,1276,1262,1273,13200
3184.T,4155,4155,4155,4155,0
3185.T,119,120,116,118,799900
3186.T,2930,2944,2890,2909,456900
3187.T,400,418,400,417,67600
3189.T,102,109,102,107,139700
318A.T,344.8,346.7,344.1,344.3,939000
3190.T,587,587,584,584,900
3191.T,2291,2291,2250,2261,184800
3192.T,260,265,260,261,21300
3193.T,1335,1343,1312,1323,183200
3195.T,455,458,447,458,73700
3196.T,1673,1680,1666,1666,69600
3197.T,3270,3281,3235,3262,1099200
3199.T,1316,1318,1310,1312,35300
319A.T,18980,19710,18830,19300,28900
3201.T,1995,1995,1968,1983,121500
3202.T,130,131,130,131,14700
3204.T,502,502,500,501,1600
3205.T,735,737,733,736,49700
320A.T,500,500,500,500,0
321A.T,785,785,785,785,0
3221.T,3210,3235,3210,3210,32900
3222.T,846,850,841,841,375200
3223.T,976,980,976,980,1500
3224.T,690,697,688,690,2600
3226.T,116300,116300,114500,114500,29161
322A.T,765,765,765,765,0
3231.T,925.5,926,910,910,6314300
3232.T,606,610,600,610,228600
3234.T,123000,123100,121300,121300,27615
3236.T,283,285,282,283,42000
3237.T,95,97,94,94,1110300
3238.T,381,382,379,382,18300
323A.T,371,379,371,375,500
3241.T,588,588,580,587,1200
3242.T,530,530,528,529,52400
3245.T,1102,1102,1090,1090,489600
3246.T,689,691,685,688,7000
3248.T,889,897,887,895,3200
3249.T,136100,136500,134200,134200,9252
324A.T,735,737,726,727,10700
3252.T,2821,2833,2807,2819,139200
325A.T,1850,1896,1841,1877,204000
3261.T,427,430,425,430,4300
3266.T,79,80,79,79,44700
3267.T,621,626,621,625,11400
3269.T,141800,142200,139500,139500,30981
326A.T,1620,1620,1620,1620,0
3276.T,2269,2269,2266,2269,52800
3277.T,828,830,825,829,5900
3279.T,131300,131400,130000,130000,5126
3280.T,935,939,935,935,1500
3281.T,133900,134100,132600,132600,40903
3282.T,96800,96800,96100,96100,8321
3283.T,84800,84900,84000,84800,36067
3284.T,1308,1310,1293,1300,284500
3286.T,886,886,878,881,1900
3287.T,236200,237000,235200,236300,2645
3288.T,7757,7785,7587,7587,436100
3289.T,1305.5,1306.5,1280,1280,3430700
328A.T,1364,1364,1347,1348,561
3290.T,75900,76100,75300,75800,4555
3291.T,2288.5,2288.5,2219.5,2219.5,1167100
3292.T,112500,112900,111500,111500,30019
3293.T,768,768,762,764,4200
3295.T,147300,147300,146400,147200,3914
3296.T,81300,81400,80700,80700,5857
3297.T,1173,1179,1173,1179,2100
3299.T,1709,1718,1700,1718,114300
329A.T,211.6,211.6,211.6,211.6,0
3300.T,1879,1897,1872,1893,73500
3302.T,3145,3155,3095,3130,51300
3306.T,694,725,687,718,55200
3309.T,71400,71500,70600,70600,42818
330A.T,549,555,545,550,15400
3315.T,100,101,99,99,5089500
3317.T,1480,1492,1480,1492,300
331A.T,485,486,485,485,2600
3320.T,1311,1311,1300,1300,5700
3321.T,1812,1840,1765,1824,101100
3323.T,93,93,91,92,262700
3326.T,679,680,672,679,8400
3329.T,2143,2144,2140,2144,1700
332A.T,1230,1250,1194,1234,168300
3333.T,1320,1324,1309,1312,100000
333A.T,6240,6240,6240,6240,0
3349.T,6544,6620,6436,6436,710300
334A.T,1101,1119,1096,1110,2400
3350.T,241,251,240,243,41001000
3352.T,1803,1887,1802,1848,4900
3353.T,2784,2785,2781,2785,1600
3355.T,1818,1849,1815,1838,40500
3358.T,94,95,92,95,72500
3359.T,525,525,521,522,27400
335A.T,326,339,326,329,47400
3360.T,2475.5,2475.5,2442,2458.5,306500
3361.T,896,897,881,890,6000
336A.T,1329,1367,1288,1360,1180100
3370.T,479,479,473,475,3700
3371.T,2170,2197,2146,2189,107100
3372.T,220,221,220,221,16700
3374.T,4055,4105,4025,4080,14700
3375.T,1814,1814,1814,1814,200
3377.T,391,391,388,388,2000
3382.T,2049,2050,2019,2020,10360800
3386.T,1248,1251,1237,1244,3500
3387.T,761,764,757,761,1078200
3388.T,2139,2142,2120,2127,25300
338A.T,3140,3500,3035,3420,1052600
3391.T,2203.5,2212.5,2161.5,2161.5,3714800
3392.T,793,798,793,793,22200
3393.T,3210,3275,3190,3260,39200
3395.T,2576,2593,2519,2535,424600
3396.T,876,876,861,866,9400
3397.T,4330,4451,4306,4451,277900
3399.T,3775,3870,3700,3840,84500
339A.T,906,939,906,933,15800
3401.T,1740,1744,1692,1692,1117900
3402.T,1276,1280.5,1248,1248,5294200
3405.T,1820,1830.5,1763,1763,4440900
3407.T,1614.5,1618.5,1588.5,1600,5871200
3409.T,84,85,83,85,29500
340A.T,316,323,313,313,8400
3415.T,352,357,348,351,359900
3416.T,882,883,882,883,1200
3417.T,1004,1014,999,1014,3300
3418.T,1053,1053,1047,1050,7200
341A.T,2300,2345,2294,2329,47300
3420.T,1555,1562,1555,1562,600
3421.T,1623,1640,1621,1621,40100
3422.T,616,616,602,606,10000
3423.T,271,272,267,272,40600
3426.T,1298,1305,1298,1305,1100
3431.T,1581,1588,1557,1568,153500
3433.T,2840,2853,2818,2853,328800
3434.T,1258,1258,1240,1247,7000
3435.T,1531,1543,1520,1543,1700
3436.T,2942,3057,2937,3028,11470600
3437.T,2650,2656,2650,2655,300
3439.T,675,677,675,677,400
343A.T,1308,1333,1308,1320,5400
3440.T,873,874,859,865,12900
3441.T,1808,1819,1767,1800,189100
3443.T,1428,1435,1397,1397,193000
3444.T,1115,1179,1074,1158,646500
3445.T,5780,5840,5710,5800,208900
3446.T,1582,1590,1501,1529,30100
3447.T,1023,1026,1020,1020,32200
3449.T,4245,4460,4245,4460,496200
3451.T,129500,129500,128500,129500,1118
3452.T,1470,1475,1463,1471,31400
3454.T,1258,1261,1253,1253,6400
3455.T,96600,97000,96000,96000,4249
3457.T,925,928,921,923,40300
3459.T,86600,86600,85300,85700,13534
345A.T,15835,15835,15595,15595,1986
3461.T,631,645,623,627,15800
3462.T,142800,143000,140700,140700,17572
3463.T,110000,110900,108300,108300,2328
3465.T,3275,3295,3250,3260,155500
3466.T,142600,142600,138900,138900,29918
3467.T,2870,2870,2808,2816,5200
3468.T,54900,55400,54200,54500,23434
3469.T,881,899,881,884,2800
346A.T,4781,4913,4781,4899,6730
3470.T,98300,98300,97000,97500,1933
3471.T,102200,102400,101700,101800,12617
3472.T,67400,67600,66700,66900,1124
3474.T,600,600,598,598,900
3475.T,1500,1500,1474,1485,144700
3476.T,41800,41950,41500,41500,8472
3477.T,915,929,911,911,8000
3479.T,1926,1930,1883,1905,33800
347A.T,530,530,530,530,0
3481.T,113200,113300,112300,112500,5520
3482.T,2591,2609,2573,2577,86800
3484.T,1230,1230,1213,1227,2700
3486.T,2048,2048,2018,2025,45500
3487.T,138400,138400,136500,136500,3701
3488.T,105500,105900,105100,105100,781
3489.T,797,797,786,788,29800
348A.T,301.1,301.1,296.9,299.9,16490
3490.T,3050,3050,3015,3050,800
3491.T,1365,1382,1330,1345,396000
3492.T,79800,79900,79100,79900,13504
3494.T,453,453,450,451,5400
3495.T,2252,2280,2252,2280,700
3496.T,4800,4960,4760,4900,33600
3498.T,7790,7830,7340,7420,768700
349A.T,831,831,813.2,813.2,1030
3501.T,1199,1200,1188,1196,8600
350A.T,720,727,703,719,274700
3512.T,1055,1055,997,1013,32700
3513.T,3805,3860,3740,3825,7200
351A.T,1760,1760,1760,1760,0
3521.T,156,158,156,158,26800
3524.T,1480,1482,1480,1480,2700
3529.T,1045,1047,994,1040,87400
352A.T,524,553,524,541,7300
3536.T,127,127,127,127,2600
3537.T,1710,1729,1709,1728,4200
3538.T,1038,1041,1030,1034,4400
3539.T,1438,1447,1416,1416,140000
3542.T,1506,1532,1500,1506,8300
3543.T,2884,2897,2876,2882,167700
3544.T,1250,1252,1249,1249,11400
3547.T,1931,1949,1921,1947,26300
3548.T,670,673,669,670,95200
3549.T,4074,4081,4000,4000,413600
354A.T,3404,3404,3357,3397,24859
3550.T,216,217,216,217,3800
3551.T,1591,1595,1570,1578,23500
3553.T,939,939,930,935,19500
3556.T,805,818,801,809,60800
3557.T,508,509,506,506,5900
3558.T,1907,1907,1886,1890,47200
3559.T,454,459,451,455,1600
355A.T,350,350,350,350,0
3560.T,4895,5200,4800,5200,35000
3561.T,1496,1496,1484,1488,105300
3562.T,1598,1598,1580,1583,4800
3563.T,4810,4950,4794,4938,4630500
3565.T,519,528,505,521,340200
3566.T,726,727,720,727,2400
3569.T,3295,3335,3295,3320,194300
356A.T,1535,1555,1535,1555,16248
3571.T,723,730,720,723,4900
3577.T,921,925,920,925,900
357A.T,6240,6240,6240,6240,0
3580.T,766,766,758,761,44800
3583.T,1360,1368,1360,1368,500
358A.T,310,310,310,310,0
3591.T,4022,4022,3935,3948,221300
3597.T,8960,9010,8930,9010,1000
3598.T,167,167,165,165,11300
359A.T,1600,1600,1600,1600,0
3600.T,1750,1750,1750,1750,600
3607.T,362,370,362,368,31000
3608.T,1251,1251,1225,1225,457300
360A.T,1060,1060,1058,1058,60
3611.T,2388,2400,2383,2384,18300
3612.T,1622,1624,1592,1599,355500
361A.T,1588,1588,1588,1588,0
3622.T,491,493,490,493,1800
3623.T,1288,1295,1273,1277,9600
3624.T,90,90,81,85,1589300
3625.T,682,689,681,683,6300
3626.T,4059,4083,4025,4083,1689200
3627.T,267,268,264,264,15300
3628.T,711,715,702,715,18000
362A.T,4950,4950,4950,4950,0
3632.T,429,430,423,425,504900
3633.T,2585,2617,2558,2600,23000
3634.T,591,600,591,594,2900
3635.T,1694.5,1719,1679.5,1700,2085800
3636.T,4990,4990,4930,4930,38700
3639.T,236,239,236,236,2100
363A.T,2719,2780,2669,2720,22
3640.T,2858,2858,2818,2845,6900
3641.T,996,997,993,993,2200
3645.T,255,259,254,256,17600
3646.T,354,355,353,355,4800
3647.T,118,119,117,117,46900
3648.T,1058,1064,1049,1055,6800
3649.T,912,912,881,886,120100
364A.T,2400,2425,2377,2419,3937
3652.T,3130,3145,2915,3090,329300
3653.T,1079,1121,1047,1099,373300
3656.T,184,187,182,185,1510900
3657.T,394,394,383,388,402200
3659.T,3131,3216,3094,3200,10834900
365A.T,797,798,787,796,18600
3660.T,505,513,504,510,873500
3661.T,804,815,798,809,387400
3662.T,945,946,936,937,67900
3663.T,1910,1914,1885,1893,181200
3664.T,24,24,22,23,41835600
3665.T,411,416,411,415,72200
3667.T,28,28,26,27,299000
3668.T,452,455,444,454,496100
366A.T,1165,1165,1145,1145,14400
3671.T,305,310,300,307,34600
3672.T,29,30,28,29,179600
3673.T,497,499,489,491,524400
3674.T,337,337,335,337,7000
3675.T,602,605,598,602,11500
3676.T,1057,1058,1053,1057,186300
3678.T,1254,1272,1228,1228,240700
3679.T,451,453,448,450,333400
367A.T,2759,2759,2705,2743,47300
3680.T,202,203,201,202,26200
3682.T,582,585,582,584,1500
3683.T,1103,1103,1086,1093,21300
3686.T,60,61,59,60,250900
3687.T,2212,2277,2200,2249,479000
368A.T,1477,1477,1459,1462,54300
3690.T,578,578,573,574,4300
3691.T,1901,1969,1900,1900,13900
3692.T,7840,7920,7570,7570,261200
3694.T,472,475,463,471,668500
3695.T,1633,1648,1630,1637,5200
3696.T,2176,2199,2171,2192,88700
3697.T,880,891.9,862.4,881.1,5388500
3698.T,1229,1232,1219,1220,1800
369A.T,2664,2682,2640,2682,7900
3708.T,2217,2224,2200,2216,57700
370A.T,1296,1296,1296,1296,0
3710.T,641,642,640,641,2000
3712.T,1002,1068,1002,1009,6500
3719.T,116,118,115,115,159200
371A.T,420,420,420,420,0
3723.T,2795,2824,2760,2795,29600
3726.T,396,397,389,391,29200
3727.T,169,169,167,169,48200
372A.T,5570,5600,5550,5550,3300
3733.T,11980,11990,11820,11880,5100
373A.T,1474,1480,1471,1471,2400
3741.T,3180,3245,3135,3220,49800
3744.T,467,467,460,462,11400
3747.T,405,407,401,405,24200
374A.T,240,240,240,240,0
3750.T,846,854,845,845,4700
3753.T,211,214,209,212,76600
3758.T,249,251,247,251,10600
375A.T,2125,2125,2125,2125,0
3760.T,710,720,705,719,14300
3762.T,2530,2547,2503,2532,268700
3763.T,2135,2171,2104,2159,53400
3765.T,2534,2549,2504,2530,266000
3766.T,1540,1550,1450,1525,3900
3768.T,570,570,561,561,3500
3769.T,8781,8934,8738,8819,376400
376A.T,4731,4731,4731,4731,0
3771.T,1926,1946,1919,1935,90400
3772.T,1109,1115,1103,1112,14300
3773.T,1068,1083,1066,1082,24400
3774.T,3440,3455,3403,3430,679200
3776.T,246,250,246,249,118900
3777.T,45,45,44,45,200500
3778.T,3710,3850,3695,3840,941900
3779.T,122,124,121,121,15100
3787.T,676,677,676,676,71100
3788.T,2022,2047,1980,2017,214400
378A.T,901,916,900,916,33600
3791.T,1064,1072,1044,1050,77200
3793.T,562,570,552,568,139600
3796.T,330,335,330,334,24400
3798.T,561,570,561,565,146600
3799.T,1139,1149,1135,1144,2900
379A.T,1316,1344,1316,1344,132
3800.T,1975,1978,1972,1978,1100
3802.T,504,504,503,504,1800
3803.T,583,593,583,590,11100
3804.T,438,446,433,446,8100
3807.T,91,92,90,90,225500
380A.T,882,925,881,903,11944
3810.T,186,187,183,184,416100
3815.T,434,437,434,435,2900
3816.T,1102,1102,1102,1102,2100
3817.T,4830,4830,4760,4775,33400
381A.T,2105,2119,2105,2119,2313
3823.T,46,47,41,42,8523200
3825.T,228,231,225,231,1050600
3826.T,505,507,501,504,14600
382A.T,1869,1871,1869,1869,52174
3834.T,608,609,607,608,39900
3835.T,437,438,431,435,39000
3836.T,1222,1240,1220,1223,62200
3837.T,1386,1392,1371,1372,55700
3839.T,624,632,624,624,3400
383A.T,2540,2554,2528,2528,967
3840.T,61,62,60,62,344300
3841.T,1330,1349,1300,1349,1800
3842.T,1229,1280,1221,1275,20600
3843.T,1732,1737,1711,1715,31400
3844.T,1352,1352,1336,1342,165500
3845.T,342,342,325,327,45900
3848.T,834,834,825,825,4400
3850.T,3980,3985,3905,3945,22800
3851.T,1418,1467,1400,1445,47800
3853.T,1120,1124,1097,1098,258900
3854.T,2164,2183,2150,2163,93300
3856.T,226,249,221,230,683900
3858.T,306,314,306,314,29700
385A.T,2450,2450,2450,2450,0
3861.T,888.9,889.9,871.8,875.7,5179000
3863.T,1338,1345,1323,1326,922800
3864.T,1225,1232,1209,1225,114600
3865.T,924,924,911,918,277900
386A.T,1251,1253,1250,1250,1900
3877.T,2257,2262,2246,2255,48500
3878.T,828,842,822,838,12000
387A.T,936,936,926,927,1800
3880.T,1017,1031,1003,1024,1438800
3891.T,6550,6680,6500,6660,362800
3892.T,1573,1590,1573,1589,1900
3895.T,468,468,462,462,6800
3896.T,415,417,414,416,10500
389A.T,2380,2380,2380,2380,0
3900.T,675,681,669,671,30800
3901.T,1525,1543,1515,1526,47300
3903.T,201,202,196,197,1012200
3904.T,421,424,421,423,2400
3905.T,1459,1560,1441,1542,2558700
3907.T,2111,2255,2028,2070,439900
3908.T,362,369,362,365,5000
3909.T,195,195,191,194,4300
3910.T,285,286,285,286,2900
3911.T,174,175,172,172,166200
3912.T,1142,1145,1131,1132,7000
3913.T,1108,1150,1103,1123,16100
3914.T,2655,2704,2627,2685,11400
3915.T,2307,2369,2296,2329,116000
3916.T,943,952,938,943,95200
3917.T,481,504,480,504,53200
3918.T,1198,1198,1181,1182,5200
3920.T,999,999,999,999,0
3921.T,1681,1710,1667,1706,22500
3922.T,2223,2223,2187,2211,28600
3923.T,1090,1090.5,1063.5,1082,1164600
3925.T,1319,1319,1309,1312,22400
3926.T,442,447,440,440,20800
3927.T,904,905,892,900,14400
3928.T,238,242,238,240,3700
3929.T,241,246,241,244,195600
392A.T,274,277.2,272.9,277.1,78860
3930.T,768,773,763,769,6000
3931.T,1499,1502,1496,1496,800
3932.T,3875,3875,3785,3825,86900
3933.T,544,547,537,543,4900
3934.T,2301,2327,2296,2296,700
3935.T,735,735,725,731,25600
3936.T,132,135,132,133,186900
3937.T,1188,1191,1172,1172,16600
3939.T,491,499,490,495,958900
393A.T,2000,2000,2000,2000,0
3940.T,136,137,135,136,171300
3941.T,1550.5,1554.5,1537,1538,1540800
3943.T,1333,1335,1323,1335,4300
3944.T,3115,3115,3045,3115,1200
3945.T,2175,2175,2175,2175,500
3946.T,4445,4450,4365,4430,76100
3947.T,2470,2486,2470,2475,900
3948.T,1180,1185,1180,1184,1000
394A.T,525,525,525,525,0
3950.T,1482,1482,1462,1466,87200
3951.T,911,913,909,909,6200
3953.T,786,786,786,786,0
3954.T,2999,2999,2999,2999,100
3955.T,865,871,862,865,6100
3958.T,548,549,541,544,31600
395A.T,1100,1100,1069.5,1090,36400
3962.T,1005,1015,1000,1006,132100
3963.T,326,335,325,330,86900
3964.T,1330,1346,1324,1343,416000
3965.T,882,889,877,889,13100
3967.T,570,575,568,575,5700
3968.T,657,667,653,660,220200
3969.T,1406,1406,1400,1403,4000
396A.T,465.4,488.9,465.4,475.6,250
3970.T,841,841,830,830,2700
3974.T,660,665,651,657,8600
3976.T,578,583,547,575,67300
3979.T,475,475,464,475,14500
3981.T,1225,1233,1216,1221,2300
3983.T,1907,1917,1903,1903,24200
3984.T,1555,1569,1541,1567,53700
3985.T,197,197,193,194,10600
3986.T,473,480,473,478,2900
3987.T,635,638,623,626,6400
3988.T,567,567,553,564,2200
3989.T,1545,1546,1545,1545,221800
398A.T,1350,1350,1350,1350,0
3991.T,940,951,940,942,900
3992.T,474,474,468,472,60400
3993.T,3225,3225,3160,3160,171700
3994.T,5996,6051,5831,5901,1011300
3996.T,215,217,213,214,36300
3997.T,445,502,430,438,1338900
3998.T,290,292,289,292,6800
399A.T,2405,2406,2375,2384,110001
4004.T,13905,14210,13700,13895,2128600
4005.T,595,596.5,580.2,580.2,15244600
4008.T,1512,1519,1492,1507,163000
4011.T,2345,2403,2311,2352,23700
4012.T,1724,1734,1705,1732,1500
4013.T,647,653,640,651,37800
4014.T,459,460,444,453,38500
4015.T,520,526,509,521,22300
4016.T,1088,1088,1073,1083,3700
4017.T,216,216,206,214,6300
4019.T,615,628,614,628,33400
401A.T,97700,98900,97700,98900,3023
4020.T,820,822,817,822,1000
4021.T,8280,8371,8236,8257,817100
4022.T,1787,1866,1787,1832,1546800
4023.T,4230,4260,4160,4160,580100
4025.T,5730,5860,5630,5860,27300
4026.T,1569,1569,1547,1547,67400
4027.T,2374,2393,2356,2360,41700
4028.T,2960,2964,2898,2915,244100
402A.T,540,545,531,535,852000
4031.T,1109,1118,1090,1090,10800
403A.T,2415,2415,2415,2415,0
4040.T,3860,3920,3860,3920,4400
4041.T,3940,3945,3870,3870,173000
4042.T,2654.5,2665,2599.5,2599.5,1460600
4043.T,4232,4249,4150,4181,407400
4044.T,4500,4555,4470,4530,121100
4045.T,1836,1843.5,1807,1807,242600
4046.T,2030,2043,2006,2012,453400
4047.T,2170,2347,2166,2343,1751700
404A.T,1220,1265,1213,1259,26609
4051.T,6170,6200,6060,6060,12900
4052.T,852,996,802,985,7540000
4053.T,492,492,484,485,78100
4054.T,521,523,518,521,23600
4055.T,1647,1699,1641,1675,27500
4056.T,208,211,203,204,141100
4057.T,348,350,345,348,7900
4058.T,2341,2363,2311,2357,17500
4059.T,387,387,382,382,4500
405A.T,3500,3500,3500,3500,0
4060.T,1197,1201,1181,1194,2400
4061.T,3343,3368,3286,3309,683900
4062.T,18875,19665,18750,19555,9800900
4063.T,5845,5858,5761,5844,8964200
4064.T,3605,3625,3535,3585,79300
4068.T,1766,1794,1766,1794,2700
4069.T,656,665,656,661,2900
406A.T,5450,5450,5450,5450,0
4071.T,2097,2112,2075,2100,445800
4072.T,3250,3270,3220,3240,41900
4073.T,639,649,549,549,606900
4074.T,768,781,768,776,4300
4075.T,1381,1591,1331,1591,1901300
4076.T,2004,2004,1985,1985,700
4078.T,3695,3715,3645,3685,218200
407A.T,923,933,922,932,13500
4082.T,2464,2498,2432,2448,247300
4088.T,2968,3010,2918,2953,2784700
408A.T,281.4,289,281.4,289,923600
4091.T,5510,5522,5447,5491,846700
4092.T,5510,5770,5470,5760,237400
4093.T,435,435,430,433,7000
4094.T,2314,2315,2292,2293,10100
4095.T,1789,1794,1767,1780,343800
4097.T,1205,1234,1204,1233,78600
4098.T,1000,1002,991,991,6300
4099.T,2209,2235,2173,2200,980600
409A.T,1149,1156,1147,1149,232800
4100.T,1690,1770,1688,1745,70200
4102.T,1440,1465,1440,1465,300
4107.T,3930,3950,3875,3880,216600
4109.T,5260,5310,5230,5270,37500
410A.T,1130,1139,1122,1128,4600
4112.T,2101,2130,2090,2112,53600
4113.T,797,805,796,803,16600
4114.T,2610.5,2618,2561.5,2577.5,2590500
4116.T,1349,1358,1313,1325,276800
4118.T,6170,6185,6061,6061,324000
4119.T,6130,6130,6040,6110,400
411A.T,370,370,370,370,0
4120.T,2910,2910,2910,2910,100
4124.T,3020,3030,2960,2960,1300
4125.T,3625,3640,3605,3625,3700
412A.T,4434,4540,4351,4520,4004
413A.T,3800,3943,3800,3936,792
414A.T,879,882,872,876,34800
4151.T,2270,2278,2256,2256,1924900
415A.T,5530,5630,5460,5460,3700
4165.T,665,683,654,675,256100
4166.T,628,635,628,635,1100
4167.T,335,345,333,345,7300
4168.T,793,808,786,804,110100
4169.T,260,265,254,254,431700
416A.T,1365,1370,1362,1367,11300
4170.T,117,119,117,117,60000
4172.T,2320,2326,2320,2326,600
4174.T,1064,1135,979,1002,707500
4175.T,2985,3030,2935,3025,6700
4176.T,282,282,278,278,60200
4177.T,1523,1524,1471,1471,4100
4178.T,545,559,545,553,16400
4179.T,347,358,337,353,53600
417A.T,1918.5,1918.5,1892.5,1892.5,209100
4180.T,1515,1522,1478,1516,1284300
4182.T,3850,3871,3778,3782,1428600
4183.T,2230,2244.5,2185,2186,2216000
4186.T,7984,8149,7961,8073,965000
4187.T,4085,4100,4035,4100,121500
4188.T,1222,1224,1189,1189,10546000
4189.T,3250,3270,3175,3220,148600
4192.T,320,333,317,328,145200
4193.T,2166,2169,2155,2160,3000
4194.T,8545,8547,8386,8504,209200
4196.T,1532,1546,1336,1336,299800
4197.T,2375,2375,2375,2375,400
4198.T,515,516,511,513,3300
4199.T,811,818,804,806,4000
419A.T,2700,2700,2700,2700,0
4202.T,1450,1450,1429,1429,1979700
4203.T,7807,7896,7772,7786,1027700
4204.T,2537.5,2542.5,2496.5,2496.5,2119000
4205.T,2410.5,2433.5,2386.5,2394,1331500
4206.T,4246,4272,4209,4245,336700
4208.T,3514,3527,3441,3452,2184700
4212.T,3030,3035,2967,2988,73400
4216.T,6170,6250,6040,6090,50900
4218.T,1938,1943,1932,1943,29800
421A.T,3745,3820,3695,3780,31500
4220.T,2387,2396,2348,2363,165000
4221.T,5710,5750,5680,5740,38300
4222.T,675,678,668,674,256400
4224.T,2116,2118,2109,2109,19400
4228.T,610,619,599,619,246000
4229.T,4195,4200,4130,4165,16000
422A.T,2450,2450,2450,2450,0
4231.T,1044,1044,1024,1030,11500
4234.T,1020,1029,1007,1022,13700
4235.T,680,698,680,680,38900
4237.T,334,337,333,334,22600
4238.T,1918,1993,1918,1950,114400
423A.T,322,324,322,324,17300
4240.T,312,315,310,310,1600
4241.T,670,698,665,698,14100
4242.T,1728,1752,1725,1745,6400
4243.T,1041,1041,1020,1030,3200
4245.T,716,716,708,714,5400
4246.T,1111,1111,1090,1093,387400
4247.T,1389,1389,1389,1389,200
4248.T,885,885,881,881,5600
4249.T,2882,2891,2840,2879,36100
424A.T,330.4,333.9,330,333.9,64440
4251.T,1200,1205,1193,1198,90600
4255.T,3580,3585,3545,3565,2500
4256.T,1121,1133,1121,1133,700
4258.T,5700,5830,5570,5750,85000
4259.T,927,965,909,955,1961500
425A.T,362.5,368.8,362.2,368.8,176180
4260.T,207,207,202,203,10100
4261.T,2928,2954,2928,2954,2000
4262.T,1388,1393,1385,1392,2100
4263.T,429,433,422,433,180000
4264.T,1383,1410,1383,1403,18000
4265.T,280,283,280,283,27200
426A.T,1182,1198,1182,1198,16806
4270.T,1870,1920,1870,1898,5200
4272.T,2127.5,2129,2067.5,2067.5,2741300
4274.T,1171,1200,1161,1163,92600
4275.T,2072,2100,2040,2056,115400
4284.T,459,460,451,451,19800
4286.T,1300,1313,1284,1312,11900
4287.T,467,482,467,477,16400
4288.T,450,450,437,440,8500
428A.T,1778,1785,1650,1710,40600
4290.T,706,711,704,708,540400
4293.T,511,512,505,506,300700
4299.T,1215,1217,1207,1217,2700
429A.T,3685,3785,3685,3770,565600
4301.T,1872,1879,1858,1879,21500
4307.T,5113,5160,5068,5156,3303900
4308.T,354,359,354,358,25500
430A.T,2480,2480,2480,2480,0
4310.T,2500,2591,2500,2569,26800
4316.T,68,73,66,68,564900
4317.T,568,568,564,565,800
4318.T,859,870,856,866,86800
431A.T,2705,2818,2691,2811,30700
4320.T,1625,1627,1622,1626,128300
4323.T,1919,1932,1909,1913,46100
4324.T,3616,3628,3553,3591,974600
4326.T,1968,2004,1956,2004,24400
432A.T,1450,1450,1450,1450,0
4331.T,754,754,748,751,28700
4334.T,381,382,378,382,4400
4335.T,1083,1092,1083,1091,1300
4337.T,2650,2650,2624,2638,15400
433A.T,710,710,710,710,0
4341.T,911,911,906,906,500
4343.T,2758,2780,2712,2733,51600
4344.T,107,110,103,103,2625500
4345.T,837,844,836,844,51000
4346.T,1037,1049,1014,1040,62700
4347.T,1870,1870,1830,1831,7700
434A.T,930,930,930,930,0
4350.T,516,522,511,520,60800
4351.T,838,838,820,831,7500
4356.T,1589,1609,1584,1609,700
435A.T,2828,2828,2789,2796,173442
4360.T,982,1006,970,992,5600
4361.T,1615,1635,1615,1623,3700
4362.T,2717,2719,2686,2686,22300
4365.T,24380,24380,24380,24380,100
4366.T,459,469,456,465,77300
4368.T,2963,2992,2936,2977,807900
4369.T,2939,2980,2912,2925,599600
436A.T,1337,1345,1310,1314,36900
4370.T,440,489,417,429,376500
4371.T,1480,1495,1471,1481,7700
4372.T,1330,1345,1330,1345,500
4373.T,1176,1178,1154,1162,1715200
4374.T,2485,2519,2485,2503,1500
4375.T,690,695,681,683,124600
4376.T,172,174,169,173,45800
4377.T,2345,2411,2335,2376,72600
4378.T,473,479,473,473,7500
4379.T,498,512,485,506,181100
437A.T,1024,1024,1024,1024,0
4380.T,699,699,699,699,2000
4381.T,216,220,208,210,146100
4382.T,823,843,813,843,74300
4385.T,3739,3825,3688,3699,3505500
4386.T,891,898,890,898,4500
4387.T,560,593,560,591,39200
4388.T,366,370,362,362,8200
4389.T,1046,1090,1046,1058,2800
438A.T,1060,1060,1031,1043,52700
4390.T,4125,4165,4100,4115,39500
4391.T,1135,1135,1125,1125,1200
4392.T,970,997,964,982,747100
4393.T,5920,6040,5810,6000,47000
4394.T,671,692,661,685,29100
4395.T,558,576,554,567,77000
4396.T,1374,1407,1374,1393,54700
4397.T,395,399,392,397,26800
4398.T,1335,1335,1316,1332,5200
439A.T,5000,5000,5000,5000,0
4401.T,4600,4629,4546,4572,322600
4403.T,2616.5,2654,2588,2588.5,926100
4404.T,2244,2260,2236,2257,17600
4406.T,234,234,231,233,213200
4409.T,805,805,785,785,11700
4410.T,1115,1129,1107,1125,55300
4412.T,1359,1375,1333,1355,5500
4413.T,2966,2969,2964,2964,303800
4414.T,1091,1120,1091,1101,13800
4415.T,1418,1418,1391,1392,8900
4416.T,412,412,408,408,300
4417.T,5590,5930,5500,5720,119300
4418.T,1139,1182,1127,1181,215400
4419.T,1453,1472,1408,1417,494500
441A.T,266,274,266,271,48300
4420.T,822,826,821,824,172800
4421.T,951,951,947,950,4000
4422.T,500,508,496,496,37000
4424.T,319,338,315,320,101500
4425.T,1460,1472,1428,1454,109200
4426.T,163,163,163,163,0
4427.T,227,232,218,218,20000
4428.T,701,717,701,717,1400
4429.T,738,741,730,739,6600
442A.T,760,764,757,760,3300
4430.T,1761,1761,1746,1746,3800
4431.T,3400,3440,3335,3340,84600
4432.T,3395,3400,3320,3320,163400
4433.T,870,870,860,860,37800
4434.T,2378,2519,2368,2461,45000
4436.T,600,600,600,600,63700
4437.T,713,720,711,713,4200
4438.T,326,326,293,302,403800
4439.T,792,805,792,805,1900
443A.T,1820,1820,1804,1804,58
4440.T,2093,2560,2093,2459,2462300
4441.T,1522,1522,1476,1497,13000
4442.T,404,406,403,404,19600
4443.T,2112,2142,2053,2142,1468000
4444.T,950,950,950,950,3200
4445.T,1965,1969,1940,1940,2300
4446.T,712,808,672,795,1532900
4447.T,502,503,497,499,14300
4448.T,365,365,353,357,87200
444A.T,1945,1945,1945,1945,0
4450.T,2325,2337,2323,2337,2300
4452.T,3500,3500,3463,3478,3360800
445A.T,274,274,274,274,0
4461.T,12800,13310,12760,13090,194800
4462.T,2820,2842,2772,2802,51100
4463.T,2012,2012,1977,1984,9200
4464.T,4055,4055,4050,4050,3600
4465.T,2427,2443,2427,2435,6000
446A.T,2233,2343,2221,2309,890800
4471.T,6380,6460,6240,6380,148000
4475.T,1765,1799,1722,1795,733700
4476.T,1084,1110,1076,1085,16500
4477.T,339,340,337,337,1044700
4478.T,3970,3970,3820,3865,392600
4479.T,962,981,955,965,25900
447A.T,270.3,275,269.8,275,94370
4480.T,2337,2373,2326,2368,203500
4481.T,3265,3270,3240,3245,55300
4482.T,747,747,738,745,9700
4483.T,3600,3600,3520,3570,411400
4484.T,300,300,298,300,11100
4486.T,677,685,677,685,7300
4487.T,232,232,225,229,2800
4488.T,2105,2152,2104,2145,3100
448A.T,260.5,263,259.8,262.8,23180
4490.T,655,665,653,657,5500
4491.T,3270,3275,3250,3250,3500
4492.T,399,400,395,400,5000
4493.T,1980,1994,1929,1965,147200
4495.T,2060,2063,2044,2061,4000
4496.T,774,776,768,775,3000
4498.T,1191,1191,1164,1175,32200
4499.T,2250,2265,2202,2230,59200
449A.T,811.9,820,810.6,820,2260
4502.T,5992,6012,5959,5968,6517000
4503.T,2376.5,2387,2355.5,2383.5,7762900
4506.T,1600.5,1611,1577.5,1609.5,3015600
4507.T,2971,2985,2947,2954.5,3861900
450A.T,781.2,784.6,781.2,784.6,1580
4512.T,299,301,297,298,17600
4516.T,3485,3487,3441,3452,1033600
4519.T,6700,6755,6659,6746,2850900
451A.T,289.4,289.4,286.4,288.5,7300
4521.T,3990,4000,3965,3980,112900
4523.T,4990,4990,4903,4930,2095500
4524.T,2246,2246,2240,2242,900
4526.T,3350,3395,3325,3375,156800
4527.T,2843.5,2864.5,2784.5,2784.5,2964000
4528.T,2398.5,2405,2376,2389,2461300
452A.T,801.5,812.7,800.9,812.6,285400
4531.T,355,359,353,358,21900
4534.T,3340,3340,3300,3300,51600
4536.T,1761,1770,1710,1710,4150000
4538.T,2273,2285,2255,2265,14800
4539.T,1543,1557,1543,1544,7400
453A.T,739.7,742.3,736.3,741.1,34630
4540.T,3886,3888,3844,3848,1343300
4543.T,2284,2290.5,2228.5,2238,6326500
4544.T,3636,3652,3613,3623,229900
4547.T,4035,4070,3990,4005,118400
4548.T,688,689,682,682,197600
4549.T,2340,2377,2326,2370,175200
4552.T,517,522,515,516,352300
4553.T,3790,3800,3680,3710,153800
4554.T,1860,1867,1843,1857,90800
4558.T,200,201,200,200,6200
4559.T,2023,2032,2018,2018,130500
455A.T,5970,5970,5970,5970,0
4563.T,35,36,35,36,857300
4564.T,22,23,21,21,143870100
4565.T,1269,1319,1265,1299,1799200
4568.T,2953,2956,2913,2953.5,8967600
4569.T,1146,1149,1128,1128,204100
456A.T,1602,1695,1578,1682,1073100
4570.T,1146,1189,1133,1186,189700
4571.T,99,102,98,100,443400
4572.T,449,460,444,449,134300
4574.T,257,259,256,257,77500
4575.T,739,763,735,757,123100
4576.T,69,69,68,69,165000
4577.T,1314,1338,1314,1333,105600
4578.T,11180,11240,11090,11120,2107000
4579.T,585,595,577,594,101900
457A.T,4130,4130,4130,4130,0
4582.T,54,56,54,55,735500
4583.T,92,105,91,103,2524100
4584.T,162,164,160,163,245500
4586.T,59,60,58,60,558800
4587.T,1044,1082,1038.5,1070,1049200
4588.T,6270,6850,6150,6770,2730600
458A.T,1387,1387,1387,1387,0
4591.T,77,80,77,80,595100
4592.T,925,964,917,948,1008800
4593.T,298,310,293,304,2033800
4594.T,57,62,57,61,2768300
4595.T,1734,1745,1731,1745,48300
4596.T,66,67,65,66,655000
4597.T,30,31,30,31,53530800
4598.T,112,114,108,114,282700
4599.T,173,181,172,177,520300
459A.T,9995,10040,9972,10040,24
460A.T,1213,1328,1180,1305,94200
4611.T,1600,1600,1567,1568,60500
4612.T,1147,1162,1141.5,1152.5,4307300
4613.T,2893,2920,2836.5,2836.5,1697200
4615.T,131,131,129,130,12000
4616.T,2510,2510,2471,2471,1600
4617.T,3600,3615,3500,3535,207000
4619.T,2738,2738,2690,2696,48100
461A.T,2699,2700,2670,2670,62313
4620.T,1025,1033,1009,1015,84800
4623.T,1856,1877,1855,1877,1000
4624.T,3990,3990,3975,3980,900
4625.T,881,886,865,874,8800
4626.T,4730,4744,4727,4744,372200
4627.T,1957,1957,1916,1941,2700
4628.T,9990,10070,9990,10000,8700
4629.T,2614,2618,2517,2518,3600
462A.T,256,261,246,248,256300
4631.T,4857,4899,4740,4755,604300
4633.T,2678,2690,2644,2651,179800
4634.T,5150,5180,5100,5150,170100
4635.T,2086,2096,2044,2045,32500
463A.T,1020,1020,1013,1015,9900
4641.T,873,880,868,879,118700
4642.T,1405,1405,1403,1403,200
4644.T,1055,1056,1053,1053,400900
4645.T,436,442,436,440,2200
464A.T,1715,1787,1703,1775,1551500
4650.T,271,272,270,270,2400
4651.T,248,253,246,251,121900
4657.T,454,460,453,456,10900
4658.T,1677,1685,1642,1652,278000
465A.T,1372,1372,1346,1346,2262
4661.T,3040,3049,2980,3035,6352800
4662.T,1629,1638,1622,1632,23300
4664.T,1143,1174,1123,1157,46900
4665.T,4721,4763,4711,4732,170000
4666.T,2030,2037.5,1999,2022.5,741000
4667.T,3200,3490,3170,3410,434500
4668.T,761,768,759,765,62600
466A.T,1025,1033,1025,1030,29678
4671.T,2947,2947,2900,2905,11400
4673.T,4860,4890,4845,4880,1100
4674.T,1858,1866,1830,1839,238900
4676.T,4125,4139,4039,4039,764000
4678.T,333,335,330,335,6600
4679.T,264,266,264,265,800
467A.T,274.3,274.8,273.5,274.8,520
4680.T,1192,1192.5,1151,1182.5,3444400
4681.T,1796,1796.5,1776.5,1788,510700
4684.T,5109,5130,5038,5100,1791400
4685.T,2710,2740,2708,2715,18600
4686.T,4385,4420,4330,4345,370400
4687.T,1050,1059,1043,1045,84700
4689.T,551.8,553.4,533,536.8,27736500
468A.T,272.6,276.2,272.6,276.2,480
4691.T,2050,2069,2039,2060,48200
4694.T,3695,3720,3655,3670,80000
469A.T,1699,1700,1650,1689,7000
4704.T,6453,6613,6380,6609,1865500
4705.T,780,782,780,781,2800
4707.T,346,348,343,346,11700
4709.T,1085,1097,1085,1092,64000
470A.T,501,501,501,501,0
4712.T,813,813,805,810,13100
4714.T,214,214,212,213,595400
4716.T,9350,9375,9232,9306,346400
4718.T,2522,2536,2512,2533,21600
4719.T,3300,3300,3260,3275,11000
471A.T,1559,1563,1550,1555,208100
4720.T,244,244,240,244,3000
4722.T,2426,2427,2425,2425,576200
4725.T,1947,1947,1914,1914,57900
4728.T,650,653,649,650,11500
472A.T,563,565,551,556,67600
4732.T,1925,1925,1907,1907,2259500
4733.T,8405,8447,8271,8306,263000
4735.T,296,296,291,294,4900
4736.T,582,584,582,584,500
473A.T,1306,1315,1298,1311,2053
4743.T,1668,1674,1660,1673,101900
4746.T,7250,7280,7150,7250,32900
4750.T,546,550,544,545,24300
4751.T,1262,1267,1254.5,1260,3755900
4752.T,1600,1600,1590,1598,900
4754.T,1500,1500,1500,1500,0
4755.T,718,718.3,707.1,708.3,17981800
475A.T,689,708,679,705,9700
4760.T,1200,1210,1200,1210,9000
4761.T,1495,1495,1475,1482,10800
4762.T,2335,2379,2281,2321,5100
4763.T,1493,1504,1491,1494,20800
4765.T,632,632,626,628,117500
4766.T,201,206,201,205,10800
4767.T,393,395,390,393,118900
4768.T,3642,3668,3610,3646,2083300
4769.T,1167,1167,1146,1146,500
476A.T,1661,1675,1661,1675,700
4771.T,2800,2830,2745,2830,12300
4772.T,72,72,71,72,42400
4776.T,3090,3120,3010,3085,287400
4777.T,196,199,196,199,33800
477A.T,866,895,862,865,13300
4783.T,2624,2650,2618,2628,6400
4784.T,533,549,531,540,6861600
478A.T,751,757,743,754,78000
4792.T,1790,1791,1771,1784,19000
479A.T,2149,2258,2149,2255,147400
4800.T,1357,1358,1357,1357,33000
4801.T,2431,2431,2408,2416,34400
4809.T,2035,2041,2024,2026,19600
480A.T,953,953,942,950,4400
4811.T,892,900,880,900,4900
4812.T,2865,2870,2861,2870,706900
4813.T,376,392,369,383,548800
4814.T,172,172,165,165,260700
4816.T,3100,3110,2994,2994,678800
4819.T,2402,2424,2377,2397,315600
481A.T,750,750,750,750,0
4820.T,598,601,595,600,100300
4825.T,2011,2034,2000,2029,176600
4826.T,540,544,538,543,143600
4828.T,1394,1414,1374,1411,209200
4829.T,108,108,107,108,122400
4832.T,1913,1920,1900,1901,16800
4833.T,49,51,48,50,1271600
4838.T,711,721,708,708,30600
4839.T,1003,1006,1000,1001,76900
483A.T,2166,2176,2165,2169,800
4840.T,737,746,708,709,149400
4845.T,352,352,347,350,32700
4847.T,1487,1533,1485,1530,172700
4848.T,1932,1932,1865,1878,103600
4849.T,1727,1746,1684,1731,314100
484A.T,430,430,430,430,0
485A.T,2120,2414,2110,2404,16192000
486A.T,2166,2179,2153,2175,15967
4875.T,458,510,450,485,1436200
487A.T,2050,2050,2000,2031,15
4880.T,327,330,316,323,72300
4881.T,49,50,49,50,189600
4882.T,184,193,180,182,783600
4883.T,32,33,32,33,961300
4884.T,460,493,455,487,230700
4885.T,866,879,866,870,5800
4886.T,2140,2169,2140,2169,70800
4887.T,1654.5,1669.5,1639,1639,1906100
4888.T,434,435,412,424,442700
4889.T,1153,1215,1150,1193,170700
488A.T,780.6,780.7,774.2,775.5,39800
4890.T,256,269,256,264,15000
4891.T,127,132,126,132,534900
4892.T,667,728,665,696,223500
4893.T,133,137,133,137,161200
4894.T,5820,5940,5730,5820,91700
4896.T,810,828,802,812,22700
489A.T,872,872,843,871,32
4901.T,3386,3386,3312,3324,4309300
4902.T,664.3,665,639.3,641.2,11762400
490A.T,15750,15750,15750,15750,0
4911.T,3547,3600,3507,3561,2688700
4912.T,1728,1736,1708.5,1725.5,1441500
4914.T,1340,1340,1319,1331,238900
4918.T,299,300,296,300,17700
4919.T,3220,3265,3215,3240,132300
491A.T,550.1,552,549.8,552,60180
4920.T,1135,1138,1129,1138,600
4922.T,5770,5770,5701,5738,419300
4923.T,1233,1239,1217,1222,56400
4925.T,1725,1732,1725,1732,800
4926.T,1246,1250,1245,1250,800
4927.T,1388,1388,1357.5,1357.5,2168000
4928.T,4835,4850,4805,4810,94900
4929.T,740,745,737,745,2600
492A.T,960,960,960,960,0
4931.T,2062,2062,2041,2041,57800
4932.T,821,832,820,829,11500
4933.T,2164,2386,2111,2370,808900
4934.T,597,598,587,592,11800
4935.T,138,141,135,135,535500
4936.T,306,306,299,300,146900
4937.T,2400,2400,2373,2398,1900
493A.T,996.6,996.6,996.6,996.6,10
494A.T,979.1,979.1,979.1,979.1,0
4951.T,1539,1539,1525,1530,35200
4956.T,1519,1521,1501,1509,111300
4958.T,3495,3510,3450,3480,166300
495A.T,958.7,959.7,958.7,959.7,30
4960.T,562,619,557,596,127000
4966.T,19500,19570,19310,19480,52800
4967.T,5840,5901,5817,5860,218200
4968.T,2220,2283,2212,2280,231900
496A.T,930,930,920.5,924.2,4090
4970.T,9720,9860,9620,9680,41300
4971.T,6320,6400,6280,6340,446500
4972.T,4080,4120,4015,4095,32300
4973.T,4815,4845,4780,4825,35700
4975.T,5800,5840,5740,5800,87600
4976.T,1519,1540,1515,1540,800
4977.T,1195,1198,1190,1191,26700
4978.T,138,140,137,138,296000
4979.T,2923,2952,2885,2931,17800
497A.T,10355,10355,10355,10355,0
4980.T,3010,3037,2984,2998.5,1546500
4985.T,4760,4775,4745,4745,61700
498A.T,8816,8891,8816,8880,47
4990.T,518,524,517,517,1300
4992.T,1911,1932,1884,1910,108700
4994.T,2777,2785,2760,2767,10500
4996.T,690,690,680,680,687900
4997.T,1183,1187,1166,1174,318000
4998.T,1171,1177,1167,1170,13800
499A.T,7900,7978,7900,7978,8
500A.T,3640,3640,3550,3605,9400
5010.T,294,296,291,293,71100
5011.T,2318,2334,2301,2325,62500
5013.T,2926,3025,2909,3015,69900
5015.T,1001,1001,999,999,3500
5016.T,3560,3599,3514,3574,20679000
5018.T,2360,2399,2360,2399,8200
5019.T,1669,1673,1644.5,1651,8734500
501A.T,1750,1750,1750,1750,0
5020.T,1460.5,1462,1431.5,1431.5,16565600
5021.T,4600,4603,4456,4456,1824300
5025.T,572,584,572,584,1000
5026.T,604,606,577,577,39400
5027.T,776,797,762,790,307200
5028.T,358,360,357,357,3500
5029.T,957,972,943,966,8300
502A.T,901.5,901.6,901.5,901.6,11730
5031.T,378,418,368,384,1241500
5032.T,3185,3215,3110,3110,976200
5033.T,1234,1255,1204,1255,44600
5034.T,2375,2400,2338,2352,18800
5035.T,367,369,367,367,900
5036.T,1571,1599,1555,1593,116200
5038.T,2139,2168,2100,2110,91400
503A.T,2290,2290,2290,2290,0
504A.T,544,558,538,550,118500
505A.T,1419,1427,1405,1415,20100
506A.T,1010,1010,1010,1010,0
5071.T,1491,1497,1470,1485,33400
5074.T,570,583,558,577,2081500
5076.T,2876.5,2908.5,2850,2908.5,2649100
50765.T,4631,4634,4625,4632,12700
5078.T,4720,4720,4720,4720,200
5079.T,2606,2606,2590,2590,2300
507A.T,2156,2156,2156,2156,0
509A.T,71700,71700,71000,71300,115
5101.T,6965,7047,6808,6825,974600
5105.T,3820,3826,3764,3804,1357500
5108.T,3796,3796,3708,3730,7038000
510A.T,1712,1712,1712,1712,0
5110.T,2030,2031.5,1985.5,1985.5,2186500
511A.T,11710,11710,11710,11710,0
5121.T,2850,2864,2795,2833,73400
5122.T,6340,6360,6230,6240,26100
5125.T,496,496,491,492,900
5126.T,1400,1400,1400,1400,0
5129.T,261,264,257,260,27000
512A.T,1113,1144,1113,1144,1424
5131.T,199,239,185,185,15219900
5132.T,1902,1960,1885,1889,21400
5133.T,290,296,290,295,28800
5134.T,456,456,453,456,4100
5136.T,2271,2357,2235,2336,110600
5137.T,310,312,296,303,394500
5138.T,459,460,452,452,1600
5139.T,903,911,892,905,15200
513A.T,842,844,830,837,186655
5142.T,1807,1820,1786,1809,40100
514A.T,469,469,469,469,0
515A.T,498.7,499.8,498,498.1,430
5161.T,3570,3575,3530,3545,191500
5162.T,786,802,784,802,9300
516A.T,2040,2040,2021,2021,135
517A.T,1971,1971,1955,1957,9
5184.T,4140,4140,4115,4130,4800
5185.T,2001,2011,1995,2002,32900
5186.T,6940,6950,6800,6860,55300
5187.T,1197,1197,1157,1157,3400
5189.T,3485,3510,3455,3505,1400
518A.T,2125,2125,2100,2120,73787
5192.T,4325,4340,4305,4340,103700
5194.T,639,639,635,637,7100
5195.T,2471,2476,2445,2454,76100
5199.T,1988,1988,1988,1988,600
519A.T,491,491,485,491,3100
5201.T,5742,5773,5646,5646,1310300
5202.T,496,497,495,496,6091600
5204.T,3080,3080,3055,3070,3100
5208.T,2680,2705,2653,2668,156500
520A.T,394,420,383,401,236500
5210.T,2909,2912,2876,2883,30900
5214.T,5000,5018,4872,4908,842200
5216.T,140,142,139,140,75500
5218.T,1624,1662,1619,1658,56500
521A.T,1990,2050,1986,2048,35452
522A.T,3020,3020,3020,3020,0
5232.T,5800,5831,5740,5763,169600
5233.T,4285,4307,4155,4172,696300
5237.T,1226,1226,1212,1212,2000
523A.T,1822,1917,1822,1906,160800
5240.T,179,184,177,181,74800
5242.T,2455,2455,2380,2380,2900
5243.T,3055,3175,2981,3135,298600
5244.T,174,175,171,174,255900
5246.T,859,872,841,863,339000
5247.T,546,555,546,550,1400
5248.T,510,520,509,517,23900
5249.T,1253,1253,1253,1253,0
524A.T,1988,1988,1988,1988,0
5250.T,1150,1150,1121,1126,700
5252.T,945,1019,945,1019,23700
5253.T,1649,1651,1601,1603,955800
5254.T,4060,4095,4040,4050,2700
5255.T,83,84,78,78,542000
5256.T,3000,3145,2967,3040,13600
5257.T,2928,2930,2858,2904,6300
5258.T,437,442,432,438,47500
525A.T,1663,1663,1663,1663,0
5261.T,7680,7750,7680,7680,2400
5262.T,1134,1139,1120,1120,170300
5268.T,850,850,840,844,6000
5269.T,365,366,363,365,85000
526A.T,2337,2340,2304,2331,1332
5271.T,2248,2248,2227,2227,500
5273.T,2168,2185,2122,2161,117200
5279.T,1200,1201,1196,1196,500
527A.T,1673,1673,1673,1673,0
5280.T,2213,2250,2208,2249,6800
5282.T,410,411,401,405,47700
5283.T,3120,3120,3120,3120,100
5284.T,2239,2240,2216,2219,9300
5285.T,1338,1349,1338,1343,12300
5287.T,891,945,890,944,61800
5288.T,1483,1492,1470,1477,155000
528A.T,1080,1080,1080,1080,0
5290.T,1244,1245,1220,1229,79400
5301.T,2119.5,2147,2100,2127.5,3181100
5302.T,5100,5130,5050,5050,38800
5304.T,2507,2533,2503,2510,11400
530A.T,1778,1778,1774,1774,96
5310.T,7350,7420,7110,7250,114400
531A.T,2360,2389,2340,2389,56
532A.T,2345,2365,2319,2324,261
5331.T,3660,3675,3620,3665,319000
5332.T,5729,5764,5668,5718,1310000
5333.T,5258,5290,5164,5251,2091900
5334.T,7306,7338,7184,7218,1249300
5337.T,837,861,837,854,8600
533A.T,2242,2260,2242,2260,8
5341.T,137,139,137,139,21700
5344.T,56040,56850,55330,55670,98200
534A.T,2326,2359,2326,2359,765
5351.T,2071,2077,2045,2060,115200
5355.T,660,661,659,660,2800
5356.T,1278,1278,1261,1265,2800
5357.T,1750,1751,1744,1745,26100
535A.T,2101,2101,2101,2101,1
5363.T,693,693,689,693,68300
5367.T,1384,1450,1384,1450,261400
5368.T,1004,1005,1000,1005,4900
536A.T,2183,2183,2183,2183,1
537A.T,1121,1124,1103,1124,102
5380.T,1431,1431,1378,1378,3200
5381.T,987,1009,984,995,294000
5384.T,3320,3380,3310,3375,474500
5388.T,1400,1449,1384,1400,27700
538A.T,4731,4733,4731,4733,284
5391.T,1500,1505,1496,1505,3000
5393.T,3353,3386,3338,3359,536700
539A.T,4784,4784,4784,4784,0
5401.T,700.3,700.4,691,695,28895800
5406.T,2092.5,2094,2061.5,2069,2034200
5408.T,650,651,642,642,169800
540A.T,2065,2081,2030,2051,51015
5410.T,3120,3120,3015,3015,80300
5411.T,1890,1892,1865.5,1883,6800000
541A.T,1130,1130,1115.5,1129,240
5423.T,1797,1800,1765,1776,393500
542A.T,1035,1049,1029,1036,1900
543A.T,281,284,276,284,41233700
5440.T,2047,2047,2017,2017,126500
5444.T,12570,12595,12400,12545,166300
5445.T,2074,2075,2043,2060,76900
5446.T,1089,1091,1088,1088,1300
5449.T,2547,2571,2530,2561,26300
544A.T,327,329,326,327,283300
5451.T,1437,1437,1423,1433,325400
5458.T,1319,1354,1319,1354,2200
545A.T,995,995,991,991,46700
5461.T,2178,2186,2118,2138,314200
5463.T,1761,1761,1731.5,1739,817200
5464.T,940,941,935,940,23300
546A.T,2463,2470,2421,2441,119200
5471.T,2441.5,2457,2410.5,2434.5,987300
547A.T,444,445,439,439,1683300
5480.T,5550,5570,5460,5520,70700
5482.T,3290,3290,3200,3230,228200
5484.T,4445,4445,4445,4445,300
548A.T,950,955,948,954,8400
5491.T,936,937,910,911,79000
549A.T,487,493,486,487,33200
550A.T,2190,2190,2165,2165,400
551A.T,811,811,811,811,0
5527.T,745,747,738,742,18000
552A.T,2350,2386,2342,2385,1867
5532.T,3495,3530,3475,3490,8100
5533.T,2178,2200,2135,2166,800
5534.T,850,850,850,850,0
5535.T,291,292,288,291,107700
5537.T,3630,3735,3540,3690,56200
5541.T,2681,2697,2655,2667,184400
5542.T,1229,1270,1082,1236,500300
554A.T,1493,1506,1490,1494,2800
555A.T,2000,2000,2000,2000,0
5563.T,435,442,435,439,560600
556A.T,2557,2626,2503,2553,64100
5570.T,624,625,619,619,6500
5571.T,1023,1024,1018,1023,600
5572.T,3070,3185,3005,3120,199700
5574.T,3275,3295,3125,3260,265600
5575.T,1149,1190,1141,1141,4000
5576.T,3000,3010,3000,3010,500
5578.T,907,914,899,902,13600
557A.T,2150,2150,2150,2150,0
5580.T,1567,1584,1544,1574,800
5581.T,193,193,193,193,0
5582.T,2050,2075,2021,2046,11000
5586.T,913,930,911,916,25900
5587.T,810,818,801,802,7600
5588.T,892,892,875,875,13100
5589.T,2879,2899,2860,2899,1300
558A.T,5580,5880,5540,5780,21100
5590.T,735,739,726,729,74700
5591.T,858,885,858,871,9700
5592.T,2786,2788,2763,2777,15000
5597.T,1400,1427,1368,1406,38800
5598.T,3200,3200,3200,3200,0
5599.T,1080,1088,1065,1087,9300
559A.T,1190,1196,1175,1196,7900
5602.T,1670,1677,1584,1584,1267600
5603.T,1306,1314,1293,1296,3400
5609.T,922,929,920,929,4800
560A.T,1123,1123,1123,1123,0
5612.T,1609,1610,1593,1594,3000
5616.T,644,644,633,635,1200
5618.T,292,293,288,292,2800
5619.T,836,836,834,834,500
561A.T,5000,5000,5000,5000,0
5620.T,2200,2200,2200,2200,0
5621.T,1576,1600,1571,1597,15100
5622.T,1200,1200,1200,1200,0
562A.T,1000,1000,1000,1000,0
5631.T,7400,7468,7284,7391,960300
5632.T,2578,2582,2509,2561,121700
563A.T,1018,1032,1016,1030,794009
5644.T,7250,7280,7250,7270,600
564A.T,1069,1077,1064,1077,86
5658.T,410,410,406,410,24000
5659.T,1422,1430,1405,1413,50900
565A.T,961,961,961,961,0
566A.T,2351,2351,2241,2241,43
567A.T,3000,3000,3000,3000,0
568A.T,167.7,171.7,167.2,171.6,178650
5695.T,2999,2999,2999,2999,0
5697.T,809,828,807,828,7500
5698.T,740,752,739,746,129700
5699.T,1600,1612,1599,1609,1600
569A.T,175.9,179.4,173.9,179.4,112420
5702.T,1815,1823,1790,1809,217600
5703.T,3020,3030,2986,3020,256100
5704.T,392,392,387,387,1200
5706.T,21735,22800,21390,22795,2635600
5707.T,979,994,969,973,508600
570A.T,901.3,901.5,901.3,901.5,4650
5711.T,5185,5217,5121,5194,2436000
5713.T,9478,9657,9432,9610,3017000
5714.T,9109,9136,8995,9095,512700
5715.T,4135,4260,4135,4225,257700
571A.T,498,499,496.6,497.5,19990
5721.T,55,57,49,54,4343400
5724.T,3100,3295,3100,3280,91700
5726.T,2432,2444,2368,2422,858000
5729.T,1651,1712,1651,1695,25000
572A.T,496.6,496.6,495,495.7,20000
573A.T,492.6,493.3,488.5,488.5,150340
5741.T,2273,2276,2237,2251,1263200
5742.T,741,743,741,743,300
574A.T,887,887,887,887,0
5753.T,2598,2598,2572,2590,1000
5757.T,4965,4995,4920,4965,8200
575A.T,1918,1919,1899,1910,131000
576A.T,862,866,850,865,16308
577A.T,250.9,259.3,250.2,257.7,2340
578A.T,250,256.8,250,256.6,7270
579A.T,1032,1054,1023,1054,9843
5801.T,3855,3928,3757,3901,21047200
5802.T,2081,2099.5,2057,2080.5,19348200
5803.T,4989,5027,4848,4952,37410000
5805.T,13100,13200,12800,13120,296400
580A.T,988,992,978,990,6986
5816.T,1444,1447,1430,1440,9000
5817.T,1101,1133,1094,1122,49400
5819.T,1750,1751,1740,1750,2000
581A.T,3180,3225,3045,3170,4110700
5820.T,905,910,884,897,66900
5821.T,3160,3210,3120,3195,42800
5830.T,3846,3861,3765,3826,1308900
5831.T,3511,3520,3448,3489,1984000
5832.T,3651,3672,3578,3652,664400
5834.T,2840,2846,2812,2836,23800
5838.T,6077,6212,6048,6175,1211100
583A.T,2000,2000,2000,2000,0
5840.T,505,505,505,505,0
5842.T,3010,3045,2992,2998,55700
5843.T,2334,2334,2300,2307,3800
5844.T,4882,4892,4776,4869,1058500
5845.T,1210,1222,1204,1211,20900
584A.T,2450,2513,2435,2478,50700
5851.T,2780,2795,2731,2731,184400
5852.T,670,673,666,671,62800
5857.T,3685,3745,3655,3705,787000
5858.T,1183,1185,1181,1181,2100
585A.T,1089,1089,1073,1085,79
5866.T,300,300,300,300,0
5867.T,1311,1320,1300,1314,1500
5868.T,1051,1054,1043,1054,1700
5869.T,1260,1260,1256,1259,3600
586A.T,253,253,248.3,252,250020
5870.T,900,906,897,898,6900
5871.T,1400,1400,1382,1388,3200
587A.T,111800,113800,111750,113800,204
5884.T,596,608,590,605,16200
5885.T,3165,3225,3155,3195,26000
5888.T,2738,2751,2732,2751,1500
5889.T,2260,2260,2201,2247,229900
5890.T,3500,3500,3500,3500,0
5891.T,1691,1691,1680,1688,1800
5892.T,2835,2988,2786,2935,110900
5893.T,510,510,510,510,0
589A.T,1386,1411,1340,1385,68400
5900.T,888,888,875,875,1400
5901.T,4641,4656,4536,4536,737100
5902.T,2780,2780,2737,2737,23000
5905.T,1360,1361,1360,1361,700
5906.T,771,780,771,772,5500
5909.T,980,983,970,971,16400
590A.T,1280,1295,1261,1295,136900
5911.T,3040,3045,3005,3015,149400
5915.T,2411,2453,2411,2448,900
5918.T,7900,7900,7900,7900,100
591A.T,255,255,255,255,0
5921.T,4410,4460,4400,4460,1300
5922.T,19960,20100,19960,20000,700
5923.T,1194,1197,1182,1197,1300
5928.T,292,292,291,291,2400
5929.T,3511,3518,3457,3457,1106000
5930.T,1907,1926,1899,1917,180800
5932.T,661,662,654,659,63500
5933.T,1110,1110,1100,1102,32200
5936.T,904,910,904,907,12700
5938.T,1757,1758,1730,1730,4033000
5939.T,4660,4660,4660,4660,300
593A.T,1976,1977,1865,1977,6102800
5940.T,752,752,746,748,8900
5941.T,2700,2718,2695,2700,1000
5942.T,634,642,633,641,38400
5943.T,2241,2247,2229,2233,149700
5945.T,2259,2289,2259,2289,500
5946.T,2008,2008,1983,1983,154700
5947.T,3505,3511,3377,3377,663800
5949.T,1340,1343,1316,1321,156200
594A.T,430,430,430,430,0
5950.T,151,152,150,151,5700
5951.T,1141,1145,1128,1133,5000
5952.T,189,191,189,190,7900
5955.T,83,83,82,82,474300
5956.T,580,580,576,579,5900
5957.T,771,775,766,774,98300
5958.T,4455,4455,4400,4400,400
5959.T,952,953,947,950,55300
595A.T,452,452,452,452,0
5962.T,2076,2076,2076,2076,200
5965.T,1214,1216,1208,1210,14100
5966.T,2700,2705,2700,2700,700
5967.T,445,447,444,444,7500
5969.T,1200,1200,1199,1199,200
5970.T,2296,2296,2259,2276,88700
5971.T,8650,8700,8650,8700,600
5973.T,609,618,609,617,1500
5974.T,835,850,835,850,3000
5975.T,3405,3430,3365,3410,191100
5976.T,1500,1505,1476,1481,136100
597A.T,1000,1000,1000,1000,0
5981.T,1931,1935,1904,1919,57800
5982.T,4140,4140,4100,4110,2100
5983.T,13900,13900,13900,13900,100
5984.T,790,790,779,782,2200
5985.T,2212,2373,2212,2320,886200
5986.T,261,264,259,261,35700
5987.T,1615,1615,1615,1615,0
5988.T,1708,1719,1680,1690,80000
5989.T,1497,1508,1484,1503,119100
598A.T,1416,1463,1415,1430,36700
5990.T,1945,1945,1945,1945,0
5991.T,3345,3388,3305,3388,1299200
5992.T,3735,3745,3715,3735,19900
5994.T,1005,1013,1000,1000,1700
5997.T,881,881,881,881,100
5998.T,2770,2770,2770,2770,600
599A.T,300,300,300,300,0
6005.T,3180,3196,3152,3154,397500
600A.T,1840,1878,1840,1878,48
6013.T,3050,3070,3025,3030,256400
6016.T,12400,12570,12020,12510,121600
6018.T,5770,5940,5770,5940,1600
601A.T,378,378,378,378,0
6022.T,2913,2959,2911,2911,3500
6023.T,3380,3440,3345,3415,241800
6027.T,5540,5710,5390,5650,154600
6029.T,192,195,187,189,39800
602A.T,560,560,560,560,0
6030.T,1751,1799,1740,1790,6000
6031.T,279,282,274,277,26700
6033.T,1775,1791,1760,1785,18900
6034.T,579,603,579,588,6400
6035.T,728,769,721,763,134200
6036.T,3645,3645,3565,3570,70800
6037.T,1086,1099,1073,1090,50400
6038.T,835,835,830,830,800
6039.T,1020,1035,1012,1020,45200
603A.T,860,863,821,841,791600
6040.T,461,467,461,465,14500
6042.T,3840,3875,3835,3875,500
6044.T,1886,1909,1879,1890,5100
6045.T,2090,2098,2070,2070,15200
6046.T,156,156,150,153,43500
6047.T,381,387,380,387,49500
6049.T,246,251,246,251,6000
604A.T,1473,1499,1388,1410,1286200
6050.T,1807,1814,1807,1814,18200
6054.T,109,111,109,110,18200
6055.T,2164,2205,2162,2195,611900
6058.T,1969,1998,1960,1984,377000
6059.T,374,375,370,374,10200
605A.T,197.5,198,196.3,197.2,39180
6061.T,3210,3210,3165,3165,1400
6062.T,1440,1450,1433,1433,44700
6063.T,1001,1008,996,1008,2300
6069.T,675,679,672,674,10800
606A.T,20830,21685,20750,21645,3260
6070.T,2517,2539,2507,2530,43200
6071.T,905,917,897,912,205500
6072.T,1060,1079,1051,1059,292500
6073.T,1529,1530,1520,1521,13500
6074.T,514,514,514,514,300
6078.T,1561,1576,1553,1572,20600
607A.T,273,288,265,278,1241400
6080.T,4385,4400,4250,4295,150600
6081.T,147,148,143,145,170900
6082.T,993,999,987,996,34100
6083.T,1678,1678,1647,1662,29700
6085.T,132,132,121,124,3662600
6086.T,1029,1044,1016,1044,26400
6087.T,3575,3575,3550,3555,2800
6088.T,573,589,567,584,547400
6089.T,1168,1179,1166,1176,32500
608A.T,1467,1467,1451,1453,4314
6090.T,613,613,605,605,5800
6091.T,955,955,948,952,3800
6092.T,810,825,810,819,5100
6093.T,161,163,161,163,113400
6094.T,526,530,525,529,13300
6098.T,17400,17540,16985,17350,4860600
6099.T,744,744,732,734,62200
609A.T,1091,1099,1088,1095,12481
6101.T,4980,5130,4965,5120,387600
6103.T,4505,4550,4405,4475,441400
6104.T,4525,4590,4515,4540,157900
610A.T,1059,1073,1042,1066,25751
6113.T,2456,2471,2412,2412.5,2151000
6118.T,1239,1253,1231,1237,311100
611A.T,988,999,988,999,20
6125.T,4650,4670,4565,4645,32700
612A.T,10110,10110,10110,10110,0
6134.T,6951,7179,6906,7179,2281400
6135.T,15290,15310,14980,15190,106800
6136.T,3500,3516,3456,3488,476400
6137.T,1516,1524,1511,1512,12400
6138.T,1970,2000,1956,1969,4400
613A.T,1924,1934,1924,1934,52
6140.T,1126,1129,1110,1114,400200
6141.T,2841.5,2866,2805.5,2819.5,1325500
6143.T,1647,1662,1623,1653,283200
6144.T,2813,2841,2805,2811,23600
6145.T,2626,2650,2600,2607,98100
6146.T,52100,52560,51330,52420,1444700
6147.T,181,192,174,181,50800
6149.T,2200,2200,2171,2185,4000
614A.T,1468,1468,1468,1468,0
6150.T,2800,2800,2790,2795,4000
6151.T,1751,1755,1735,1755,24900
6155.T,538,540,532,540,10000
6156.T,1840,1854,1837,1844,4600
6157.T,816,819,813,817,34000
6158.T,1030,1039,1025,1038,2100
6159.T,2140,2175,1922,1990,6100
615A.T,305,305,305,305,0
6161.T,1047,1052,1037,1048,2300
6165.T,540,545,538,543,28900
6166.T,651,665,651,659,69400
6167.T,991,994,985,992,32600
616A.T,568,568,568,568,0
6171.T,373,374,371,371,8100
6176.T,1031,1035,1016,1021,134300
6177.T,82,84,82,83,73800
6178.T,2550,2553,2478.5,2527.5,8757900
617A.T,2679,2679,2679,2679,0
6180.T,3785,3785,3710,3710,1300
6181.T,90,90,87,90,80600
6182.T,523,523,517,522,14100
6183.T,1374,1377,1360,1367,343800
6184.T,618,621,611,614,127600
6185.T,362,365,362,363,8100
6186.T,377,377,370,377,5400
6189.T,1007,1011,1001,1009,16300
6190.T,304,306,300,306,16800
6191.T,1662,1708,1644,1644,993600
6193.T,1183,1184,1170,1170,5800
6194.T,889,889,881,887,214500
6195.T,202,205,202,205,11700
6196.T,1450,1470,1437,1453,534500
6198.T,199,199,196,197,25800
6199.T,1441,1469,1441,1463,18500
6200.T,732,732,723,723,280800
6203.T,2363,2561,2275,2538,5081800
6208.T,1820,1820,1770,1820,106800
6209.T,3960,3980,3935,3970,204200
6217.T,825,837,792,800,142700
6218.T,659,666,646,651,2000
6222.T,943,950,925,927,130400
6223.T,1979,1979,1938,1950,22300
6224.T,1225,1225,1209,1213,11100
6226.T,2265,2285,2260,2274,70400
6227.T,5800,6170,5710,6170,1552300
6228.T,535,554,526,541,28100
6229.T,1486,1487,1465,1466,6100
6230.T,2181,2181,2180,2180,1100
6231.T,11960,12050,11830,11990,9700
6232.T,1382,1412,1321,1398,1945800
6233.T,406,414,406,407,10900
6235.T,2427,2476,2424,2454,354600
6237.T,3955,3970,3870,3925,42900
6238.T,1471,1484,1453,1479,89500
6239.T,1407,1434,1367,1430,8900
6240.T,524,527,520,520,331300
6245.T,1813,1823,1793,1823,36300
6246.T,1849,1854,1840,1840,6100
6247.T,1759,1759,1710,1719,91700
6248.T,1793,1793,1793,1793,100
6249.T,2867,2880,2822,2822,4100
6250.T,4435,4475,4370,4425,102300
6254.T,3230,3320,3230,3300,658600
6255.T,691,691,671,676,111300
6257.T,1015,1020,1014,1016,20100
6258.T,3775,3820,3710,3790,425200
6262.T,533,533,526,527,62600
6264.T,1830,1853,1807,1833,376700
6265.T,3095,3095,3070,3090,700
6266.T,3500,3615,3500,3590,178300
6267.T,4100,4100,4100,4100,100
6268.T,4651,4700,4583,4619,1208600
6269.T,9266,9445,9182,9255,827200
6272.T,1544,1549,1528,1531,52600
6273.T,66880,67130,65960,66330,432200
6276.T,361,362,359,360,12200
6277.T,6010,6130,5930,5980,64600
6278.T,13260,13570,13190,13390,229900
6279.T,934,935,926,935,20500
6282.T,2956,2970,2928,2936,186000
6284.T,8470,8550,8430,8510,38300
6286.T,1520,1520,1507,1507,3000
6287.T,2682,2682,2642,2655,86100
6289.T,1935,1941,1900,1938,50900
6291.T,1332,1342,1328,1333,11700
6292.T,844,845,821,833,4400
6294.T,1958,1969,1952,1954,15000
6298.T,1259,1269,1249,1265,70700
6301.T,7143,7199,6955,7012,6522000
6302.T,5935,5978,5789,5978,1331300
6305.T,5699,5738,5586,5663,1212600
6306.T,1010,1014,1002,1005,66200
6307.T,463,464,462,464,1400
6309.T,2025,2030,1986,1987,98000
6310.T,1970,1983,1941,1954,76000
6315.T,2139,2156,2116,2147,2305300
6316.T,3050,3105,3000,3005,12600
6317.T,2521,2545,2453,2535,135100
6322.T,1612,1612,1601,1602,300
6323.T,3470,3565,3458,3565,2294800
6324.T,6170,6260,6070,6200,1256800
6325.T,419,419,417,417,5600
6326.T,2814,2817,2729,2749.5,4443500
6327.T,2828,3025,2827,3010,339100
6328.T,2390,2390,2344,2352,57900
6330.T,2853,2921,2796,2908,7500300
6331.T,3395,3425,3355,3370,89500
6332.T,2728,2750,2608,2608,453400
6333.T,3545,3560,3500,3510,43400
6334.T,465,473,465,466,3000
6335.T,587,590,580,580,4800
6336.T,1401,1430,1400,1424,81100
6337.T,3300,3460,3300,3460,32500
6338.T,1643,1680,1643,1647,14700
6339.T,1215,1225,1191,1201,291500
6340.T,5500,5520,5400,5460,62100
6342.T,2910,2910,2910,2910,0
6343.T,146,148,146,146,51900
6345.T,1468,1470,1452,1461,124700
6346.T,5620,5620,5580,5580,200
6347.T,245,249,243,249,12600
6349.T,2008,2017,1985,2000,173700
6351.T,2541,2570,2507,2569,166400
6356.T,1394,1400,1324,1386,621800
6357.T,2800,2824,2738,2773,30600
6358.T,2178,2178,2159,2173,12500
6360.T,4705,4820,4705,4815,2500
6361.T,4320,4360,4291,4323,3267100
6363.T,2895,2918,2860,2918,351900
6364.T,2525,2612,2518,2591,77100
6365.T,5530,5580,5530,5580,400
6366.T,699,712,696,700,1529400
6367.T,20720,20785,20470,20740,2153500
6368.T,12135,12395,12065,12395,519300
6369.T,2428,2445,2405,2414,79700
6370.T,7515,7607,7480,7591,833000
6371.T,2765,2768,2700,2718,283100
6376.T,3430,3455,3375,3415,324800
6378.T,1191,1209,1185,1205,123500
6379.T,3190,3200,3090,3125,270600
6380.T,3655,3725,3655,3685,3700
6381.T,1926,1932,1902,1915,64800
6382.T,1240,1249,1232,1232,11500
6383.T,5423,5458,5407,5449,2046100
6384.T,1715,1717,1699,1717,5100
6387.T,7540,7970,7540,7790,392800
6390.T,1342,1345,1326,1330,46300
6391.T,4805,4840,4785,4785,800
6392.T,7870,7870,7870,7870,0
6393.T,3050,3060,3020,3060,1900
6395.T,1383,1392,1367,1374,368300
6396.T,4565,4565,4565,4565,0
6400.T,296,298,293,298,14700
6402.T,1612,1619,1591,1618,4800
6405.T,1241,1241,1225,1235,14400
6407.T,4995,5100,4990,5100,635700
6408.T,4250,4250,4250,4250,600
6412.T,2226,2229,2210,2210,325100
6413.T,1059,1059,1046,1046,78600
6417.T,2134,2144,2071,2071,4922800
6418.T,1261,1263,1240,1260,249400
6419.T,3215,3215,3165,3165,71900
6420.T,3510,3510,3445,3490,66300
6424.T,896,897,889,889,1100
6425.T,745,745,721,730,172800
6428.T,326,331,326,326,18400
6430.T,2495,2499,2465,2468,52500
6432.T,7380,7440,7250,7280,285300
6433.T,1303,1400,1263,1331,838900
6436.T,3933,3945,3871,3871,886100
6440.T,762,770,753,763,214000
6444.T,192,198,189,195,113000
6445.T,1361,1364,1349,1352,24800
6448.T,4664,4669,4577,4631,1901300
6454.T,1919,1939,1906,1929,419300
6455.T,2568,2568,2515,2530,79100
6457.T,4478,4505,4453,4466,290300
6458.T,1251,1256,1238,1241,167800
6459.T,1676,1676,1641,1662,125900
6460.T,3300,3322,3252,3264,1420000
6463.T,1571,1591,1569,1583,167900
6464.T,340,342,337,340,255100
6465.T,5370,5390,5320,5328,469400
6466.T,3975,3985,3890,3955,12200
6467.T,347,347,345,347,1300
6469.T,2789,2910,2772,2866,64600
6470.T,1103,1122,1086,1118,163200
6471.T,1093,1096,1074.5,1082,3265200
6472.T,387,389.6,382,384.8,6451800
6473.T,2098,2103.5,2074,2083,1730100
6474.T,5430,5440,5370,5420,80100
6479.T,3515,3524,3440,3455,2977900
6480.T,1725,1740,1705,1735,603300
6481.T,6089,6272,6036,6272,2393000
6482.T,706,736,704,705,663500
6484.T,2241,2267,2240,2244,1600
6485.T,1657,1669,1642,1662,41900
6486.T,3025,3050,2986,3015,120100
6488.T,1042,1048,1042,1046,1000
6490.T,9220,9440,9220,9440,103300
6492.T,14810,15000,14620,14810,9800
6493.T,501,501,488,488,113300
6494.T,98,101,98,101,332000
6495.T,110,111,109,110,237400
6496.T,5550,5600,5500,5600,1100
6497.T,1416,1446,1403,1406,10400
6498.T,1972,1984,1943,1973,386800
6501.T,5497,5530,5425,5524,15940600
6503.T,5215,5237,5126,5126,6822100
6504.T,13120,13145,12875,13075,816900
6505.T,2431,2446,2419,2437,32000
6506.T,4369,4411,4327,4383,3522100
6507.T,12620,12910,12560,12760,244400
6508.T,10920,11020,10760,10930,315000
6513.T,1294,1301,1280,1283,8300
6516.T,5270,5330,5200,5330,105300
6517.T,4070,4080,4020,4070,41000
6518.T,1749,1749,1691,1693,7800
6521.T,3105,3335,3100,3330,192700
6522.T,1410,1418,1388,1400,282400
6523.T,1351,1386,1330,1358,995300
6524.T,4960,5140,4910,5020,652400
6525.T,8434,8890,8403,8884,10246600
6526.T,1976.5,2020.5,1943.5,2000,8137900
6532.T,7990,8013,7765,7932,1166500
6533.T,1194,1243,1190,1234,54700
6535.T,502,508,498,500,196300
6537.T,291,294,289,293,30800
6538.T,250,253,249,249,31900
6539.T,998,1004,998,1004,23200
6540.T,1498,1508,1488,1498,19400
6543.T,1190,1210,1180,1184,1500
6544.T,1533,1541,1521,1530.5,730900
6545.T,797,797,780,780,6700
6546.T,1181,1183,1178,1178,800
6547.T,2165,2174,2139,2144,33300
6548.T,127,127,123,124,47900
6549.T,1114,1129,1114,1114,7200
6551.T,614,620,612,620,18300
6552.T,170,170,168,169,10700
6554.T,1131,1142,1124,1140,12000
6555.T,429,429,429,429,700
6557.T,727,730,710,712,33000
6558.T,670,672,670,672,200
6560.T,1824,1848,1824,1846,16500
6561.T,823,823,810,814,8300
6562.T,1011,1016,995,1001,17800
6563.T,458,463,452,453,12900
6564.T,2028,2050,2000,2000,65900
6566.T,1269,1269,1269,1269,300
6568.T,1225,1233,1221,1221,3400
6570.T,3450,3595,3450,3500,26200
6571.T,1283,1285,1276,1277,30900
6572.T,266,274,264,272,169000
6573.T,27,28,26,26,611000
6574.T,117,123,116,123,893200
6577.T,1384,1385,1366,1367,15200
6578.T,459,464,459,464,1800
6579.T,348,351,345,351,1600
6580.T,849,876,846,851,9600
6584.T,784,789,778,779,251600
6586.T,5370,5397,5284,5284,897200
6588.T,2963,2963,2895,2900,140500
6590.T,3665,3815,3665,3790,1524000
6592.T,1730,1740,1707,1707,1382100
6594.T,2774,2877,2727,2856,7552600
6596.T,990,990,990,990,0
6597.T,3840,4050,3805,4040,103600
6599.T,4050,4120,4000,4070,14100
6612.T,590,600,580,580,11200
6613.T,2015,2100,1990,2085,1965500
6614.T,860,870,860,864,2100
6615.T,242,242,238,240,29200
6616.T,1830,1875,1825,1866,86700
6617.T,6860,6970,6800,6970,92900
6619.T,147,151,145,150,1664000
6620.T,675,679,663,674,58600
6622.T,12410,12810,12410,12720,307900
6625.T,369,370,366,368,174000
6626.T,2389,2411,2355,2376,5200
6627.T,10800,11660,10720,11660,224200
6629.T,992,1000,981,992,92300
6630.T,789,792,781,781,192300
6632.T,1011,1016.5,995.1,998.9,1961500
6633.T,316,316,314,315,900
6634.T,68,69,68,68,24000
6635.T,678,680,669,675,6800
6637.T,4370,4380,4280,4380,26600
6638.T,2070,2099,2060,2092,123100
6643.T,5710,5730,5610,5730,1300
6644.T,1504,1508,1477,1485,352400
6645.T,6215,6220,6092,6168,1528800
6647.T,3685,3710,3685,3710,2000
6648.T,1643,1670,1643,1651,24400
6651.T,4475,4495,4440,4475,86600
6652.T,3770,3810,3725,3810,184300
6653.T,2122,2128,2100,2114,45100
6654.T,1082,1082,1078,1080,3400
6656.T,766,782,757,779,77500
6658.T,459,459,451,451,29700
6659.T,49,49,47,47,4001400
6662.T,225,225,219,221,3400
6663.T,305,308,305,306,8600
6664.T,261,262,258,260,900
6666.T,810,824,807,807,29900
6668.T,3920,4235,3885,4160,115700
6674.T,5480,5526,5456,5476,741900
6675.T,2213,2231,2208,2224,23100
6676.T,3470,3520,3430,3475,102900
6677.T,3255,3265,3210,3225,83800
6678.T,2067,2080,2056,2060,5700
6694.T,830,852,816,817,9400
6696.T,319,329,318,324,24600
6699.T,495,498,493,494,72000
6701.T,4915,4915,4812,4812,5826600
6702.T,4000,4014,3937,3979,7416200
6703.T,2833,2846,2740,2759,836500
6706.T,3345,3355,3310,3330,73900
6707.T,6731,6819,6715,6772,137700
6718.T,2881,2881,2852,2852,20800
6721.T,75,78,75,77,322800
6723.T,3238,3309,3194,3309,15511700
6724.T,3202,3214,3128,3144,1946000
6727.T,850,852,837,842,561600
6728.T,7165,7289,7068,7289,650300
6730.T,1190,1219,1190,1213,78400
6731.T,100,102,99,99,91200
6736.T,10040,10180,9660,9690,52800
6737.T,3210,3215,3150,3170,133900
6740.T,49,49,48,49,20875300
6741.T,1831,1835,1790,1808,150700
6742.T,1090,1115,1081,1106,401900
6743.T,1052,1062,1052,1055,5900
6744.T,4130,4130,4060,4080,112900
6745.T,1957,1982,1924,1977,276200
6748.T,757,766,754,760,12100
6750.T,2029,2039,2010,2029,308300
6752.T,4325,4346,4228,4287,12518100
6753.T,680,680.4,648.8,648.8,4894400
6754.T,3198,3227,3163,3213,1116800
6757.T,900,910,892,905,17400
6758.T,3733,3747,3676,3697,15142800
6762.T,2856,2881,2808,2845,10766500
6763.T,2842,2880,2842,2869,22700
6768.T,826,830,811,822,501200
6769.T,1127,1179,1113,1177,81800
6770.T,2277,2283.5,2204,2218,1799300
6771.T,652,653,648,653,4900
6772.T,1018,1019,1000,1006,700
6775.T,130,132,129,129,70800
6776.T,286,287,284,287,13600
6777.T,20250,21130,20180,21050,136800
6778.T,625,638,625,634,13700
6779.T,3145,3270,3130,3220,912600
6785.T,3165,3190,3110,3130,49500
6786.T,49,49,47,48,55900
6787.T,22200,22480,21480,22140,654600
6788.T,5050,5090,5010,5040,17300
6794.T,3210,3270,3190,3240,149200
6797.T,1205,1206,1205,1205,2000
6798.T,3375,3375,3250,3335,16600
6800.T,4210,4390,4200,4345,185200
6803.T,99,100,98,100,261800
6804.T,2573,2576,2525,2529,378200
6806.T,24665,24680,24345,24495,199100
6807.T,2544,2553,2510,2523,249500
6809.T,1777,1781,1760,1762,126500
6810.T,2565,2565,2536,2554,196100
6814.T,7650,7690,7500,7640,257300
6817.T,1242,1251,1227,1234,173000
6819.T,477,478,477,478,4100
6820.T,3650,3735,3595,3735,31800
6822.T,4980,5050,4980,5000,1000
6823.T,3275,3275,3230,3260,23500
6824.T,4130,4145,3900,4020,32100
6832.T,2440,2473,2410,2434,17700
6834.T,5280,5850,5260,5850,1359100
6835.T,270,277,269,273,264000
6836.T,813,835,813,823,6000
6837.T,369,384,365,382,62300
6838.T,1373,1423,1373,1404,232600
6840.T,779,823,775,810,517500
6841.T,4754,4761,4635,4652,1564300
6844.T,2999,3035,2984,3020,59200
6845.T,1475.5,1478.5,1450.5,1450.5,3761800
6848.T,866,868,865,867,6700
6849.T,1581,1599,1570,1586.5,2665100
6850.T,1780,1789,1770,1783,29100
6853.T,765,773,765,773,15100
6855.T,6840,7260,6810,7190,1136000
6856.T,22430,22885,22240,22885,519200
6857.T,31000,32630,30810,32050,10817700
6858.T,836,842,834,834,25800
6859.T,4010,4020,3945,3955,73800
6861.T,77390,77450,75480,76580,627400
6862.T,4510,5180,4505,5180,506000
6863.T,1040,1103,1035,1096,474000
6864.T,1596,1643,1588,1589,50400
6866.T,10100,10220,10060,10180,40100
6867.T,409,413,409,411,2600
6869.T,1870,1871,1829.5,1859.5,3861700
6870.T,2065,2092,2065,2071,2000
6871.T,12910,13510,12800,13390,1703300
6874.T,2370,2375,2362,2362,2600
6875.T,10970,11090,10720,10930,116800
6877.T,5270,5290,5210,5220,37500
6882.T,1155,1160,1141,1155,20300
6888.T,501,501,497,499,7400
6890.T,9250,9330,8900,9130,1094300
6894.T,2161,2161,2161,2161,100
6897.T,625,638,613,635,88500
6898.T,4900,4935,4790,4900,2700
6899.T,2290,2296,2267,2296,7600
6902.T,1948.5,1948.5,1915,1915,9240700
6904.T,689,690,670,680,55400
6905.T,1330,1468,1290,1371,1656200
6907.T,760,775,760,775,15500
6908.T,2870,2884,2830,2830,244100
6912.T,2600,2683,2600,2636,17600
6914.T,3170,3180,3140,3160,221700
6915.T,3500,3500,3455,3465,12800
6918.T,3600,3765,3550,3755,67700
6919.T,1440,1442,1429,1435,7100
6920.T,37360,39790,37220,39090,4719500
6923.T,3590,3604,3514,3514,924900
6925.T,3661,3693,3595,3670,532500
6926.T,191,194,190,191,12300
6927.T,970,974,963,970,88300
6928.T,2897,2960,2870,2950,34100
6929.T,3680,3695,3650,3650,76500
6932.T,2581,2605,2576,2595,24200
6941.T,7820,8050,7800,8020,341200
6942.T,1444,1445,1430,1443,6900
6943.T,5630,5630,5560,5620,400
6946.T,7150,7300,6990,7300,223900
6947.T,5010,5130,5010,5020,134900
6951.T,7162,7280,7088,7263,268800
6952.T,2166,2168.5,2111.5,2141,1763300
6954.T,5894,5900,5780,5852,4699800
6955.T,407,412,406,410,65800
6958.T,783,786,757,765,610500
6960.T,12170,12170,11870,12070,85600
6961.T,9600,9940,9590,9840,163600
6962.T,818,834,810,814,248000
6963.T,4553,4674,4537,4648,2778300
6964.T,688,688,686,686,800
6965.T,2259.5,2276,2218.5,2246.5,1803000
6966.T,872,892,871,890,2644200
6969.T,993,1010,993,994,18000
6971.T,3629,3680,3576,3637,8509000
6976.T,9188,9375,9011,9375,25919200
6977.T,1575,1575,1575,1575,1600
6981.T,7581,7763,7510,7763,23568900
6982.T,577,578,577,578,700
6986.T,800,809,777,803,1588800
6988.T,3438,3438,3369,3382,4263000
6989.T,2360,2390,2341,2348,7300
6993.T,89,92,89,90,2503900
6994.T,1198,1210,1187,1208,124000
6995.T,3255,3255,3200,3205,176200
6996.T,2609,2619,2555,2582,776000
6997.T,2800,2820,2735,2787,936800
6998.T,3830,4050,3765,4025,196800
6999.T,2247,2285,2229,2271,456000
7003.T,4420,4526,4364,4383,1968400
7004.T,1185,1195,1165,1176,1186900
7011.T,3887,3918,3831,3879,16950000
7012.T,2437,2450.5,2384,2404.5,10860700
7013.T,2816.5,2878,2780.5,2852.5,11010400
7014.T,5060,5110,4920,5070,1561900
7018.T,13990,14060,13630,13800,19900
7021.T,2372,2377,2330,2332,700
7022.T,358,367,357,364,106600
7030.T,965,969,962,964,11200
7031.T,669,670,660,670,600
7033.T,1569,1604,1567,1596,383900
7034.T,308,322,308,318,45000
7035.T,219,222,215,218,52000
7036.T,668,668,668,668,900
7037.T,796,802,793,795,9500
7038.T,590,590,580,584,21800
7039.T,1370,1370,1356,1358,7600
7040.T,970,970,962,964,2100
7041.T,344,345,340,340,7400
7042.T,665,672,662,665,1700
7043.T,939,939,925,939,500
7044.T,520,523,516,522,7500
7046.T,1359,1359,1320,1320,1900
7047.T,2160,2195,2136,2187,83400
7048.T,155,155,147,154,444400
7049.T,778,779,775,777,8100
7050.T,1530,1572,1530,1560,27000
7057.T,930,930,923,923,200
7058.T,3110,3110,3040,3040,700
7059.T,970,978,969,971,68800
7060.T,581,586,579,585,17700
7061.T,491,503,491,495,66000
7062.T,688,688,679,681,2400
7063.T,67,69,60,62,1726000
7064.T,1044,1048,1007,1048,2000
7065.T,947,950,946,946,6200
7066.T,453,459,452,459,9600
7067.T,1079,1079,1055,1055,1000
7068.T,618,620,612,616,29200
7069.T,495,504,493,499,12000
7071.T,396,400,390,393,243000
7072.T,1089,1104,1077,1090,4200
7073.T,2286,2286,2282,2282,1700
7074.T,182,188,182,184,5300
7075.T,1013,1013,993,993,21700
7077.T,994,994,994,994,200
7078.T,339,348,339,343,11100
7079.T,2556,2588,2556,2588,300
7080.T,889,905,888,900,17900
7081.T,1282,1296,1279,1284,2800
7082.T,1406,1407,1406,1406,13800
7083.T,1169,1170,1151,1170,3600
7084.T,2842,2842,2770,2800,2500
7085.T,889,894,882,889,206800
7087.T,1425,1430,1422,1422,6400
7089.T,1391,1415,1376,1403,13300
7090.T,980,1000,980,985,1400
7091.T,1308,1308,1297,1300,20800
7093.T,592,611,592,603,11600
7094.T,1866,1885,1824,1855,42800
7095.T,1162,1176,1156,1156,51500
7096.T,736,739,733,737,800
7097.T,2750,2773,2732,2740,5500
7102.T,3645,3685,3625,3630,42800
7110.T,1900,1916,1885,1900,6600
7111.T,516,520,516,520,3500
7112.T,616,621,595,596,70000
7114.T,807,820,807,819,2600
7115.T,1480,1491,1464,1491,4200
7119.T,2284,2295,2084,2114,61700
7120.T,1013,1013,997,998,12200
7122.T,2449,2472,2418,2444,4800
7126.T,1452,1452,1450,1450,1000
7127.T,709,711,708,711,6100
7128.T,2910,2910,2831,2849,72700
7129.T,1180,1180,1169,1170,2900
7130.T,2831,2837,2809,2809,78600
7131.T,3805,3805,3745,3765,2800
7133.T,1330,1332,1326,1330,2900
7134.T,1443,1480,1429,1458,16500
7135.T,175,176,172,172,60000
7137.T,1200,1200,1200,1200,0
7138.T,138,143,136,143,504500
7139.T,4700,4700,4700,4700,0
7140.T,799,799,797,798,1300
7148.T,1739,1740,1718,1727,586600
7150.T,519,529,518,521,12500
7157.T,1450,1466,1448,1452,236200
7161.T,649,649,622,640,165300
7162.T,289,292,288,289,8700
7164.T,3179,3185,3156,3156,291600
7167.T,1682,1692,1651.5,1682,4294500
7170.T,330,330,330,330,0
7172.T,2132,2147,2125,2138,207700
7173.T,1700,1709,1662,1697,2040800
7175.T,2149,2220,2060,2182,51100
7176.T,757,757,757,757,0
7177.T,1171,1196,1167,1183,234700
7180.T,1680,1687,1641.5,1678,2710500
7181.T,1820,1834,1789,1799.5,2981700
7182.T,3300,3315,3209,3264,8105000
7183.T,254,255,254,255,11700
7184.T,3510,3535,3430,3535,321700
7185.T,3885,3890,3870,3885,12100
7186.T,1895.5,1900,1854,1887,7078300
7187.T,1347,1355,1340,1352,56700
7189.T,4980,5006,4901,4964,631100
7191.T,1219,1219,1200,1214,16400
7192.T,710,714,710,712,19700
7196.T,754,754,749,753,8300
7198.T,842,844,838,840,116300
7199.T,2130,2157,2116,2143,241800
7201.T,315,317,312.3,312.3,34335400
7202.T,2242,2245,2209,2210.5,3040000
7203.T,3043,3051,2999,3025,46568200
7208.T,1300,1300,1289,1290,1000
7211.T,380,381.2,366.4,368.6,10734500
7212.T,734,738,730,735,18400
7213.T,670,674,666,666,14900
7214.T,1126,1128,1111,1123,9000
7215.T,423,424,423,423,1000
7217.T,434,435,429,435,6300
7218.T,1116,1130,1116,1120,2400
7219.T,2458,2463,2440,2463,300
7220.T,2802,2865,2785,2802,892200
7222.T,939,941,926,928,163600
7224.T,1979,1985,1952,1960,144100
7226.T,2331,2335,2307,2312,231900
7228.T,3995,4000,3995,4000,1100
7231.T,3190,3190,3135,3155,44800
7235.T,1609,1609,1583,1590,17500
7236.T,1507,1516,1479,1488,351300
7238.T,108,108,107,108,2038600
7239.T,2380,2386,2357,2376,95100
7240.T,3064,3064,2991.5,2991.5,458800
7241.T,1118,1119,1102,1108,388600
7242.T,4760,4795,4715,4750,369100
7244.T,564,567,558,565,113000
7245.T,1129,1137,1124,1129,348000
7246.T,1023,1025,1006,1008,353000
7247.T,371,372,368,370,36200
7254.T,826,831,817,820,4300
7255.T,502,504,501,502,10500
7256.T,469,487,468,469,343200
7259.T,2275.5,2290,2233,2233.5,3892600
7261.T,1180,1182,1155,1157,7082600
7264.T,1359,1362,1354,1354,700
7265.T,3515,3520,3500,3520,1400
7266.T,998,998,984,990,12400
7267.T,1705,1711,1685.5,1689,17291300
7269.T,2059,2066,2020.5,2028,7525000
7270.T,2674,2690,2632.5,2632.5,5432300
7271.T,802,808,800,802,54800
7272.T,1835,1842,1792,1821,6457300
7273.T,624,626,620,623,31200
7276.T,2696,2697,2644.5,2644.5,1084200
7277.T,336,338,335,337,10300
7278.T,5990,6010,5910,5930,372500
7279.T,2579,2579,2520,2529,74300
7280.T,1392,1394,1367,1383,316000
7282.T,5318,5320,5207,5223,717300
7283.T,2166,2170,2143,2159,155500
7284.T,1185,1185,1174,1174,900
7287.T,2834,2860,2794,2813,375700
7291.T,465,466,461,466,23900
7292.T,6660,6920,6660,6920,4100
7294.T,896,907,874,874,684700
7296.T,4245,4245,4180,4200,158100
7297.T,863,879,859,879,4000
7299.T,1792,1800,1761,1800,3000
7305.T,2800,2811,2792,2809,28200
7309.T,18380,18405,18115,18225,385900
7313.T,1851,1858,1834.5,1834.5,408700
7314.T,1293,1300,1292,1300,1800
7318.T,1334,1361,1320,1351,74600
7320.T,1476,1494,1460,1484,13100
7322.T,2070,2090,2028,2087,553700
7325.T,691,699,687,695,6200
7326.T,2317,2317,2285,2292,30900
7327.T,2658,2672,2624,2664,1246800
7337.T,2415.5,2415.5,2363,2400.5,1044800
7343.T,1310,1330,1301,1330,3500
7345.T,932,970,912,938,7600
7347.T,803,806,799,806,9700
7350.T,7930,7960,7760,7960,118100
7351.T,500,505,493,498,13400
7352.T,314,327,314,322,55900
7353.T,506,507,500,507,9000
7354.T,384,386,368,378,537200
7356.T,117,119,116,118,20900
7357.T,1688,1702,1688,1701,2700
7358.T,1802,1813,1793,1806,6800
7359.T,267,269,261,261,34000
7360.T,644,644,643,643,300
7361.T,1196,1205,1195,1205,3700
7362.T,881,890,880,890,900
7363.T,1379,1649,1349,1649,155800
7366.T,1874,1894,1863,1886,117200
7367.T,329,333,326,333,8000
7368.T,1720,1750,1715,1715,1100
7369.T,374,377,370,374,4400
7370.T,709,712,709,712,2700
7371.T,815,815,801,802,6200
7372.T,391,400,391,399,11900
7373.T,910,916,908,912,38100
7374.T,1514,1523,1514,1519,8000
7375.T,1297,1355,1273,1325,72100
7376.T,792,828,790,790,21500
7377.T,1708,1708,1700,1707,4300
7378.T,1566,1589,1546,1571,12300
7380.T,2652,2749,2638,2723,1120200
7381.T,1335,1344,1307,1331,564700
7383.T,391,406,390,396,1101200
7384.T,5350,5470,5230,5430,123100
7388.T,2330,2360,2321,2360,39100
7389.T,1964,1991,1935,1977,1422000
7399.T,615,618,615,618,3500
7409.T,1510,1515,1461,1489,86400
7412.T,351,354,345,348,1205800
7413.T,2860,2860,2811,2860,500
7414.T,1426,1437,1426,1435,48500
7416.T,688,688,681,685,2700
7417.T,1890,1909,1890,1909,1800
7419.T,1299,1301,1273,1284,932800
7421.T,1634,1638,1624,1634,59900
7422.T,404,410,404,410,400
7425.T,1104,1105,1100,1100,600
7426.T,595,595,593,593,1400
7427.T,834,841,834,840,6500
7433.T,5550,5560,5440,5470,94200
7434.T,1849,1849,1848,1848,1000
7435.T,1285,1296,1285,1290,11400
7438.T,1780,1807,1778,1800,36000
7442.T,484,484,480,481,16200
7443.T,666,666,661,666,2300
7444.T,1992,2000,1992,2000,600
7446.T,4470,4470,4470,4470,100
7447.T,1663,1663,1639,1644,78700
7453.T,3952,3975,3903,3945,2847800
7456.T,7150,7440,7130,7340,194800
7458.T,1887.5,1898,1867,1882,599800
7459.T,2994,2994,2906.5,2906.5,1470800
7460.T,1649,1649,1627,1627,7800
7461.T,473,479,473,478,1400
7462.T,410,413,409,413,9700
7463.T,996,996,979,990,27300
7464.T,1501,1512,1501,1511,400
7466.T,1473,1473,1455,1466,27800
7472.T,3930,3930,3860,3860,400
7475.T,3765,3770,3765,3765,95000
7476.T,2530.5,2562,2514.5,2550,182500
7477.T,1586,1586,1586,1586,100
7480.T,3580,3640,3535,3625,58900
7481.T,2599,2599,2567,2567,2300
7482.T,1540,1540,1523,1526,31600
7483.T,3130,3130,3105,3120,51200
7486.T,822,845,776,786,24300
7487.T,1850,1857,1848,1856,7300
7490.T,2188,2190,2188,2190,1600
7494.T,242,243,240,240,42100
7500.T,10100,10100,10100,10100,400
7501.T,1425,1425,1425,1425,0
7502.T,1705,1718,1702,1703,500
7504.T,4300,4340,4235,4310,36000
7505.T,2126,2140,2095,2095,24300
7506.T,1380,1381,1380,1381,200
7508.T,1460,1463,1450,1450,71100
7509.T,4770,4770,4770,4770,100
7510.T,2785,2787,2746,2776,58400
7512.T,867,867,856,857,136100
7513.T,1443,1462,1421,1457,218700
7514.T,851,853,851,852,3700
7515.T,4585,4585,4585,4585,100
7516.T,4600,4650,4560,4600,117300
7520.T,2615,2615,2592,2602,14100
7521.T,2729,2731,2705,2731,1400
7522.T,912,914,907,908,179900
7523.T,1876,1876,1876,1876,300
7524.T,173,179,172,174,20600
7525.T,3625,3630,3570,3585,10700
7527.T,50,50,49,50,861300
7531.T,1329,1329,1329,1329,0
7532.T,723,723.5,713,713,20670400
7537.T,1855,1876,1836,1875,65600
7538.T,392,394,380,385,10500
7539.T,818,818,814,818,14600
7544.T,554,560,553,560,10800
7545.T,1957,1973,1952,1961,213700
7550.T,10340,10465,10270,10450,703100
75505.T,4915,4928,4914,4928,2000
7551.T,703,703,698,700,14600
7552.T,4100,4120,4035,4075,223800
7554.T,1180,1186,1175,1182,29500
7555.T,742,744,742,743,600
7561.T,711,713,708,713,11600
7562.T,3835,3840,3835,3835,5400
7564.T,5400,5410,5310,5340,441300
7565.T,7850,7850,7700,7750,1100
7567.T,607,620,606,619,7300
7570.T,1430,1430,1412,1414,6500
7571.T,85,85,83,84,256500
7575.T,1574,1581,1564,1575,194500
7578.T,77,78,76,76,26600
7581.T,6430,6490,6410,6410,464900
7585.T,405,406,405,405,2200
7590.T,396,397,394,394,24600
7593.T,527,532,524,528,479000
7595.T,1285,1291,1281,1287,180000
7596.T,2350,2357,2336,2357,23800
7599.T,1233,1236,1214,1219,678900
7600.T,670,676,660,670,116200
7601.T,164,164,162,164,5700
7602.T,183,183,176,176,137400
7603.T,34,35,34,34,395400
7604.T,919,919,915,918,6500
7606.T,2414,2414,2377,2386,98800
7607.T,3050,3055,3035,3050,40600
7608.T,890,946,871,932,181800
7609.T,4100,4120,4030,4080,49200
7610.T,137,137,135,136,292100
7611.T,2924,2944,2894,2931,153700
7613.T,1590,1590,1567,1578,138800
7614.T,1538,1555,1538,1542,4900
7615.T,98,99,97,99,131100
7616.T,2010.5,2019.5,1995,1996,716900
7619.T,992,994,981,994,39100
7621.T,3425,3445,3425,3430,3500
7624.T,161,167,161,167,78700
7625.T,457,462,457,462,900
7628.T,1178,1178,1155,1163,73200
7630.T,1079,1097,1075,1085,465700
7634.T,5140,5250,5140,5250,600
7636.T,797,798,796,798,2200
7637.T,3585,3640,3575,3605,21700
7638.T,1410,1423,1410,1421,17300
7640.T,190,191,190,191,8600
7643.T,1719,1725,1715,1719,2900
7646.T,1840,1840,1819,1832,13100
7649.T,1262,1270.5,1235.5,1235.5,4670200
7670.T,1201,1216,1200,1216,5400
7673.T,1703,1723,1675,1700,2700
7674.T,2748,2749,2726,2749,6400
7677.T,2817,2817,2817,2817,600
7678.T,3790,3850,3730,3840,19800
7679.T,1634,1662,1634,1659,42100
7680.T,3190,3190,3190,3190,0
7681.T,1000,1010,998,1010,3100
7682.T,3905,3910,3900,3900,6700
7683.T,1420,1420,1405,1410,29900
7685.T,3085,3135,3015,3070,516900
7686.T,441,444,440,443,6000
7687.T,460,461,452,461,3300
7689.T,417,513,402,513,384800
7691.T,30,30,30,30,0
7692.T,77,78,77,77,46600
7694.T,556,567,550,550,9900
7695.T,955,955,946,946,3600
7698.T,2851,2869,2820,2840,3300
7699.T,692,692,692,692,100
7701.T,3900,3935,3883,3928,1900200
7702.T,460,460,454,459,22300
7707.T,209,210,207,210,33500
7709.T,69,75,60,60,1449000
7711.T,5110,5220,5110,5160,59500
7713.T,2496,2509,2439,2476,23900
7715.T,4005,4070,3955,4030,144400
7716.T,3075,3080,3010,3015,206100
7717.T,5720,5890,5720,5840,131300
7719.T,510,524,505,516,166500
7721.T,7420,7450,7210,7400,347500
7722.T,775,785,775,781,29000
7723.T,2914,2914,2883,2885,18600
7725.T,1787,1798,1768,1779,53100
7726.T,1400,1420,1390,1401,8100
7727.T,877,899,865,898,169600
7729.T,16610,17325,16605,17325,481500
7730.T,1460,1464,1438,1445,301900
7731.T,1753.5,1757,1722.5,1746,1651100
7733.T,2016,2020,1981,2005,5796800
7734.T,3530,3540,3465,3510,164600
7735.T,12495,12905,12440,12805,2275200
7740.T,1365,1365,1335,1343,479400
7741.T,22825,22830,22455,22605,1294000
7743.T,792,793,792,792,171800
7744.T,2031,2032,1993,1993,240300
7745.T,2900,2929,2858,2894,119400
7746.T,794,818,793,811,369700
7747.T,3262,3327,3227,3275,1987900
7749.T,2851,2870,2851,2870,1800
7751.T,4555,4558,4470,4503,3884500
7752.T,1696,1697.5,1649,1660.5,3174200
7760.T,2050,2079,2041,2060,45900
7762.T,2343,2360,2283,2345,1708600
7769.T,3855,3860,3820,3835,19000
7771.T,260,263,256,260,132400
7774.T,832,857,832,848,88800
7775.T,425,425,421,421,37700
7776.T,226,230,224,229,189900
7777.T,430,462,424,448,5510100
7779.T,230,234,228,232,728800
7780.T,1774,1778,1739,1762,352000
7781.T,880,891,875,886,7300
7782.T,486,493,486,491,2000
7791.T,828,830,827,829,2000
7792.T,1512,1512,1483,1502,12000
7793.T,1527,1614,1527,1614,4600
7794.T,976,999,968,996,227400
7795.T,218,219,217,218,24500
7800.T,969,990,969,988,7200
7803.T,489,489,480,484,834300
7804.T,2408,2415,2402,2405,3100
7805.T,713,717,713,717,2000
7806.T,7870,8090,7770,8030,152800
7807.T,852,854,852,852,800
7808.T,2698,2698,2698,2698,0
7809.T,1328,1328,1320,1321,3400
7810.T,152,152,150,151,102500
7811.T,2272,2319,2272,2282,31400
7812.T,2070,2143,2070,2143,7100
7813.T,913,914,893,900,2100
7814.T,600,600,596,599,6700
7815.T,350,359,346,348,5000
7818.T,1244,1255,1232,1244,181500
7819.T,991,991,974,976,43700
7820.T,708,712,708,712,21400
7821.T,1996,1997,1975,1991,100600
7822.T,260,260,256,258,32100
7823.T,823,832,820,825,86200
7826.T,10150,10900,10120,10870,708700
7827.T,1756,1772,1751,1765,4100
7831.T,65,66,65,65,14500
7832.T,5610,5635,5513,5586,3047500
7833.T,680,681,678,681,1700
7836.T,74,74,73,74,38900
7837.T,352,354,352,354,1300
7839.T,2123,2137,2097,2122,299300
7840.T,1313,1315,1301,1313,34000
7841.T,1089,1089,1078,1086,6100
7844.T,540,541,536,538,90100
7846.T,2163,2169,2112,2115,411600
7847.T,656,662,653,662,7900
7849.T,3000,3020,3000,3020,2100
7850.T,796,798,794,797,700
7856.T,2047,2057,2036,2038,43500
7857.T,1290,1295,1275,1290,2500
7859.T,289,293,281,281,89700
7860.T,1271,1274,1261,1262,98200
7863.T,932,932,932,932,0
7864.T,3405,3410,3345,3385,183300
7865.T,332,334,328,330,7200
7867.T,4030,4052,3948,4040,1743900
7868.T,529,541,526,536,475800
7871.T,1014,1014,1003,1012,1400
7872.T,619,619,616,617,4500
7874.T,971,983,969,980,67600
7875.T,821,860,821,859,43400
7877.T,2194,2194,2194,2194,200
7878.T,1182,1182,1143,1143,5400
7879.T,674,676,671,676,1700
7883.T,402,402,401,401,2400
7885.T,1135,1142,1130,1138,8200
7886.T,559,569,559,567,1600
7887.T,1554,1566,1546,1550,4700
7888.T,903,908,896,900,79100
7893.T,1114,1120,1109,1114,75200
7896.T,510,510,503,503,1600
7897.T,107,107,106,107,55000
7898.T,926,933,925,929,2400
7901.T,756,766,756,760,2500
7902.T,1093,1095,1093,1095,700
7906.T,2385,2397,2332,2349,360300
7908.T,243,246,243,246,109600
7911.T,4688,4705,4604,4659,2432900
7912.T,2996,3010,2958,2960.5,2687500
7914.T,1800,1800,1770,1774,70300
7915.T,1220,1226,1187,1190,241900
7916.T,1905,1920,1905,1920,1300
7917.T,1262,1266,1240,1240,206400
7918.T,107,107,106,107,12500
7919.T,225,225,221,223,31800
7921.T,4175,4175,4140,4165,16900
7927.T,2370,2380,2357,2369,16200
7928.T,614,615,613,615,1400
7931.T,3660,3690,3530,3675,48800
7932.T,11490,11580,11490,11540,3000
7936.T,4070,4110,4012,4066,5769900
7937.T,2559,2570,2545,2564,9600
7938.T,2104,2126,2103,2126,3400
7939.T,600,603,600,603,900
7942.T,3030,3030,2952,2967,68400
7943.T,3070,3080,3040,3060,91400
7944.T,3780,3785,3735,3755,79900
7946.T,363,372,363,367,11800
7947.T,2871,2880,2831,2840,199700
7949.T,2865,2865,2830,2830,47800
7951.T,1289.5,1290.5,1249,1249,4981700
7952.T,3310,3325,3275,3280,15800
7953.T,400,405,398,405,27000
7955.T,972,972,954,954,38500
7956.T,2013,2050,1999.5,2027,2395700
7957.T,2573,2579,2566,2569,3200
7962.T,794,802,791,802,20200
7963.T,1802,1810,1791,1792,4000
7965.T,1475,1475,1456,1458,97600
7966.T,5610,5690,5550,5610,1029300
7970.T,2275,2284,2257,2275,140800
7971.T,700,700,695,698,48400
7972.T,2500,2510,2478,2492,263100
7974.T,8350,8390,8251,8339,6274100
7975.T,1160,1169,1156,1169,2800
7976.T,3330,3330,3260,3305,257200
7979.T,2261,2269,2239,2254,60300
7980.T,871,892,871,877,25100
7981.T,3120,3120,3075,3090,116400
7983.T,1195,1195,1176,1176,2900
7984.T,906.2,909.9,890.8,892.8,1279900
7986.T,1906,1914,1905,1914,500
7987.T,570,572,568,570,26000
7988.T,5025,5036,4917,4948,301400
7989.T,2709,2712,2691,2698,28300
7990.T,2463,2463,2426,2426,58800
7991.T,1059,1061,1057,1061,10000
7992.T,103,104,103,103,4700
7994.T,2376,2376,2335,2335,225200
7995.T,6590,6630,6470,6570,58300
7997.T,1085,1085,1085,1085,2300
8001.T,2335,2348.5,2306,2306.5,32361000
8002.T,5050,5050,4967,4976,9577500
8005.T,1781,1782,1766,1776,186700
8006.T,1462,1485,1462,1472,600
8007.T,809,809,805,806,93800
8008.T,2112,2112,2085,2086,53600
8011.T,1383,1385,1348,1368,183200
8012.T,1175,1180,1160.5,1171.5,1681600
8013.T,374,376,373,376,4100
8014.T,4295,4295,4250,4250,37000
8015.T,7545,7576,7395,7463,3467900
8016.T,730,731,717,722,989300
8018.T,867,870,863,863,29100
8020.T,2357.5,2357.5,2318.5,2318.5,1242100
8022.T,4145,4170,4000,4025,227800
8023.T,1045,1050,1041,1047,5200
8025.T,1306,1306,1306,1306,0
8029.T,2720,2724,2690,2699,8100
8030.T,3900,3920,3900,3920,900
8031.T,5235,5239,5138,5161,9125100
8032.T,1281,1289,1269,1274,366700
8035.T,52100,53600,51900,53110,4010900
8037.T,5020,5100,4915,5080,134600
8039.T,3465,3470,3450,3470,1800
8040.T,1041,1043,1041,1041,1400
8041.T,4670,4680,4625,4625,4600
8043.T,1572,1580,1563,1570,253400
8045.T,2078,2078,2046,2055,900
8046.T,985,989,973,989,8000
8050.T,9810,9920,9520,9820,1295400
8051.T,2055,2066,2014,2019,283000
8052.T,2982,2993,2936,2942,48900
8053.T,1839.5,1839.5,1796,1796,19454100
8056.T,4826,4857,4750,4750,1454900
8057.T,2264,2285,2222,2273,267800
8058.T,4990,4991,4922,4947,9836900
8059.T,3700,3700,3615,3645,101100
8060.T,3750,3756,3676,3689,434300
8061.T,3100,3105,3035,3075,108700
8065.T,3100,3105,3035,3090,173700
8066.T,3640,3640,3570,3600,15900
8070.T,1036,1036,1009,1022,82600
8074.T,6520,6520,6360,6400,61200
8075.T,3210,3210,3160,3175,54700
8076.T,2126,2148,2121,2139,3000
8077.T,212,212,210,210,18300
8078.T,1933,1935,1898,1912,845200
8079.T,4480,4500,4470,4470,29700
8081.T,2625,2635,2583,2607,49300
8084.T,4875,4885,4795,4805,42300
8085.T,4300,4330,4300,4330,1400
8086.T,1475.5,1476,1434,1443,1903500
8088.T,2140,2150,2111,2124.5,988700
8089.T,1986,2000,1986,1986,4700
8091.T,2426,2430,2402,2414,6600
8093.T,1820,1825,1807,1813,35500
8095.T,523,526,521,524,54700
8097.T,2495,2495,2473,2478,186700
8098.T,4595,4595,4535,4550,197000
8101.T,2639,2639,2604,2618,22300
8103.T,995,996,984,989,108800
8104.T,735,777,735,770,81000
8105.T,77,80,75,77,2967400
8107.T,31,31,30,31,45200
8111.T,2169,2170,2126.5,2126.5,1672400
8113.T,964.1,968,960.2,960.2,5331600
8115.T,1328,1328,1321,1321,1000
8117.T,2200,2206,2160,2188,405500
8118.T,1178,1178,1171,1171,700
8119.T,790,793,789,789,2200
8123.T,1380,1407,1380,1400,500
8125.T,1976,1976,1955,1972,371100
8127.T,518,520,514,515,11700
8129.T,4020,4038,3979,3979,159400
8130.T,3230,3235,3210,3215,178800
8131.T,2588,2624,2472,2472,165500
8132.T,7330,7740,7320,7570,9200
8133.T,2353,2357,2334,2344,138300
8135.T,429,437,428,428,36900
8136.T,1231,1242,1207.5,1207.5,13233000
8137.T,4630,4650,4545,4640,48300
8138.T,4090,4090,4090,4090,100
8139.T,2243,2243,2202,2238,2900
8141.T,1568,1568,1564,1564,80900
8142.T,1387,1401,1371,1388,87100
8143.T,185,196,175,183,271300
8144.T,1270,1280,1270,1280,700
8147.T,1432,1432,1419,1422,400
8150.T,3350,3360,3295,3300,45400
8151.T,1855,1855,1818,1822,216800
8152.T,7130,7250,7020,7120,3700
8153.T,4010,4010,3940,3960,401100
8154.T,5140,5190,5020,5110,136000
8157.T,4340,4350,4290,4290,34600
8158.T,1334,1341,1324,1330,45400
8159.T,4220,4240,4150,4150,38800
8160.T,2422,2424,2400,2412,174400
8163.T,1515,1523,1514,1519,108300
8165.T,100,102,100,101,270600
8166.T,78,79,78,79,24200
8167.T,1437,1437,1420,1425,63700
8173.T,4300,4435,4300,4380,246700
8174.T,3140,3140,3092,3095,280100
8179.T,1325,1344,1318,1332,385800
8181.T,999,1002,991,991,2600
8185.T,999,1000,990,991,99600
8194.T,2733,2733,2693,2693,240000
8198.T,3365,3370,3335,3335,21100
8200.T,2296,2297,2271,2279,77400
8202.T,148,149,147,149,32500
8203.T,757,758,750,754,44800
8207.T,300,302,300,301,33300
8214.T,1730,1730,1718,1719,173600
8217.T,803,809,801,804,77600
8218.T,3970,3970,3910,3920,126700
8219.T,768,769,760,762,677300
8225.T,3700,3700,3650,3650,400
8226.T,398,402,396,398,141900
8227.T,3227,3227,3185,3185,662600
8230.T,308,308,306,307,13400
8233.T,2150.5,2154.5,2100.5,2117,1483000
8237.T,2237,2265,2197,2249,246500
8242.T,2880.5,2900,2833,2833,598500
8244.T,1905,1912,1890,1909,29700
8247.T,324,335,324,333,5000
8252.T,2916,2924.5,2882.5,2882.5,1641500
8253.T,4687,4704,4628,4643,695700
8254.T,295,300,291,297,53200
8255.T,1346,1350,1323,1344,403800
8260.T,383,389,383,389,7200
8267.T,1341,1341.5,1313.5,1313.5,18536200
8273.T,1000,1003,988,988,422000
8275.T,1009,1010,1003,1003,31800
8276.T,2710,2712,2687,2692,133700
8278.T,2057,2066,2038,2045,131400
8281.T,1140,1147,1132,1141,197200
8282.T,1918.5,1918.5,1861.5,1861.5,3029100
8285.T,830,839,823,838,42800
8291.T,549,555,548,553,72300
8301.T,22950,24000,22950,24000,400
8303.T,1622,1641.5,1599.5,1637,4780200
8304.T,3526,3544,3434,3486,1337300
8306.T,3649,3667,3586,3620,51333500
8308.T,2464,2479.5,2414,2451.5,9992600
8309.T,1780,1796,1748,1768.5,12047300
8316.T,6840,6891,6706,6830,18987300
8331.T,2761,2771,2686.5,2737,4336600
8334.T,2939,2999.5,2881,2999.5,2580100
8336.T,2879,2887,2820,2875,379000
8337.T,2703,2707,2638,2701,270200
8338.T,739,746,724,739,1675000
8341.T,4045,4185,4010,4185,1856400
8343.T,9530,9880,9300,9880,295500
8344.T,5140,5380,5020,5380,366000
8345.T,2720,2778,2666,2778,485300
8346.T,1024,1031,997,1024,1595700
8349.T,1693,1693,1645,1674,28600
8354.T,7817,7820,7635,7746,1066300
8358.T,2830,2883,2772,2824,1515700
8359.T,2723.5,2725,2646.5,2697,2409100
8360.T,7350,7390,7150,7390,225000
8361.T,8430,8480,8230,8440,215000
8362.T,7690,8080,7450,8080,234500
8364.T,3140,3150,3090,3130,39500
8365.T,2408,2412,2328,2392,7000
8366.T,2880,2911,2840,2883,732300
8367.T,2000,2024,1978,2023,630200
8368.T,2484,2499,2420,2481,1301200
8370.T,5250,5330,5200,5310,221300
8377.T,8378,8604,8182,8604,954900
8381.T,2599,2603,2543,2600,656100
8383.T,1935,1949,1905,1939,19100
8386.T,3115,3165,3080,3140,575600
8387.T,4295,4440,4185,4440,526800
8388.T,10390,10440,10170,10380,193300
8392.T,3080,3150,3020,3135,318900
8393.T,2750,2786,2695,2782,468400
8395.T,6680,6780,6570,6780,71300
8399.T,3365,3365,3255,3325,200400
8410.T,344.5,345.2,340.5,342.6,5746500
8411.T,8511,8586,8343,8495,11135300
8416.T,1128,1137,1112,1137,70900
8418.T,3326,3443,3293,3443,2180100
8421.T,193400,194800,192600,194000,542
8424.T,4565,4578,4526,4527,284100
8425.T,1380,1383,1360,1366,573500
8439.T,2715,2717,2667.5,2670.5,604600
8473.T,3291,3296,3221,3272,4476700
8508.T,786,796,768,771,728700
8511.T,2523,2523,2480,2507,204100
8518.T,156,156,154,155,9600
8522.T,7230,7250,7060,7220,168100
8524.T,1341,1348,1293,1322,2549500
8537.T,3280,3280,3185,3245,53600
8541.T,3350,3415,3300,3390,176200
8542.T,1925,1925,1896,1915,22200
8544.T,2839,2877,2789,2855,523900
8550.T,1123,1133,1096,1129,741400
8551.T,8640,8670,8400,8530,65000
8558.T,1500,1523,1482,1515,275700
8562.T,390,396,381,395,397900
8563.T,1201,1203,1177,1200,64400
8566.T,6940,6940,6850,6890,52800
8570.T,1645,1651.5,1626,1626,546400
8572.T,494.4,495.7,486,486.1,1810300
8584.T,3740,3745,3675,3675,451300
8585.T,870,871,855,855,803700
8591.T,6230,6262,6130,6146,4880900
8593.T,1404.5,1405.5,1384.5,1384.5,4732900
8595.T,2288,2288,2271.5,2278.5,260700
8596.T,1558,1607,1539,1571,32800
8600.T,1168,1183,1149,1183,710900
8601.T,1851.5,1857,1831.5,1845.5,10364200
8604.T,1605,1606,1568,1581,14002700
8609.T,1277,1277,1244,1261,531600
8613.T,1295,1297,1280,1291,242000
8614.T,706,713,703,708,334300
8616.T,896,902,888,898,1239700
8617.T,613,621,613,621,2300
8622.T,922,943,916,937,310000
8624.T,1700,1703,1652,1686,193300
8628.T,1176,1180,1157,1172,1727700
8630.T,7000,7023,6877,6891,3440800
8697.T,2278.5,2293,2223.5,2235.5,5136300
8698.T,713,719,708,712,2217200
8699.T,1132,1135,1125,1134,50300
8700.T,2119,2119,2078,2085,1400
8704.T,1397,1413,1390,1408,81000
8705.T,223,225,222,223,66700
8706.T,1877,1885,1861,1884,200600
8707.T,4745,4765,4665,4740,127000
8708.T,1763,1783,1753,1783,177000
8713.T,2827,2832,2765,2814,78700
8714.T,1094,1108,1081,1102,1369500
8715.T,1047,1062,1047,1050,239200
8725.T,5314,5326,5217,5217,11735800
8729.T,164,164.6,162,162.5,57685000
8737.T,620,621,614,617,39500
8739.T,2690,2710,2671,2671,258500
8742.T,612,616,612,615,2700
8746.T,106,133,106,108,3041800
8747.T,2260,2370,2260,2345,22600
8750.T,1944.5,1946.5,1896.5,1913.5,11620400
8766.T,8306,8362,8180,8200,8302400
8769.T,529,535,521,535,48000
8771.T,1808,1814,1782,1786,251100
8772.T,896,903,894,896,6100
8783.T,47,48,47,48,238400
8789.T,162,164,161,162,784400
8793.T,4245,4275,4210,4235,21100
8795.T,5048,5095,4948,4952,1515600
8798.T,136,184,136,174,2096500
8801.T,1496.5,1513.5,1485,1485,13355200
8802.T,3678,3720,3613,3613,6522400
8803.T,2392,2407,2371,2380,358800
8804.T,3346,3355,3236,3236,2536500
8818.T,1130,1131,1121,1124,821200
8830.T,3226,3255,3186,3186,4060400
8835.T,796,798,789,792,33000
8836.T,26,27,26,27,35200
8841.T,1027,1028,1012,1025,162300
8844.T,1255,1258,1241,1243,44900
8848.T,1040,1050,1030,1040,8345100
8850.T,4775,4775,4725,4760,123000
8860.T,750,750,743,746,49800
8864.T,966,973,964,973,70600
8869.T,816,817,811,811,52800
8871.T,3225,3235,3205,3210,44700
8876.T,2249.5,2282,2237.5,2282,1444900
8877.T,5280,5290,5210,5240,38500
8881.T,665,665,660,662,88800
8887.T,362,362,357,358,81200
8891.T,2068,2104,2050,2104,4200
8892.T,1125,1126,1113,1113,140500
8894.T,19,20,16,17,3460500
8897.T,459,460,453,455,687400
8898.T,1152,1164,1150,1155,4900
8904.T,825,827,822,823,10300
8908.T,885,888,885,888,6300
8912.T,158,160,157,158,22200
8914.T,875,883,873,879,48800
8917.T,1088,1090,1083,1087,14000
8918.T,11,11,10,10,288655300
8919.T,3510,3590,3475,3535,240800
8920.T,695,697,686,695,54300
8923.T,1696,1724,1678,1724,604700
8927.T,495,504,495,500,247300
8928.T,2318,2318,2306,2307,2300
8929.T,1377,1389,1375,1388,30800
8931.T,1315,1320,1314,1314,2400
8934.T,2406,2414,2388,2398,135500
8935.T,2010,2016,1988,1992,59600
8938.T,333,339,319,319,13200
8944.T,252,259,250,257,61200
8945.T,1087,1089,1085,1089,1400
8946.T,74,74,73,74,99200
8951.T,122600,122700,121800,121800,35194
8952.T,114800,114800,113500,113500,36027
8953.T,111500,111500,109600,109600,29281
8954.T,96300,96600,94400,94400,60448
8955.T,94900,94900,94000,94000,9754
8956.T,128400,128400,126100,126100,4083
8957.T,184000,184100,181700,182200,3529
8958.T,112400,112400,111500,111700,6561
8960.T,155600,156000,153700,153700,22223
8961.T,71400,71600,71000,71400,7103
8963.T,62000,62000,60300,60300,140563
8964.T,76400,76700,75000,75000,39605
8966.T,131300,131900,130000,130000,7555
8967.T,92300,92400,90900,90900,41751
8968.T,173600,173600,171500,172900,1782
8972.T,146800,146800,143100,143100,30993
8975.T,93500,94000,92700,92700,5546
8976.T,304500,304500,301500,303000,7080
8977.T,136500,136500,132000,132000,3310
8979.T,186000,191200,184500,191200,1925
8984.T,114100,114300,109800,109800,67504
8985.T,84800,84800,83200,83400,34484
8986.T,92900,92900,91500,91500,32612
8987.T,133500,133700,132300,133300,3920
8995.T,1983,2100,1900,1939,390300
8996.T,1080,1084,1038,1044,5900
8999.T,570,570,567,568,23700
9001.T,2990,2995,2952,2960,1975000
9003.T,2660,2663,2626,2635,1641300
9005.T,1685,1685.5,1662.5,1662.5,2107800
9006.T,1583,1585,1562.5,1567.5,1189300
9007.T,1845,1847,1799.5,1799.5,2953600
9008.T,803,803.3,765.5,780.4,12023300
9009.T,1392.5,1397.5,1370,1375.5,3451000
9010.T,2658,2660,2617,2640,250900
9012.T,2090,2090,2090,2090,0
9017.T,1992,1992,1992,1992,0
9020.T,3540,3545,3460,3460,4355100
9021.T,3100,3102,3036,3036,2304800
9022.T,3845,3866,3815,3815,3108100
9023.T,1540.5,1559.5,1535.5,1559.5,2729400
9024.T,3643,3657,3585,3614,2052600
9025.T,2983,2994,2962,2965,114300
9028.T,3350,3350,3300,3310,6300
9029.T,1818,1818,1809,1817,2700
9031.T,3154,3165,3109,3109,427300
9033.T,633,634,632,633,6300
9034.T,1689,1689,1662,1662,3200
9036.T,1235,1235,1221,1224,600
9037.T,1848,1860,1840,1844,123500
9039.T,3050,3060,3020,3020,121600
9041.T,3579,3580,3540,3547,1861200
9042.T,4650,4658,4590,4612,1774100
9044.T,3218,3232,3177,3177,1836400
9045.T,3259,3260,3219,3224,318000
9046.T,2480,2493,2465,2465,15100
9048.T,1920,1922,1899.5,1905,1718300
9049.T,6590,6590,6590,6590,0
9051.T,1248,1306,1248,1261,2900
9052.T,2017,2021,2005,2007,60200
9057.T,3285,3285,3235,3285,400
9059.T,917,925,917,921,3800
9060.T,4145,4145,4145,4145,0
9063.T,4100,4150,4100,4150,300
9064.T,2018,2019,1983,1983,1739300
9065.T,8260,8260,8131,8131,257900
9068.T,7370,7480,7250,7480,36400
9069.T,2368,2378,2351,2367.5,521200
9072.T,5200,5200,5104,5124,250400
9073.T,1268,1268,1260,1260,400
9074.T,4865,5000,4865,4925,3100
9075.T,6390,6430,6330,6340,93600
9076.T,2768.5,2772,2732.5,2732.5,1012600
9081.T,4085,4085,4010,4065,41100
9082.T,2212,2299,2212,2294,1100
9083.T,1983,2011,1980,2000,14000
9087.T,2205,2205,2205,2205,100
9090.T,916,918,899,905,717300
9101.T,7566,7574,7469,7490,3533900
9104.T,7480,7481,7240,7240,3485600
9107.T,3602,3610,3497,3497,6729200
9110.T,10500,10510,10490,10510,85300
9115.T,1135,1137,1083,1090,77500
9119.T,1800,1800,1742,1753,410200
9127.T,3765,3770,3685,3760,4500
9130.T,1880,1890,1768,1799,373600
9142.T,3555,3570,3461,3461,1237400
9143.T,1510,1514.5,1494,1494,1772300
9145.T,591,597,577,587,21100
9147.T,5683,5698,5600,5662,1342900
9158.T,802,804,786,800,45000
9159.T,1964,1973,1964,1973,500
9160.T,331,335,330,333,41600
9162.T,231,232,229,232,5300
9163.T,2401,2408,2392,2408,12000
9165.T,1770,1781,1758,1770,6700
9166.T,695,702,674,690,1226600
9168.T,424,428,422,426,47100
9171.T,1502,1503,1498,1499,1000
9173.T,2810,2814,2810,2811,600
9193.T,892,893,885,893,5300
9201.T,3085,3085,3034,3065,2469700
92015.T,10100,10160,10080,10130,4000
9202.T,2995.5,2998,2963,2981.5,3103700
92025.T,4785,4785,4785,4785,200
9204.T,428,428,425,425,36400
9206.T,1937,1940,1937,1940,700
9211.T,1560,1595,1529,1558,139900
9212.T,282,289,278,282,59700
9213.T,1037,1037,1037,1037,28100
9214.T,1294,1294,1294,1294,100
9215.T,995,999,990,992,600
9216.T,1695,1704,1683,1700,24500
9218.T,795,798,787,790,24300
9219.T,888,901,888,898,4600
9220.T,1255,1259,1255,1259,900
9221.T,1193,1193,1181,1182,45800
9222.T,50,50,50,50,0
9223.T,355,359,354,356,33100
9225.T,960,974,960,974,800
9227.T,811,822,808,822,109700
9229.T,113,114,112,113,49900
9233.T,1159,1159,1146,1147,8400
9235.T,397,409,397,403,107500
9236.T,1388,1388,1337,1385,4700
9237.T,840,859,839,855,8200
9238.T,363,363,350,362,12500
9240.T,375,384,370,380,30500
9241.T,1255,1270,1255,1270,1300
9242.T,1977,1977,1977,1977,0
9243.T,480,480,480,480,0
9244.T,1410,1480,1408,1447,11600
9245.T,1988,1997,1974,1985,5000
9246.T,1100,1120,1100,1120,600
9247.T,1820,1820,1776,1784,228200
9248.T,1682,1686,1670,1685,21900
9249.T,1662,1667,1659,1667,4600
9250.T,1047,1047,1047,1047,200
9251.T,1649,1649,1604,1630,61500
9252.T,4130,4165,4130,4160,5700
9253.T,767,768,758,758,700
9254.T,1093,1093,1087,1087,800
9256.T,1020,1020,1003,1017,9800
9257.T,501,501,501,501,0
9258.T,287,300,287,300,2000
9259.T,857,859,849,858,4200
9262.T,679,682,672,678,12700
9264.T,1633,1634,1611,1624,16300
9265.T,3655,3655,3635,3655,400
9267.T,3485,3490,3455,3470,64500
9268.T,405,409,403,404,83900
9270.T,1978,1998,1959,1973,31100
9271.T,918,936,918,924,8800
9272.T,1459,1472,1427,1455,13300
9273.T,753,758,751,757,42000
9274.T,1134,1138,1113,1131,389400
9278.T,2690,2787,2661,2732,90500
9279.T,2017,2075,2003,2016,348700
9282.T,30300,31200,30100,31050,717
9284.T,76100,76300,75600,76000,953
9285.T,39800,39800,39500,39500,682
9286.T,45050,45300,45050,45100,477
9301.T,1564,1568,1537,1537,1404100
9302.T,3431,3431,3380,3409,708700
9303.T,4230,4230,4160,4165,137100
9304.T,2161,2165,2106,2106,274900
9305.T,2134,2134,2115,2121,49000
9306.T,2015,2039,2015,2029,2500
9307.T,930,936,924,929,6300
9308.T,2355,2388,2342,2362,221500
9310.T,1430,1439,1410,1423,135600
9311.T,7900,7900,7760,7760,400
9312.T,2870,2894,2856,2876,9700
9313.T,1078,1078,1077,1077,1200
9319.T,1836,1838,1808,1808,38100
9322.T,2499,2500,2476,2487,8100
9324.T,2705,2705,2672,2684,68500
9325.T,1078,1078,1063,1070,5400
9326.T,472,476,472,472,4100
9327.T,189,193,189,191,9100
9330.T,900,901,892,901,3200
9331.T,696,696,692,692,700
9332.T,675,684,669,678,635700
9335.T,1406,1406,1406,1406,0
9336.T,3830,3850,3795,3830,155600
9337.T,1426,1461,1426,1447,12300
9339.T,1438,1438,1426,1426,1800
9340.T,846,846,828,835,4800
9341.T,617,619,615,617,32400
9342.T,972,978,955,965,3500
9343.T,793,801,793,800,14400
9344.T,1317,1334,1312,1330,7300
9345.T,588,588,581,582,2000
9346.T,1841,1869,1841,1869,1800
9347.T,2987,3005,2976,2985,137400
9348.T,416,422,415,416,673000
9351.T,1933,1935,1890,1924,4000
9353.T,3025,3025,3025,3025,400
9355.T,2179,2179,2170,2170,300
9360.T,2780,2780,2740,2776,800
9361.T,2015,2015,2015,2015,200
9362.T,3710,3760,3710,3760,200
9363.T,533,539,533,539,6900
9364.T,4989,4990,4872,4872,715300
9365.T,1660,1660,1660,1660,200
9366.T,1226,1339,1196,1321,35000
9367.T,2003,2028,2001,2028,1500
9368.T,965,967,958,959,18600
9369.T,3030,3030,2964,2971,31300
9376.T,844,846,840,840,4800
9380.T,438,440,437,438,20900
9381.T,2379,2379,2345,2363,20600
9385.T,752,757,748,750,10200
9399.T,13,14,13,13,864265
9401.T,5931,5952,5830,5842,439500
9404.T,3045,3063,2999,3009,971600
9405.T,885,889,872,884,121900
9408.T,2670,2670,2670,2670,200
9409.T,3160,3165,3130,3130,387100
9412.T,2121,2125,2074,2094,3258500
9413.T,3460,3470,3425,3425,195800
9414.T,982,1005,977,994,124300
9416.T,1079,1080,1068,1069,177800
9417.T,325,345,322,327,20200
9418.T,1793,1794,1760,1760,918800
9419.T,301,301,298,301,7900
9421.T,518,521,517,521,2100
9423.T,105,106,105,105,77700
9424.T,120,121,119,120,1503900
9425.T,221,234,216,229,463200
9428.T,1482,1483,1472,1472,500
9432.T,180,180.1,176.2,177.3,251021300
9433.T,3091,3098,3033,3060,15618000
9434.T,250,251,247.1,248.1,98237000
94345.T,3810,3810,3799,3801,7400
94346.T,7581,7590,7576,7576,1100
9435.T,38980,38990,38530,38540,108300
9436.T,4445,4450,4350,4450,181700
9438.T,607,611,600,607,22800
9439.T,218,219,217,219,5800
9441.T,3020,3020,2950,3015,2200
9444.T,259,261,258,261,2200
9445.T,550,552,548,552,800
9446.T,689,692,689,691,2100
9449.T,3991,4009,3955,3969,354500
9450.T,786,793,777,782,40500
9466.T,241,241,240,241,1400
9467.T,1110,1112,1094,1095,65700
9468.T,3678,3691,3635,3635,1024000
9470.T,1075,1076,1064,1064,308600
9474.T,929,930,922,925,138900
9475.T,538,546,538,546,1200
9476.T,1014,1014,1000,1000,300
9478.T,518,518,509,509,7100
9501.T,564.8,564.9,542.6,549.7,37951300
9502.T,2992,2993,2874.5,2913,5018900
9503.T,2992,2998,2886,2905.5,6334400
9504.T,1133,1133,1082,1083.5,3764400
9505.T,1174,1179.5,1139,1148.5,1815600
9506.T,1457.5,1459,1377,1377,9546200
9507.T,2288,2295,2143,2186,3179000
9508.T,2191,2192,2105.5,2128.5,3830800
9509.T,1163.5,1165,1122,1125,2758800
9511.T,1240,1241,1202,1225,380000
9513.T,4270,4274,4170,4205,651800
9514.T,356,367,356,361,194000
9517.T,858,859,849,854,166900
9519.T,893,910,882,899,1467000
9531.T,6487,6493,6307,6309,1347700
9532.T,6230,6231,6073,6073,1584300
9533.T,1331,1340,1300.5,1300.5,1691700
9534.T,952,953,931,948,431200
9535.T,449,451,445,448,80900
9536.T,2676,2676,2647,2662,241100
9537.T,4305,4305,4305,4305,500
9539.T,1351,1366,1347,1366,5700
9543.T,1393,1393,1367,1383,187800
9551.T,3135,3150,3080,3080,251700
9552.T,1050,1050,1020,1033,383000
9553.T,645,650,642,646,65500
9554.T,1701,1785,1695,1769,30200
9556.T,2310,2404,2310,2392,42200
9557.T,257,257,249,249,18200
9558.T,1992,1992,1969,1969,1200
9560.T,910,912,890,894,30700
9561.T,418,427,418,424,5500
9562.T,680,704,680,680,5100
9563.T,347,356,339,345,18800
9564.T,561,569,560,562,28900
9565.T,650,650,646,649,1100
9601.T,10940,10960,10770,10900,77300
9602.T,1598,1607.5,1574,1580.5,3566500
9603.T,1174,1174,1141,1147,353000
9605.T,6070,6080,6000,6050,91300
9610.T,108,111,108,110,85100
9612.T,1217,1252,1217,1243,77200
9616.T,3234,3234,3167,3206,861300
9619.T,2747,2763,2711,2742,44800
9621.T,3330,3340,3280,3305,80500
9622.T,1430,1449,1423,1444,49600
9625.T,926,933,926,927,600
9627.T,5600,5621,5501,5519,164600
9628.T,1347,1355,1340,1353,72900
9629.T,1599,1599,1561,1574,27500
9632.T,3540,3545,3520,3525,7900
9633.T,1911,1919,1900,1900,7500
9635.T,2555,2567,2555,2565,700
9636.T,4215,4215,4200,4200,600
9639.T,2355,2382,2347,2380,7700
9640.T,1991,1993,1973,1989,2300
9644.T,754,758,753,758,56700
9647.T,6720,6750,6720,6750,600
9651.T,1945,1945,1916,1928,8000
9656.T,599,600,595,599,9500
9658.T,1113,1113,1096,1109,79500
9661.T,4160,4165,4150,4155,8100
9663.T,5040,5040,4910,4910,52800
9672.T,4960,4960,4875,4875,120100
9678.T,5480,5480,5410,5450,112900
9679.T,2301,2320,2296,2296,2400
9682.T,1112,1115,1106,1111,403100
9684.T,2999,3032,2953,2994,1745700
9685.T,573,573,570,570,200
9686.T,1739,1739,1700,1729,4600
9687.T,4530,4605,4530,4605,1200
9691.T,5160,5160,5160,5160,0
9692.T,2240,2249,2223,2223,93900
9697.T,4385,4409,4287,4387,3924500
9698.T,1285,1285,1281,1285,1400
9699.T,4755,4775,4700,4715,119700
9701.T,4510,4545,4510,4545,700
9702.T,2435,2450,2407,2432,19200
9704.T,28,28,27,28,118400
9706.T,5512,5571,5468,5518,1104700
9708.T,955,957,948,952,105400
9709.T,1202,1226,1202,1224,8800
9713.T,915,920,915,920,3400
9715.T,3635,3665,3625,3630,150300
9716.T,1247,1262,1243,1255,508400
9720.T,6440,6440,6440,6440,0
9722.T,2726,2827,2703,2813,405600
9723.T,631,633,631,633,300
9726.T,1975,2016,1955,2016,55400
9729.T,2610,2610,2532,2532,46300
9731.T,3400,3400,3365,3385,1100
9733.T,2310,2317,2301,2308,15500
9735.T,6480,6506,6421,6436,1535800
9739.T,2685,2687,2661,2663,28400
9740.T,2676,2705,2658,2701,26800
9742.T,2143,2168,2126,2151,22200
9743.T,1486,1487,1454,1467,286000
9744.T,3472,3484,3445,3468,647500
9746.T,4160,4165,4120,4160,83100
9753.T,1417,1439,1416,1419,7200
9755.T,2890,2890,2850,2860,47100
9757.T,1197,1197,1189,1193,211000
9759.T,2910,2936,2896.5,2912,393600
9760.T,117,118,115,116,92100
9761.T,2451,2500,2433,2479,12600
9763.T,1296,1297,1285,1295,10600
9765.T,1197,1197,1185,1193,7900
9766.T,21255,21270,20640,21055,534900
9767.T,1666,1770,1666,1732,5200
9768.T,3760,3785,3730,3735,10400
9769.T,2600,2611,2578,2601,23200
9778.T,5580,5580,5580,5580,0
9780.T,1134,1138,1134,1138,1400
9782.T,3500,3500,3465,3475,23100
9788.T,521,521,518,518,30100
9790.T,3025,3050,3015,3035,27700
9791.T,1176,1178,1175,1176,2600
9793.T,3770,3775,3685,3715,168700
9795.T,2289,2305,2285,2302,18000
9799.T,961,964,941,942,4800
9812.T,236,237,235,236,6600
9816.T,257,262,252,253,26200
9818.T,1541,1541,1541,1541,100
9820.T,3795,3795,3795,3795,200
9823.T,1014,1017,1007,1008,51900
9824.T,8000,8050,7890,8010,73500
9827.T,632,635,632,634,8100
9828.T,3425,3425,3390,3405,65800
9830.T,2455,2455,2418,2423,143600
9831.T,725.7,725.7,711.1,715.7,9545000
9832.T,1627,1629,1605,1605,519800
9835.T,509,510,508,509,9400
9837.T,1809,1809,1793,1793,50800
9842.T,1900,1901,1886,1898,216600
9843.T,3128,3128,2979.5,3030,4552600
9845.T,1353,1370,1350,1369,9600
9846.T,983,984,980,983,5400
9849.T,4505,4545,4505,4545,300
9850.T,992,994,990,994,20100
9853.T,909,909,909,909,1200
9854.T,281,281,274,275,51700
9856.T,1242,1242,1229,1231,33800
9857.T,2619,2619,2582,2613,500
9861.T,3675,3687,3610,3639,504300
9867.T,10680,10680,10600,10600,200
9869.T,6850,6880,6810,6870,79200
9872.T,950,950,947,950,5100
9876.T,221,221,216,218,10900
9878.T,391,399,390,391,7400
9880.T,3450,3495,3385,3465,80500
9882.T,1768,1773,1743,1743,252600
9885.T,333,335,333,335,18500
9887.T,5250,5260,5200,5230,45700
9888.T,1267,1278,1255,1269,49800
9889.T,1709,1741,1693,1702,194200
9890.T,1490,1504,1473,1473,12500
9895.T,1286,1286,1285,1285,500
9896.T,1412,1427,1406,1416,29600
9900.T,1114,1116,1099,1109,278400
9902.T,3285,3295,3250,3275,117300
9903.T,893,893,891,891,700
9904.T,243,244,242,243,5200
9906.T,4200,4200,4150,4150,700
9908.T,2885,2961,2883,2950,18500
9913.T,3650,3675,3640,3650,2300
9914.T,716,736,715,736,600
9928.T,2069,2069,2034,2036,55900
9929.T,475,476,472,475,1700
9930.T,402,402,397,402,8800
9932.T,1322,1322,1308,1314,39300
9934.T,3145,3145,3093,3097,414500
9936.T,2935,2958,2930,2950,276700
9941.T,1163,1192,1163,1173,25400
9946.T,1789,1806,1784,1806,70600
9948.T,3785,3785,3730,3740,128900
9950.T,3350,3360,3345,3350,7300
9955.T,2814,2814,2803,2812,1800
9956.T,3435,3440,3385,3385,360200
9959.T,948,948,943,945,3100
9960.T,4295,4420,4295,4395,166900
9962.T,3596,3630,3557,3630,1538300
9969.T,236,237,236,236,3100
9972.T,275,276,275,276,23200
9973.T,20,20,19,20,403200
9974.T,7000,7000,6900,7000,44200
9976.T,1127,1148,1127,1142,3300
9978.T,44,45,44,44,17800
9979.T,1044,1052,998,998,586000
9980.T,94,95,94,94,25300
9982.T,2649,2710,2606,2710,3800
9983.T,67720,68360,66440,67680,1275100
9984.T,6400,6590,6267,6315,90291700
9986.T,2503,2504,2494,2500,900
9987.T,5387,5387,5268,5268,302500
9989.T,3706,3707,3629,3629,1755300
9990.T,759,761,757,759,36100
9991.T,1816,1827,1810,1827,40200
9993.T,1154,1158,1151,1158,5100
9994.T,2046,2047,2037,2045,1700
