symbol,open,high,low,close,volume
1301.T,4650,4655,4605,4620,28500
1305.T,4254,4286,4249,4259,219920
1306.T,420.7,424.9,420.1,421.4,8271810
1308.T,4154,4196,4153,4162,245974
1309.T,54120,54120,53470,53760,12
130A.T,426,432,423,428,5300
1311.T,2133,2133,2108,2119,26325
1319.T,748,748,748,748,0
131A.T,1737,1737,1737,1737,0
1320.T,67140,67850,67040,67120,29259
1321.T,67310,68070,67230,67350,196082
1322.T,11360,11360,11225,11250,51
1325.T,293,297.8,293,294.1,24070
1326.T,61230,61890,61030,61740,6812
1328.T,15785,15950,15730,15905,25376
1329.T,6734,6811,6730,6742,211124
132A.T,220,220,220,220,0
1330.T,67350,68150,67350,67400,19663
1332.T,1190,1199.5,1181,1185.5,2002900
1333.T,1270.5,1272.5,1260,1266,352900
133A.T,1040,1044,1038,1039,97950
1343.T,1896.5,1903.5,1892,1901,787250
1345.T,1770,1780,1769,1780,42785
1346.T,67200,68050,67200,67340,16340
1348.T,4192,4231,4177,4217,33276
1349.T,17150,17150,17150,17150,3
134A.T,1500,1500,1500,1500,0
1356.T,108.3,108.7,106.2,108,5217540
1357.T,2835,2835,2763,2822,6015146
1358.T,127550,130300,127150,127950,5350
135A.T,4560,4660,4400,4600,102900
1360.T,69.5,69.5,67.8,69.3,155835880
1364.T,3713,3743,3710,3724,4765
1365.T,4122,4218,4117,4130,223500
1366.T,71,72,69,71,2250805
1367.T,2996,3054,2986,3004,58046
1368.T,158,158,154,157,103246
1369.T,65440,66100,65380,65510,4326
1375.T,1178,1183,1169,1169,27300
1376.T,1584,1594,1571,1571,11500
1377.T,4325,4335,4265,4285,96800
1379.T,2094,2094,2051,2064,70500
137A.T,727,741,720,741,1900
1380.T,999,1004,998,998,700
1381.T,3590,3595,3550,3585,5200
1382.T,877,880,877,880,2200
1383.T,2981,3000,2979,2981,2500
1384.T,2174,2204,2156,2203,12700
138A.T,3125,3125,3100,3100,2100
1397.T,66080,66490,65800,65910,4289
1398.T,1784,1798,1779.5,1794.5,373030
1399.T,3215,3215,3180,3190,3843
139A.T,3350,3350,3350,3350,0
1401.T,1340,1340,1316,1316,2200
1407.T,2334,2420,2334,2387,344300
140A.T,2032,2033,2030,2033,102
1414.T,1260,1271,1257.5,1258.5,677900
1417.T,3540,3571,3530,3540,170800
1418.T,585,585,578,582,51300
1419.T,2858,2876,2850,2870,87800
141A.T,4265,4290,4105,4135,558900
1420.T,632,634,631,631,12700
1429.T,807,807,799,802,57200
142A.T,825,838,820,825,5800
1430.T,1013,1027,1012,1027,9600
1431.T,653,655,651,652,10500
1433.T,1252,1265,1230,1236,189100
1434.T,1605,1625,1600,1602,21600
1435.T,177,180,175,176,268700
1436.T,2003,2086,1725,1751,541900
1438.T,2280,2280,2280,2280,200
143A.T,702,712,700,712,800
1443.T,276,277,270,272,51300
1444.T,2666,2683,2666,2683,400
1446.T,538,539,537,539,1800
1447.T,367,388,367,377,442700
144A.T,450,450,450,450,0
1450.T,1453,1473,1450,1466,2600
1456.T,1278,1279,1264,1277,30839
1457.T,1786,1789,1771,1783,4052
1458.T,79760,81630,79640,79800,127474
1459.T,114,115,111,113,3276750
145A.T,893,902,891,901,5300
1466.T,199,202,198,200,380
1469.T,190.3,190.3,187.4,188.9,11330
146A.T,3780,3870,3705,3755,82900
1472.T,78,78,76,77,7083
1473.T,4111,4152,4111,4112,10310
1474.T,36860,36860,36860,36860,385
1475.T,414,418.3,413.6,414.9,6362480
1476.T,1818,1824,1812,1820,68016
1477.T,3323,3350,3323,3340,662
1478.T,5294,5296,5263,5280,12807
1479.T,49500,49500,49500,49500,0
147A.T,986,986,970,970,67100
1480.T,39940,39940,39890,39890,28
1481.T,3930,3930,3840,3841,32
1482.T,1533,1533,1528,1529,28766
1483.T,3815,3815,3815,3815,9
1484.T,3875,3875,3791,3798,4820
1485.T,54550,54550,54550,54550,0
1486.T,22765,22765,22630,22630,1423
1487.T,11735,11735,11680,11690,746
1488.T,1800,1811,1799,1808,30682
1489.T,3495,3504,3478,3488,486835
148A.T,1699,1699,1688,1688,300
1490.T,7970,7970,7970,7970,0
1491.T,718,718,710,710,11100
1493.T,25370,25555,25255,25330,65
1494.T,43360,43470,43220,43300,779
1495.T,11060,11200,10980,10980,160
1496.T,1625,1626,1623,1626,31172
1497.T,1729,1733,1729,1732,13522
1498.T,32000,32290,32000,32230,38
1499.T,9400,9400,9304,9391,15
149A.T,770,785,762,779,5300
150A.T,707,721,682,706,364900
1514.T,661,677,661,666,163800
1515.T,3600,3740,3585,3740,600500
1518.T,2290,2295,2274,2283,263500
151A.T,640,649,637,638,2900
152A.T,1186,1186,1186,1186,0
153A.T,1541,1615,1517,1525,143300
1540.T,20025,20250,19955,20200,212555
1541.T,8100,8203,8088,8200,14047
1542.T,29015,29680,29005,29450,49979
1543.T,59400,60580,59230,59810,290
1545.T,228.2,229.6,228,228,2123790
1546.T,78810,78930,78500,78530,810
1547.T,12800,12845,12780,12790,18011
154A.T,6610,6610,6610,6610,0
1550.T,7940,7940,7900,7900,1964
1551.T,7200,7200,7052,7054,330
1554.T,6656,6679,6633,6633,2584
1555.T,2287,2298,2279,2280,3449
1557.T,117650,118100,117450,117600,1372
1559.T,4621,4668,4610,4667,822
155A.T,801,810,792,806,20800
1560.T,6211,6249,6181,6246,332
1563.T,2466,2489,2446,2476,14285
1566.T,51870,52340,51870,52100,939
1568.T,970.2,989,967.1,974.6,1453520
1569.T,747.8,747.8,740,744.5,26290
156A.T,884,884,854,858,41200
1570.T,66830,68380,66710,66970,1859199
1571.T,301,301,297,300,1738237
1572.T,6627,6736,6626,6626,870
1573.T,8117,8117,8018,8018,70
1577.T,59440,59500,58960,59150,5091
1578.T,5193,5251,5190,5204,840
1579.T,721.1,738.2,720.4,721.4,9061670
157A.T,770,779,723,723,23700
1580.T,797.9,797.9,787.7,797,144920
1585.T,2643,2643,2643,2643,0
1586.T,3108,3108,3060,3060,38
158A.T,2227,2227,2227,2227,0
1591.T,36570,36790,36430,36680,481
1592.T,3337,3364,3337,3347,520
1593.T,37350,37630,37340,37470,9368
1595.T,1801,1810,1791,1810,20539
1596.T,3074,3074,3074,3074,0
1597.T,1799,1803,1792,1803,198046
1599.T,37390,37390,37250,37250,2
159A.T,726.5,733.5,726.5,728.6,96280
1605.T,3941,3967,3894,3912,6057700
160A.T,1967,1967,1952,1952,3000
1615.T,760,769.9,755.1,755.7,3684690
1617.T,47570,47590,47200,47240,592
1618.T,37290,37700,37230,37520,3626
1619.T,44160,45210,44160,45020,396
161A.T,1125,1125,1125,1125,0
1620.T,35800,35990,35700,35800,153
1621.T,29770,29770,29480,29495,702
1622.T,33420,33860,33340,33770,399
1623.T,62600,66520,62550,66330,1605
1624.T,81220,82540,81040,82360,260
1625.T,62000,62460,61900,61960,370
1626.T,48530,49070,48470,48520,404
1627.T,12590,13000,12590,12940,3763
1628.T,22000,22045,21860,22025,169
1629.T,278.3,281.5,276,281,2126180
162A.T,16450,16575,16450,16495,124
1630.T,37300,37300,36680,36680,1312
1631.T,41340,41620,40810,40810,6120
1632.T,42800,42800,42130,42130,1094
1633.T,48400,48850,48400,48540,133
163A.T,18895,19275,18675,18675,4140
164A.T,1980,1980,1980,1980,0
1651.T,3262,3284,3250,3264,15991
1652.T,5053,5053,5053,5053,0
1653.T,5125,5125,5125,5125,0
1654.T,3340,3340,3340,3340,0
1655.T,847.9,851.3,846.6,847.4,3186630
1656.T,298.3,298.3,296.4,296.8,446100
1657.T,7055,7089,7046,7047,5069
1658.T,4334,4365,4315,4315,2339
1659.T,3711,3724,3702,3702,1203
1660.T,10320,10380,10320,10325,857
1662.T,1935,1936,1888,1911,1403600
1663.T,1937,2004,1936,1994,180400
166A.T,1100,1106,1071,1071,427600
1671.T,5722,5735,5674,5700,167548
1673.T,9100,9262,9100,9250,1980
1674.T,25375,25640,25230,25345,319
1675.T,19055,19080,18845,19000,102
1676.T,42510,42510,42500,42500,7
1677.T,57720,57810,57550,57550,590
1678.T,295.2,296.4,293.1,294,865180
1679.T,65220,65220,65220,65220,0
167A.T,3110,3160,3110,3145,105800
1680.T,8145,8145,8085,8099,870
1681.T,3351,3395,3351,3385,912
1684.T,2739,2739,2739,2739,0
1686.T,3038,3050,3038,3038,60
1689.T,712,713,704,706,79357
168A.T,1081,1092,1077,1092,900
1690.T,2482,2540,2482,2540,1130
1691.T,15825,16795,15420,15420,36
1692.T,680,680,664.5,679.2,2400
1693.T,8803,8879,8790,8823,6650
1694.T,2300,2300,2300,2300,20
1695.T,3668,3668,3560,3620,7935
1698.T,4340,4340,4303,4311,52630
1699.T,665.8,668.8,663,665.4,151980
170A.T,3150,3150,3070,3077,253
1711.T,242,246,242,245,16400
1716.T,1375,1377,1365,1375,18200
1717.T,936,937,932,937,6600
1718.T,7140,7190,7140,7140,600
1719.T,1902,1934.5,1898,1924,513500
171A.T,2167,2167,2167,2167,0
1720.T,1182,1194,1179,1189,232800
1721.T,5366,5468,5361,5467,531000
1723.T,2469,2526,2459,2483,188000
1724.T,724,724,716,723,800
172A.T,2234,2234,2234,2234,0
1736.T,2401,2416,2392,2392,2400
173A.T,1512,1545,1511,1521,2100
1758.T,2510,2511,2481,2511,900
175A.T,650,650,632,641,5500
1762.T,4095,4170,4045,4145,34300
1764.T,2740,2740,2680,2724,1600
1766.T,13770,13840,13600,13800,24300
1768.T,1033,1033,1028,1030,1200
1770.T,2135,2200,2103,2110,11600
1773.T,89,91,88,89,23000
177A.T,835,845,832,836,1500
1780.T,1491,1495,1481,1485,19100
1783.T,69,73,68,72,9406200
1786.T,355,356,353,355,380800
1787.T,5630,5630,5630,5630,0
1788.T,4040,4040,4040,4040,0
178A.T,1603,1609,1598,1598,6429
1793.T,2080,2093,2069,2092,1800
1795.T,5700,5700,5700,5700,200
1798.T,1080,1080,1070,1070,200
1799.T,3300,3360,3300,3340,16900
179A.T,240.7,240.8,239.7,240.8,30560
1801.T,13140,13390,13090,13340,828300
1802.T,3048,3128,3031,3108,2969900
1803.T,2456.5,2538,2453,2533.5,3891900
1807.T,1947,1947,1918,1946,300
1808.T,2781,2841.5,2777.5,2821.5,1120900
180A.T,271.6,272.3,270.8,270.9,39180
1810.T,1438,1455,1434,1447,31600
1811.T,7610,7620,7420,7570,2400
1812.T,5060,5232,5041,5187,3059900
1813.T,2859,2920,2828,2910,77100
1814.T,3580,3605,3560,3585,57800
1815.T,4500,4565,4475,4565,85500
181A.T,513.3,513.3,513,513,22270
1820.T,5591,5664,5568,5639,74600
1822.T,825,830,820,830,145100
1826.T,1097,1097,1075,1084,7900
1827.T,1333,1345,1330,1334,5200
1828.T,2506,2506,2470,2470,15100
182A.T,471.4,471.4,469.4,469.4,80
1833.T,5780,5840,5760,5800,117900
1835.T,3975,3975,3925,3965,79500
183A.T,429,429,429,429,4000
1840.T,260,262,257,260,14900
1844.T,471,520,470,484,1333800
1847.T,3400,3400,3350,3365,27800
1848.T,755,765,751,765,8800
184A.T,327,329,324,328,2200
1850.T,438,438,432,437,12800
1852.T,890,892,883,883,268100
1853.T,326,326,323,323,18800
185A.T,886,886,886,886,0
1860.T,1508,1534.5,1506.5,1529,620100
1861.T,1300,1313,1293,1313,967500
1866.T,1143,1163,1143,1163,5400
1867.T,2728,2728,2691,2706,1700
186A.T,1073,1092,1055,1055,3489200
1870.T,2118,2135,2105,2121,72300
1871.T,2204,2244,2193,2236,54800
1873.T,307,307,304,305,114200
1878.T,3273,3307,3262,3301,1395100
1879.T,2246,2290,2240,2286,129400
1882.T,1610,1613,1596,1605,347300
1885.T,2100,2147,2095,2140,394600
1887.T,548,556,546,554,274300
1888.T,3610,3655,3555,3560,22300
188A.T,831,840,824,824,7932
1893.T,1468.5,1528,1461,1510,2959100
1897.T,3310,3310,3310,3310,1200
1898.T,1486,1493,1482,1490,129000
1899.T,4550,4690,4550,4635,52900
189A.T,1028,1045,1026,1045,2100
1904.T,5060,5070,5040,5050,4600
1905.T,1461,1461,1459,1459,200
1909.T,16300044288,16300044288,16278046720,16278046720,0
190A.T,73,73,70,70,310800
1911.T,1250,1271,1247,1259,5391300
1914.T,806,813,799,804,30500
1921.T,1818,1887,1818,1887,7900
1925.T,4605,4649,4595,4631,1988200
1926.T,3860,3870,3795,3850,200200
1928.T,3298,3322,3283,3321,3419800
1929.T,1218,1231,1209,1222,127100
192A.T,1265,1296,1265,1296,1500
1930.T,1586,1608,1579,1593,27700
1934.T,2614,2676,2605,2662,129300
1938.T,2554,2622,2554,2613,102900
1939.T,2295,2333,2285,2315,80400
1941.T,5240,5280,5200,5230,59100
1942.T,5627,5805,5627,5752,835600
1944.T,7055,7202,7036,7153,823500
1945.T,2129,2179,2124,2162,119600
1946.T,2251,2295,2241,2286,133500
1948.T,11420,11430,11420,11420,800
194A.T,1879,1900,1850,1866,19400
1950.T,4065,4155,4065,4120,75700
1951.T,2590,2622,2584,2588.5,593700
1952.T,3185,3225,3170,3210,153900
1959.T,8011,8193,7998,8192,174800
195A.T,725,729,685,700,27700
1960.T,1689,1705,1663,1689,19500
1961.T,2415,2480,2390,2457,288500
1963.T,2371,2463.5,2365,2440,1743600
1964.T,3920,3935,3890,3895,23100
1965.T,7070,7250,7070,7160,50400
1966.T,1741,1741,1731,1738,800
1967.T,2107,2112,2078,2107,8500
1968.T,2518,2611,2512,2600,112800
1969.T,4377,4525,4376,4502,535700
196A.T,345,345,332,334,118400
1972.T,1327,1327,1312,1319,18700
1975.T,3940,4015,3925,3935,65200
1976.T,1703,1738,1702,1733,72100
1979.T,3805,3865,3790,3830,163800
197A.T,505,505,501,504,99700
1980.T,2807,2905,2802,2865,366600
1981.T,1340,1350,1340,1349,700
1982.T,3110,3215,3100,3200,107900
198A.T,165,166,161,165,44700
1992.T,2986,2986,2986,2986,100
1994.T,606,615,606,609,4500
1997.T,3905,3945,3905,3945,1800
199A.T,1350,1350,1350,1350,0
2001.T,2937,2979,2930,2962,125000
2002.T,2042,2050.5,2022,2037.5,1063100
2003.T,1817,1829,1808,1829,18700
2004.T,3820,3840,3805,3825,38400
2009.T,1097,1100,1096,1098,7300
200A.T,4405,4460,4338,4354,1717790
2011.T,861.2,861.2,841.9,844.6,74240
2012.T,233.8,234.3,232.9,233.1,1025980
2013.T,301.2,301.5,299.4,299.6,380550
2014.T,307.3,307.7,305.6,306.2,129240
2015.T,2048,2048,2035,2037,834
2016.T,1744,1744,1739,1739,342
2017.T,1515,1526,1506,1526,39906
2018.T,1239,1239,1225,1225,104
2019.T,980,985,975,981,6343
201A.T,171,173.8,170.6,171.4,654740
2034.T,1866,1887,1843,1845,17572
2038.T,2420,2453,2415,2441,68369
2039.T,504,510,504,510,130766
203A.T,160,160,160,160,0
2042.T,8089,8239,8089,8239,10
2044.T,33980,33980,33500,33810,34
2045.T,19005,19340,19005,19340,7
2046.T,23300,23570,22980,22990,1008
2047.T,3357,3357,3357,3357,4
204A.T,1250,1250,1250,1250,0
2050.T,32140,32140,32140,32140,0
2053.T,1995,2018,1990,2005,66600
2055.T,351,352,348,348,2600
205A.T,1630,1633,1618,1625,21900
2060.T,1444,1457,1437,1447,80700
2067.T,28300,28685,28300,28685,5
206A.T,180,180,173,174,58300
2070.T,16285,16285,16285,16285,1
2071.T,19500,19510,19500,19510,250
2072.T,22360,22360,22360,22360,0
2073.T,15480,15480,15480,15480,0
207A.T,1400,1400,1400,1400,0
2080.T,2060,2092,2030,2047,62372
2081.T,2175,2175,2124,2144,2416
2082.T,1223,1234,1223,1234,628
2083.T,3871,3902,3871,3891,19704
2084.T,3834,3853,3816,3853,8173
2085.T,777.7,777.7,768.4,771.7,11190
2086.T,3056,3056,3056,3056,23
2087.T,3446,3446,3446,3446,3000
2088.T,2649,2650,2646,2650,20048
2089.T,2858,2858,2858,2858,14
208A.T,2880,2884,2868,2876,4900
2090.T,4281,4286,4281,4286,17
2091.T,4460,4460,4460,4460,17
2092.T,4506,4506,4506,4506,10
2093.T,5103,5113,5100,5100,599
2094.T,800,800,793,797,78
2095.T,1174,1174,1165,1165,62
2096.T,992,995,985,990,1098
2097.T,932,932,924,928,24817
2098.T,970,974,968,974,3964
209A.T,780,780,780,780,0
2108.T,5280,5320,5230,5270,25100
2109.T,3770,3805,3770,3795,53600
210A.T,1550,1550,1541,1546,37027
2112.T,466,471,464,467,19500
2114.T,682,685,680,684,13500
2117.T,2813,2819,2803,2815,14700
211A.T,3370,3420,3370,3415,3200
2120.T,222,228,221,226,636000
2121.T,3520,3520,3440,3460,276700
2122.T,1492,1504,1490,1490,5700
2124.T,958,971,951,956,372200
2127.T,634,636.4,623.5,625.1,4604200
212A.T,2925,2956,2907,2913,85900
2130.T,895,896,888,890,58400
2134.T,20,21,20,21,504000
2136.T,1410,1420,1408,1420,400
2138.T,424,431,424,430,5600
2139.T,520,525,520,521,1000
213A.T,404,411.7,400.6,403.5,724750
2146.T,221,225,221,221,3799200
2148.T,1153,1156,1145,1147,41200
2152.T,1527,1527,1527,1527,100
2153.T,1830,1836,1823,1831,36000
2154.T,1931,1943,1904,1925,160400
2156.T,278,278,273,274,4300
2157.T,995,1004,984,992,566600
2158.T,620,630,613,614,148900
215A.T,1580,1591,1529,1538,1195200
2160.T,2960,2966,2888,2916,744700
2163.T,959,960,955,959,20600
2164.T,115,117,114,117,95000
2168.T,1582,1588,1568,1580,112200
2169.T,1735,1735,1728,1732,2000
216A.T,1250,1250,1250,1250,0
2170.T,654,661,652,660,179800
2173.T,719,719,714,715,4900
2175.T,2543,2575,2526,2531,487300
2179.T,834,834,828,828,800
217A.T,382,382,382,382,0
2180.T,1886167168,1886167168,1886167168,1886167168,0
2181.T,281,282.9,278.3,279,12436400
2183.T,204,206,203,205,29600
2185.T,2000,2000,1997,2000,400
2186.T,903,905,900,902,10200
218A.T,1181,1186,1160,1164,138100
2193.T,127,129,127,127,203400
2195.T,367,368,349,349,61300
2198.T,780,780,772,772,22900
219A.T,2318,2355,2248,2303,304700
2201.T,2500,2500,2468,2469,340000
2204.T,3150,3150,3130,3135,5400
2206.T,5083,5110,4980,4980,115000
2207.T,3500,3500,3400,3450,70400
2208.T,3105,3130,3105,3110,1900
2209.T,2392,2399,2382,2383,17300
220A.T,945,948,945,947,1900
2211.T,2505,2506,2485,2485,26800
2212.T,3900,3909,3821,3848,653500
2215.T,628,630,620,623,13000
2216.T,1097,1099,1079,1081,75800
2217.T,1488,1493,1484,1485,20200
221A.T,1145,1159.5,1130,1143.5,79480
2220.T,1346,1365,1333,1346,420800
2221.T,3070,3080,3065,3065,1500
2222.T,2478,2484,2415,2455,1261900
2224.T,3685,3710,3670,3690,2500
2226.T,4910,4915,4895,4910,1900
2229.T,3048,3054,3017,3020,291900
222A.T,60,60,60,60,0
2235.T,3520,3520,3500,3505,2570
2236.T,1434,1434,1420,1422,9284
2237.T,2413,2444,2413,2442,5744
2238.T,5258,5258,5244,5245,201
2239.T,26560,26655,26555,26655,247
223A.T,1775,1775,1761,1763,7776
2240.T,5299,5306,5297,5297,801
2241.T,901.2,902.8,899,901.9,26610
2242.T,677.6,678.6,677.6,678.6,420
2243.T,4315,4355,4311,4335,86462
2244.T,3465,3485,3461,3464,51103
2245.T,698.6,698.6,698.6,698.6,0
2247.T,2211,2218,2207,2210,6960
2248.T,2739,2751,2739,2749,28105
2249.T,9437,9437,9382,9398,334
224A.T,1650,1679,1650,1657,3777
2250.T,370,370,367.7,367.7,90
2251.T,897.5,904.1,897.5,901.9,64970
2252.T,1406,1406,1391,1393,9811
2253.T,1309,1314,1305,1307,8728
2254.T,995,996,982,990,13289
2255.T,194.5,194.5,193.2,193.2,133330
2256.T,213.7,213.7,211.8,212.3,55460
2257.T,214.1,214.1,213,213,7190
2258.T,218.8,218.9,217.8,218.2,20790
2259.T,178,178,177.7,177.9,1630
2264.T,1122,1148.5,1088,1098.5,2263900
2266.T,1105,1112,1097,1097,42500
2267.T,2849,2855.5,2794,2794,1392700
2268.T,4055,4065,4055,4055,3600
2269.T,4371,4399,4335,4344,756900
226A.T,600,600,600,600,0
2270.T,3770,3785,3695,3715,111600
227A.T,1230,1230,1230,1230,0
2281.T,2421,2425,2400,2403,121700
2282.T,6167,6188,6113,6142,615700
2286.T,902,902,890,890,26300
2288.T,2254,2264,2242,2250,135800
228A.T,1691,1720,1691,1694,1700
2291.T,507,509,507,509,600
2292.T,2775,2778,2748,2755,95900
2293.T,2703,2703,2701,2701,600
2294.T,2571,2596,2555,2555,24500
2296.T,5070,5070,5000,5000,107700
229A.T,760,760,760,760,0
2300.T,497,498,497,498,900
2301.T,1650,1655,1635,1646,85200
2303.T,1367,1399,1360,1388,26700
2304.T,907,911,904,911,4300
2305.T,1834,1836,1823,1823,15900
2307.T,1030,1030,1005,1007,25300
2311.T,790,802,782,789,30100
2315.T,70,70,67,67,5238400
2317.T,431,431,423,424,824800
2321.T,179,189,172,189,4194100
2323.T,329,330,319,320,44000
2325.T,4695,4725,4655,4695,16000
2326.T,4405,4425,4350,4400,106300
2327.T,3807,3814,3755,3797,168500
2329.T,496,496,492,494,91600
2330.T,145,158,115,123,17192500
2331.T,1194.5,1206.5,1190,1193.5,1100300
2332.T,1691,1694,1673,1675,3400
2334.T,567,570,552,559,1046700
2335.T,1088,1088,1080,1084,20300
2337.T,391,395,390,393,690300
2338.T,128,128,120,125,724800
233A.T,1782,1785,1758,1765,46898
2340.T,520,522,519,520,24500
2341.T,171,172,170,170,11700
2342.T,256,256,250,252,57200
2345.T,111,111,106,106,111800
2349.T,2465,2465,2465,2465,100
234A.T,1495,1495,1466,1471,154
2351.T,336,336,331,331,3300
2353.T,271,272,266,267,1750200
2354.T,1428,1453,1376,1387,796200
2359.T,2095,2095,2064,2071,15500
235A.T,1425,1425,1407,1413,54102
236A.T,437.4,439.1,437.4,438.9,13920
2370.T,25,25,24,25,269600
2371.T,3695,3707,3690,3702,168500
2373.T,419,419,416,418,4200
2375.T,229,230,225,229,43000
2376.T,784,785,783,785,500
2378.T,1044,1047,1040,1043,23000
2379.T,1805,1812,1790,1793,275700
237A.T,141.9,142.8,141.9,141.9,262860
2384.T,4935,4955,4830,4860,43800
2385.T,218,218,213,213,88600
2388.T,32,33,32,33,62700
238A.T,121.4,121.8,121.3,121.6,189130
2391.T,1170,1173,1170,1172,2000
2393.T,4160,4220,4155,4160,4700
2395.T,1323,1341,1316,1332,144200
239A.T,450,450,450,450,0
2404.T,529,529,527,527,2300
2408.T,822,844,815,815,7600
2410.T,2848,2848,2810,2815,54200
2411.T,468,473,468,471,4400
2413.T,1698,1712,1666,1666,3163200
2415.T,1678,1686,1662,1662,1100
2418.T,601,604,593,595,157500
241A.T,412,419,412,416,9100
2424.T,597,597,596,596,1200
2425.T,656,670,655,670,5600
2428.T,630,630,624,629,30200
2429.T,2734,2758,2720,2748,41700
2432.T,2580,2581.5,2489,2489,1261800
2433.T,1300,1302,1282.5,1294,762900
2435.T,209,211,209,210,6100
2436.T,587,593,565,568,55600
2437.T,609,622,609,621,21100
2438.T,328,339,323,329,204400
243A.T,1122,1122,1122,1122,0
2440.T,122,123,121,122,151500
2445.T,395,399,394,395,49900
2449.T,1074,1074,1060,1062,900
244A.T,1151,1179,1151,1179,800
2454.T,353,356,350,352,9500
2459.T,177,179,177,179,16500
245A.T,2506,2534,2506,2507,900
2461.T,383,385,382,383,99600
2462.T,1516,1516,1494,1496,25000
2464.T,367,370,363,370,7200
2469.T,2830,2857,2830,2835,5900
246A.T,934,935,927,934,5200
2471.T,273,273,269,270,250400
2475.T,1742,1743,1733,1733,13500
2477.T,3160,3240,3155,3175,10900
2479.T,267,267,264,267,84500
247A.T,1034,1075,1027,1070,942500
2480.T,1744,1799,1744,1798,1400
2481.T,685,685,685,685,300
2483.T,2196,2196,2128,2150,11100
2484.T,151,155,151,153,275200
2485.T,448,448,446,446,30400
2488.T,1411,1416,1382,1416,10000
2489.T,411,413,403,408,115200
248A.T,809,815,809,815,200
2491.T,466,467,456,457,89100
2492.T,706,716,695,701,3269600
2493.T,945,946,942,946,1700
2497.T,535,535,529,530,25600
2498.T,3160,3170,3130,3140,10200
2499.T,308,308,305,305,3200
249A.T,340,340,340,340,0
2501.T,1864,1872.5,1836.5,1845,1024200
2502.T,1620,1621,1605,1605,5917300
2503.T,2826,2844,2783.5,2804,4272300
250A.T,1595,1595,1580,1581,26100
2510.T,800,800.5,797.5,800.5,131410
2511.T,1118,1122,1116,1117.5,22790
2512.T,716.9,716.9,715.1,715.6,21670
2513.T,3485,3485,3455,3469,115351
2514.T,2082,2082,2033,2037,820
2515.T,1595,1595,1575,1575,36299
2516.T,620.1,627.9,618.3,618.5,244580
2517.T,1064.5,1071,1063,1071,31400
2518.T,2418,2419,2393,2406,53
2519.T,1118,1125,1118,1122,530
251A.T,256,256,256,256,0
2520.T,2337,2353,2326,2348,3336
2521.T,2164,2169,2164,2167,3291
2522.T,8524,8579,8515,8539,1835
2523.T,3200,3200,3200,3200,0
2524.T,4150,4164,4142,4142,106254
2525.T,65550,66150,65550,65680,7566
2526.T,36960,37190,36960,37010,13946
2527.T,1074,1085,1074,1083,17353
2528.T,1061,1063,1057,1061,25380
2529.T,2339,2344,2326,2340,1861
252A.T,2566,2566,2566,2566,0
2530.T,17075,17100,17005,17005,11
2531.T,2432.5,2455.5,2419,2446,398700
2533.T,455,461,454,459,160200
253A.T,1059,1060,1040,1040,6200
254A.T,1200,1200,1184,1195,10500
2552.T,1905,1905,1885,1899,28228
2553.T,2389,2399.5,2333.5,2365,16620
2554.T,738,738,736.5,737,730
2555.T,1835,1835,1809,1822,79530
2556.T,1818,1823,1812,1823,105950
2557.T,4087,4113,4087,4113,3400
2558.T,3386,3399,3380,3385,146687
2559.T,2901,2920,2901,2904,239929
255A.T,5070,5150,5030,5030,28300
2560.T,53020,53020,53020,53020,0
2561.T,1991,1994,1985,1994,3007
2562.T,3662,3666,3662,3666,820
2563.T,404.4,405.4,404.4,405.3,48300
2564.T,3672,3672,3615,3632,8383
2565.T,872,875,870,874,183369
2566.T,999,1006,997,997,25688
2567.T,532.2,537.1,532.2,534.8,540
2568.T,7753,7800,7753,7764,20667
2569.T,4299,4315,4299,4315,1850
256A.T,2208,2246,2200,2215,251800
2573.T,4055,4060,4030,4050,2700
2579.T,3789,3798,3738,3754,578900
257A.T,3360,3360,3325,3328,746
2585.T,1466,1489,1422,1438,565600
2586.T,73,75,72,73,807300
2587.T,4442,4463,4427,4463,978400
2588.T,3720,3720,3650,3650,3000
258A.T,2040,2040,2030,2033,10
2590.T,3035,3090,3005,3055,103300
2593.T,3225,3260,3135,3135,347500
25935.T,1803,1803,1798,1802,7800
2594.T,2026,2026,2011,2014,53300
2597.T,1332,1332,1301,1310,16200
2602.T,2086,2097,2065,2078,269500
2607.T,4466,4466,4377,4395,285800
2612.T,2291,2350,2288,2330,37500
2613.T,2220,2244,2211,2229,64800
261A.T,2005,2024,2001,2018,20600
2620.T,356,356.6,354.5,354.5,42970
2621.T,997,1000,997,997,131632
2622.T,1700,1700,1696,1699,80
2623.T,1922,1925,1922,1923,10937
2624.T,6541,6609,6539,6590,30758
2625.T,4071,4090,4048,4062,103392
2626.T,3308,3308,3255,3255,176
2627.T,1568,1568,1547,1547,131
2628.T,3701,3764,3603,3655,4151
2629.T,3584,3616,3563,3571,1928
262A.T,1736,1736,1711,1727,160700
2630.T,16050,16085,16050,16080,13107
2631.T,32360,32540,32350,32410,4944
2632.T,17910,17990,17910,17980,12644
2633.T,543,544.1,541.6,542.3,287090
2634.T,3155,3162,3155,3162,141023
2636.T,4771,4850,4771,4798,16
2637.T,2584,2608,2574,2587,11056
2638.T,2580,2617,2573,2603,23543
2639.T,1657,1676,1657,1665,889
263A.T,800,800,800,800,0
2640.T,4220,4220,4143,4160,12523
2641.T,4450,4450,4400,4420,7543
2642.T,53300,53300,53300,53300,1
2643.T,4350,4350,4350,4350,0
2644.T,3890,3968,3834,3839,629737
2645.T,3135,3135,3027,3028,266
2646.T,3721,3890,3721,3883,4894
2647.T,5605,5605,5575,5575,86
2648.T,3300,3300,3292,3293,268
2649.T,573.2,576.8,573.2,574.5,310
264A.T,326,370,326,336,635300
2652.T,428,429,423,423,95300
2653.T,2820,2822,2808,2811,12400
2654.T,449,450,430,435,23100
2656.T,160,161,155,161,326700
2659.T,3345,3355,3305,3330,174600
265A.T,728,729,713,716,8600
2664.T,3820,3830,3710,3735,55000
2666.T,187,188,186,187,43900
2667.T,120,120,109,112,1501000
2668.T,1269,1269,1264,1264,300
2669.T,3965,3965,3890,3910,8800
266A.T,1350,1350,1350,1350,0
2670.T,2680.5,2711,2646,2670,450700
2673.T,111,111,104,108,254700
2674.T,2551,2557,2525,2546,58500
2676.T,2055,2062,2050,2050,12700
2678.T,1286,1287,1241,1241,365600
267A.T,1815,1815,1815,1815,0
2681.T,2343,2343,2239,2256,263000
2683.T,995,996,995,996,1000
2685.T,3215,3225,3180,3220,198900
2687.T,500,500,495,495,4400
2689.T,1933,1986,1933,1946,7800
268A.T,1638,1668,1612,1653,2609100
2693.T,280,285,279,285,18100
2694.T,73,73,72,72,60900
2695.T,1740,1749,1714,1716,540200
2698.T,3405,3420,3295,3330,22400
269A.T,2928,2957,2841,2900,7100
2700.T,1738,1741,1723,1723,12600
2702.T,8210,8230,8130,8150,500700
2705.T,9060,9130,8900,8900,13400
2708.T,1912,1916,1908,1908,500
271A.T,1500,1500,1500,1500,0
2721.T,104,106,102,105,82400
2722.T,361,361,359,361,2600
2726.T,1525,1532,1490,1512,928700
2730.T,2469,2469,2443,2448,207900
2733.T,2661,2670,2645,2655,74700
2734.T,1197,1221,1191,1214,121000
2735.T,745,745,724,740,70800
2736.T,603,607,600,607,5500
2737.T,32300,33700,31900,33500,87600
273A.T,9789,9796,9660,9795,247
2742.T,4010,4010,3920,3930,30300
2747.T,3120,3120,3120,3120,100
2749.T,658,659,653,654,157900
274A.T,2265,2274,2240,2266,16800
2750.T,1358,1358,1352,1352,4800
2751.T,3770,3790,3750,3750,7400
2752.T,1155,1158,1147,1150,61800
2753.T,1379,1388,1373,1383,15900
2760.T,3985,4070,3985,4025,77400
2762.T,70,70,68,68,277000
2764.T,166,166,163,163,72400
2767.T,2470,2518,2446,2473,424800
2768.T,5761,5887,5738,5864,1302800
2769.T,926,926,922,924,1500
276A.T,4125,4165,4065,4070,26300
2776.T,102,103,100,100,102400
2778.T,115,116,114,114,9000
277A.T,1900,1901,1839,1853,114400
2780.T,4725,4775,4515,4515,179700
2782.T,4715,4830,4675,4775,465500
2784.T,2264,2301.5,2262,2292,355100
2788.T,397,397,390,391,33400
2789.T,478,479,474,479,1900
278A.T,19780,19900,18640,18800,1352500
2790.T,2120,2120,2111,2112,5400
2791.T,4770,4770,4665,4680,52100
2792.T,1437,1445,1429,1429,52700
2795.T,962,962,962,962,700
2796.T,503,507,501,507,6100
2798.T,3005,3005,2999,2999,700
279A.T,1550,1550,1550,1550,0
2801.T,1735,1735,1686,1695,3546000
2802.T,5048,5158,5039,5084,3209700
2804.T,1864,1864,1850,1853,12500
2805.T,7340,7470,7280,7430,55600
2806.T,1920,1920,1915,1915,300
2809.T,4682,4685,4624,4650,292800
280A.T,1146,1163,1078,1084,51600
2810.T,3839,3859,3812,3840,164500
2811.T,2747,2755.5,2728,2744.5,227700
2813.T,3910,3915,3900,3915,400
2814.T,2012.5,2012.5,1960,1965,2600
2815.T,5410,5410,5320,5320,72000
2816.T,1419,1420,1416,1417,2400
2818.T,1763,1763,1760,1760,2800
2819.T,2497,2497,2475,2475,14200
281A.T,418,425,418,419,32000
2820.T,6470,6620,6430,6590,17400
282A.T,2300,2332,2261,2272,127892
2831.T,3680,3700,3670,3700,1400
2836.T,3255,3255,3232,3241,26
2837.T,4766,4766,4720,4747,1870
2838.T,8340,8340,8295,8295,48
2839.T,4938,4938,4932,4937,6011
283A.T,1320,1320,1295,1297,909
2840.T,2608,2621,2604,2608,93805
2841.T,1692,1697,1690,1696,216193
2842.T,12180,12200,12160,12175,7008
2843.T,3647,3647,3634,3634,1741
2844.T,5386,5403,5378,5380,5484
2845.T,3540,3553,3540,3545,857
2846.T,2568,2568,2542,2544,9977
2847.T,3020,3020,2975,2987,1838
2848.T,3061,3061,3061,3061,0
2849.T,5500,5500,5410,5410,186
284A.T,2335,2335,2335,2335,0
2851.T,393,393,388.5,388.5,170
2852.T,171.9,172.3,170.9,171.9,2150
2853.T,610,610,610,610,10
2854.T,2660,2691,2652,2652,83644
2855.T,922,924,920,924,1056
2856.T,644.5,644.5,643.7,643.9,23420
2857.T,615,619.2,615,619.2,50
2858.T,1528,1528,1502,1505,1479
2859.T,3210,3214,3204,3205,1791
285A.T,57750,58510,56020,57000,30759700
2860.T,3299,3299,3251,3251,17
2861.T,5430,5430,5391,5391,244
2862.T,3826,3826,3826,3826,0
2864.T,1286,1299,1286,1292,430
2865.T,1236,1242,1234,1235,669471
2866.T,947,950,944,944,38830
2867.T,1694,1694,1680,1684,1188
2868.T,1100,1104,1099,1100,92418
2869.T,2918,2945,2851,2943,203775
286A.T,812,822,802,814,12300
2870.T,7600,7601,7510,7510,8654
2871.T,2150,2160,2129,2142,1446300
2872.T,1939,1939,1927,1928,2400
2874.T,2222,2232,2188,2189,110800
2875.T,10235,10235,9995,10110,547100
2876.T,477,482,473,478,4000
2877.T,752,754,752,752,700
287A.T,1134,1145,1128,1136,363600
2882.T,2023,2033,2018,2030,10500
2883.T,2045,2048,2040,2042,3400
2884.T,632,633,624,628,41400
288A.T,95,95,93,94,91200
2892.T,4565,4565,4540,4545,4500
2894.T,361,367,361,362,5600
2897.T,2967.5,2969.5,2906,2916.5,1162300
2901.T,150,151,149,150,34600
2903.T,1616,1616,1593,1610,3300
2904.T,754,754,752,753,3200
2907.T,1535,1540,1532,1540,1700
2908.T,1622,1625,1612,1614,28600
290A.T,1450,1510,1437,1496,960600
2910.T,1395,1407,1383,1389,43100
2911.T,2246,2246,2246,2246,100
2914.T,6655,6667,6605,6610,3027500
2915.T,2047,2070,2037,2044,15200
2916.T,737,737,731,732,3300
2917.T,924,929,920,929,4600
2918.T,2736,2753,2718,2737,68600
291A.T,2005,2005,1990,1990,1800
2922.T,1987,1990,1979,1979,12800
2923.T,8090,8100,7960,8050,1900
2924.T,1910,1929,1910,1929,1200
2926.T,126,129,124,127,149900
2927.T,858,862,856,862,14600
2929.T,595,624,584,611,481400
292A.T,680,680,680,680,0
2930.T,128,130,127,129,418100
2931.T,347,349,343,343,433800
2932.T,1119,1119,1105,1105,7300
2933.T,1128,1132,1127,1128,26600
2934.T,2002,2002,1973,1985,1600
2935.T,1202,1202,1190,1190,15700
2936.T,272,272,270,270,10900
2937.T,1764,1769,1764,1768,2300
2938.T,1245,1255,1238,1247,30400
293A.T,950,950,950,950,0
294A.T,2976,2976,2916,2919,7
295A.T,9830,9830,9820,9820,4
2961.T,1526,1526,1526,1526,200
2962.T,1550,1730,1535,1688,407600
296A.T,1123,1136,1114,1122,36600
2970.T,1099,1099,1082,1095,3700
2971.T,107000,107600,106800,106900,921
2972.T,104400,105200,103900,104400,2095
2975.T,1415,1427,1395,1404,233100
2978.T,339,342,339,342,600
2979.T,99200,99800,99000,99400,2545
297A.T,215,215,213,213,23100
2980.T,2312,2337,2292,2313,258000
2981.T,2240,2250,2232,2240,5700
2982.T,422,427,420,421,248100
2983.T,1718,1738,1698,1728,27500
2984.T,751,752,747,752,8800
2986.T,2791,2803,2766,2797,134200
2989.T,94900,95300,94400,95300,2048
298A.T,370,373,361,368,1000
2990.T,262,262,262,262,0
2991.T,529,529,505,514,71800
2993.T,2210,2211,2210,2210,900
2997.T,1324,1325,1324,1324,3100
2998.T,566,566,555,556,72800
2999.T,516,516,504,505,31400
299A.T,1274,1283,1250,1259,150700
3001.T,2924,2924,2890,2902,25600
3002.T,4050,4060,4020,4050,182900
3003.T,1733,1754.5,1729,1752,1611100
3004.T,2089,2089,2071,2071,2700
300A.T,3170,3195,3145,3145,19000
3010.T,188,190,188,189,95800
3011.T,143,144,141,141,12800
301A.T,550,550,550,550,0
3020.T,4610,4630,4600,4630,2100
3021.T,1584,1594,1581,1583,7700
3023.T,2008,2035,2001,2020,20400
3024.T,1166,1175,1165,1165,1000
3028.T,2300,2307,2275,2278,90200
302A.T,606,607,606,607,300
3030.T,857,862,850,851,10900
3031.T,660,660,650,654,77500
3034.T,2249,2252,2194,2194,101400
3035.T,772,774,771,772,3700
3036.T,3350,3465,3330,3465,122100
3038.T,3055,3118,3021,3108,2983200
303A.T,590,590,582,582,600
3040.T,2299,2362,2295,2345,118500
3041.T,412,413,410,412,2700
3042.T,294,296,292,294,12400
3045.T,1465,1465,1458,1458,600
3046.T,5680,5710,5590,5610,156700
3048.T,1700,1711,1679.5,1692,587300
304A.T,1960,1960,1960,1960,100
3050.T,1580,1588,1569,1574,269600
3053.T,202,203,201,202,102000
3054.T,364,364,357,360,23000
3058.T,707,709,707,709,700
3059.T,708,711,708,710,1100
305A.T,1146,1146,1146,1146,0
3063.T,1150,1160,1143,1159,23500
3064.T,1929,1929.5,1867.5,1867.5,2171600
3065.T,1587,1590,1587,1590,1100
3067.T,466,469,465,469,10400
3068.T,3060,3065,3055,3055,2100
3069.T,167,167,165,166,161000
3070.T,68,68,66,67,204300
3071.T,102,103,100,102,248100
3075.T,1659,1659,1649,1649,3600
3076.T,2972,2981,2945,2959,170400
3077.T,1339,1339,1290,1317,12400
307A.T,800,800,800,800,0
3080.T,811,813,810,813,1600
3082.T,979,980,976,977,3800
3083.T,1249,1293,1243,1252,313400
3086.T,2602,2630.5,2575,2600,1206000
3087.T,3290,3310,3270,3280,85900
3088.T,2583,2589,2524.5,2530,2011400
3089.T,1071,1073,1063,1067,1700
308A.T,1310,1310,1310,1310,0
3091.T,2850,2871,2821,2821,67700
3092.T,1123,1126,1105,1106.5,3194100
3093.T,1833,1869,1822,1851,213900
3096.T,1605,1608,1605,1608,800
3097.T,5860,5860,5700,5700,139400
3099.T,3141,3147,3102,3122,1962600
309A.T,700,700,700,700,0
3101.T,1587,1640,1583,1631,470800
3103.T,1432,1485,1367,1456,8253200
3104.T,3280,3380,3280,3345,136200
3105.T,2265,2340,2238.5,2308.5,940400
3106.T,10670,11080,10670,11010,17200
3107.T,3673,3730,3659,3718,214900
3109.T,1042,1047,1040,1043,58300
310A.T,1440,1440,1440,1440,0
3110.T,3030,3130,3000,3065,4272500
3111.T,178,184,178,181,9800
3113.T,88,89,84,86,788100
3116.T,2199,2219.5,2185,2215,523900
3121.T,254,257,240,257,101400
3123.T,655,655,650,650,400
312A.T,1542,1542,1542,1542,0
3131.T,6290,6610,6290,6360,20300
3132.T,3476,3567,3431,3551,728500
3133.T,62,64,61,62,471600
3134.T,305,305,296,297,41500
3135.T,1168,1168,1120,1146,14900
3137.T,205,206,204,206,2900
3138.T,1129,1140,1125,1128,2400
3139.T,3410,3420,3375,3385,24200
313A.T,257.1,257.6,256.2,256.6,46420
3140.T,1019,1020,1016,1016,4100
3143.T,716,717,708,713,4500
3148.T,3400,3400,3340,3340,54900
314A.T,316.2,319.5,315.2,319.5,2032990
3150.T,2410,2419,2397,2405,38500
3151.T,1590,1598,1574,1586,68100
3153.T,3035,3085,3035,3035,60600
3154.T,772,780,772,776,18100
3156.T,4985,5200,4980,5060,73800
3157.T,1430,1450,1426,1426,1600
3159.T,400,403,398,403,60000
315A.T,1940,1966,1926,1926,106586
3160.T,578,580,577,579,4800
3161.T,665,668,664,664,1600
3166.T,1471,1473,1465,1465,1100
3167.T,1324,1340,1318,1327,302300
3168.T,1286,1330,1277,1321,69200
3169.T,676,679,676,679,2700
316A.T,2626,2641,2622,2630,189560
3172.T,1119,1121,1119,1119,2700
3173.T,1453,1455,1416,1424,6500
3174.T,399,400,398,399,10100
3175.T,977,980,975,978,15100
3176.T,1110,1164,1107,1149,382800
3177.T,4165,4165,3990,4155,4200
3178.T,1200,1205,1195,1195,16400
3179.T,1150,1151,1133,1139,107800
317A.T,1350,1350,1350,1350,0
3180.T,1607,1634,1581,1600,92000
3181.T,1050,1051,1038,1046,2000
3182.T,1605,1610,1580,1580,77400
3183.T,1253,1256,1250,1250,15800
3184.T,4155,4155,4155,4155,0
3185.T,147,149,143,146,110300
3186.T,3035,3070,2905,2950,824800
3187.T,362,365,357,357,46700
3189.T,103,105,103,105,254000
318A.T,344.2,346.7,343.3,343.8,989270
3190.T,587,587,585,587,700
3191.T,2250,2250,2211,2218,119100
3192.T,281,282,280,280,3400
3193.T,1423,1428,1391,1392,146900
3195.T,702,704,696,697,16500
3196.T,1659,1660,1635,1635,63700
3197.T,3422,3425,3369,3369,1120100
3199.T,1321,1323,1315,1318,27400
319A.T,21200,22410,21080,21160,33800
3201.T,1967,1989,1958,1989,60500
3202.T,130,130,129,129,7500
3204.T,493,501,493,501,5700
3205.T,733,733,727,727,131800
320A.T,500,500,500,500,0
321A.T,785,785,785,785,0
3221.T,3250,3250,3180,3185,46100
3222.T,850,851,841,843,410700
3223.T,962,962,962,962,3000
3224.T,691,700,691,700,2600
3226.T,116800,117900,116500,117200,6853
322A.T,765,765,765,765,0
3231.T,910,920.3,906.7,916.8,2673400
3232.T,589,589,584,586,140100
3234.T,124700,125900,124500,125900,4749
3236.T,285,285,280,282,150600
3237.T,93,95,93,94,79500
3238.T,385,389,385,387,19600
323A.T,368,372,368,372,3500
3241.T,601,605,598,600,23300
3242.T,522,523,519,519,43000
3245.T,1084,1084,1075,1079,395600
3246.T,684,694,684,687,5600
3248.T,888,888,888,888,600
3249.T,135500,136400,134800,136100,5840
324A.T,717,717,708,708,18600
3252.T,2830,2842,2800,2841,161100
325A.T,1755,1810,1740,1807,133400
3261.T,427,429,422,429,5400
3266.T,80,80,79,79,13100
3267.T,640,642,633,634,21800
3269.T,143000,144500,142900,143900,9930
326A.T,1620,1620,1620,1620,0
3276.T,2247,2248,2246,2246,58900
3277.T,821,828,813,815,17600
3279.T,130600,132200,130200,131900,7187
3280.T,932,940,932,938,10600
3281.T,132400,134100,132100,133200,15158
3282.T,97200,98200,97000,98100,6900
3283.T,83600,84600,83500,84300,20264
3284.T,1279,1281,1259,1262,344100
3286.T,887,894,881,881,5800
3287.T,236800,237500,235200,235400,1839
3288.T,7529,7588,7488,7568,193600
3289.T,1287,1307,1285,1303.5,2451300
328A.T,1325,1365,1325,1362,269
3290.T,74100,74600,74000,74000,4538
3291.T,2240,2253,2227,2246,428900
3292.T,115200,115800,114900,115600,6105
3293.T,770,770,770,770,7100
3295.T,147000,148000,146500,148000,3297
3296.T,80800,81400,80600,80700,3882
3297.T,1178,1184,1177,1179,1200
3299.T,1694,1701,1685,1701,69200
329A.T,211.6,211.6,211.6,211.6,0
3300.T,1813,1822,1808,1813,29600
3302.T,3020,3080,3005,3065,37700
3306.T,703,708,680,681,38000
3309.T,71700,72300,71500,72100,12731
330A.T,554,564,551,551,8600
3315.T,101,103,100,101,6345800
3317.T,1490,1490,1474,1490,1500
331A.T,488,488,487,487,2200
3320.T,1298,1303,1293,1296,6500
3321.T,1656,1666,1642,1642,15200
3323.T,93,94,92,93,179100
3326.T,655,655,650,650,2800
3329.T,2145,2145,2139,2141,1200
332A.T,1126,1143,1114,1124,34900
3333.T,1285,1285,1273,1276,97900
333A.T,6240,6240,6240,6240,0
3349.T,6800,6800,6625,6625,516100
334A.T,1043,1055,1043,1055,1700
3350.T,246,257,244,251,27669300
3352.T,1799,1799,1781,1794,600
3353.T,2802,2806,2802,2806,400
3355.T,1759,1770,1742,1742,29000
3358.T,96,97,95,95,45600
3359.T,529,530,525,529,33200
335A.T,322,329,321,324,20700
3360.T,2383,2424.5,2348.5,2383,220500
3361.T,898,901,898,898,2000
336A.T,1367,1499,1311,1398,6699400
3370.T,490,493,489,491,3000
3371.T,2027,2031,2000,2012,22400
3372.T,220,221,220,220,6700
3374.T,3990,4100,3990,4010,18400
3375.T,1751,1751,1751,1751,200
3377.T,391,392,384,384,6700
3382.T,2043,2059,2022,2028.5,7895400
3386.T,1252,1253,1250,1253,900
3387.T,775,789,775,779,1439000
3388.T,2063,2070,2051,2060,28300
338A.T,2420,2866,2392,2755,993000
3391.T,2358.5,2380,2313.5,2337,1771000
3392.T,811,813,806,810,11800
3393.T,3015,3015,2977,3000,48300
3395.T,2450,2465,2435,2447,66500
3396.T,866,867,862,867,2600
3397.T,4298,4330,4243,4243,309600
3399.T,4140,4165,4055,4085,89800
339A.T,901,905,894,897,10100
3401.T,1625.5,1649.5,1606,1645.5,728700
3402.T,1208.5,1231,1202,1222,4420300
3405.T,1758,1785.5,1752,1785.5,1306700
3407.T,1556,1567,1548,1567,6158100
3409.T,88,91,87,91,66500
340A.T,318,325,318,323,4300
3415.T,354,356,345,347,334800
3416.T,925,926,915,926,2000
3417.T,1012,1012,996,1002,11000
3418.T,1048,1051,1046,1046,8700
341A.T,2211,2242,2180,2203,44000
3420.T,1578,1580,1574,1574,1300
3421.T,1719,1747,1711,1730,24000
3422.T,605,615,605,607,22200
3423.T,273,274,271,272,7700
3426.T,1300,1300,1300,1300,0
3431.T,1575,1583,1563,1563,51600
3433.T,2760,2811,2755,2776,159900
3434.T,1244,1249,1241,1243,2300
3435.T,1535,1564,1532,1536,2800
3436.T,3090,3202,3079,3122,9905900
3437.T,2661,2661,2660,2660,200
3439.T,671,671,670,671,2900
343A.T,1305,1306,1278,1290,10200
3440.T,862,864,860,862,5600
3441.T,2775,2861,2768,2771,34200
3443.T,1348,1395,1346,1384,256900
3444.T,1040,1063,1031,1031,103400
3445.T,5560,5670,5530,5550,143600
3446.T,1647,1659,1620,1625,17400
3447.T,996,999,990,998,27700
3449.T,4025,4125,4005,4060,72400
3451.T,127500,127800,126500,127000,864
3452.T,1445,1447,1435,1440,100900
3454.T,1243,1259,1233,1259,1600
3455.T,95900,96400,95500,95600,5421
3457.T,924,924,918,918,103600
3459.T,87800,88100,87600,88000,2830
345A.T,15410,15450,15365,15400,1452
3461.T,620,624,620,622,8200
3462.T,143300,144400,143000,143600,10592
3463.T,111800,111900,110700,110700,664
3465.T,3220,3275,3200,3265,104500
3466.T,142700,143700,142400,143600,4301
3467.T,2738,2799,2700,2732,7400
3468.T,52300,52800,52200,52800,7704
3469.T,895,895,894,894,1000
346A.T,4880,4917,4880,4900,1085
3470.T,97800,98000,97400,97800,1672
3471.T,102100,102800,102000,102700,7958
3472.T,65800,66100,65400,65700,979
3474.T,604,604,602,603,1500
3475.T,1448,1452,1412,1425,121200
3476.T,41100,41400,41000,41300,5500
3477.T,901,902,901,902,400
3479.T,1890,1902,1873,1878,46300
347A.T,530,530,530,530,0
3481.T,112000,112700,111800,112400,3487
3482.T,2518,2524,2499,2516,102200
3484.T,1169,1169,1151,1151,2500
3486.T,1928,1960,1920,1947,27600
3487.T,134800,136300,134600,135700,2249
3488.T,102800,103300,102800,102800,892
3489.T,796,800,785,793,42700
348A.T,296.1,297.1,295.5,297.1,49240
3490.T,3065,3065,3065,3065,100
3491.T,1524,1532,1468,1469,250600
3492.T,79000,79000,78400,78400,6871
3494.T,456,458,456,456,3300
3495.T,2280,2280,2280,2280,100
3496.T,4730,4925,4695,4860,72900
3498.T,7370,7480,7320,7470,206200
349A.T,841.2,841.2,818.4,831.9,1990
3501.T,1160,1165,1143,1154,34600
350A.T,841,870,826,840,616800
3512.T,986,1055,986,1050,18900
3513.T,3450,3485,3400,3485,2300
351A.T,1760,1760,1760,1760,0
3521.T,157,157,156,157,13400
3524.T,1487,1492,1487,1488,1100
3529.T,988,993,981,992,8600
352A.T,532,542,531,531,3100
3536.T,127,128,127,128,7200
3537.T,1760,1765,1760,1765,1500
3538.T,1012,1012,1005,1005,6900
3539.T,1345,1367,1339,1360,127500
3542.T,1551,1551,1474,1477,29600
3543.T,2878,2878,2852,2859,134300
3544.T,1248,1250,1248,1248,4500
3547.T,1896,1903,1869,1874,31300
3548.T,691,694,684,684,168100
3549.T,4137,4159,3999,4015,247500
354A.T,3303,3303,3273,3288,181349
3550.T,216,217,215,215,10800
3551.T,1559,1565,1541,1546,20400
3553.T,922,937,921,929,52600
3556.T,803,810,798,799,27200
3557.T,512,512,511,511,3000
3558.T,1820,1861,1810,1839,97100
3559.T,469,469,457,461,1800
355A.T,350,350,350,350,0
3560.T,4210,4235,4210,4235,1600
3561.T,1520,1521,1499,1500,105200
3562.T,1563,1570,1560,1560,7200
3563.T,5692,5707,5510,5517,2051200
3565.T,480,489,478,481,164800
3566.T,681,690,671,690,15800
3569.T,3240,3315,3220,3295,116400
356A.T,1514,1514,1503,1506,775
3571.T,721,734,719,721,4100
3577.T,934,934,925,925,1800
357A.T,6240,6240,6240,6240,0
3580.T,744,747,741,741,32400
3583.T,1350,1350,1350,1350,0
358A.T,310,310,310,310,0
3591.T,4051,4062,3984,3986,113800
3597.T,8950,9010,8820,8820,7300
3598.T,166,167,165,166,13800
359A.T,1600,1600,1600,1600,0
3600.T,1720,1720,1720,1720,0
3607.T,350,352,350,351,12400
3608.T,1229,1237,1215,1227,247300
360A.T,1066,1066,1066,1066,0
3611.T,2408,2414,2376,2377,46100
3612.T,1580,1585,1565,1569,244700
361A.T,1588,1588,1588,1588,0
3622.T,494,501,493,495,2100
3623.T,1270,1270,1218,1244,19700
3624.T,86,87,84,85,653300
3625.T,641,652,641,648,1800
3626.T,3800,3849,3767,3800,888200
3627.T,265,268,265,265,7400
3628.T,650,665,650,665,7700
362A.T,4950,4950,4950,4950,0
3632.T,411,412,403,405,419900
3633.T,2525,2525,2450,2486,30700
3634.T,590,591,586,586,1100
3635.T,1633,1644.5,1620,1636.5,680800
3636.T,4805,4815,4755,4780,49400
3639.T,236,236,230,231,4600
363A.T,2703,2703,2675,2677,835
3640.T,2750,2848,2716,2716,7700
3641.T,994,994,979,986,6800
3645.T,267,278,261,278,77600
3646.T,353,357,353,354,2600
3647.T,118,119,116,118,64400
3648.T,1063,1069,1057,1062,3800
3649.T,823,832,821,825,21900
364A.T,2402,2407,2391,2391,2722
3652.T,2520,2555,2452,2501,24100
3653.T,1311,1549,1308,1387,6028200
3656.T,173,180,172,179,3714800
3657.T,355,359,351,354,145200
3659.T,3101,3142,3079,3115,3063100
365A.T,785,787,778,779,21100
3660.T,503,503,483,486,1611800
3661.T,806,818,782,785,485200
3662.T,928,938,926,929,68600
3663.T,1766,1792,1752,1765,153300
3664.T,25,25,24,25,47761600
3665.T,420,420,415,417,155700
3667.T,28,28,26,28,468500
3668.T,424,426,420,421,278000
366A.T,1138,1147,1123,1130,21600
3671.T,301,307,300,302,9000
3672.T,29,29,29,29,38100
3673.T,458,458,434,445,1310600
3674.T,343,343,338,340,3500
3675.T,598,599,594,596,14600
3676.T,1058,1058,1057,1057,165200
3678.T,1251,1259,1243,1246,17200
3679.T,436,436,429,431,399700
367A.T,2916,2916,2838,2851,36600
3680.T,205,207,205,207,100800
3682.T,582,586,581,582,3600
3683.T,1115,1120,1095,1112,20300
3686.T,61,61,60,61,109900
3687.T,2350,2400,2232,2244,1502900
368A.T,1448,1459,1440,1449,98500
3690.T,599,599,593,595,5300
3691.T,1860,1894,1835,1864,12500
3692.T,6000,6100,5890,6000,74000
3694.T,424,433,423,428,118500
3695.T,1642,1642,1602,1627,7500
3696.T,2104,2104,2062,2065,98300
3697.T,833.5,843.8,825.9,830.9,3826000
3698.T,1200,1220,1200,1204,3700
369A.T,2601,2650,2572,2645,9000
3708.T,2111,2125,2097,2111,48300
370A.T,1296,1296,1296,1296,0
3710.T,640,640,633,640,4100
3712.T,1087,1090,1059,1070,6300
3719.T,117,117,114,114,170300
371A.T,420,420,420,420,0
3723.T,2650,2742,2610,2667,18100
3726.T,400,403,400,402,6400
3727.T,172,175,169,171,171300
372A.T,5550,5600,5500,5530,5400
3733.T,11940,12090,11810,11930,2600
373A.T,1461,1464,1461,1464,600
3741.T,3240,3290,3210,3210,50200
3744.T,467,467,452,455,34500
3747.T,422,424,414,415,35200
374A.T,240,240,240,240,0
3750.T,833,834,830,832,2100
3753.T,217,221,212,215,75900
3758.T,245,247,245,245,14000
375A.T,2125,2125,2125,2125,0
3760.T,712,712,703,703,5900
3762.T,2306,2322,2272,2304,212200
3763.T,1950,1969,1931,1939,39900
3765.T,2480,2480,2434,2450,157600
3766.T,1421,1445,1421,1426,2400
3768.T,554,560,552,556,3200
3769.T,8572,8600,8413,8466,419700
376A.T,4786,4786,4786,4786,0
3771.T,1843,1851,1814,1841,91100
3772.T,1108,1108,1096,1096,13500
3773.T,1021,1029,1014,1028,34900
3774.T,3212,3251,3196,3231,419400
3776.T,244,245,242,243,52600
3777.T,46,47,45,46,394800
3778.T,3700,3850,3675,3750,616600
3779.T,130,130,128,129,10200
3787.T,328,328,315,320,21100
3788.T,1915,1916,1882,1882,37300
378A.T,939,940,905,905,68000
3791.T,1037,1037,1023,1025,67000
3793.T,502,510,494,496,102700
3796.T,332,336,320,322,26900
3798.T,533,533,522,524,176900
3799.T,1132,1140,1130,1130,3600
379A.T,1319,1319,1310,1310,26
3800.T,1977,1977,1977,1977,200
3802.T,506,506,503,504,900
3803.T,620,626,611,611,7000
3804.T,466,471,466,468,600
3807.T,87,89,87,88,322500
380A.T,910,915,893,915,17472
3810.T,172,174,171,174,333900
3815.T,428,429,428,428,2400
3816.T,1103,1110,1103,1110,800
3817.T,4730,4730,4660,4680,43200
381A.T,2087,2087,2082,2082,20
3823.T,32,32,31,32,182500
3825.T,227,234,224,233,595700
3826.T,490,495,489,490,10700
382A.T,1887,1887,1887,1887,0
3834.T,606,606,600,600,89200
3835.T,428,430,425,425,49300
3836.T,1197,1198,1181,1189,92000
3837.T,1365,1371,1353,1363,68700
3839.T,634,635,625,630,3600
383A.T,2548,2548,2524,2532,1120
3840.T,61,63,61,63,97400
3841.T,1358,1394,1345,1354,1600
3842.T,1050,1058,1050,1054,1200
3843.T,1641,1677,1641,1674,38400
3844.T,1277,1277,1255,1260,333800
3845.T,285,312,285,310,78600
3848.T,840,849,840,849,1000
3850.T,3635,3740,3625,3690,39600
3851.T,1493,1510,1466,1474,141700
3853.T,1094,1109,1073,1076,140400
3854.T,2150,2156,2081,2098,378900
3856.T,223,250,220,250,314300
3858.T,301,306,300,303,25500
385A.T,2450,2450,2450,2450,0
3861.T,865,869.2,859.1,864,3221900
3863.T,1275,1309,1272,1300,373100
3864.T,1163,1170,1148,1164,90600
3865.T,900,906,892,900,146400
386A.T,1252,1253,1250,1252,2400
3877.T,2192,2213,2185,2197,63000
3878.T,840,842,830,834,31600
387A.T,915,915,912,912,5200
3880.T,940,947,935,941,199100
3891.T,6240,6470,6240,6390,137700
3892.T,1595,1595,1583,1583,1200
3895.T,480,482,480,480,5800
3896.T,406,408,405,406,4400
389A.T,2380,2380,2380,2380,0
3900.T,649,651,635,638,57600
3901.T,1530,1541,1486,1494,101500
3903.T,266,270,260,266,614600
3904.T,426,426,423,425,6000
3905.T,1505,1565,1496,1532,1666700
3907.T,2093,2176,2061,2121,311400
3908.T,356,356,352,355,6100
3909.T,190,190,188,189,1900
3910.T,286,287,281,286,11400
3911.T,175,176,172,173,291000
3912.T,1139,1139,1127,1129,1500
3913.T,1084,1125,1080,1125,4800
3914.T,2394,2394,2357,2360,5800
3915.T,2340,2350,2280,2291,82700
3916.T,932,935,923,928,76200
3917.T,479,479,473,474,6200
3918.T,1169,1171,1160,1169,7500
3920.T,1003,1005,998,1000,3900
3921.T,1601,1603,1574,1595,12700
3922.T,2166,2184,2144,2165,25800
3923.T,1024,1031.5,1015.5,1020.5,1852300
3925.T,1291,1291,1274,1283,39000
3926.T,417,441,409,432,40300
3927.T,869,878,867,872,15200
3928.T,239,243,235,241,11400
3929.T,239,241,239,239,12600
392A.T,268.5,269.9,268.2,268.2,20030
3930.T,786,794,783,785,5500
3931.T,1503,1504,1501,1501,1200
3932.T,3480,3490,3370,3380,87000
3933.T,548,549,532,549,1500
3934.T,2276,2276,2276,2276,600
3935.T,706,718,706,718,12400
3936.T,138,141,137,137,168000
3937.T,1189,1189,1167,1172,35400
3939.T,486,490,483,485,135500
393A.T,2000,2000,2000,2000,0
3940.T,130,131,129,130,134800
3941.T,1510,1529.5,1491,1521,816000
3943.T,1321,1322,1320,1320,1900
3944.T,3210,3210,3210,3210,500
3945.T,2187,2204,2187,2204,400
3946.T,4245,4310,4225,4290,59400
3947.T,2488,2488,2420,2424,1900
3948.T,1174,1174,1172,1172,800
394A.T,519.3,519.3,519.3,519.3,90
3950.T,1423,1450,1423,1448,100500
3951.T,907,912,907,908,6100
3953.T,795,795,790,790,1700
3954.T,3015,3035,3015,3035,400
3955.T,854,866,852,866,6800
3958.T,547,547,544,545,10600
395A.T,1079.5,1079.5,1049,1049,63660
3962.T,980,980,960,966,239900
3963.T,320,322,311,315,63100
3964.T,1311,1325,1306,1309,398700
3965.T,900,902,886,900,5700
3967.T,576,576,562,562,7900
3968.T,621,625,607,610,351800
3969.T,1410,1410,1400,1400,3600
396A.T,493.4,498.8,493.4,498.8,30
3970.T,848,852,845,852,1800
3974.T,675,675,668,669,2000
3976.T,588,596,563,566,46000
3979.T,429,440,429,440,5600
3981.T,1220,1227,1215,1215,1100
3983.T,1935,1935,1908,1919,50300
3984.T,1532,1555,1520,1538,83400
3985.T,190,193,190,192,4300
3986.T,470,475,470,472,1100
3987.T,667,667,636,636,25300
3988.T,559,559,542,542,1000
3989.T,1500,1528,1449,1465,263100
398A.T,1350,1350,1350,1350,0
3991.T,956,964,946,964,2400
3992.T,471,473,466,466,37100
3993.T,3125,3155,3060,3060,200000
3994.T,5949,6015,5855,5879,402200
3996.T,202,202,200,202,25500
3997.T,387,392,387,391,63200
3998.T,291,293,290,291,2000
399A.T,2330,2330,2310,2316,66196
4004.T,15940,16420,15720,16070,1598200
4005.T,576,584,565.1,573.8,10016000
4008.T,1434,1457,1431,1450,136600
4011.T,2507,2507,2415,2438,50300
4012.T,1731,1731,1702,1702,5400
4013.T,646,648,631,635,30800
4014.T,513,534,513,534,16300
4015.T,513,514,509,510,10000
4016.T,1057,1059,1046,1059,2800
4017.T,214,215,213,214,2400
4019.T,627,627,616,618,24100
401A.T,95200,96000,94800,95200,1630
4020.T,840,845,835,835,400
4021.T,7749,8050,7714,8002,596700
4022.T,1963,2042,1924,1946,562900
4023.T,4410,4495,4385,4470,245900
4025.T,5540,5700,5540,5610,10500
4026.T,1641,1666,1635,1655,39600
4027.T,2311,2372,2311,2367,32800
4028.T,2950,3020,2934,3000,217900
402A.T,548,563,536,537,1011400
4031.T,1116,1116,1089,1094,13500
403A.T,2415,2415,2415,2415,0
4040.T,3830,3900,3830,3865,4200
4041.T,3815,3865,3790,3850,81300
4042.T,2560.5,2600.5,2554.5,2594,1051300
4043.T,3920,4058,3906,4032,420600
4044.T,4230,4335,4230,4255,77200
4045.T,1777,1820.5,1770,1815,717800
4046.T,1929,2034,1921,1999,330600
4047.T,2148,2220,2147,2194,582400
404A.T,1203,1244,1200,1220,44098
4051.T,5880,5930,5800,5880,30900
4052.T,880,1040,880,1040,6221000
4053.T,453,453,445,445,105800
4054.T,518,523,515,520,17200
4055.T,1671,1698,1652,1652,16400
4056.T,242,247,233,236,711400
4057.T,348,353,347,353,1600
4058.T,2291,2291,2251,2251,32900
4059.T,393,395,390,391,6000
405A.T,3500,3500,3500,3500,0
4060.T,1210,1210,1188,1188,6400
4061.T,3220,3308,3210,3308,520900
4062.T,21205,22370,20945,21420,11597200
4063.T,5677,5752,5671,5719,7915400
4064.T,3500,3555,3470,3495,89500
4068.T,1766,1766,1762,1762,500
4069.T,706,719,695,695,4500
406A.T,5450,5450,5450,5450,0
4071.T,2014,2063,1997,2047,294500
4072.T,3060,3065,3020,3030,30200
4073.T,486,486,466,475,25600
4074.T,804,806,787,806,1600
4075.T,1308,1346,1218,1230,248900
4076.T,1962,1990,1955,1984,3000
4078.T,3675,3680,3605,3650,164400
407A.T,932,935,921,921,10700
4082.T,2508,2590,2478,2518,439900
4088.T,3000,3040,2893,2920,1767500
408A.T,284.1,288.7,273.5,285.7,613480
4091.T,5350,5476,5350,5438,569000
4092.T,5140,5210,5110,5170,61400
4093.T,421,425,421,421,12200
4094.T,2271,2279,2257,2257,9400
4095.T,1719,1748,1719,1748,217500
4097.T,1176,1196,1174,1183,36400
4098.T,1006,1010,1006,1010,2900
4099.T,2079,2166,2075,2148,1418000
409A.T,1184,1189,1179,1179,79900
4100.T,1580,1634,1575,1618,24600
4102.T,1445,1452,1445,1446,400
4107.T,3940,4055,3930,4055,166100
4109.T,5300,5440,5300,5360,34200
410A.T,1132,1132,1112,1112,5600
4112.T,2080,2121,2078,2108,48000
4113.T,789,789,782,782,16600
4114.T,2490,2549,2480,2538.5,864800
4116.T,1280,1324,1271,1313,171800
4118.T,5902,5986,5893,5968,141600
4119.T,5980,6100,5860,5910,4000
411A.T,370,370,370,370,0
4120.T,3060,3060,3050,3050,900
4124.T,2984,3025,2977,3025,1200
4125.T,3775,3875,3770,3800,10700
412A.T,4479,4564,4445,4487,5942
413A.T,3850,3917,3828,3885,818
414A.T,844,852,838,848,84300
4151.T,2278.5,2284,2183,2224,3318400
415A.T,5150,5150,5050,5050,600
4165.T,645,648,632,637,616100
4166.T,628,630,626,628,3600
4167.T,330,340,321,334,25100
4168.T,764,766,755,759,35500
4169.T,270,270,263,266,260400
416A.T,1283,1302,1283,1297,21000
4170.T,126,129,122,124,615200
4172.T,2291,2300,2291,2299,500
4174.T,868,874,850,868,14900
4175.T,2857,2898,2810,2854,5000
4176.T,271,277,267,272,99800
4177.T,1525,1539,1520,1520,1900
4178.T,526,527,523,526,5100
4179.T,357,370,356,368,22700
417A.T,1928,1946.5,1911,1911,323500
4180.T,1460,1470,1393,1393,1472100
4182.T,3767,3873,3739,3858,1386900
4183.T,2120,2165.5,2106,2141,2986400
4186.T,8356,8645,8350,8378,628500
4187.T,4175,4285,4170,4225,84700
4188.T,1159.5,1181,1143.5,1172.5,5474400
4189.T,3155,3215,3130,3215,98400
4192.T,290,298,285,296,93000
4193.T,2172,2172,2160,2163,3400
4194.T,8826,8846,8606,8649,244500
4196.T,2166,2188,2163,2174,7700
4197.T,2350,2373,2350,2373,700
4198.T,499,507,498,500,3000
4199.T,811,837,803,809,4000
419A.T,2700,2700,2700,2700,0
4202.T,1393,1412.5,1388,1406,646700
4203.T,7200,7763,7200,7660,1511000
4204.T,2487,2500.5,2473.5,2499.5,1535600
4205.T,2366,2380.5,2339.5,2347.5,755300
4206.T,4147,4170,4127,4133,149300
4208.T,3390,3446,3381,3416,719400
4212.T,2906,2938,2897,2906,44800
4216.T,5700,5910,5700,5860,49100
4218.T,1916,1923,1910,1917,18100
421A.T,3765,3765,3670,3670,58200
4220.T,2365,2415,2359,2393,104200
4221.T,5380,5460,5360,5400,21400
4222.T,705,708,690,692,473400
4224.T,2087,2104,2087,2091,5300
4228.T,560,580,560,576,214700
4229.T,4180,4270,4150,4205,19300
422A.T,2450,2450,2450,2450,0
4231.T,1030,1062,1030,1042,32100
4234.T,1029,1035,999,1031,28400
4235.T,670,674,670,671,9000
4237.T,350,351,343,344,41600
4238.T,1845,1941,1755,1814,228600
423A.T,322,323,321,321,18700
4240.T,315,317,315,315,1400
4241.T,663,675,661,672,13300
4242.T,1799,1799,1773,1773,700
4243.T,1030,1043,1030,1043,1100
4245.T,713,713,701,701,17900
4246.T,1060,1066,1053,1055,219700
4247.T,1400,1400,1400,1400,400
4248.T,879,881,879,879,1300
4249.T,2933,2966,2900,2952,28800
424A.T,330.9,336.5,330.4,335.1,266050
4251.T,1151,1157,1146,1150,128200
4255.T,3515,3520,3500,3515,1900
4256.T,1134,1140,1115,1117,2300
4258.T,4730,4955,4690,4780,80000
4259.T,850,853,805,810,1344900
425A.T,358.4,360.9,356,360.3,211280
4260.T,217,217,211,211,5500
4261.T,2966,2976,2950,2955,1700
4262.T,1394,1394,1386,1386,2200
4263.T,408,412,402,404,125900
4264.T,1436,1436,1403,1405,41400
4265.T,285,287,283,283,15600
426A.T,1199,1199,1183,1183,10518
4270.T,1918,1918,1860,1875,2400
4272.T,2015,2048.5,2015,2033.5,371400
4274.T,1090,1094,1080,1080,10200
4275.T,1900,1988,1895,1966,263400
4284.T,448,448,442,445,15300
4286.T,1246,1270,1240,1253,15000
4287.T,473,477,461,465,10800
4288.T,470,470,455,458,12000
428A.T,1585,1588,1550,1571,9500
4290.T,681,684,670,670,741300
4293.T,513,514,505,506,406300
4299.T,1208,1217,1207,1207,4500
429A.T,3805,3895,3780,3810,449100
4301.T,1866,1866,1840,1842,19800
4307.T,4829,4857,4790,4818,3143100
4308.T,353,356,352,354,26000
430A.T,2480,2480,2480,2480,0
4310.T,2471,2471,2430,2433,15500
4316.T,99,119,99,104,1966300
4317.T,563,572,561,572,4800
4318.T,817,817,805,809,84700
431A.T,2711,2726,2603,2607,27000
4320.T,1647,1648,1647,1647,208600
4323.T,1861,1864,1816,1822,43100
4324.T,3543,3571,3515,3535,946100
4326.T,1964,1980,1937,1943,18900
432A.T,1450,1450,1450,1450,0
4331.T,737,739,733,735,76700
4334.T,395,395,391,395,7100
4335.T,1088,1093,1087,1088,1600
4337.T,2678,2678,2642,2642,16400
433A.T,710,710,710,710,0
4341.T,908,911,908,911,1200
4343.T,2807,2834,2730,2730,101100
4344.T,114,114,110,110,691800
4345.T,828,834,827,829,52500
4346.T,1036,1047,1011,1015,92800
4347.T,1671,1671,1638,1652,3900
434A.T,930,930,930,930,0
4350.T,483,488,476,479,58300
4351.T,859,861,859,860,1400
4356.T,1616,1616,1616,1616,200
435A.T,2740,2740,2719,2732,136409
4360.T,963,965,960,960,6600
4361.T,1580,1580,1560,1560,200
4362.T,2640,2650,2632,2633,16300
4365.T,23900,23900,23900,23900,0
4366.T,440,443,438,442,20200
4368.T,2859,2923,2828,2875,556200
4369.T,3075,3145,3055,3060,315700
436A.T,1146,1190,1126,1177,107300
4370.T,397,462,390,462,556600
4371.T,1463,1463,1441,1453,8000
4372.T,1325,1325,1325,1325,100
4373.T,1126,1127,1093,1099,1428200
4374.T,2464,2464,2408,2408,4600
4375.T,666,677,660,671,72300
4376.T,168,169,167,167,16100
4377.T,2262,2267,2228,2248,63200
4378.T,536,536,522,526,10400
4379.T,436,436,428,430,13300
437A.T,1024,1024,1024,1024,0
4380.T,689,689,685,689,6600
4381.T,265,267,254,254,144700
4382.T,765,784,764,767,71600
4385.T,4030,4055,3952,3967,2192300
4386.T,887,887,876,886,1400
4387.T,543,543,501,507,31100
4388.T,375,377,374,377,20900
4389.T,1101,1134,1101,1115,5700
438A.T,999,1007,983,989,64000
4390.T,4080,4150,4045,4080,73700
4391.T,1168,1168,1156,1163,3300
4392.T,988,1022,974,1000,1577500
4393.T,5610,5680,5410,5410,39000
4394.T,619,645,619,630,30900
4395.T,756,767,613,613,248900
4396.T,1323,1338,1311,1329,60500
4397.T,400,400,392,397,33600
4398.T,1299,1299,1291,1296,1900
439A.T,5000,5000,5000,5000,0
4401.T,4377,4501,4362,4482,230800
4403.T,2603,2666,2598,2654,1000600
4404.T,2235,2235,2212,2212,13000
4406.T,241,242,237,238,340800
4409.T,782,790,782,784,6200
4410.T,1077,1086,1068,1081,26800
4412.T,1363,1371,1330,1330,15000
4413.T,2965,2965,2963,2964,227900
4414.T,1071,1093,1063,1093,13500
4415.T,1395,1395,1381,1384,12100
4416.T,420,421,414,415,4400
4417.T,4265,4390,4130,4320,69000
4418.T,1082,1089,1041,1053,213100
4419.T,1365,1367,1331,1339,415400
441A.T,268,276,262,262,62300
4420.T,823,825,822,823,214400
4421.T,950,957,945,954,8800
4422.T,597,597,571,572,91700
4424.T,336,345,336,339,51400
4425.T,1547,1571,1524,1531,203700
4426.T,163,163,163,163,0
4427.T,229,237,226,226,19100
4428.T,704,718,704,718,300
4429.T,715,720,713,713,700
442A.T,974,974,958,974,3000
4430.T,1724,1727,1710,1719,8900
4431.T,3380,3400,3310,3325,79900
4432.T,3170,3175,3080,3095,97900
4433.T,845,853,841,853,45700
4434.T,2401,2430,2399,2400,24800
4436.T,414,416,413,416,14200
4437.T,759,759,729,741,3400
4438.T,254,258,253,255,10500
4439.T,792,798,791,791,1500
443A.T,1817,1817,1814,1814,72020
4440.T,2464,2514,2033,2070,6756100
4441.T,1441,1448,1406,1421,15800
4442.T,400,403,399,399,24300
4443.T,1955,2011,1953,1976,1496000
4444.T,946,946,942,944,1500
4445.T,1951,1971,1951,1956,1500
4446.T,838,848,831,840,6900
4447.T,497,497,485,490,12300
4448.T,367,367,351,356,87800
444A.T,1945,1945,1945,1945,0
4450.T,2342,2356,2341,2341,700
4452.T,3450,3459,3395,3413,3446300
445A.T,274,274,274,274,0
4461.T,12390,13210,12320,13140,241500
4462.T,2872,2916,2853,2875,24400
4463.T,1965,1998,1924,1941,34000
4464.T,3420,3420,3420,3420,0
4465.T,2397,2405,2392,2405,1500
446A.T,2099,2121,1996,2014,1102400
4471.T,5830,6000,5810,5960,105000
4475.T,1580,1662,1551,1642,700800
4476.T,1083,1090,1064,1071,23200
4477.T,339,342,337,339,1579600
4478.T,3660,3845,3650,3730,494500
4479.T,950,950,931,939,25500
447A.T,266.5,268.8,265.2,267.9,322060
4480.T,2455,2502,2434,2434,190800
4481.T,3285,3285,3220,3250,84200
4482.T,742,746,735,746,6500
4483.T,3515,3550,3430,3460,398600
4484.T,299,299,296,296,7000
4486.T,670,670,664,664,4600
4487.T,235,235,230,233,1700
4488.T,2191,2191,2120,2132,9400
448A.T,263.2,263.9,260.6,263.8,30330
4490.T,641,647,637,637,4300
4491.T,3370,3380,3365,3370,1600
4492.T,393,404,391,404,10100
4493.T,1787,1788,1761,1770,60800
4495.T,2004,2005,1980,1980,6200
4496.T,769,794,765,781,7300
4498.T,1264,1265,1225,1225,30300
4499.T,2490,2490,2304,2332,201300
449A.T,801,803.1,799.8,800.5,9650
4502.T,5710,5715,5615,5615,5530300
4503.T,2260,2266,2233,2237,6209400
4506.T,1582.5,1588.5,1531.5,1545,4208100
4507.T,2885,2892,2845.5,2846.5,2897500
450A.T,792.2,792.2,788.7,788.7,50
4512.T,294,299,291,294,32100
4516.T,3386,3397,3359,3363,286500
4519.T,6503,6579,6476,6476,2871600
451A.T,289,289,285.8,286.9,45500
4521.T,3890,3890,3860,3865,118700
4523.T,4608,4635,4584,4620,1313000
4524.T,2244,2244,2243,2243,200
4526.T,3270,3285,3255,3270,71100
4527.T,2857.5,2861.5,2817.5,2835,979500
4528.T,2430,2430,2349,2353,1354600
452A.T,799.6,800.3,796,797,900270
4531.T,355,362,353,353,31000
4534.T,3190,3205,3175,3180,33700
4536.T,1771.5,1782.5,1750,1758.5,983000
4538.T,2238,2247,2230,2230,8100
4539.T,1570,1570,1555,1555,300
453A.T,732.8,735,731,731,116890
4540.T,3660,3676,3642,3666,1065100
4543.T,2290,2307.5,2260,2268,5631200
4544.T,3476,3499,3425,3425,191300
4547.T,4020,4020,3975,3980,53600
4548.T,703,705,700,700,85200
4549.T,2252,2286,2235,2262,250200
4552.T,530,531,523,524,407700
4553.T,3480,3535,3465,3495,111600
4554.T,1748,1748,1726,1727,87500
4558.T,201,201,200,200,7200
4559.T,1980,1985,1971,1977,105700
455A.T,5970,5970,5970,5970,0
4563.T,38,38,37,38,2034000
4564.T,23,23,22,23,164830700
4565.T,1220,1225,1190,1190,1291200
4568.T,2731,2755.5,2708,2710.5,6093600
4569.T,1105,1108,1087,1100,210100
456A.T,1490,1492,1428,1458,571700
4570.T,1176,1176,1130,1152,186400
4571.T,100,101,99,99,186000
4572.T,442,448,435,436,87500
4574.T,251,252,250,250,54700
4575.T,775,783,762,768,118800
4576.T,87,89,87,89,204700
4577.T,1270,1272,1260,1265,74500
4578.T,11705,11795,11625,11675,1231700
4579.T,548,570,544,550,139500
457A.T,4130,4130,4130,4130,0
4582.T,60,61,59,59,312900
4583.T,95,95,89,90,2507700
4584.T,168,170,166,168,216500
4586.T,62,62,59,60,691700
4587.T,1098.5,1107,1073.5,1082.5,781800
4588.T,5500,5760,5330,5630,2122700
458A.T,1387,1387,1387,1387,0
4591.T,83,84,81,83,684000
4592.T,949,949,920,934,568200
4593.T,281,284,276,278,1551600
4594.T,58,60,54,59,4592400
4595.T,1708,1708,1692,1700,79900
4596.T,65,66,64,65,304600
4597.T,30,30,28,29,77257400
4598.T,132,159,123,125,20934300
4599.T,327,330,316,319,265300
459A.T,10150,10150,10080,10080,61
460A.T,1035,1036,1012,1012,18900
4611.T,1510,1527,1507,1523,40900
4612.T,1115,1124.5,1108,1113.5,2904500
4613.T,2806,2821.5,2777.5,2797,1028000
4615.T,131,132,131,131,17300
4616.T,2431,2455,2431,2438,800
4617.T,3475,3520,3465,3505,90200
4619.T,2631,2643,2607,2610,38000
461A.T,2627,2680,2589,2589,1009
4620.T,968,986,958,968,100100
4623.T,1823,1832,1823,1832,2800
4624.T,3960,3960,3960,3960,800
4625.T,829,830,810,814,8000
4626.T,4722,4731,4714,4720,300900
4627.T,1897,1948,1882,1909,36800
4628.T,9680,9760,9570,9690,14700
4629.T,2473,2620,2430,2570,12300
462A.T,276,279,269,274,226800
4631.T,4636,4705,4606,4646,536500
4633.T,2480,2550,2473,2537,122000
4634.T,4895,5100,4890,5100,171400
4635.T,2124,2162,2114,2115,23600
463A.T,1029,1029,1013,1018,15500
4641.T,850,855,847,849,53200
4642.T,1406,1420,1405,1410,1700
4644.T,1052,1055,1050,1050,13600
4645.T,435,436,434,436,1000
464A.T,1729,1754,1682,1714,1222600
4650.T,271,272,269,270,1300
4651.T,271,273,271,271,203400
4657.T,470,470,462,464,6600
4658.T,1547,1562,1533,1545,147400
465A.T,1312,1326,1312,1324,3526
4661.T,3118,3182,3114,3143,6513000
4662.T,1610,1617,1601,1601,35100
4664.T,1113,1235,1098,1190,311300
4665.T,4610,4643,4597,4600,81200
4666.T,1961,1967,1944.5,1952,949200
4667.T,3365,4100,3220,3625,2297300
4668.T,761,768,760,762,56300
466A.T,1004,1010,1004,1005,9284
4671.T,2911,2924,2875,2902,15400
4673.T,4795,4820,4755,4755,1700
4674.T,1762,1765,1727,1759,155400
4676.T,4040,4060,3961,4022,536400
4678.T,334,334,330,333,3400
4679.T,263,265,261,264,1700
467A.T,277,277,275,276,8240
4680.T,1203,1216.5,1184,1196.5,2675400
4681.T,1787.5,1788.5,1762,1767,611600
4684.T,4834,4865,4773,4822,2256700
4685.T,2651,2674,2631,2631,16900
4686.T,4190,4205,4150,4150,64600
4687.T,1059,1059,1029,1031,109600
4689.T,520,522,514.9,516.4,16104000
468A.T,276,276,269.6,269.8,3200
4691.T,2160,2213,2128,2192,46900
4694.T,3625,3625,3555,3580,81600
469A.T,1630,1645,1624,1645,2100
4704.T,5644,5684,5591,5626,1191900
4705.T,787,790,784,787,500
4707.T,342,342,339,339,9900
4709.T,1049,1049,1040,1040,42700
470A.T,501,501,501,501,0
4712.T,823,823,811,811,11600
4714.T,208,210,207,210,888400
4716.T,8950,8952,8841,8850,270300
4718.T,2606,2606,2531,2531,28600
4719.T,3310,3320,3265,3265,14100
471A.T,1539,1543,1527,1533,181400
4720.T,244,247,244,245,900
4722.T,2427,2431,2410,2421,655600
4725.T,1925,1933,1918,1922,44400
4728.T,651,656,650,650,3700
472A.T,533,539,525,528,78200
4732.T,1933,1939,1913,1914.5,1241000
4733.T,8072,8118,7990,8010,195800
4735.T,297,299,297,299,7100
4736.T,585,588,584,584,2100
473A.T,1330,1330,1306,1309,4955
4743.T,1598,1600,1589,1596,142400
4746.T,7010,7010,6880,6940,34100
4750.T,559,559,558,558,1500
4751.T,1230,1232,1209,1217.5,5981100
4752.T,1584,1584,1545,1570,800
4754.T,1494,1494,1494,1494,100
4755.T,730.3,732.1,714.4,718,17302000
475A.T,675,693,664,686,4500
4760.T,1524,1524,1511,1511,2000
4761.T,1441,1441,1427,1428,1500
4762.T,2125,2179,2125,2179,2400
4763.T,1450,1459,1444,1451,46100
4765.T,620,623,612,620,204100
4766.T,212,212,210,211,5300
4767.T,384,387,379,380,114300
4768.T,3504,3516,3477,3500,1217000
4769.T,1147,1165,1147,1165,900
476A.T,1695,1695,1663,1663,1300
4771.T,2638,2687,2600,2657,13700
4772.T,71,72,71,72,43600
4776.T,2930,2972,2880,2887,203500
4777.T,199,201,198,200,25700
477A.T,834,888,803,810,51300
4783.T,2600,2618,2593,2597,10200
4784.T,526,531,520,524,1285500
478A.T,805,811,779,780,59700
4792.T,1760,1760,1741,1741,25300
479A.T,1921,1953,1875,1875,79200
4800.T,1357,1358,1356,1357,58300
4801.T,2433,2436,2407,2407,11000
4809.T,2000,2011,1996,2011,19200
480A.T,912,941,911,922,19300
4811.T,890,908,885,885,12900
4812.T,2853,2856,2853,2854,949500
4813.T,410,418,406,409,315300
4814.T,176,176,171,171,69800
4816.T,3020,3030,2959,2975,420100
4819.T,2161,2224,2152,2219,276800
481A.T,750,750,750,750,0
4820.T,576,579,571,571,78800
4825.T,2009,2026,1993,1997,160200
4826.T,524,525,518,521,196400
4828.T,1372,1383,1352,1355,98600
4829.T,107,108,106,108,245800
4832.T,1916,1931,1890,1919,12900
4833.T,55,57,54,55,1549800
4838.T,692,692,686,688,25600
4839.T,1012,1012,999,1000,95600
483A.T,2166,2181,2161,2162,2600
4840.T,683,695,653,656,162400
4845.T,347,347,344,345,20700
4847.T,1378,1378,1345,1358,84900
4848.T,1800,1801,1775,1787,59900
4849.T,1550,1574,1524,1534,283200
484A.T,430,430,430,430,0
485A.T,1865,2225,1857,2143,20875300
486A.T,2173,2179,2169,2169,11111
4875.T,264,283,263,274,177200
487A.T,2064,2064,2011,2023,387
4880.T,356,366,323,329,469200
4881.T,52,54,52,54,143700
4882.T,158,163,154,159,1189300
4883.T,36,36,35,36,340800
4884.T,433,446,422,440,91700
4885.T,898,898,893,895,4600
4886.T,2070,2090,2059,2061,49600
4887.T,1590,1599,1584.5,1587.5,719800
4888.T,390,394,375,390,326000
4889.T,1210,1220,1199,1205,152300
488A.T,795.5,795.9,791.2,795,24110
4890.T,285,289,277,278,36300
4891.T,113,123,109,117,1654500
4892.T,610,612,602,605,19100
4893.T,145,146,142,142,48500
4894.T,5400,5400,5280,5310,46800
4896.T,809,817,786,805,24500
489A.T,873,873,865,872,15
4901.T,3190,3229,3162,3199,4263100
4902.T,591.5,594,571.9,574.9,5333900
490A.T,15750,15750,15750,15750,0
4911.T,3351,3384,3309,3351,2280500
4912.T,1800,1808.5,1763.5,1775.5,1244200
4914.T,1282,1293,1275,1285,139400
4918.T,297,297,296,297,9100
4919.T,3135,3160,3115,3120,189300
491A.T,553,553,553,553,0
4920.T,1123,1123,1117,1120,600
4922.T,5621,5647,5535,5559,261000
4923.T,1220,1221,1209,1216,17900
4925.T,1749,1760,1739,1739,4200
4926.T,1250,1250,1245,1245,1000
4927.T,1340.5,1343.5,1327,1332,411200
4928.T,4780,4810,4745,4775,73800
4929.T,740,740,738,739,1200
492A.T,967.9,969,965.2,965.2,35030
4931.T,2020,2021,2011,2015,22900
4932.T,823,840,812,825,47400
4933.T,1440,1440,1405,1414,63700
4934.T,596,600,595,596,4700
4935.T,201,205,200,200,125000
4936.T,316,318,316,316,21100
4937.T,2354,2477,2352,2450,4600
493A.T,994.5,994.5,994.5,994.5,100
494A.T,983.8,983.8,983.8,983.8,0
4951.T,1505,1514,1505,1505,14800
4956.T,1457,1467,1447,1461,43400
4958.T,3225,3260,3220,3245,43600
495A.T,968.5,968.5,968.5,968.5,0
4960.T,591,596,574,579,37300
4966.T,18880,19460,18550,19250,63100
4967.T,5881,5881,5700,5700,314700
4968.T,2036,2152,2029,2132,233900
496A.T,939.5,944.4,938.8,938.8,200
4970.T,10030,10310,10020,10200,86200
4971.T,6200,6350,6180,6220,181400
4972.T,3645,3875,3590,3805,70800
4973.T,4715,4840,4710,4805,49600
4975.T,5550,5650,5550,5630,95400
4976.T,1585,1587,1585,1587,500
4977.T,1200,1200,1188,1190,32300
4978.T,147,147,136,136,1897800
4979.T,2877,2928,2865,2915,15900
497A.T,10400,10450,10400,10450,135
4980.T,2805,2878,2799.5,2845,1276100
4985.T,4680,4695,4655,4675,35800
498A.T,8782,8806,8732,8792,19
4990.T,548,564,530,538,8600
4992.T,1880,1922,1879,1902,68500
4994.T,2719,2729,2692,2702,15000
4996.T,756,768,751,766,457300
4997.T,1195,1208,1187,1199,406300
4998.T,1172,1176,1168,1170,8900
499A.T,8136,8163,8130,8130,44
500A.T,3415,3450,3410,3450,1500
5010.T,283,288,283,284,53200
5011.T,2323,2323,2270,2275,70400
5013.T,2835,2835,2792,2814,34900
5015.T,1003,1004,999,999,4800
5016.T,3897,3944,3836,3909,21408400
5018.T,2275,2368,2272,2339,15500
5019.T,1605,1660,1597,1660,8406000
501A.T,1750,1750,1750,1750,0
5020.T,1440,1465.5,1437.5,1459,13939400
5021.T,4557,4592,4475,4520,667100
5025.T,588,600,588,595,600
5026.T,609,609,589,600,47800
5027.T,724,757,712,748,334700
5028.T,360,360,355,355,4600
5029.T,950,982,950,967,18500
502A.T,901.5,901.5,901.4,901.5,53120
5031.T,343,345,339,345,18300
5032.T,2943,2944,2855,2855,735400
5033.T,1177,1233,1150,1210,156400
5034.T,2290,2290,2219,2223,14900
5035.T,363,368,360,367,3100
5036.T,1496,1496,1461,1467,125100
5038.T,2149,2154,2116,2140,27700
503A.T,2290,2290,2290,2290,0
504A.T,577,577,560,567,39000
505A.T,1388,1400,1359,1376,27600
506A.T,1010,1010,1010,1010,0
5071.T,1393,1394,1383,1392,5800
5074.T,595,620,595,612,775800
5076.T,2749,2804,2741.5,2800,1534700
50765.T,4631,4639,4631,4639,300
5078.T,4760,4760,4760,4760,100
5079.T,2610,2620,2610,2610,1600
507A.T,2156,2156,2156,2156,0
509A.T,71100,71400,71100,71200,85
5101.T,6709,6910,6704,6835,878700
5105.T,3514,3607,3505,3584,2101200
5108.T,3752,3804,3742,3759,4924100
510A.T,1712,1712,1712,1712,0
5110.T,2025,2027.5,1990.5,2027.5,2807600
511A.T,11710,11710,11710,11710,0
5121.T,2657,2700,2638,2696,81300
5122.T,6060,6120,5990,6060,19500
5125.T,478,478,472,477,6700
5126.T,1401,1401,1401,1401,0
5129.T,270,286,263,263,156200
512A.T,1180,1180,1164,1164,780
5131.T,118,120,117,120,35100
5132.T,2123,2148,2000,2001,95100
5133.T,296,297,291,296,58100
5134.T,477,478,477,478,200
5136.T,2001,2001,1944,1944,19000
5137.T,302,314,290,303,702300
5138.T,460,460,460,460,0
5139.T,949,949,929,930,11900
513A.T,800,820,796,816,224592
5142.T,1736,1820,1718,1770,97700
514A.T,469,469,469,469,0
515A.T,501,501,497.8,497.8,61180
5161.T,3450,3480,3430,3470,99700
5162.T,800,800,800,800,300
516A.T,1973,2000,1972,1990,245
517A.T,1990,2023,1990,2020,4508
5184.T,4060,4065,4035,4045,19000
5185.T,1951,1964,1942,1947,71600
5186.T,6560,6630,6460,6500,40900
5187.T,1120,1140,1120,1125,2700
5189.T,3465,3495,3465,3495,500
518A.T,2085,2085,2056,2065,12768
5192.T,4270,4270,4225,4235,47600
5194.T,640,640,633,637,4700
5195.T,2386,2396,2369,2390,47600
5199.T,1985,1985,1985,1985,0
519A.T,500,502,498,502,4500
5201.T,5446,5587,5436,5581,1405500
5202.T,493,494,493,494,1385800
5204.T,3050,3050,2991,2991,20600
5208.T,2523,2627,2523,2615,149500
520A.T,477,478,435,446,481000
5210.T,2890,2913,2878,2880,23600
5214.T,4685,4794,4681,4791,688300
5216.T,152,153,151,153,48100
5218.T,1625,1639,1570,1570,95900
521A.T,1956,1997,1948,1997,61382
522A.T,3020,3020,3020,3020,0
5232.T,5522,5636,5473,5635,247200
5233.T,4130,4147,4087,4136,435100
5237.T,1208,1208,1181,1192,9700
523A.T,1762,1842,1760,1812,71900
5240.T,197,204,195,199,156900
5242.T,2506,2514,2437,2437,5200
5243.T,2936,2947,2824,2824,187700
5244.T,175,177,173,177,96800
5246.T,825,844,816,833,294500
5247.T,547,561,545,549,4300
5248.T,505,514,504,512,19700
5249.T,1253,1253,1253,1253,0
524A.T,1988,1988,1988,1988,0
5250.T,1060,1100,1060,1079,3100
5252.T,850,865,850,865,30200
5253.T,1650,1661,1592,1601,1085300
5254.T,4115,4165,4020,4160,20700
5255.T,90,90,87,87,230900
5256.T,2770,2779,2770,2779,500
5257.T,2851,2851,2851,2851,200
5258.T,419,424,411,412,46100
525A.T,1663,1663,1663,1663,0
5261.T,7580,7580,7500,7510,4800
5262.T,1138,1168,1134,1156,261600
5268.T,877,892,860,885,8400
5269.T,360,364,357,362,134300
526A.T,2315,2315,2227,2240,210
5271.T,2241,2248,2241,2248,200
5273.T,1998,2005,1940,1958,54800
5279.T,1203,1205,1195,1205,5600
527A.T,1673,1673,1673,1673,0
5280.T,2225,2229,2210,2212,10300
5282.T,421,421,414,414,32400
5283.T,3155,3160,3140,3140,500
5284.T,2250,2250,2232,2232,2000
5285.T,1357,1365,1351,1359,31300
5287.T,867,1011,867,1011,301500
5288.T,1474,1474,1458,1467,269700
528A.T,1080,1080,1080,1080,0
5290.T,1171,1208,1156,1202,168800
5301.T,1816.5,1980,1803,1980,3923100
5302.T,4920,5040,4910,5020,42300
5304.T,2531,2558,2531,2537,16000
530A.T,1785,1786,1783,1786,17036
5310.T,6800,6950,6760,6950,75600
531A.T,2328,2328,2272,2279,210
532A.T,2290,2290,2276,2277,201
5331.T,3480,3535,3470,3500,109800
5332.T,5770,5817,5745,5803,1043500
5333.T,5067,5158,5054,5138,1616900
5334.T,7294,7530,7294,7446,2063800
5337.T,820,834,820,820,4900
533A.T,2284,2284,2210,2210,214
5341.T,141,144,141,141,40000
5344.T,56140,58350,55720,57740,112300
534A.T,2299,2308,2298,2308,393
5351.T,2011,2018,2000,2013,86000
5355.T,668,668,663,665,2400
5356.T,1266,1278,1265,1270,3200
5357.T,1752,1752,1740,1740,40200
535A.T,2102,2102,2099,2099,60
5363.T,676,682,671,675,51300
5367.T,1326,1415,1326,1390,224800
5368.T,1009,1009,999,999,12400
536A.T,2190,2194,2187,2187,129
537A.T,1115,1115,1099,1100,2649
5380.T,1345,1380,1319,1380,5100
5381.T,959,994,955,979,189900
5384.T,3315,3390,3290,3350,210800
5388.T,1321,1360,1314,1355,4600
538A.T,4712,4712,4688,4688,18
5391.T,1487,1498,1483,1484,7500
5393.T,3276,3355,3268,3330,631600
539A.T,4772,4772,4772,4772,60
5401.T,676.9,679.9,670.9,675.9,33513000
5406.T,2001,2039,1996.5,2035,1660300
5408.T,641,644,636,639,126300
540A.T,2078,2089,2048,2050,56875
5410.T,3100,3135,3085,3105,75700
5411.T,1820,1840.5,1813,1830,4537500
541A.T,1129,1129,1094.5,1094.5,550
5423.T,1685,1710,1684,1702,196300
542A.T,1040,1040,1035,1038,4300
543A.T,270,271,266,268,16319200
5440.T,1978,1994,1969,1993,64600
5444.T,12030,12190,11980,12175,121200
5445.T,2012,2027,2006,2016,60100
5446.T,1095,1095,1095,1095,1100
5449.T,2526,2599,2526,2550,14600
544A.T,326,334,326,328,470200
5451.T,1392,1408,1388,1406,186300
5458.T,1350,1350,1350,1350,800
545A.T,983,983,967,974,66200
5461.T,2128,2142,2120,2134,62200
5463.T,1728,1736,1717,1736,520700
5464.T,930,937,925,925,29900
546A.T,2370,2385,2315,2315,177000
5471.T,2346,2412,2340,2385.5,847300
547A.T,421,422,415,416,2198200
5480.T,5330,5370,5290,5330,57900
5482.T,3175,3195,3125,3140,187200
5484.T,4445,4445,4445,4445,0
548A.T,938,942,931,938,9900
5491.T,900,910,890,896,39600
549A.T,516,527,516,516,79900
550A.T,2400,2400,2200,2201,10700
551A.T,811,811,811,811,0
5527.T,741,741,726,726,26700
552A.T,2407,2433,2402,2425,1106
5532.T,3485,3560,3400,3400,18200
5533.T,2003,2110,2003,2110,2500
5534.T,850,850,850,850,0
5535.T,285,291,281,290,222500
5537.T,3300,3370,3240,3320,47800
5541.T,2539,2702,2539,2651,356900
5542.T,920,930,916,916,6500
554A.T,1490,1543,1468,1502,13100
555A.T,2000,2000,2000,2000,0
5563.T,425,430,425,426,386500
556A.T,2241,2246,2203,2241,35000
5570.T,646,646,631,631,11900
5571.T,993,1006,993,1006,700
5572.T,2837,2874,2804,2830,37700
5574.T,2920,3080,2900,2992,127600
5575.T,1110,1116,1078,1091,8600
5576.T,3030,3030,3015,3015,500
5578.T,883,883,863,863,10500
557A.T,2150,2150,2150,2150,0
5580.T,1587,1587,1546,1547,800
5581.T,193,193,193,193,0
5582.T,2162,2168,2110,2110,10900
5586.T,933,936,908,915,53200
5587.T,789,794,775,791,17700
5588.T,819,827,809,823,10700
5589.T,2977,2977,2900,2900,2500
558A.T,5640,5820,5590,5780,16200
5590.T,744,744,709,709,80000
5591.T,876,878,858,878,18600
5592.T,2648,2662,2618,2631,39400
5597.T,1400,1463,1381,1398,113000
5598.T,3200,3200,3200,3200,0
5599.T,994,1000,991,1000,4500
559A.T,1157,1160,1135,1135,9800
5602.T,1653,1672,1641,1650,229600
5603.T,1301,1310,1301,1305,800
5609.T,909,911,909,910,1400
560A.T,1123,1123,1123,1123,0
5612.T,1586,1622,1584,1585,13900
5616.T,646,651,646,651,2500
5618.T,286,296,286,288,1300
5619.T,857,857,857,857,0
561A.T,5000,5000,5000,5000,0
5620.T,2200,2200,2200,2200,0
5621.T,1523,1540,1510,1510,8700
5622.T,1200,1200,1200,1200,0
562A.T,1000,1000,1000,1000,0
5631.T,7050,7324,7013,7312,798600
5632.T,2249,2276,2235,2269,46300
563A.T,1010,1011,1006,1006,2499327
5644.T,7300,7300,7220,7220,3500
564A.T,1057,1059,1050,1052,1079
5658.T,399,401,397,401,15900
5659.T,1370,1390,1370,1375,42900
565A.T,961,961,961,961,0
566A.T,2263,2272,2259,2272,515
567A.T,3000,3000,3000,3000,0
568A.T,164.1,167.7,164,167,86270
5695.T,3005,3005,3005,3005,0
5697.T,812,824,810,818,2300
5698.T,727,739,723,737,100600
5699.T,1622,1622,1596,1611,2100
569A.T,177.1,178,175.3,177.2,22750
5702.T,1788,1829,1780,1810,234000
5703.T,2980,3015,2934,2975,259900
5704.T,394,394,386,387,5000
5706.T,26060,26795,25725,26200,1773400
5707.T,1000,1049,994,1045,588100
570A.T,901.6,901.6,901.5,901.6,26190
5711.T,5249,5421,5249,5386,2029400
5713.T,9917,10425,9815,10370,3253400
5714.T,9135,9470,9022,9456,583600
5715.T,4190,4390,4190,4380,206600
571A.T,499.2,499.2,498.3,498.3,6930
5721.T,54,55,53,53,557500
5724.T,3140,3315,3140,3245,97500
5726.T,2704,2725,2608,2665,1123800
5729.T,1723,1737,1700,1711,17300
572A.T,497.5,497.5,497.5,497.5,5190
573A.T,498.9,499.5,498,498,74880
5741.T,2223,2275,2221,2261,584800
5742.T,746,746,740,740,1400
574A.T,887,887,887,887,0
5753.T,2511,2546,2511,2546,800
5757.T,4850,4980,4840,4840,10300
575A.T,1880,1892,1863,1887,64100
576A.T,983,998,865,865,330499
577A.T,250.7,251.1,247.8,250,4380
578A.T,259,259,253.3,256.7,12730
579A.T,1050,1055,1030,1044,10981
5801.T,3946,4196,3931,4129,37135100
5802.T,2103.5,2228.5,2103,2189.5,22688500
5803.T,5350,5589,5340,5493,50372600
5805.T,13810,14820,13810,14660,397000
580A.T,1056,1065,1035,1065,12318
5816.T,1440,1453,1437,1438,12700
5817.T,1059,1105,1059,1068,39500
5819.T,1736,1741,1731,1731,6200
581A.T,3350,3500,3285,3430,2868400
5820.T,842,866,838,866,40900
5821.T,3040,3130,3030,3115,41200
5830.T,3789,3844,3721,3721,1037900
5831.T,3520,3548,3440,3440,2366400
5832.T,3421,3469,3396,3406,354300
5834.T,2809,2829,2775,2817,36200
5838.T,6471,6546,6336,6336,939400
583A.T,2000,2000,2000,2000,0
5840.T,505,505,505,505,0
5842.T,3015,3020,2965,2971,77300
5843.T,2308,2326,2300,2300,8600
5844.T,4825,4895,4753,4753,972600
5845.T,1201,1201,1170,1178,62200
584A.T,2727,2746,2700,2709,65500
5851.T,2706,2725,2686,2693,102100
5852.T,673,677,666,675,65800
5857.T,3675,3750,3670,3750,600900
5858.T,1165,1190,1160,1175,4200
585A.T,1055,1065,1051,1060,1151
5866.T,300,300,300,300,0
5867.T,1308,1309,1266,1279,2800
5868.T,1051,1059,1050,1051,3500
5869.T,1260,1260,1250,1251,8100
586A.T,248,248.7,244.4,245,474550
5870.T,884,891,880,881,9100
5871.T,1370,1440,1370,1438,9500
587A.T,110000,110800,110000,110300,131
5884.T,627,635,616,617,21800
5885.T,3420,3480,3340,3355,37900
5888.T,2887,2887,2820,2837,2400
5889.T,2622,2642,2573,2585,135600
5890.T,3500,3500,3500,3500,0
5891.T,1680,1681,1676,1676,1900
5892.T,2411,2738,2382,2660,198700
5893.T,510,510,510,510,0
589A.T,1330,1343,1326,1339,15900
5900.T,861,866,861,866,900
5901.T,4497,4526,4460,4502,219300
5902.T,2660,2679,2648,2665,14500
5905.T,1361,1361,1361,1361,100
5906.T,799,799,794,798,6600
5909.T,950,950,945,945,10000
590A.T,1271,1271,1251,1256,154700
5911.T,2960,2987,2955,2975,79800
5915.T,2459,2459,2422,2422,2100
5918.T,8000,8000,8000,8000,0
591A.T,255,255,255,255,0
5921.T,4440,4440,4435,4440,400
5922.T,20250,20450,20250,20450,300
5923.T,1167,1186,1167,1186,1800
5928.T,288,291,288,290,1800
5929.T,3500,3510,3436,3473,890800
5930.T,1896,1904,1882,1887,79100
5932.T,641,647,636,645,59900
5933.T,1114,1120,1112,1113,30500
5936.T,915,919,912,912,3900
5938.T,1740,1745,1728.5,1733,2033100
5939.T,4715,4720,4710,4720,1500
593A.T,2265,2348,2181,2275,17435800
5940.T,752,755,747,749,11100
5941.T,2699,2700,2674,2691,400
5942.T,629,634,626,634,26100
5943.T,2264,2265,2231,2242,68400
5945.T,2275,2275,2250,2252,5300
5946.T,2043,2043,1991,1999,77300
5947.T,3480,3484,3446,3460,294200
5949.T,1303,1310,1294,1298,150900
594A.T,430,430,430,430,0
5950.T,155,155,149,151,19300
5951.T,1151,1164,1130,1130,18600
5952.T,190,193,188,190,17000
5955.T,81,83,81,82,913100
5956.T,572,575,572,575,4500
5957.T,761,767,756,762,73900
5958.T,4490,4490,4450,4450,1800
5959.T,938,938,931,934,92000
595A.T,452,452,452,452,0
5962.T,2074,2132,2074,2103,1400
5965.T,1199,1211,1177,1198,11400
5966.T,2750,2750,2700,2700,800
5967.T,464,464,456,457,8200
5969.T,1193,1193,1193,1193,100
5970.T,2158,2183,2142,2166,132100
5971.T,8700,8700,8700,8700,0
5973.T,616,618,612,612,1200
5974.T,840,840,840,840,0
5975.T,3210,3250,3205,3205,67300
5976.T,1467,1470,1455,1463,65600
597A.T,1000,1000,1000,1000,0
5981.T,1801,1833,1801,1829,66200
5982.T,4160,4160,4125,4160,1700
5983.T,13400,13440,13400,13440,300
5984.T,780,784,776,778,4200
5985.T,2199,2308,2174,2199,987400
5986.T,258,258,256,258,27200
5987.T,1640,1641,1620,1620,1500
5988.T,1664,1678,1658,1666,72800
5989.T,1426,1432,1412,1428,170400
598A.T,1606,1631,1560,1579,111800
5990.T,1951,1952,1951,1952,500
5991.T,3261,3343,3247,3325,483700
5992.T,3660,3680,3640,3670,19500
5994.T,1039,1039,1015,1031,6100
5997.T,853,888,850,868,7900
5998.T,2620,2699,2610,2690,14500
599A.T,300,300,300,300,0
6005.T,3116,3150,3064,3082,693100
600A.T,1879,1884,1876,1879,198
6013.T,2940,2981,2930,2966,184200
6016.T,11400,11900,11350,11710,125400
6018.T,6000,6000,5960,5970,400
601A.T,378,378,378,378,0
6022.T,2898,2900,2898,2900,300
6023.T,3285,3345,3245,3250,80200
6027.T,5010,5430,4900,5290,383100
6029.T,186,188,184,185,15000
602A.T,560,560,560,560,0
6030.T,1660,1674,1650,1665,3900
6031.T,288,290,277,278,71600
6033.T,1703,1710,1689,1691,24800
6034.T,604,615,604,610,3300
6035.T,721,727,717,717,20100
6036.T,3700,3775,3615,3635,262200
6037.T,1068,1078,1061,1073,26600
6038.T,816,816,810,811,7200
6039.T,995,1007,994,997,32900
603A.T,1075,1114,1021,1033,1717500
6040.T,462,466,462,464,5300
6042.T,3915,3915,3915,3915,0
6044.T,1862,1889,1860,1886,4700
6045.T,2163,2190,2119,2123,11400
6046.T,152,155,151,155,30800
6047.T,382,386,379,384,72800
6049.T,257,257,254,256,8100
604A.T,1224,1264,1176,1219,404400
6050.T,1793,1795,1760,1760,26900
6054.T,112,114,112,112,10600
6055.T,2214,2243,2133,2143,415100
6058.T,2017,2020,1921,1932,631300
6059.T,365,365,364,365,5300
605A.T,197,198,195.4,198,65000
6061.T,3130,3140,3095,3135,2800
6062.T,1381,1381,1365,1366,95000
6063.T,993,998,979,998,1800
6069.T,681,681,671,678,14400
606A.T,20080,20895,20000,20880,4753
6070.T,2520,2520,2496,2504,27600
6071.T,841,855,837,843,381300
6072.T,1036,1075,1035,1068,325900
6073.T,1521,1529,1520,1520,6400
6074.T,512,514,510,512,4300
6078.T,1545,1549,1537,1537,13200
607A.T,272,274,250,251,1645600
6080.T,4050,4060,3980,4015,80600
6081.T,155,157,151,153,102400
6082.T,1002,1002,994,997,37200
6083.T,1583,1593,1561,1561,21400
6085.T,175,187,165,168,4666300
6086.T,1010,1024,1007,1010,34000
6087.T,3585,3590,3560,3560,2900
6088.T,552,558,546,547,783900
6089.T,1136,1141,1127,1128,30600
608A.T,1455,1471,1455,1455,2544
6090.T,617,623,614,614,2100
6091.T,884,892,884,889,7100
6092.T,820,832,820,825,8800
6093.T,158,160,157,157,136700
6094.T,554,560,545,549,62100
6098.T,15405,15600,15225,15305,5789500
6099.T,719,719,711,713,69400
609A.T,1100,1119,1095,1110,33087
6101.T,4920,5200,4900,5030,372600
6103.T,4360,4405,4305,4330,403100
6104.T,4265,4340,4200,4215,152800
610A.T,1040,1063,1040,1057,37919
6113.T,2415.5,2462,2413,2433,2024600
6118.T,1269,1286,1260,1274,298100
611A.T,1002,1002,1002,1002,20
6125.T,4660,4800,4660,4785,21400
612A.T,10040,10040,10040,10040,10
6134.T,6760,7010,6760,6999,665000
6135.T,14850,14960,14660,14760,107600
6136.T,3451,3501,3445,3482,291200
6137.T,1525,1539,1517,1532,15000
6138.T,1962,2047,1962,1976,5500
613A.T,1913,1913,1910,1910,2
6140.T,1136,1165,1136,1149,548500
6141.T,2751,2799,2748,2784.5,1589300
6143.T,1652,1693,1634,1682,553600
6144.T,2850,2850,2850,2850,0
6145.T,2440,2462,2423,2438,97200
6146.T,54650,56010,53160,53590,1491800
6147.T,194,240,194,200,305600
6149.T,2205,2225,2205,2215,4100
614A.T,1468,1468,1468,1468,0
6150.T,2790,2790,2790,2790,100
6151.T,1715,1729,1705,1707,10500
6155.T,546,546,539,541,1400
6156.T,1814,1859,1809,1821,33500
6157.T,811,813,805,808,92000
6158.T,1015,1029,1014,1021,2000
6159.T,1893,1893,1893,1893,100
615A.T,305,305,305,305,0
6161.T,1046,1055,1040,1045,3600
6165.T,537,542,533,535,50900
6166.T,665,675,660,663,71800
6167.T,972,999,970,973,53200
616A.T,568,568,568,568,0
6171.T,374,382,373,375,69100
6176.T,1132,1138,1080,1085,236800
6177.T,84,86,83,85,150000
6178.T,2412,2436,2400,2400,3745900
617A.T,2679,2679,2679,2679,0
6180.T,3845,3845,3830,3845,700
6181.T,93,93,89,90,66400
6182.T,511,519,508,510,14500
6183.T,1355,1361,1339,1343,191400
6184.T,568,575,561,562,93000
6185.T,365,367,365,365,6000
6186.T,375,377,373,376,2800
6189.T,1020,1020,1000,1010,25200
6190.T,319,327,319,323,4100
6191.T,780,789,770,773,79800
6193.T,1194,1217,1194,1211,4100
6194.T,840,841,828,834,212600
6195.T,200,202,200,201,14700
6196.T,1385,1417,1372,1397,467200
6198.T,204,205,203,203,2400
6199.T,1305,1324,1303,1315,12200
6200.T,710,711,701,705,451300
6203.T,2248,2594,2007,2140,24838100
6208.T,1667,1698,1655,1683,36000
6209.T,3800,3830,3790,3820,84700
6217.T,766,780,766,772,35000
6218.T,664,665,656,663,1200
6222.T,926,938,915,921,112800
6223.T,1930,1955,1917,1939,14200
6224.T,1202,1206,1184,1187,11600
6226.T,2226,2279,2207,2207,121400
6227.T,6600,6820,6430,6440,683800
6228.T,539,545,521,524,37600
6229.T,1502,1502,1490,1495,5500
6230.T,2168,2168,2161,2161,1300
6231.T,11930,12060,11750,11830,11200
6232.T,1375,1375,1315,1316,1183200
6233.T,398,403,398,403,7500
6235.T,2485,2528,2462,2466,281400
6237.T,3780,3870,3775,3835,43900
6238.T,1417,1417,1382,1391,175400
6239.T,1410,1447,1409,1409,3500
6240.T,526,528,520,520,287100
6245.T,1845,1878,1790,1808,66600
6246.T,1836,1836,1820,1820,6100
6247.T,1662,1719,1660,1716,70700
6248.T,1711,1747,1711,1747,500
6249.T,2812,2825,2780,2825,5300
6250.T,4310,4415,4290,4365,117300
6254.T,3355,3415,3330,3360,411900
6255.T,641,658,640,653,145700
6257.T,1020,1020,1014,1015,19400
6258.T,3655,3710,3530,3575,292400
6262.T,513,522,512,515,41800
6264.T,1933,2005,1908,1908,401800
6265.T,3120,3120,3050,3070,2300
6266.T,3545,3605,3460,3475,190000
6267.T,4040,4050,4040,4050,700
6268.T,4409,4576,4406,4530,1327800
6269.T,9595,9694,9513,9574,475200
6272.T,1502,1503,1481,1498,47100
6273.T,66650,68790,66090,67890,321100
6276.T,367,378,363,370,33400
6277.T,5460,5580,5460,5530,28600
6278.T,13220,13740,13140,13570,205100
6279.T,914,917,908,909,15800
6282.T,2845,2868,2832,2854,74600
6284.T,8130,8430,8050,8390,53000
6286.T,1505,1505,1490,1490,3100
6287.T,2675,2695,2656,2683,107000
6289.T,1850,1889,1848,1878,47400
6291.T,1323,1345,1318,1337,27600
6292.T,858,858,847,847,1800
6294.T,1958,1959,1948,1957,18200
6298.T,1300,1321,1271,1274,123700
6301.T,7366,7485,7316,7418,2783900
6302.T,5661,5751,5619,5700,596300
6305.T,5740,5848,5716,5811,1044100
6306.T,980,986,974,979,75900
6307.T,499,499,488,491,3600
6309.T,1999,2026,1986,2016,70900
6310.T,1883,1931,1871,1894,102900
6315.T,2209,2245,2160,2189,3712000
6316.T,2925,2951,2924,2943,2700
6317.T,1728,1744,1722,1741,13800
6322.T,1590,1594,1590,1594,200
6323.T,3687,3790,3659,3669,1169200
6324.T,5750,6000,5740,5820,1000100
6325.T,420,422,417,422,5800
6326.T,2792,2846,2790,2837.5,3413500
6327.T,3100,3175,3060,3065,117200
6328.T,2376,2388,2346,2369,62500
6330.T,2735,2930,2709,2891,12506700
6331.T,3250,3290,3230,3245,76700
6332.T,2726,2778,2710,2778,100100
6333.T,3400,3525,3365,3495,46500
6334.T,494,494,494,494,1600
6335.T,598,598,588,589,8200
6336.T,1864,1920,1830,1891,50200
6337.T,3450,3525,3380,3390,25200
6338.T,1690,1710,1674,1710,14200
6339.T,1149,1160,1137,1149,183600
6340.T,5250,5400,5250,5300,91500
6342.T,2903,2904,2903,2903,300
6343.T,147,148,146,147,12300
6345.T,1440,1453,1433,1446,107700
6346.T,5670,5670,5670,5670,0
6347.T,248,250,246,247,12100
6349.T,1989,1992,1953,1955,119600
6351.T,2514,2640,2507,2587,67400
6356.T,1295,1333,1295,1296,75600
6357.T,2716,2764,2674,2745,48000
6358.T,2128,2140,2115,2135,14400
6360.T,4625,4695,4625,4655,1100
6361.T,4389,4486,4360,4392,2456600
6363.T,2913,2981,2896,2946,160000
6364.T,2460,2491,2440,2481,54900
6365.T,5600,5600,5600,5600,1200
6366.T,711,736,710,736,1402500
6367.T,20300,20875,20300,20835,1157300
6368.T,12435,12765,12380,12550,274700
6369.T,2435,2471,2430,2455,85300
6370.T,7499,7671,7495,7574,534300
6371.T,2624,2658,2622,2649,121700
6376.T,3410,3465,3390,3420,246500
6378.T,1177,1189,1167,1180,103000
6379.T,2950,2985,2949,2961,127600
6380.T,4000,4000,3890,3960,18200
6381.T,1947,1950,1928,1941,58200
6382.T,1222,1222,1215,1219,10700
6383.T,5553,5654,5550,5631,1032000
6384.T,1714,1719,1696,1718,5100
6387.T,8780,8930,8610,8670,75100
6390.T,1311,1327,1301,1319,53100
6391.T,4690,4760,4690,4720,3200
6392.T,7930,7930,7930,7930,300
6393.T,3040,3055,3015,3055,1600
6395.T,1362,1395,1359,1377,270200
6396.T,4490,4525,4490,4525,200
6400.T,280,280,277,278,17700
6402.T,1615,1615,1595,1595,2100
6405.T,1248,1248,1208,1208,31400
6407.T,5140,5350,5130,5310,620300
6408.T,4250,4280,4250,4280,300
6412.T,2121,2140,2110,2134,266900
6413.T,1049,1049,1038,1043,90900
6417.T,1989,2019.5,1986.5,1986.5,811200
6418.T,1188,1202,1179,1185,172100
6419.T,3170,3190,3140,3175,58400
6420.T,3480,3515,3440,3450,30100
6424.T,904,904,904,904,200
6425.T,716,730,708,724,218600
6428.T,322,325,320,322,11200
6430.T,2435,2447,2412,2429,42600
6432.T,7160,7360,7120,7260,250100
6433.T,1110,1181,1110,1150,93000
6436.T,3887,3894,3840,3841,193900
6440.T,722,728,697,702,229100
6444.T,189,189,178,180,117500
6445.T,1330,1357,1326,1351,25400
6448.T,4503,4510,4377,4382,1248800
6454.T,1883,1898,1873,1880,184700
6455.T,2454,2469,2442,2464,62400
6457.T,4415,4448,4315,4315,185300
6458.T,1224,1245,1223,1229,189900
6459.T,1640,1646,1614,1614,69900
6460.T,3100,3175,3089,3146,1010900
6463.T,1516,1533,1512,1525,135000
6464.T,341,354,340,349,302800
6465.T,5400,5412,5328,5338,400500
6466.T,3750,3865,3750,3805,6800
6467.T,341,344,341,344,1700
6469.T,2841,2930,2818,2864,69800
6470.T,1047,1060,1036,1056,91600
6471.T,1060,1077.5,1058,1060.5,3253900
6472.T,369.8,374.2,367,370.9,3577200
6473.T,1990,2058.5,1981.5,2037.5,1624400
6474.T,5220,5350,5200,5260,45000
6479.T,3352,3396,3346,3377,2601500
6480.T,1640,1682,1625,1653,580300
6481.T,6076,6239,6070,6149,859400
6482.T,703,708,698,699,63700
6484.T,2230,2247,2230,2233,1100
6485.T,1610,1622,1603,1607,15400
6486.T,2916,2970,2906,2950,197600
6488.T,1023,1041,1023,1039,5900
6490.T,9310,9620,9310,9530,79100
6492.T,14450,14900,14090,14090,9200
6493.T,480,480,474,474,61500
6494.T,97,98,96,96,75000
6495.T,112,112,109,110,253900
6496.T,5590,5590,5490,5540,600
6497.T,1465,1475,1460,1475,700
6498.T,1929,1963,1923,1937,339700
6501.T,5150,5233,5121,5173,8454600
6503.T,5060,5187,5043,5168,6506800
6504.T,12715,13365,12650,13110,877000
6505.T,2395,2431,2387,2422,37200
6506.T,4494,4577,4472,4503,2666000
6507.T,11870,12220,11620,12010,145400
6508.T,10530,11050,10510,10810,233900
6513.T,1245,1255,1245,1249,32800
6516.T,5120,5250,5090,5180,68600
6517.T,3945,4005,3935,3990,52100
6518.T,1691,1697,1650,1661,23000
6521.T,3175,3330,3135,3195,139800
6522.T,1607,1623,1515,1534,936600
6523.T,1272,1276,1237,1264,1375100
6524.T,4735,5090,4735,5010,393200
6525.T,9232,9410,8675,8675,11131700
6526.T,1925,1930.5,1863.5,1867,5885100
6532.T,7113,7329,7106,7215,1008100
6533.T,1123,1127,1112,1117,22700
6535.T,507,515,504,513,287800
6537.T,299,302,297,298,12400
6538.T,250,254,249,252,14000
6539.T,996,997,987,987,55500
6540.T,1502,1515,1502,1512,15800
6543.T,1223,1230,1212,1227,2100
6544.T,1456,1476,1450.5,1468.5,622900
6545.T,803,813,803,810,4400
6546.T,1181,1184,1180,1180,900
6547.T,2205,2210,2121,2130,49200
6548.T,133,137,115,119,284800
6549.T,1123,1123,1105,1105,2300
6551.T,608,615,598,602,38500
6552.T,175,176,172,173,12600
6554.T,1113,1128,1113,1126,4800
6555.T,434,434,431,431,200
6557.T,752,756,735,735,19700
6558.T,656,662,656,662,1100
6560.T,1832,1832,1772,1773,31900
6561.T,844,847,834,834,5900
6562.T,961,1012,954,977,56100
6563.T,455,465,455,457,9500
6564.T,1935,1971,1927,1960,38700
6566.T,1260,1263,1260,1263,200
6568.T,1246,1246,1235,1235,1800
6570.T,3535,3725,3440,3440,78400
6571.T,1282,1282,1268,1270,55700
6572.T,270,270,265,266,185500
6573.T,28,29,27,27,592600
6574.T,117,119,112,112,894800
6577.T,1957,1972,1957,1972,1000
6578.T,470,470,467,467,2700
6579.T,348,355,346,355,2900
6580.T,862,866,847,849,31400
6584.T,757,773,755,773,243800
6586.T,5237,5274,5211,5211,545400
6588.T,2810,2844,2783,2800,140200
6590.T,3965,4055,3940,3960,732900
6592.T,1685.5,1699,1672,1683.5,879800
6594.T,2723,2734,2591,2591,4434200
6596.T,990,990,990,990,0
6597.T,3620,3715,3540,3575,62600
6599.T,3760,3870,3715,3760,4200
6612.T,598,605,598,598,1600
6613.T,1950,1993,1895,1917,2174900
6614.T,864,878,850,861,6000
6615.T,235,237,235,235,36300
6616.T,1830,1895,1830,1870,51500
6617.T,6500,6830,6500,6730,90300
6619.T,161,163,159,161,1773900
6620.T,701,701,688,689,33400
6622.T,12260,12610,12220,12500,137700
6625.T,377,379,376,376,90000
6626.T,2370,2408,2370,2371,5200
6627.T,10890,11280,10790,10790,70200
6629.T,981,996,976,976,124900
6630.T,796,801,790,790,64500
6632.T,956,966,950.2,963.6,1505200
6633.T,315,317,315,315,7200
6634.T,72,75,72,74,201400
6635.T,650,660,646,653,29000
6637.T,4215,4345,4185,4300,28400
6638.T,1833,1955,1828,1908,271700
6643.T,5770,5770,5550,5550,6100
6644.T,1443,1458,1433,1445,248900
6645.T,5953,6129,5950,6037,1315900
6647.T,3415,3600,3390,3550,3900
6648.T,1626,1650,1626,1650,28700
6651.T,4270,4360,4245,4315,61100
6652.T,3560,3620,3555,3560,91300
6653.T,2075,2126,2073,2107,59100
6654.T,1075,1080,1074,1075,3700
6656.T,810,819,808,813,19600
6658.T,447,449,443,444,45500
6659.T,51,52,50,50,3163400
6662.T,223,228,223,227,29300
6663.T,310,315,310,310,11700
6664.T,262,264,255,263,7700
6666.T,768,810,768,790,63900
6668.T,3730,3860,3685,3765,67300
6674.T,5021,5281,4979,5229,944300
6675.T,2152,2152,2115,2129,30800
6676.T,3030,3040,3005,3020,41200
6677.T,3180,3195,3140,3170,140400
6678.T,2023,2036,2019,2030,6300
6694.T,807,838,787,838,20900
6696.T,318,325,312,317,20700
6699.T,500,503,497,499,105800
6701.T,4470,4556,4460,4503,6846000
6702.T,3737,3795,3718,3745,7022800
6703.T,2661,2737,2649,2687,451200
6706.T,3220,3305,3220,3250,37500
6707.T,6789,6878,6704,6749,89300
6718.T,2857,2857,2836,2838,18400
6721.T,74,76,71,72,269200
6723.T,3255,3366,3244,3315,9182900
6724.T,2978.5,3035,2973,3001,1974500
6727.T,797,802,790,792,443800
6728.T,7180,7276,7044,7062,325200
6730.T,1136,1151,1111,1118,187300
6731.T,105,106,105,105,81200
6736.T,9150,9250,9000,9240,18700
6737.T,2995,3060,2979,3030,192100
6740.T,47,47,46,46,3694500
6741.T,1760,1778,1750,1772,124800
6742.T,990,1002,979,986,206000
6743.T,1008,1021,998,1014,17700
6744.T,4000,4090,3980,4035,94700
6745.T,1863,1906,1852,1881,148300
6748.T,776,786,776,783,4400
6750.T,1973,1975,1945,1960,151300
6752.T,4234,4234,4161,4179,5187400
6753.T,621.4,633.3,614.2,629.6,3107000
6754.T,3127,3224,3112,3178,1301600
6757.T,875,875,874,874,200
6758.T,3618,3663,3590,3625,16409500
6762.T,2765.5,2840,2750.5,2812.5,11867400
6763.T,2755,2766,2734,2752,11500
6768.T,764,798,763,783,1055700
6769.T,1202,1220,1173,1174,58700
6770.T,2070,2132,2070,2124,1705200
6771.T,663,670,661,662,4400
6772.T,1065,1065,1045,1045,1000
6775.T,131,136,130,133,364500
6776.T,286,290,285,290,12800
6777.T,19670,20700,19670,20270,120400
6778.T,668,669,650,650,7100
6779.T,2849,3015,2715,2737,2521200
6785.T,3035,3100,3030,3040,59900
6786.T,49,50,48,49,44700
6787.T,18630,19720,18630,19150,356300
6788.T,4900,5000,4900,4970,15300
6794.T,2906,2941,2859,2896,181600
6797.T,1222,1222,1211,1220,2900
6798.T,3210,3235,3180,3185,11400
6800.T,3780,3920,3750,3880,114500
6803.T,98,99,98,99,285500
6804.T,2544,2563,2528,2540,223600
6806.T,23745,24050,23745,23885,135900
6807.T,2431,2467,2425,2448,202000
6809.T,1714,1718,1697,1708,103400
6810.T,2478,2619,2464,2583,337400
6814.T,7590,7670,7470,7480,205200
6817.T,1173,1187,1162,1178,124500
6819.T,482,482,478,479,7200
6820.T,3375,3415,3370,3400,10000
6822.T,4955,5010,4955,5000,700
6823.T,3200,3245,3185,3200,30400
6824.T,4390,4420,4210,4250,17700
6832.T,2334,2413,2330,2363,22600
6834.T,5300,5720,5300,5470,1032300
6835.T,252,259,252,255,144000
6836.T,826,859,820,833,7900
6837.T,361,368,361,363,28200
6838.T,1511,1541,1472,1478,188300
6840.T,818,850,809,815,327300
6841.T,4570,4659,4547,4637,1227800
6844.T,2917,2991,2917,2963,127200
6845.T,1450.5,1463.5,1450,1454,1324700
6848.T,866,866,862,862,5400
6849.T,1479,1488,1464,1464.5,691800
6850.T,1660,1689,1655,1672,26500
6853.T,751,761,751,754,12000
6855.T,6640,6790,6540,6570,434400
6856.T,22110,22410,21885,21885,184400
6857.T,33620,34210,32590,32840,10285000
6858.T,851,858,841,841,67400
6859.T,3890,3990,3880,3920,68900
6861.T,77500,77750,76280,76280,513400
6862.T,4420,4645,4405,4510,233000
6863.T,992,1000,982,988,20100
6864.T,1550,1582,1545,1576,20800
6866.T,9990,10200,9990,10140,22500
6867.T,408,410,407,410,6800
6869.T,1831.5,1841,1813,1818,2653300
6870.T,2200,2200,2178,2180,700
6871.T,12550,13030,12460,12760,1120400
6874.T,2333,2345,2325,2345,4300
6875.T,10600,10880,10600,10710,114300
6877.T,5380,5480,5380,5450,21100
6882.T,1115,1125,1106,1111,17600
6888.T,500,500,496,498,5200
6890.T,9430,9680,9330,9370,823400
6894.T,2145,2149,2136,2149,500
6897.T,687,720,670,671,219700
6898.T,6340,6560,5120,5640,30000
6899.T,2285,2285,2256,2270,3300
6902.T,1867,1897,1861.5,1888.5,8119500
6904.T,605,611,600,606,15200
6905.T,1300,1320,1281,1296,240700
6907.T,767,785,755,764,19000
6908.T,2770,2802,2768,2776,168700
6912.T,2461,2511,2429,2472,9000
6914.T,3060,3105,3055,3055,143300
6915.T,3345,3375,3330,3350,9900
6918.T,3560,3645,3550,3600,30600
6919.T,1427,1427,1417,1418,5700
6920.T,36100,38190,34980,35280,6177900
6923.T,3449,3457,3401,3420,424500
6925.T,3651,3678,3627,3641,226700
6926.T,195,198,193,193,17400
6927.T,982,986,965,966,104100
6928.T,2947,2989,2921,2958,29700
6929.T,3605,3645,3585,3610,111900
6932.T,2477,2520,2474,2514,37400
6941.T,7270,7720,7250,7630,324400
6942.T,1435,1442,1435,1442,2600
6943.T,5380,5550,5380,5550,400
6946.T,6210,6490,6180,6380,270500
6947.T,4700,4730,4660,4670,39500
6951.T,7000,7387,6958,7329,533600
6952.T,2142,2142,2070,2081,2683900
6954.T,5785,5913,5774,5848,4384700
6955.T,401,405,400,403,48000
6958.T,731,744,718,724,787900
6960.T,11990,11990,11640,11710,51000
6961.T,9700,10130,9700,9950,99400
6962.T,740,760,735,738,178600
6963.T,4875,5009,4811,4896,2722000
6964.T,685,690,684,690,6600
6965.T,2226,2260.5,2220,2244,3296200
6966.T,900,917,889,899,3336600
6969.T,981,999,981,986,17500
6971.T,3374,3422,3351,3406,5860600
6976.T,9086,9367,8861,8972,30177300
6977.T,1409,1418,1391,1391,1100
6981.T,7146,7259,6954,7128,19674600
6982.T,585,585,584,584,200
6986.T,751,758,721,730,862200
6988.T,3138,3191,3115,3175,4436100
6989.T,2351,2387,2324,2339,8600
6993.T,85,86,85,85,730700
6994.T,1157,1185,1156,1164,69700
6995.T,3035,3080,3020,3055,102900
6996.T,2624,2647,2531,2535,1191200
6997.T,2850,2970,2731,2731,1588700
6998.T,3425,3595,3335,3445,87800
6999.T,2113,2173,2106,2128,444600
7003.T,4430,4560,4406,4484,2247500
7004.T,1137,1157,1131,1154,744900
7011.T,3700,3854,3680,3813,14782100
7012.T,2393.5,2445,2376.5,2418,10801500
7013.T,2660,2826.5,2645,2800.5,17585800
7014.T,4815,4980,4765,4895,1523700
7018.T,13370,13740,13110,13460,20600
7021.T,2259,2265,2240,2265,1600
7022.T,348,356,347,351,78900
7030.T,976,976,966,967,9900
7031.T,661,676,651,673,1600
7033.T,1580,1582,1550,1551,64300
7034.T,339,342,339,340,9900
7035.T,227,228,225,228,27800
7036.T,658,662,658,661,300
7037.T,804,812,801,803,10600
7038.T,587,587,581,583,8900
7039.T,1370,1370,1362,1368,4600
7040.T,976,976,972,972,300
7041.T,356,356,351,351,2700
7042.T,667,674,664,664,800
7043.T,924,947,924,926,2800
7044.T,504,506,502,505,10100
7046.T,1354,1356,1350,1356,700
7047.T,2142,2159,2113,2144,112700
7048.T,158,159,152,154,159900
7049.T,786,790,785,786,7100
7050.T,1394,1395,1359,1374,8700
7057.T,922,924,922,923,1900
7058.T,2970,2970,2932,2970,500
7059.T,917,917,906,909,73900
7060.T,585,588,580,587,6900
7061.T,467,503,465,496,279600
7062.T,689,689,676,682,1500
7063.T,82,83,79,80,361700
7064.T,995,1021,989,1021,14500
7065.T,967,971,962,968,2800
7066.T,464,466,453,453,15800
7067.T,1050,1050,1050,1050,100
7068.T,591,591,577,580,58100
7069.T,527,529,510,527,23700
7071.T,388,392,381,381,150400
7072.T,1110,1122,1101,1110,2900
7073.T,2387,2387,2337,2337,200
7074.T,191,191,187,191,4000
7075.T,1111,1111,995,998,57200
7077.T,987,999,985,999,2300
7078.T,347,349,339,341,16200
7079.T,2575,2575,2575,2575,0
7080.T,896,896,869,869,15400
7081.T,1286,1286,1275,1275,700
7082.T,1406,1407,1406,1407,21900
7083.T,1115,1115,1107,1113,2600
7084.T,2953,2970,2930,2954,4500
7085.T,901,904,881,883,405500
7087.T,1443,1443,1420,1425,5000
7089.T,1410,1438,1410,1419,6000
7090.T,955,956,949,949,900
7091.T,1273,1278,1260,1261,9900
7093.T,602,604,594,595,3300
7094.T,1834,1840,1805,1805,53000
7095.T,1243,1244,1195,1195,77200
7096.T,756,756,750,752,3400
7097.T,2756,2756,2731,2748,3600
7102.T,3510,3615,3505,3585,19500
7110.T,2055,2055,2038,2050,3100
7111.T,520,520,511,511,15100
7112.T,696,696,694,695,1800
7114.T,776,777,776,777,700
7115.T,1464,1481,1464,1467,7300
7119.T,2051,2051,1992,2022,35200
7120.T,1001,1001,992,996,7000
7122.T,2401,2401,2342,2345,5600
7126.T,1428,1435,1428,1435,500
7127.T,711,711,707,708,4100
7128.T,2797,2804,2749,2752,66100
7129.T,1180,1185,1180,1180,1400
7130.T,2827,2840,2801,2808,60800
7131.T,3755,3755,3635,3700,4800
7133.T,1303,1314,1303,1310,2500
7134.T,1445,1451,1421,1451,7600
7135.T,181,181,180,181,14500
7137.T,1200,1200,1200,1200,0
7138.T,148,148,143,144,387500
7139.T,4700,4700,4700,4700,0
7140.T,802,802,798,800,1100
7148.T,1702,1720,1675,1675,645600
7150.T,518,518,511,511,8900
7157.T,1403,1410,1374,1376,318000
7161.T,598,598,584,585,97500
7162.T,297,300,289,292,37500
7164.T,3140,3142,3109,3109,229500
7167.T,1658.5,1674.5,1635,1640,2697200
7170.T,330,330,330,330,0
7172.T,2088,2106,2078,2096,124300
7173.T,1664,1682,1631,1636,852600
7175.T,1977,1977,1940,1959,3000
7176.T,757,757,757,757,0
7177.T,1152,1156,1140,1145,144400
7180.T,1575,1590,1564.5,1568,821700
7181.T,1704,1721.5,1696,1706.5,2203400
7182.T,3250,3301,3210,3210,5080400
7183.T,254,255,254,254,10600
7184.T,3270,3320,3230,3245,135800
7185.T,3935,3940,3930,3940,4500
7186.T,1867,1894,1853,1853,4720600
7187.T,1324,1326,1313,1318,51900
7189.T,4775,4833,4709,4716,309700
7191.T,1142,1144,1130,1133,18300
7192.T,675,695,674,689,65600
7196.T,744,745,742,743,5300
7198.T,836,836,826,832,102600
7199.T,2100,2111,2030,2045,313700
7201.T,300.5,309,299.8,307.3,39557000
7202.T,2120.5,2174,2116,2168,3230800
7203.T,2950,2995.5,2939.5,2971,24802100
7208.T,1300,1309,1300,1305,600
7211.T,345.7,356.9,343.8,356.7,12950700
7212.T,733,740,729,736,30300
7213.T,655,669,654,658,15000
7214.T,1114,1116,1112,1112,2300
7215.T,423,423,423,423,100
7217.T,448,454,448,452,1800
7218.T,1148,1150,1147,1148,1600
7219.T,2504,2504,2469,2470,1300
7220.T,2763,2790,2736,2776,1021200
7222.T,902,916,896,912,129000
7224.T,1891,1921,1888,1901,144600
7226.T,2270,2284,2266,2276,229400
7228.T,4040,4055,4000,4035,2200
7231.T,3005,3040,2990,3015,42700
7235.T,1517,1518,1495,1505,45400
7236.T,1468,1487,1455,1461,337700
7238.T,103,105,102,104,4515300
7239.T,2284,2308,2267,2303,127800
7240.T,2929,2980.5,2913.5,2960.5,389600
7241.T,1071,1076,1063,1070,355000
7242.T,4635,4695,4615,4660,47800
7244.T,553,565,550,552,174200
7245.T,1127,1140,1091,1123,620300
7246.T,993,999,987,996,396200
7247.T,364,368,360,362,62200
7254.T,810,821,801,811,7700
7255.T,502,503,501,501,3800
7256.T,421,430,416,427,64300
7259.T,2160,2186.5,2151.5,2186.5,4466300
7261.T,1102,1124,1092,1118,6811800
7264.T,1346,1346,1335,1335,1000
7265.T,3775,3775,3670,3700,1500
7266.T,978,986,974,980,30100
7267.T,1591,1628,1588,1620,15061500
7269.T,1960,2012,1951,1989.5,6236800
7270.T,2524.5,2568.5,2520,2555.5,4725300
7271.T,801,808,798,801,52300
7272.T,1728.5,1747,1714,1742.5,6863900
7273.T,609,683,609,630,1262800
7276.T,2598,2619,2580,2594.5,847300
7277.T,339,340,334,334,20100
7278.T,5910,5920,5850,5890,218500
7279.T,2410,2458,2391,2449,94600
7280.T,1275,1286,1262,1269,133800
7282.T,5050,5116,5023,5089,524200
7283.T,2210,2223,2166,2180,184300
7284.T,1161,1165,1161,1165,600
7287.T,2550,2608,2544,2567,184100
7291.T,459,460,456,459,12800
7292.T,6850,6900,6760,6900,7200
7294.T,885,885,876,880,45700
7296.T,3995,4065,3975,4045,145700
7297.T,865,872,865,866,600
7299.T,1800,1811,1785,1787,6800
7305.T,2782,2782,2743,2767,35300
7309.T,18380,18395,18165,18275,271600
7313.T,1788,1803,1781.5,1803,336200
7314.T,1331,1331,1325,1327,1000
7318.T,1338,1371,1338,1359,38900
7320.T,1429,1429,1406,1415,15800
7322.T,2084,2110,2058,2076,210100
7325.T,699,699,693,693,3500
7326.T,2168,2170,2145,2146,19400
7327.T,2583,2605,2544,2553,830800
7337.T,2312,2342,2299,2301.5,585300
7343.T,1285,1287,1272,1272,2000
7345.T,942,942,941,941,200
7347.T,798,800,794,794,3500
7350.T,7660,7660,7480,7520,66900
7351.T,465,488,465,473,20000
7352.T,322,322,318,319,41100
7353.T,532,532,523,524,6400
7354.T,398,402,359,392,906400
7356.T,116,116,114,115,17600
7357.T,1705,1705,1654,1665,7500
7358.T,1809,1824,1772,1784,11900
7359.T,281,281,269,270,34800
7360.T,641,641,640,641,500
7361.T,1200,1200,1190,1190,1600
7362.T,855,865,853,865,700
7363.T,1281,1282,1281,1282,500
7366.T,1761,1767,1735,1748,88200
7367.T,331,333,330,332,3800
7368.T,1709,1709,1709,1709,100
7369.T,390,390,370,371,14700
7370.T,716,716,715,715,600
7371.T,791,800,787,797,14900
7372.T,395,395,390,391,3100
7373.T,917,919,899,907,154200
7374.T,1522,1523,1512,1522,19100
7375.T,1202,1215,1184,1184,16500
7376.T,760,821,756,765,72700
7377.T,1709,1709,1706,1706,12700
7378.T,1547,1552,1525,1545,7000
7380.T,2530,2574,2512,2538,335800
7381.T,1255,1274,1242,1252,254600
7383.T,399,401,387,391,924800
7384.T,4920,5040,4845,4915,121100
7388.T,2316,2316,2285,2285,23200
7389.T,1890,1913,1871,1875,598900
7399.T,613,618,613,614,2200
7409.T,1505,1532,1477,1477,102700
7412.T,378,378,372,372,385100
7413.T,2670,2670,2670,2670,0
7414.T,1403,1411,1397,1403,33100
7416.T,683,683,682,683,1300
7417.T,1856,1857,1835,1835,3800
7419.T,1237,1244,1232,1233,496100
7421.T,1619,1629,1607,1626,55200
7422.T,407,407,385,402,4900
7425.T,1126,1126,1118,1118,900
7426.T,599,600,599,600,1100
7427.T,830,831,824,825,4600
7433.T,5180,5260,5140,5230,60400
7434.T,1850,1850,1826,1826,1400
7435.T,1288,1336,1270,1291,56600
7438.T,1718,1742,1718,1723,49800
7442.T,480,483,477,477,12500
7443.T,665,665,655,663,4200
7444.T,1978,1984,1978,1984,200
7446.T,4545,4585,4515,4520,800
7447.T,1660,1667,1645,1645,72000
7453.T,4070,4120,4015,4085,2926900
7456.T,7250,7550,7210,7470,116100
7458.T,1826.5,1828.5,1806,1812,232800
7459.T,2902.5,2912.5,2868.5,2878.5,361700
7460.T,1643,1661,1643,1655,5400
7461.T,474,475,474,475,900
7462.T,403,408,403,403,20000
7463.T,957,961,953,960,21100
7464.T,1523,1523,1523,1523,0
7466.T,1436,1442,1431,1439,22600
7472.T,3890,3895,3890,3890,400
7475.T,3000,3000,3000,3000,24600
7476.T,2445.5,2455,2432,2432.5,109600
7477.T,1617,1617,1617,1617,0
7480.T,3370,3490,3370,3420,64100
7481.T,2601,2614,2600,2613,2100
7482.T,1492,1517,1488,1517,29900
7483.T,3020,3070,2995,3055,74600
7486.T,801,801,771,801,2800
7487.T,1816,1816,1807,1816,4300
7490.T,2187,2188,2187,2188,6300
7494.T,245,246,244,244,26800
7500.T,10020,10020,10020,10020,0
7501.T,1450,1450,1450,1450,0
7502.T,1718,1718,1699,1710,900
7504.T,4355,4545,4330,4455,55100
7505.T,2173,2230,2156,2199,32400
7506.T,1388,1388,1380,1380,1800
7508.T,1416,1420,1401,1401,45800
7509.T,4700,4700,4700,4700,0
7510.T,2671,2688,2632,2635,23100
7512.T,862,862,855,855,115600
7513.T,1410,1426,1393,1412,173000
7514.T,854,854,851,851,3300
7515.T,4650,4650,4650,4650,0
7516.T,4410,4440,4355,4390,77500
7520.T,2524,2531,2506,2506,11300
7521.T,2752,2802,2752,2752,400
7522.T,924,926,918,921,122700
7523.T,1878,1878,1878,1878,1800
7524.T,176,176,175,175,1900
7525.T,3555,3555,3520,3535,10400
7527.T,53,53,51,51,1175700
7531.T,1293,1300,1293,1300,1100
7532.T,770.6,771.7,754.5,755.6,19852600
7537.T,1733,1770,1725,1744,73700
7538.T,390,390,388,388,1800
7539.T,814,814,810,810,9700
7544.T,546,552,545,550,3900
7545.T,1985,1985,1951,1951,187300
7550.T,11760,11800,11565,11735,472600
75505.T,4926,4930,4915,4915,5300
7551.T,721,721,711,711,28300
7552.T,3720,3750,3630,3705,157300
7554.T,1182,1189,1167,1168,48600
7555.T,746,746,746,746,0
7561.T,712,714,710,711,12500
7562.T,3840,3845,3830,3845,1400
7564.T,5980,6000,5880,5880,331700
7565.T,8500,8500,8500,8500,200
7567.T,616,622,614,614,9400
7570.T,1387,1394,1380,1380,6300
7571.T,88,89,87,87,337100
7575.T,1486,1505,1483,1491,144300
7578.T,78,80,77,80,29800
7581.T,7510,7520,7160,7220,472300
7585.T,406,408,406,408,3600
7590.T,395,395,393,393,21000
7593.T,525,528,522,525,1257200
7595.T,1272,1272,1249,1255,234300
7596.T,2325,2325,2308,2310,16900
7599.T,1232,1243,1217,1219,1129400
7600.T,633,633,609,623,567000
7601.T,164,164,160,162,50800
7602.T,173,194,172,183,642100
7603.T,39,39,37,38,962100
7604.T,912,912,909,910,3800
7606.T,2340,2348,2315,2326,218900
7607.T,2986,3000,2974,2978,17000
7608.T,858,886,853,875,201800
7609.T,3910,4030,3910,3935,84300
7610.T,137,137,135,135,625500
7611.T,3035,3055,3005,3020,108200
7613.T,1513,1528,1500,1515,145500
7614.T,1545,1553,1545,1545,7200
7615.T,99,99,98,99,170600
7616.T,2041.5,2060,2037,2040,311000
7619.T,970,971,966,967,1700
7621.T,3430,3440,3430,3435,1600
7624.T,156,158,153,157,41300
7625.T,471,471,467,469,10800
7628.T,1127,1132,1122,1124,33900
7630.T,1085,1115,1077,1100,653400
7634.T,5000,5000,4960,4960,300
7636.T,796,799,795,796,7400
7637.T,3550,3600,3545,3595,16900
7638.T,1393,1396,1380,1384,10500
7640.T,198,198,195,196,19900
7643.T,1732,1740,1732,1740,2900
7646.T,1907,1910,1900,1910,3800
7649.T,1310,1318,1290,1307,2503800
7670.T,1222,1230,1200,1230,4000
7673.T,1702,1702,1687,1687,300
7674.T,2626,2626,2620,2620,1600
7677.T,2750,2750,2750,2750,0
7678.T,3300,3310,3255,3295,10600
7679.T,1650,1656,1631,1645,43500
7680.T,3190,3190,3190,3190,0
7681.T,1000,1000,1000,1000,100
7682.T,3945,3985,3915,3985,1500
7683.T,1409,1409,1400,1405,11300
7685.T,3045,3050,2948,2948,306200
7686.T,441,441,440,441,5600
7687.T,441,444,441,443,2600
7689.T,412,450,400,435,80400
7691.T,30,30,30,30,0
7692.T,81,82,80,81,82400
7694.T,560,598,550,598,101300
7695.T,924,958,924,953,19500
7698.T,2743,2747,2736,2742,2300
7699.T,760,760,703,703,4600
7701.T,3766,3810,3762,3762,1141300
7702.T,454,460,451,451,59800
7707.T,205,207,205,205,53800
7709.T,45,68,45,61,3630400
7711.T,5100,5320,5050,5100,71900
7713.T,2371,2427,2371,2393,12800
7715.T,3910,4015,3890,3900,62800
7716.T,3070,3095,3045,3080,210200
7717.T,5690,5850,5670,5730,148400
7719.T,504,519,497,499,134500
7721.T,7010,7070,6910,7000,189600
7722.T,765,773,759,769,24200
7723.T,2825,2838,2810,2815,16800
7725.T,1703,1737,1703,1725,50600
7726.T,1390,1418,1379,1401,6000
7727.T,837,841,823,823,114200
7729.T,16695,17225,16675,16720,274000
7730.T,1444,1452,1436,1441,313900
7731.T,1737.5,1759,1703,1740,2854400
7733.T,1925,1949.5,1892,1928.5,5583200
7734.T,3290,3375,3280,3360,75600
7735.T,13270,13560,12920,13020,1983000
7740.T,1356,1360,1337,1345,595300
7741.T,23345,23630,23210,23210,1537700
7743.T,792,793,792,793,866800
7744.T,1955,1986,1954,1960,265700
7745.T,2727,2829,2727,2803,67700
7746.T,841,858,825,827,815900
7747.T,3295,3318,3255,3261,1889500
7749.T,2950,2987,2942,2946,600
7751.T,4336,4355,4307,4317,4239600
7752.T,1565.5,1567,1535.5,1539,2344600
7760.T,2117,2200,2029,2070,96200
7762.T,2312,2327,2243,2259,2132800
7769.T,3840,3840,3795,3800,42100
7771.T,265,267,263,264,74800
7774.T,905,905,820,820,205100
7775.T,425,425,423,424,16600
7776.T,229,232,223,224,198900
7777.T,357,360,349,350,1733100
7779.T,228,231,227,228,725400
7780.T,1755,1759,1727,1732,224400
7781.T,866,870,865,870,10200
7782.T,490,492,489,492,2900
7791.T,831,835,827,827,1300
7792.T,1478,1482,1476,1476,3100
7793.T,1491,1520,1491,1517,700
7794.T,1045,1080,1011,1019,383000
7795.T,221,221,214,215,110500
7800.T,975,986,966,978,9200
7803.T,443,448,419,423,1962200
7804.T,2371,2390,2363,2389,4100
7805.T,712,715,711,715,2700
7806.T,8230,8390,8150,8270,117000
7807.T,841,852,840,852,1400
7808.T,2786,2786,2771,2771,1500
7809.T,1325,1328,1320,1321,6100
7810.T,164,165,156,158,451700
7811.T,1957,1972,1953,1968,15200
7812.T,2061,2064,2061,2064,300
7813.T,908,939,892,936,3600
7814.T,619,620,617,618,7400
7815.T,340,343,335,340,1900
7818.T,1138,1146,1135,1135,70300
7819.T,1012,1021,1005,1008,18400
7820.T,704,705,701,702,45400
7821.T,1944,1959,1934,1934,78000
7822.T,256,257,256,257,5500
7823.T,814,826,814,816,53600
7826.T,10680,11390,10590,11250,950200
7827.T,1747,1747,1747,1747,300
7831.T,66,67,66,66,25100
7832.T,5360,5477,5306,5382,4227200
7833.T,674,684,669,679,9500
7836.T,78,78,76,76,53200
7837.T,343,343,333,340,2600
7839.T,2087,2098,2073,2089,220500
7840.T,1298,1298,1289,1289,16400
7841.T,1075,1084,1072,1079,22900
7844.T,511,516,507,510,92400
7846.T,2036,2055.5,2015.5,2024.5,289700
7847.T,636,636,623,623,7300
7849.T,3010,3010,3010,3010,300
7850.T,811,812,808,808,1200
7856.T,1990,2025,1935,1948,231000
7857.T,1280,1280,1280,1280,0
7859.T,271,285,271,277,63300
7860.T,1250,1250,1231,1235,105400
7863.T,941,944,931,944,900
7864.T,3235,3240,3205,3225,202500
7865.T,338,338,333,335,6500
7867.T,3520,3598,3519,3560,380200
7868.T,541,541,504,518,639200
7871.T,999,1017,997,1010,2500
7872.T,616,619,615,616,2900
7874.T,953,954,943,943,73600
7875.T,805,805,796,801,7100
7877.T,2250,2251,2186,2186,2500
7878.T,1440,1539,1440,1520,5100
7879.T,665,669,665,668,15700
7883.T,405,405,401,401,1500
7885.T,1142,1142,1127,1138,8300
7886.T,573,596,567,570,6400
7887.T,1581,1582,1581,1582,300
7888.T,882,888,871,872,106700
7893.T,1092,1102,1091,1092,53600
7896.T,507,507,507,507,200
7897.T,105,107,105,105,110000
7898.T,924,924,901,910,5900
7901.T,852,852,849,850,3600
7902.T,1117,1118,1117,1117,300
7906.T,2511,2646,2502,2543,754000
7908.T,235,235,232,235,102300
7911.T,5000,5135,4968,5070,1624600
7912.T,2986,3059,2985,3055,1296200
7914.T,1726,1737,1718,1727,42400
7915.T,1180,1186,1170,1179,252300
7916.T,1905,1905,1905,1905,400
7917.T,1222,1254,1218,1249,148700
7918.T,107,107,106,106,15300
7919.T,229,231,228,229,9800
7921.T,4045,4065,3990,4010,18600
7927.T,2245,2265,2230,2252,9000
7928.T,614,615,614,615,1200
7931.T,3605,3630,3595,3605,14100
7932.T,11600,11600,11520,11530,5100
7936.T,3979,4187,3971,4100,12253100
7937.T,2575,2578,2555,2555,16800
7938.T,2126,2128,2120,2128,1500
7939.T,600,603,598,603,1100
7942.T,2810,2877,2805,2869,57200
7943.T,2952,2961,2922,2940,47100
7944.T,3675,3700,3635,3660,70500
7946.T,360,380,359,370,7600
7947.T,2800,2807,2764,2796,165500
7949.T,2825,2854,2811,2824,38900
7951.T,1239.5,1245.5,1219,1230,3058700
7952.T,3285,3285,3165,3185,16200
7953.T,401,402,398,398,6100
7955.T,961,967,952,958,47600
7956.T,1970.5,1988,1928.5,1938.5,1126600
7957.T,2593,2593,2560,2560,3100
7962.T,794,798,785,785,28400
7963.T,1820,1820,1801,1802,1300
7965.T,1441,1456,1434,1445,112400
7966.T,5250,5390,5180,5330,1854400
7970.T,2150,2193,2140,2186,74400
7971.T,705,706,699,700,72500
7972.T,2485,2493,2466,2475,144400
7974.T,8548,8660,8386,8401,9694900
7975.T,1164,1171,1160,1171,2100
7976.T,3100,3120,3085,3105,60000
7979.T,2222,2230,2200,2202,60800
7980.T,833,837,833,836,5800
7981.T,3075,3075,3045,3055,77500
7983.T,1202,1217,1200,1216,3500
7984.T,913,921.4,902.8,915,714200
7986.T,1916,1916,1900,1900,400
7987.T,553,553,550,550,52700
7988.T,4885,4955,4871,4921,240100
7989.T,2655,2677,2645,2653,28100
7990.T,2358,2382,2336,2380,68400
7991.T,1083,1083,1067,1068,3600
7992.T,104,105,103,103,16000
7994.T,2338,2364,2330,2353,140200
7995.T,6350,6570,6320,6520,65200
7997.T,1090,1090,1086,1086,2600
8001.T,2283,2326.5,2272.5,2299,20464900
8002.T,5098,5199,5055,5145,3813300
8005.T,1770,1770,1752,1758,237200
8006.T,1540,1542,1498,1517,3800
8007.T,797,801,790,790,152300
8008.T,2063,2073,2051,2068,62900
8011.T,1333,1340,1294,1302,259500
8012.T,1129.5,1156.5,1115,1150.5,969800
8013.T,368,369,367,367,2800
8014.T,4130,4185,4120,4185,32200
8015.T,7332,7533,7284,7517,3079500
8016.T,705,708,701,705,822800
8018.T,842,845,834,834,26500
8020.T,2251,2280,2238,2265.5,470400
8022.T,4025,4320,4000,4040,545300
8023.T,1046,1050,1032,1032,7700
8025.T,1305,1314,1295,1296,1000
8029.T,2650,2654,2633,2633,10400
8030.T,3920,3940,3915,3940,2600
8031.T,5150,5168,5078,5156,5476600
8032.T,1208,1221,1202,1205,173700
8035.T,54070,54390,53020,53700,3545400
8037.T,4380,4505,4350,4465,87400
8039.T,3515,3515,3485,3485,2700
8040.T,1050,1050,1050,1050,200
8041.T,4650,4655,4610,4645,2800
8043.T,1509,1524,1500,1500,148300
8045.T,2050,2070,2040,2070,600
8046.T,984,993,974,984,15800
8050.T,9310,9580,9140,9440,772700
8051.T,1902,1920,1891,1908,167400
8052.T,2888,2916,2878,2889,60400
8053.T,1834,1865,1823.5,1840,9895000
8056.T,4598,4648,4559,4621,415400
8057.T,2211,2223,2177,2191,187700
8058.T,4946,5043,4898,5038,7197300
8059.T,3605,3665,3580,3645,71200
8060.T,3558,3558,3518,3541,194400
8061.T,2946,3000,2923,2981,85900
8065.T,3360,3495,3295,3315,326800
8066.T,3450,3500,3450,3480,8900
8070.T,958,965,945,950,88100
8074.T,6410,6450,6390,6420,22500
8075.T,3020,3075,3005,3060,45200
8076.T,2100,2113,2099,2099,3500
8077.T,214,215,214,215,4400
8078.T,1914,1944,1903,1935,555100
8079.T,4510,4560,4510,4535,28900
8081.T,2438,2461,2435,2437,43600
8084.T,4615,4700,4610,4665,27300
8085.T,4225,4270,4205,4270,800
8086.T,1451,1460,1430,1430,698100
8088.T,2149.5,2188.5,2145,2177,904500
8089.T,2005,2005,1998,2000,1300
8091.T,2377,2394,2370,2370,6300
8093.T,1770,1786,1761,1776,34400
8095.T,515,520,513,518,63100
8097.T,2400,2425,2393,2422,93900
8098.T,4450,4480,4430,4455,89600
8101.T,2600,2614,2585,2605,26500
8103.T,950,966,945,961,178000
8104.T,720,720,707,714,10500
8105.T,77,80,77,78,773500
8107.T,30,31,30,31,39000
8111.T,2096.5,2118.5,2085.5,2095,593600
8113.T,966.6,971.7,944.1,944.1,4508500
8115.T,1311,1311,1306,1306,800
8117.T,2138,2144,2134,2134,2431700
8118.T,1180,1180,1180,1180,0
8119.T,787,793,787,793,700
8123.T,1417,1423,1417,1423,200
8125.T,1964,1973,1938,1943,115500
8127.T,543,543,540,540,5700
8129.T,3962,3981,3930,3954,100000
8130.T,3160,3185,3145,3170,95200
8131.T,2437,2472,2413,2434,38200
8132.T,7420,7490,7360,7470,3600
8133.T,2273,2307,2264,2284,97900
8135.T,430,438,430,438,13100
8136.T,1201,1226.5,1185,1192.5,23424700
8137.T,4110,4285,4110,4235,46300
8138.T,4235,4245,4235,4245,200
8139.T,2201,2224,2165,2165,6300
8141.T,1567,1568,1567,1567,61900
8142.T,1425,1438,1418,1428,75700
8143.T,142,145,142,142,17600
8144.T,1260,1260,1260,1260,100
8147.T,1410,1429,1410,1429,600
8150.T,3175,3205,3155,3185,29900
8151.T,1859,1883,1855,1855,144500
8152.T,7210,7230,7190,7200,1100
8153.T,3930,3970,3915,3935,142300
8154.T,4740,4865,4685,4795,93700
8157.T,4100,4115,4065,4110,21100
8158.T,1300,1319,1294,1302,41200
8159.T,3925,4005,3920,3990,21200
8160.T,2460,2470,2450,2453,55500
8163.T,1527,1536,1512,1521,80500
8165.T,105,106,103,104,208500
8166.T,79,79,78,79,23000
8167.T,1406,1407,1387,1394,55700
8173.T,4120,4180,4050,4150,152300
8174.T,3077,3128,3063,3076,339900
8179.T,1356,1377,1352,1361,290600
8181.T,990,990,980,990,7500
8185.T,995,997,984,989,99900
8194.T,2788,2830,2697,2697,386600
8198.T,3400,3400,3335,3335,20900
8200.T,2349,2360,2318,2323,94100
8202.T,148,148,147,147,25300
8203.T,750,754,749,752,33800
8207.T,302,303,301,303,17300
8214.T,1700,1706,1690,1693,204700
8217.T,799,799,791,793,68200
8218.T,3885,3890,3845,3860,110800
8219.T,756,758,750,750,458600
8225.T,3660,3680,3660,3680,300
8226.T,384,388,378,378,142300
8227.T,3280,3287,3229,3229,694200
8230.T,310,310,309,310,19400
8233.T,2100,2129.5,2093,2101,2141600
8237.T,2235,2315,2205,2279,314200
8242.T,2849,2880.5,2830.5,2837,339800
8244.T,1857,1868,1835,1863,29000
8247.T,326,326,321,322,2400
8252.T,2870,2886.5,2855,2862,1161600
8253.T,4504,4575,4502,4555,649900
8254.T,249,329,245,329,928200
8255.T,1291,1291,1278,1282,139500
8260.T,380,385,377,385,5800
8267.T,1410,1414,1383.5,1383.5,9914200
8273.T,991,1005,980,992,526500
8275.T,1014,1014,1003,1003,14500
8276.T,2679,2698,2651,2676,110200
8278.T,2061,2071,2041,2055,82100
8281.T,1110,1110,1099,1101,124900
8282.T,1864.5,1870,1834.5,1837,592600
8285.T,771,785,767,774,41100
8291.T,546,548,543,545,141500
8301.T,21520,21520,21520,21520,100
8303.T,1549,1563,1521.5,1521.5,3034000
8304.T,3368,3383,3345,3358,1097000
8306.T,3601,3664,3585,3601,33199200
8308.T,2451,2484.5,2412,2412,9231700
8309.T,1740,1763.5,1729.5,1730,10233600
8316.T,6886,6953,6801,6801,9967300
8331.T,2740,2758,2671,2681.5,3092600
8334.T,2820,2855.5,2794.5,2799.5,1446200
8336.T,2730,2747,2707,2712,206500
8337.T,2678,2693,2597,2597,96100
8338.T,731,743,717,717,1563900
8341.T,3882,3916,3834,3845,578700
8343.T,8950,9130,8850,8930,120200
8344.T,4600,4655,4515,4555,104900
8345.T,2500,2535,2472,2491,193100
8346.T,971,983,963,969,851800
8349.T,1652,1667,1630,1636,33700
8354.T,7641,7738,7580,7592,771700
8358.T,2899,2911,2833,2839,507900
8359.T,2705,2731,2620,2622.5,1556800
8360.T,6960,7080,6810,6850,139000
8361.T,7980,8170,7860,7860,149700
8362.T,7170,7300,6990,7000,91900
8364.T,3145,3165,3040,3060,46400
8365.T,2350,2350,2298,2310,9800
8366.T,2796,2813,2749,2760,518000
8367.T,1875,1913,1860,1882,359900
8368.T,2297,2317,2274,2282,477500
8370.T,5050,5090,4985,4990,172400
8377.T,8046,8129,7910,7910,375900
8381.T,2524,2559,2500,2514,366800
8383.T,1900,1901,1864,1865,30000
8386.T,3000,3045,2973,2973,310500
8387.T,3750,3795,3695,3745,170500
8388.T,9760,9920,9680,9710,70300
8392.T,2950,2989,2905,2910,179000
8393.T,2545,2595,2511,2571,248800
8395.T,6370,6520,6310,6330,54900
8399.T,3170,3205,3130,3130,105200
8410.T,335.6,336.2,331.4,332.8,3714100
8411.T,8545,8689,8476,8476,7666300
8416.T,1113,1123,1091,1091,22600
8418.T,3130,3167,3103,3110,410600
8421.T,192200,192200,191600,191600,100
8424.T,4403,4428,4390,4410,135600
8425.T,1350,1352,1339,1343,513300
8439.T,2651,2673,2631,2633,576400
8473.T,3303,3310,3217,3217,5034700
8508.T,746,751,732,741,724400
8511.T,2445,2445,2411,2417,169700
8518.T,156,157,154,155,35700
8522.T,7000,7060,6880,6880,68700
8524.T,1285,1293,1262,1263,1273300
8537.T,3090,3110,3005,3040,33000
8541.T,3180,3230,3135,3155,187300
8542.T,1915,1940,1902,1906,25500
8544.T,2759,2795,2727,2727,223900
8550.T,1051,1070,1038,1042,406500
8551.T,8160,8250,7990,8050,34400
8558.T,1453,1472,1430,1430,117800
8562.T,380,383,370,373,299600
8563.T,1152,1157,1125,1130,82100
8566.T,6830,6840,6770,6790,25600
8570.T,1590,1607,1579.5,1592,602300
8572.T,481,482.6,477.1,478,1105600
8584.T,3740,3760,3715,3730,99000
8585.T,847,848,836,840,583500
8591.T,6041,6114,6008,6021,3462100
8593.T,1385,1394,1377,1379.5,4517100
8595.T,2270,2276.5,2251.5,2251.5,304300
8596.T,1565,1565,1545,1545,20400
8600.T,1098,1111,1090,1097,404400
8601.T,1820,1830,1790,1797,4443500
8604.T,1625,1644.5,1613.5,1616,9093700
8609.T,1227,1239,1204,1208,517400
8613.T,1300,1301,1288,1290,230300
8614.T,738,739,718,720,639300
8616.T,879,884,867,875,823700
8617.T,602,608,602,606,6100
8622.T,956,962,935,938,460800
8624.T,1708,1723,1689,1693,111700
8628.T,1206,1207,1190,1190,611100
8630.T,6567,6627,6537,6578,2526900
8697.T,2183.5,2223,2171.5,2200,3653600
8698.T,724,730,713,717,1374500
8699.T,1115,1120,1102,1109,68100
8700.T,2100,2117,2100,2117,400
8704.T,1415,1424,1397,1397,64800
8705.T,222,222,220,220,60700
8706.T,1927,1928,1896,1898,209800
8707.T,4635,4675,4595,4595,101900
8708.T,1781,1782,1740,1743,170100
8713.T,2724,2730,2670,2670,58100
8714.T,1046,1060,1037,1042,750200
8715.T,1022,1032,1012,1017,309900
8725.T,4994,4997,4930,4947,5748000
8729.T,161.1,161.2,158.5,158.8,54179500
8737.T,614,616,612,614,26700
8739.T,2608,2613,2568,2584,109500
8742.T,583,600,583,600,8300
8746.T,115,147,115,138,4265900
8747.T,2222,2256,2192,2195,5800
8750.T,1786,1822,1783,1804,8970400
8766.T,7721,7818,7701,7701,5567200
8769.T,497,506,495,506,12100
8771.T,1703,1708,1690,1692,153500
8772.T,895,902,894,900,5100
8783.T,53,53,51,52,151300
8789.T,162,163,160,160,962300
8793.T,4175,4175,4125,4140,18100
8795.T,4747,4772,4700,4700,1348100
8798.T,134,136,133,133,19000
8801.T,1490,1511,1486,1505.5,8490200
8802.T,3636,3701,3614,3682,3041400
8803.T,2345,2357,2336,2347,176700
8804.T,3321,3362,3311,3335,876700
8818.T,1114,1125,1110,1121,248500
8830.T,3212,3317,3201,3307,4529100
8835.T,800,801,795,796,6200
8836.T,27,27,26,27,14100
8841.T,1009,1009,995,1000,55900
8844.T,1241,1242,1215,1225,48900
8848.T,645,660,643,653,849300
8850.T,4680,4715,4660,4670,49500
8860.T,738,739,730,730,66900
8864.T,972,975,955,957,85400
8869.T,820,823,816,816,60000
8871.T,3200,3200,3155,3160,50200
8876.T,2237,2237,2194.5,2194.5,515900
8877.T,5190,5190,5110,5110,22600
8881.T,657,660,652,656,130300
8887.T,367,367,364,364,45600
8891.T,1999,2007,1979,1982,6400
8892.T,1099,1112,1091,1107,141700
8894.T,20,21,20,21,1065000
8897.T,442,445,440,442,425200
8898.T,1131,1137,1125,1127,4000
8904.T,825,825,821,821,15200
8908.T,883,884,880,880,3100
8912.T,159,159,158,158,53900
8914.T,896,896,878,884,95500
8917.T,1138,1138,1065,1068,205800
8918.T,10,11,10,10,322093900
8919.T,3535,3560,3480,3480,125200
8920.T,702,704,679,687,117100
8923.T,1687,1706,1683,1695,112500
8927.T,484,484,478,478,55200
8928.T,2307,2307,2293,2299,5100
8929.T,1369,1378,1360,1360,26600
8931.T,1325,1325,1313,1324,7100
8934.T,2423,2432,2402,2425,92800
8935.T,1950,1973,1946,1965,58500
8938.T,321,336,315,330,9200
8944.T,243,245,242,243,39000
8945.T,1085,1090,1082,1082,1000
8946.T,75,75,74,75,94900
8951.T,121600,122900,120900,122100,35853
8952.T,114400,115100,113900,114700,27074
8953.T,111500,112900,111300,112000,20007
8954.T,95800,96600,95600,96000,14945
8955.T,95000,95700,94700,95300,6623
8956.T,126000,126900,125500,126700,2890
8957.T,182000,185100,182000,185000,2314
8958.T,111300,111900,111000,111300,4587
8960.T,156800,157900,156300,157200,7701
8961.T,70900,71500,70700,71300,6294
8963.T,60900,61700,60700,61700,85997
8964.T,75700,76500,75600,76300,8111
8966.T,130300,130900,130200,130500,3411
8967.T,93200,94000,93100,93800,5932
8968.T,170800,172100,170300,172000,1314
8972.T,145000,146100,144600,145400,10253
8975.T,92400,92700,91700,92200,3859
8976.T,305000,305500,303500,305000,2574
8977.T,134300,135200,134000,135000,1697
8979.T,182200,184000,182000,183600,539
8984.T,114500,115400,114400,115400,12448
8985.T,83600,84400,83300,84100,24204
8986.T,92500,93000,92200,92900,5511
8987.T,133600,134200,133200,134100,2846
8995.T,2598,2929,2048,2048,1264400
8996.T,1091,1097,1083,1097,700
8999.T,567,567,561,563,45500
9001.T,2890,2932,2882.5,2926,640000
9003.T,2603,2619.5,2588,2603.5,225700
9005.T,1637.5,1656,1630.5,1655.5,2254000
9006.T,1550,1565,1547,1559.5,813600
9007.T,1780,1792.5,1774.5,1789.5,1633300
9008.T,782,790.8,778.1,788.8,1762300
9009.T,1381.5,1400,1376.5,1396,2007300
9010.T,2566,2593,2558,2576,85700
9012.T,2117,2117,2117,2117,100
9017.T,1996,1996,1983,1990,2500
9020.T,3518,3540,3490,3538,2798900
9021.T,2997,3018,2974,3018,2035000
9022.T,3853,3866,3791,3865,2871400
9023.T,1526,1526,1508.5,1526,2249100
9024.T,3600,3652,3577,3638,1268200
9025.T,2855,2876,2839,2839,154600
9028.T,3380,3395,3335,3335,19200
9029.T,1824,1834,1812,1834,4600
9031.T,3090,3109,3051,3105,115600
9033.T,635,635,630,631,4600
9034.T,1662,1687,1652,1652,6400
9036.T,1222,1235,1216,1235,1800
9037.T,1832,1834,1810,1817,100900
9039.T,2979,2993,2965,2974,66000
9041.T,3416,3450,3406,3450,589400
9042.T,4700,4717,4651,4689,625300
9044.T,3110,3164,3108,3141,241100
9045.T,3173,3205,3159,3201,233400
9046.T,2473,2490,2464,2466,7700
9048.T,1875,1878,1860.5,1869,496400
9049.T,6650,6690,6650,6660,500
9051.T,1328,1328,1315,1315,600
9052.T,1998,2007,1995,1995,28300
9057.T,3250,3250,3250,3250,0
9059.T,921,921,918,918,2600
9060.T,4160,4160,4160,4160,200
9063.T,4185,4185,4170,4170,300
9064.T,1925,1948.5,1918,1932.5,966100
9065.T,8000,8121,7938,8073,225300
9068.T,7280,7340,7210,7220,19500
9069.T,2205.5,2251.5,2201.5,2220,422500
9072.T,5113,5164,5081,5081,157600
9073.T,1233,1233,1233,1233,100
9074.T,5010,5010,5010,5010,0
9075.T,6110,6130,6030,6030,54400
9076.T,2665.5,2672.5,2648.5,2654,305400
9081.T,3990,4005,3970,3970,5500
9082.T,2039,2040,1967,2037,1400
9083.T,1990,1990,1965,1975,6600
9087.T,2100,2300,2050,2300,2200
9090.T,896,906,882,884,323900
9101.T,7202,7272,7109,7201,2646100
9104.T,7030,7105,6967,7039,2024600
9107.T,3399,3430,3338,3348,3891400
9110.T,10480,10500,10480,10490,73100
9115.T,1061,1066,1040,1042,10800
9119.T,1698,1708,1686,1698,180300
9127.T,3375,3425,3360,3425,2200
9130.T,1609,1611,1579,1583,22400
9142.T,3543,3557,3511,3550,874800
9143.T,1462.5,1468,1451.5,1455,1270000
9145.T,590,590,579,588,8400
9147.T,5399,5429,5291,5291,921700
9158.T,750,754,740,753,22200
9159.T,1960,1985,1955,1963,8900
9160.T,326,332,326,329,12900
9162.T,228,230,228,230,4900
9163.T,2327,2332,2309,2315,13100
9165.T,1739,1761,1709,1743,10800
9166.T,748,749,728,733,1034500
9168.T,418,418,411,412,114500
9171.T,1476,1482,1473,1473,500
9173.T,2814,2827,2814,2816,700
9193.T,863,873,863,867,7200
9201.T,2972.5,3001,2968.5,2990.5,1992400
92015.T,10170,10170,10145,10150,4600
9202.T,2974,2990,2950.5,2951,2728400
92025.T,4795,4795,4795,4795,1000
9204.T,417,425,416,424,79200
9206.T,1950,1951,1934,1934,1200
9211.T,1421,1443,1403,1416,98800
9212.T,265,275,262,275,120500
9213.T,1055,1055,1052,1052,300
9214.T,1310,1329,1296,1300,3300
9215.T,987,987,978,978,1000
9216.T,1638,1643,1630,1630,16400
9218.T,786,786,767,776,19200
9219.T,906,907,900,900,4000
9220.T,1369,1370,1337,1365,5200
9221.T,1183,1185,1164,1165,47000
9222.T,50,50,50,50,0
9223.T,434,436,430,436,4600
9225.T,974,974,974,974,300
9227.T,834,845,826,831,109200
9229.T,112,114,110,112,69000
9233.T,1157,1160,1156,1156,6200
9235.T,430,435,421,426,70700
9236.T,1390,1390,1363,1371,4300
9237.T,997,999,977,985,9900
9238.T,372,377,372,375,2800
9240.T,424,430,415,430,6800
9241.T,1299,1300,1289,1290,800
9242.T,1938,1950,1938,1939,2900
9243.T,480,480,480,480,0
9244.T,1438,1440,1432,1440,5800
9245.T,1953,1957,1953,1953,1700
9246.T,1100,1100,1088,1088,400
9247.T,1817,1840,1815,1834,203000
9248.T,1661,1666,1640,1655,15000
9249.T,1680,1681,1675,1675,4900
9250.T,1012,1012,1012,1012,300
9251.T,1525,1528,1500,1503,33200
9252.T,3995,4010,3965,3995,40900
9253.T,740,742,736,736,3600
9254.T,1106,1110,1104,1104,600
9256.T,1008,1039,995,996,35000
9257.T,520,540,520,539,400
9258.T,315,315,308,308,700
9259.T,861,861,849,859,3700
9262.T,680,681,669,670,16600
9264.T,1603,1603,1588,1590,8500
9265.T,3600,3640,3585,3620,2200
9267.T,3550,3585,3505,3510,49200
9268.T,393,398,389,390,237000
9270.T,2011,2011,1965,1987,45700
9271.T,908,932,908,918,16800
9272.T,1420,1420,1403,1403,3300
9273.T,752,754,750,750,28200
9274.T,1052,1088,1052,1079,289400
9278.T,2755,2800,2739,2775,89700
9279.T,2339,2346,2266,2279,314200
9282.T,30950,31100,29850,31000,1090
9284.T,74500,75100,74000,74700,1684
9285.T,39250,39300,39000,39050,365
9286.T,44750,45000,44600,44600,1214
9301.T,1529,1540.5,1518.5,1530.5,682800
9302.T,3334,3372,3306,3353,250500
9303.T,4135,4185,4110,4145,94200
9304.T,2020,2064,2013,2045,98100
9305.T,2064,2065,2050,2052,40900
9306.T,1997,2015,1995,1995,3900
9307.T,965,970,945,946,6900
9308.T,2028,2053,1999,2037,76800
9310.T,1352,1378,1351,1372,82800
9311.T,7740,7740,7740,7740,0
9312.T,2841,2864,2841,2848,2800
9313.T,1033,1050,1033,1048,1700
9319.T,1759,1762,1740,1749,13600
9322.T,2419,2439,2419,2426,4000
9324.T,2560,2571,2541,2560,57600
9325.T,1061,1063,1051,1051,11500
9326.T,485,485,478,478,11200
9327.T,190,193,184,186,104000
9330.T,887,889,883,889,900
9331.T,707,721,707,721,300
9332.T,660,662,651,654,76200
9335.T,1406,1406,1406,1406,0
9336.T,3760,3790,3705,3735,106600
9337.T,1453,1453,1419,1448,11900
9339.T,1437,1439,1436,1439,800
9340.T,799,811,796,806,10100
9341.T,612,617,606,611,51300
9342.T,984,989,978,980,1900
9343.T,780,783,768,772,60100
9344.T,1300,1305,1297,1300,4000
9345.T,598,598,597,597,700
9346.T,1881,1881,1878,1880,1900
9347.T,2918,2943,2908,2911,92400
9348.T,411,413,408,410,427200
9351.T,1927,1940,1926,1938,1600
9353.T,2980,2980,2979,2979,400
9355.T,2211,2211,2211,2211,0
9360.T,2780,2780,2775,2775,200
9361.T,2040,2040,2040,2040,0
9362.T,3780,3780,3780,3780,200
9363.T,520,536,520,536,11200
9364.T,4830,4836,4802,4820,257600
9365.T,1640,1662,1622,1662,1300
9366.T,1106,1106,1086,1101,8500
9367.T,2031,2041,2001,2041,900
9368.T,960,963,951,955,18300
9369.T,2956,2999,2944,2950,29000
9376.T,833,844,833,843,1900
9380.T,436,438,435,436,11700
9381.T,2311,2315,2295,2300,15000
9385.T,756,756,751,751,8100
9399.T,14,15,14,14,474828
9401.T,5777,5778,5721,5730,231300
9404.T,2980,2990,2925,2942.5,334300
9405.T,871,876,869,871,68900
9408.T,2622,2622,2622,2622,0
9409.T,3085,3090,3060,3060,153200
9412.T,2035,2058,2009,2018,1339900
9413.T,3370,3370,3320,3325,68000
9414.T,902,906,902,904,20800
9416.T,1043,1044,1030,1030,257600
9417.T,342,342,335,335,2600
9418.T,1731,1744,1721,1721,410500
9419.T,291,297,291,292,7200
9421.T,515,517,514,515,2900
9423.T,104,105,104,105,70500
9424.T,121,122,116,117,2376500
9425.T,243,248,236,239,218900
9428.T,1493,1493,1493,1493,0
9432.T,170,173.3,169.5,172.2,205235500
9433.T,2957,2993.5,2954.5,2976.5,7741600
9434.T,239.8,242,238.9,239.2,76649200
94345.T,3810,3810,3799,3801,6200
94346.T,7581,7581,7555,7580,3100
9435.T,38780,38780,38330,38330,58200
9436.T,4185,4245,4170,4215,162300
9438.T,578,592,575,579,42200
9439.T,221,224,221,223,9000
9441.T,2950,3000,2932,2932,2700
9444.T,280,280,266,271,12800
9445.T,533,533,533,533,0
9446.T,695,698,686,690,6300
9449.T,3827,3827,3752,3782,327200
9450.T,775,785,773,778,26700
9466.T,243,243,238,242,6200
9467.T,1087,1099,1069,1093,168200
9468.T,3621,3621,3553,3570,215900
9470.T,1047,1047,1034,1042,352200
9474.T,904,907,899,899,105100
9475.T,538,540,538,538,1400
9476.T,1005,1005,995,995,400
9478.T,510,519,509,519,16900
9501.T,553,577.4,551.5,575.1,39961400
9502.T,2985.5,3070,2972.5,3065,2113800
9503.T,2939.5,3024,2922,2999,4820800
9504.T,1066,1088,1062,1086.5,1526900
9505.T,1065,1088,1061.5,1078.5,527600
9506.T,1370,1397,1364.5,1395.5,4093800
9507.T,2144.5,2213,2135,2193,1296600
9508.T,2141,2214.5,2122,2201.5,1953800
9509.T,1125.5,1144,1118,1132,1531800
9511.T,1187,1205,1183,1194,218200
9513.T,4124,4180,4106,4158,486800
9514.T,340,345,336,337,135900
9517.T,857,866,849,859,175400
9519.T,880,921,878,900,899300
9531.T,6121,6267,6080,6253,1189600
9532.T,5800,5972,5780,5945,1078800
9533.T,1271.5,1304.5,1266.5,1298,932200
9534.T,933,952,931,940,304800
9535.T,433,439,431,437,66000
9536.T,2514,2553,2498,2548,88900
9537.T,4345,4345,4345,4345,200
9539.T,1355,1360,1346,1346,2600
9543.T,1334,1365,1329,1352,162400
9551.T,3075,3120,3075,3110,68000
9552.T,1096,1108,1049,1049,292400
9553.T,594,603,588,603,59800
9554.T,1715,1742,1704,1722,39400
9556.T,2451,2566,2440,2478,136300
9557.T,257,257,248,250,19400
9558.T,1990,1990,1975,1984,1500
9560.T,870,895,853,892,33500
9561.T,416,432,415,423,14000
9562.T,676,691,675,686,6600
9563.T,334,338,329,330,14000
9564.T,555,558,545,555,31800
9565.T,655,655,654,654,200
9601.T,10940,11000,10840,10890,25200
9602.T,1593.5,1601,1569,1594.5,2577300
9603.T,1202,1202,1168,1168,575500
9605.T,5940,5960,5900,5920,52300
9610.T,122,122,114,116,496700
9612.T,1194,1204,1187,1191,39800
9616.T,3153,3171,3117,3164,822700
9619.T,2650,2689,2649,2675,37200
9621.T,3235,3265,3210,3240,61800
9622.T,1402,1411,1400,1410,29100
9625.T,952,952,943,946,2600
9627.T,5910,5987,5800,5825,92400
9628.T,1300,1300,1283,1283,51900
9629.T,1515,1536,1507,1530,23500
9632.T,3415,3570,3400,3505,62200
9633.T,1905,1912,1905,1907,2000
9635.T,2551,2551,2551,2551,300
9636.T,4180,4250,4180,4225,4100
9639.T,2375,2385,2359,2383,5600
9640.T,1971,1981,1971,1981,2800
9644.T,751,753,747,750,47200
9647.T,6880,6880,6880,6880,100
9651.T,2006,2007,1958,1969,16200
9656.T,600,601,600,601,300
9658.T,1059,1062,1048,1051,91300
9661.T,4220,4285,4200,4245,5500
9663.T,5060,5080,5030,5040,18700
9672.T,4870,4885,4840,4875,61000
9678.T,5370,5470,5360,5440,64100
9679.T,2300,2300,2300,2300,200
9682.T,1079,1082,1066,1070,397500
9684.T,2836,2846.5,2810,2827,1009700
9685.T,575,580,573,580,3200
9686.T,1684,1704,1684,1704,500
9687.T,4675,4675,4675,4675,0
9691.T,5150,5150,5150,5150,0
9692.T,2282,2289,2249,2276,153700
9697.T,4360,4428,4269,4283,2992300
9698.T,1296,1303,1296,1299,300
9699.T,4545,4625,4520,4615,57500
9701.T,4400,4490,4380,4490,1300
9702.T,2321,2350,2316,2338,21400
9704.T,27,28,27,28,193100
9706.T,5648,5649,5560,5590,4594900
9708.T,967,967,957,961,279700
9709.T,1215,1218,1183,1183,27300
9713.T,917,919,914,919,5200
9715.T,3550,3550,3495,3520,123800
9716.T,1245,1255,1235,1238,217700
9720.T,6450,6450,6450,6450,0
9722.T,2817,2895,2765,2801,214500
9723.T,633,633,633,633,1700
9726.T,1917,1926,1888,1888,20500
9729.T,2462,2488,2456,2480,27900
9731.T,3405,3410,3390,3410,1100
9733.T,2315,2316,2298,2298,18500
9735.T,6214,6282,6190,6282,1271000
9739.T,2640,2663,2631,2656,24500
9740.T,2665,2665,2637,2642,14200
9742.T,2070,2070,2023,2047,23500
9743.T,1495,1495,1468,1473,317500
9744.T,3270,3283,3246,3253,346500
9746.T,4055,4055,3995,3995,55500
9753.T,1403,1416,1391,1401,3700
9755.T,2840,2863,2822,2858,57600
9757.T,1161,1170,1146,1163,340000
9759.T,2782.5,2786,2753,2762,260500
9760.T,120,122,119,120,36800
9761.T,2455,2455,2428,2450,13100
9763.T,1280,1294,1274,1274,8900
9765.T,1171,1172,1168,1172,1600
9766.T,20485,20955,20435,20690,584700
9767.T,1633,1633,1610,1616,1200
9768.T,3790,3850,3790,3790,4700
9769.T,2570,2571,2550,2560,11500
9778.T,5510,5510,5500,5500,300
9780.T,1116,1162,1114,1146,7400
9782.T,3450,3450,3400,3410,72800
9788.T,515,518,512,513,35500
9790.T,2970,2971,2941,2950,43700
9791.T,1181,1185,1181,1185,600
9793.T,3610,3640,3595,3625,63700
9795.T,2280,2281,2267,2270,10200
9799.T,954,954,931,939,5600
9812.T,243,243,241,243,1300
9816.T,247,248,243,248,1500
9818.T,1541,1541,1541,1541,100
9820.T,3780,3780,3780,3780,100
9823.T,1026,1026,1008,1008,75300
9824.T,7910,8150,7910,8070,60200
9827.T,632,637,628,628,27600
9828.T,3350,3415,3335,3365,61100
9830.T,2330,2378,2311,2358,97700
9831.T,688.9,698.2,684.1,693.1,3848900
9832.T,1557,1564,1550,1555,191500
9835.T,510,510,507,510,2500
9837.T,1761,1772,1751,1766,53000
9842.T,1878,1890,1857,1857,206000
9843.T,3350,3363,3268,3287,4439000
9845.T,1363,1372,1348,1350,6800
9846.T,983,984,980,984,10800
9849.T,4520,4520,4520,4520,0
9850.T,986,989,985,985,26900
9853.T,909,910,907,907,800
9854.T,285,286,281,282,31100
9856.T,1207,1217,1205,1216,27500
9857.T,2589,2589,2585,2585,800
9861.T,3832,3838,3779,3803,297600
9867.T,10690,10720,10580,10580,700
9869.T,6750,6760,6680,6680,27300
9872.T,960,960,957,957,700
9876.T,222,222,218,220,31300
9878.T,415,417,412,417,4700
9880.T,3265,3385,3265,3340,113800
9882.T,1730,1742,1720,1731,203000
9885.T,331,333,331,332,2500
9887.T,5320,5360,5250,5300,54700
9888.T,1234,1254,1228,1234,45800
9889.T,1582,1588,1560,1571,194900
9890.T,1419,1439,1416,1432,9400
9895.T,1275,1280,1275,1276,300
9896.T,1427,1443,1403,1409,88400
9900.T,1099,1129,1097,1114,154500
9902.T,3010,3050,2995,3020,40400
9903.T,895,895,889,889,2000
9904.T,245,248,242,245,9400
9906.T,4350,4375,4295,4350,3400
9908.T,2826,2867,2808,2808,14600
9913.T,3670,3670,3590,3660,1900
9928.T,2013,2014,1968,2000,31600
9929.T,472,472,472,472,100
9930.T,404,404,399,404,5200
9932.T,1280,1295,1274,1276,18800
9934.T,2975.5,3031,2962.5,3028,157200
9936.T,2949,2968,2935,2945,223300
9941.T,1229,1265,1229,1244,12300
9946.T,1806,1814,1792,1794,48700
9948.T,3725,3750,3695,3695,115900
9950.T,3430,3435,3425,3435,3400
9955.T,2812,2813,2810,2810,500
9956.T,3215,3245,3185,3230,147400
9959.T,954,958,954,958,3100
9960.T,4080,4175,4065,4125,78500
9962.T,3528,3621,3518,3550,1471500
9969.T,238,238,237,238,4200
9972.T,279,279,278,278,1000
9973.T,20,21,20,20,669100
9974.T,6850,6850,6720,6720,23200
9976.T,1070,1070,1070,1070,100
9978.T,44,45,44,44,43000
9979.T,1051,1054,1046,1054,36100
9980.T,95,96,94,95,121100
9982.T,2642,2700,2625,2700,4300
9983.T,67410,67700,66750,66860,1432200
9984.T,6600,6959,6560,6810,104883900
9986.T,2496,2499,2495,2496,1700
9987.T,5139,5196,5124,5177,180200
9989.T,3709,3730,3682,3708,487800
9990.T,750,753,748,748,34600
9991.T,1772,1790,1769,1775,22700
9993.T,1155,1160,1152,1155,2900
9994.T,2041,2044,2036,2036,7400
