symbol,open,high,low,close,volume
1301.T,4690,4700,4670,4675,30200
1305.T,4321,4330,4305,4308,26750
1306.T,427.5,428.5,425.8,425.8,11320190
1308.T,4222,4231,4206,4208,96596
1309.T,55000,55170,54710,54710,113
130A.T,430,437,430,433,5300
1311.T,2165,2165,2124,2127,12705
1319.T,750.4,750.4,750.4,750.4,3000
1320.T,68180,68350,67700,67700,11122
1321.T,68350,68570,67900,67910,205944
1322.T,11610,11610,11345,11450,408
1325.T,297.9,297.9,294,294.5,9470
1326.T,62250,62330,61870,62070,3856
1328.T,16015,16045,15930,15980,17984
1329.T,6840,6862,6794,6794,323485
1330.T,68430,68640,68000,68000,32978
1332.T,1160.5,1166.5,1150.5,1155,1240800
1333.T,1293,1297,1287,1289.5,398100
133A.T,1063,1067,1062,1066,99786
1343.T,1885,1890,1876,1883,1506240
1345.T,1760,1768,1753,1760,54251
1346.T,68300,68560,67900,67930,9216
1348.T,4254,4266,4240,4240,12213
1349.T,17475,17475,17400,17440,23
1356.T,104.7,105.6,104.4,105.6,1363100
1357.T,2752,2776,2720,2775,9715339
1358.T,130500,131950,129450,129450,5920
135A.T,4800,5010,4770,4900,104200
1360.T,67.1,68.1,66.7,68.1,73247120
1364.T,3775,3777,3758,3758,7190
1365.T,4222,4272,4188,4189,249797
1366.T,69,71,68,71,723116
1367.T,3096,3102,3063,3063,37356
1368.T,153,154,152,152,91335
1369.T,66430,66600,65980,65980,2076
1375.T,1180,1181,1171,1177,61000
1376.T,1604,1614,1594,1601,12600
1377.T,4400,4405,4370,4375,64500
1379.T,2125,2130,2101,2108,73900
137A.T,707,707,700,706,1200
1380.T,998,998,998,998,1200
1381.T,3590,3590,3510,3590,2900
1382.T,889,890,885,885,2000
1383.T,3065,3070,3060,3060,1900
1384.T,2160,2160,2131,2138,13300
138A.T,3135,3135,3085,3095,2100
1397.T,66850,67000,66380,66380,6358
1398.T,1779.5,1794,1775,1781.5,267050
1399.T,3280,3280,3219,3229,23926
1401.T,1333,1384,1325,1350,10500
1407.T,2250,2260,2172,2184,192900
140A.T,2021,2074,2021,2074,52
1414.T,1262,1270,1258.5,1264,819400
1417.T,3600,3602,3572,3582,107800
1418.T,589,593,585,588,66700
1419.T,2910,2919,2892,2892,63100
141A.T,3640,3715,3600,3625,341100
1420.T,631,634,631,633,16600
1429.T,803,809,800,802,105600
142A.T,930,947,917,930,74800
1430.T,1070,1074,1067,1068,27700
1431.T,656,660,653,655,38300
1433.T,1210,1213,1203,1204,19100
1434.T,1639,1640,1618,1637,9700
1435.T,182,183,180,181,374200
1436.T,1721,1754,1675,1749,34900
1438.T,2329,2329,2281,2281,800
143A.T,705,719,705,708,1900
1443.T,272,278,272,273,37100
1444.T,2770,2786,2770,2786,1900
1446.T,540,540,538,538,7600
1447.T,312,325,312,314,97600
1450.T,1517,1522,1501,1510,2700
1456.T,1259,1266,1254,1263,32395
1457.T,1759,1764,1756,1764,28744
1458.T,81680,82660,81050,81060,96922
1459.T,110,112,109,112,6977529
145A.T,899,899,880,886,5900
1466.T,195,198,195,197,1110
1469.T,186.6,186.6,183.4,184.1,240
146A.T,3705,3775,3640,3735,30300
1472.T,75,77,75,77,1703
1473.T,4189,4189,4165,4167,150970
1474.T,37140,37140,37140,37140,231
1475.T,420.9,421.8,419.3,419.4,1219390
1476.T,1805,1811,1798,1804,138766
1477.T,3441,3441,3352,3352,6402
1478.T,5460,5460,5348,5354,34475
1479.T,52360,52360,52360,52360,3
147A.T,1005,1014,994,996,64600
1481.T,4047,4047,3912,3912,53
1482.T,1499,1499,1493,1493,89732
1483.T,3896,3896,3896,3896,2
1484.T,3870,3870,3862,3862,70
1486.T,22960,22960,22835,22880,595
1487.T,11460,11460,11420,11425,652
1488.T,1785,1799,1785,1792,130804
1489.T,3617,3617,3552,3554,556310
148A.T,1733,1800,1730,1756,8700
1490.T,7990,7990,7990,7990,1
1491.T,758,765,735,745,29700
1493.T,25825,26000,25825,25870,112
1494.T,44470,44470,43950,44020,2331
1495.T,10675,10975,10675,10865,412
1496.T,1609,1609,1599,1599,7688
1497.T,1718,1718,1706,1710,40781
1498.T,32760,32760,32380,32470,2039
1499.T,9354,9400,9354,9355,18
149A.T,800,812,800,807,6400
150A.T,823,842,800,803,86500
1514.T,641,648,637,642,164400
1515.T,3495,3520,3310,3310,316500
1518.T,2293,2303,2272,2282,328200
151A.T,631,639,628,630,9200
153A.T,1710,1797,1706,1728,94300
1540.T,20360,20420,20275,20325,217007
1541.T,8051,8106,8020,8073,15384
1542.T,29500,29500,29150,29350,39744
1543.T,57210,57960,57210,57750,206
1545.T,242.7,243.5,242,242.1,4857570
1546.T,79210,79400,79000,79090,914
1547.T,13250,13275,13200,13220,14399
1550.T,8087,8095,8061,8066,691
1551.T,7250,7298,7171,7182,460
1554.T,6807,6828,6789,6789,1321
1555.T,2224,2226,2209,2212,3850
1557.T,121350,121700,121000,121150,1470
1559.T,4748,4748,4710,4746,167
155A.T,822,842,811,813,53100
1560.T,6190,6215,6177,6213,177
1563.T,2501,2540,2501,2518,7220
1566.T,52570,52580,52250,52520,186
1568.T,1002,1004.5,991.8,992.1,1892980
1569.T,735.2,736.5,734,736,12530
156A.T,878,878,867,867,16200
1570.T,68380,69220,67840,67870,1884772
1571.T,296,298,294,298,884241
1572.T,6670,6730,6650,6691,4480
1573.T,8362,8382,8348,8380,260
1577.T,60790,60790,59950,60030,4490
1578.T,5281,5292,5240,5240,3166
1579.T,739.1,747.8,733.1,733.3,10819480
157A.T,767,767,746,756,6200
1580.T,783.7,789.5,781.7,789.5,135200
1585.T,2687,2687,2658,2658,50
1586.T,3100,3112,3088,3088,82
1591.T,36990,37020,36820,36960,1560
1592.T,3390,3391,3374,3375,10458
1593.T,37920,37920,37720,37720,1563
1595.T,1786,1798,1782,1792,41955
1596.T,3110,3110,3110,3110,3
1597.T,1788,1789,1776,1782,74575
1599.T,37710,37710,37510,37510,7
159A.T,745,745,736,736.6,21670
1605.T,3912,3919,3836,3851,3451700
160A.T,1998,2015,1994,1999,25900
1615.T,757.7,760.8,749.4,754.7,3584910
1617.T,47410,47660,47400,47490,192
1618.T,37280,37530,36900,37070,3196
1619.T,44980,45340,44980,45070,486
1620.T,36340,36740,36340,36740,98
1621.T,30710,30820,30180,30190,143
1622.T,34510,34510,34120,34250,270
1623.T,63700,64080,62770,63050,802
1624.T,81800,83450,81800,83060,187
1625.T,63490,64580,63320,64300,540
1626.T,49850,50010,49110,49110,519
1627.T,12750,12750,12365,12365,8339
1628.T,22300,22300,22075,22110,284
1629.T,281.8,281.8,275.4,275.7,573960
162A.T,16815,17050,16675,16860,226
1630.T,35920,36280,35730,36170,388
1631.T,41320,41320,40550,40800,17392
1632.T,44550,44550,42970,43100,4487
1633.T,49250,49250,48350,48810,46
163A.T,19350,19410,19010,19190,5402
1651.T,3362,3362,3289,3291,31205
1653.T,5170,5171,5170,5171,3670
1655.T,878.3,878.7,874.4,875.6,1699650
1656.T,300.9,300.9,298.9,299.8,600560
1657.T,7238,7252,7227,7230,514
1658.T,4430,4430,4355,4367,3161
1659.T,3680,3692,3671,3677,6846
1660.T,10310,10370,10255,10290,2991
1662.T,1920,1927,1886,1895,1234700
1663.T,1940,1954,1931,1940,128500
166A.T,1091,1097,1081,1087,179100
1671.T,6060,6069,5995,6055,191960
1672.T,62940,63090,62690,62810,121
1673.T,9522,9522,9160,9191,860
1674.T,25250,25305,25045,25075,1175
1675.T,18145,18420,18140,18420,180
1676.T,42620,42620,41920,41920,11
1677.T,58200,58440,58200,58290,60
1678.T,295.5,296.8,295.1,296.2,582360
1679.T,64630,65120,64630,65120,20
167A.T,3300,3340,3270,3325,112200
1680.T,8310,8310,8272,8272,7958
1681.T,3413,3416,3389,3392,9871
1684.T,2713,2755,2713,2755,100
1685.T,999.9,999.9,954.9,971.1,1090
1686.T,3012,3089,3012,3089,120
1687.T,1094,1110.5,1093.5,1109,2190
1688.T,620,626.9,611.3,620,12300
1689.T,766,774,765,774,176424
168A.T,1051,1055,1049,1052,900
1690.T,2690,2690,2628,2664,1660
1691.T,17100,17120,17025,17100,110
1692.T,678,688,678,688,200
1693.T,9020,9150,9000,9078,12800
1694.T,2200,2235,2200,2235,240
1695.T,3505,3542,3505,3536,3988
1696.T,3206,3240,3206,3232,3760
1697.T,4872,4970,4872,4970,580
1698.T,4412,4412,4352,4360,79837
1699.T,701.6,702.3,694.9,701.3,210630
170A.T,3101,3123,3101,3110,499
1711.T,249,249,246,246,32200
1716.T,1375,1385,1370,1371,11600
1717.T,941,942,917,934,44600
1718.T,7130,7130,7120,7120,600
1719.T,1917,1920.5,1901.5,1904,436600
1720.T,1239,1239,1222,1224,141300
1721.T,5768,5768,5601,5622,345800
1723.T,2639,2655,2562,2562,165700
1724.T,720,727,720,720,11700
1736.T,2515,2542,2514,2517,4400
173A.T,1600,1654,1595,1600,17100
1758.T,2499,2499,2461,2461,1000
175A.T,652,652,645,645,1900
1762.T,4235,4255,4210,4230,40900
1764.T,2683,2711,2683,2711,300
1766.T,13270,13270,12990,13050,20700
1768.T,1033,1037,1032,1032,4200
1770.T,2336,2343,2317,2317,9100
1773.T,86,91,85,85,149000
177A.T,849,849,835,842,2600
1780.T,1495,1501,1482,1485,19400
1783.T,71,71,68,69,1313600
1786.T,358,358,353,353,347900
1787.T,5640,5640,5640,5640,600
1788.T,4070,4100,4070,4080,400
178A.T,1653,1671,1653,1664,10061
1793.T,2134,2136,2083,2120,4700
1795.T,5630,5740,5530,5740,1400
1798.T,1153,1153,1092,1116,8600
1799.T,3330,3415,3310,3405,36500
179A.T,235,235,234,234,25840
1801.T,12745,12895,12645,12710,414700
1802.T,3076,3099,3063,3071,1182500
1803.T,2376.5,2382.5,2350,2361.5,1977200
1807.T,1933,1933,1901,1914,1500
1808.T,2734,2734.5,2708,2722.5,426000
180A.T,275.8,275.8,272.7,273.1,438470
1810.T,1474,1474,1458,1465,32700
1811.T,7670,7670,7510,7530,1600
1812.T,5007,5025,4950,4976,1129900
1813.T,3045,3055,3010,3010,34000
1814.T,3665,3680,3635,3660,66500
1815.T,4570,4575,4530,4555,71500
1820.T,5718,5727,5666,5700,77400
1822.T,832,836,827,835,404400
1826.T,1086,1100,1073,1083,24600
1827.T,1426,1429,1385,1427,29000
1828.T,2466,2466,2436,2436,7300
182A.T,477.2,477.2,472.5,473.5,3720
1833.T,5800,5800,5750,5770,124000
1835.T,3990,3990,3925,3930,62600
183A.T,420.4,426,418,425.9,306740
1840.T,250,253,249,251,15300
1844.T,444,449,442,448,45800
1847.T,3440,3465,3410,3450,36300
1848.T,814,850,811,849,59500
184A.T,321,323,321,321,10200
1850.T,435,439,435,438,7700
1852.T,908,910,894,899,590800
1853.T,326,326,324,326,14000
1860.T,1518.5,1522,1500.5,1507,406900
1861.T,1332,1332,1316,1317,443300
1866.T,1124,1129,1111,1124,17700
1867.T,2725,2730,2663,2688,7700
186A.T,1158,1250,1147,1191,4858300
1870.T,2198,2198,2175,2177,84100
1871.T,2208,2233,2185,2218,83000
1873.T,312,315,311,313,49600
1878.T,3308,3352,3296,3304,1750800
1879.T,2317,2325,2295,2308,173300
1882.T,1613,1620,1605,1618,312900
1885.T,2212,2215,2167,2170,353000
1887.T,552,552,547,548,167200
1888.T,3695,3750,3695,3715,15900
188A.T,835,835,825,827,2703
1893.T,1595,1595,1562,1562,1124600
1897.T,3700,3900,3700,3900,1300
1898.T,1493,1493,1481,1483,163800
1899.T,4765,4805,4720,4785,38900
189A.T,1089,1089,1073,1086,8000
1904.T,5160,5190,5120,5150,12700
1905.T,1467,1467,1436,1459,5100
190A.T,69,70,69,69,142300
1911.T,1226.5,1230,1216.5,1217,3088600
1914.T,812,823,809,820,23700
1921.T,2054,2092,2003,2020,14700
1925.T,4541,4581,4531,4547,1466700
1926.T,3915,3930,3900,3910,107700
1928.T,3350,3369,3333,3345,1911900
1929.T,1244,1250,1235,1237,94300
192A.T,1292,1388,1289,1299,12900
1930.T,1639,1639,1611,1621,50500
1934.T,2651,2651,2616,2616,104700
1938.T,2615,2649,2603,2635,53100
1939.T,2312,2354,2298,2338,103100
1941.T,5150,5220,5140,5200,41900
1942.T,5556,5661,5530,5607,1347900
1944.T,6922,7052,6890,6998,392100
1945.T,2199,2205,2163,2167,97300
1946.T,2280,2294,2257,2272,111200
1948.T,11430,11470,11430,11470,3300
194A.T,1700,1700,1660,1674,37700
1950.T,4130,4130,4065,4100,132500
1951.T,2627.5,2627.5,2592.5,2607.5,261600
1952.T,3260,3295,3240,3245,137400
1959.T,8180,8192,8105,8141,83700
195A.T,720,729,695,714,20800
1960.T,1691,1744,1680,1713,15600
1961.T,2495,2539,2490,2531,313500
1963.T,2325.5,2354,2317.5,2318,586500
1964.T,3930,3950,3900,3910,19500
1965.T,7250,7270,7040,7160,56700
1966.T,1760,1760,1748,1755,3100
1967.T,2135,2160,2128,2146,30900
1968.T,2590,2590,2552,2554,64200
1969.T,4704,4788,4688,4759,431200
196A.T,314,321,311,319,36300
1972.T,1313,1318,1309,1315,10100
1975.T,3980,4035,3925,4005,58800
1976.T,1715,1730,1714,1727,46200
1979.T,3865,3865,3790,3795,78700
197A.T,523,532,520,528,383800
1980.T,2963,2986,2920,2966,364500
1981.T,1333,1340,1330,1340,4000
1982.T,3250,3270,3205,3260,63000
198A.T,162,163,161,162,26100
1992.T,2986,2986,2986,2986,100
1994.T,629,630,618,618,10700
1997.T,4065,4095,4060,4095,1100
2001.T,2950,2960,2926,2930,114600
2002.T,1998,2024,1994,2011,925400
2003.T,1916,1921,1890,1900,24700
2004.T,3960,3960,3900,3900,47000
2009.T,1116,1116,1113,1113,8700
200A.T,4420,4439,4355,4360,1558313
2011.T,861.1,861.1,858.9,858.9,1750
2012.T,242,242,240.5,241.2,141340
2013.T,303.2,303.4,301.9,302.8,85820
2014.T,311,311,309.2,310,116500
2015.T,2067,2067,2056,2059,2204
2016.T,1702,1702,1696,1698,260627
2017.T,1522,1530,1521,1521,26447
2018.T,1235,1235,1217,1218,428
2019.T,988,988,973,976,5149
201A.T,175,175,173.5,173.8,93370
2031.T,7372,7455,7372,7439,27
2032.T,6057,6182,6057,6174,19
2033.T,79980,80710,78500,79560,3731
2034.T,1831,1857,1824,1857,7464
2036.T,154650,154750,151600,152400,3870
2037.T,1274,1290,1273,1285,1387
2038.T,2843,2885,2805,2877,118322
2039.T,471,471,464,465,693577
2040.T,37240,37240,36610,36760,785
2041.T,2000,2015,1999,2008,7536
2042.T,8474,8499,8366,8366,268
2043.T,30350,30350,30350,30350,1
2044.T,33630,33840,33610,33840,44
2046.T,22500,22590,22480,22585,498
2047.T,3482,3482,3482,3482,1
2048.T,55870,55870,55870,55870,3
2050.T,32210,32910,32210,32910,2
2053.T,2043,2053,2016,2016,176000
2055.T,343,345,340,342,15900
205A.T,1687,1687,1656,1656,40000
2060.T,1470,1470,1446,1448,72700
2065.T,59520,59520,59460,59460,4
2067.T,29300,29300,29300,29300,18
2068.T,39100,39100,39100,39100,2
206A.T,170,170,167,168,40300
2070.T,16735,16735,16735,16735,57
2071.T,20000,20000,20000,20000,80
2080.T,2089,2089,2046,2056,36593
2081.T,2170,2170,2149,2155,90
2082.T,1274,1274,1246,1246,15
2083.T,3971,3990,3936,3936,2066
2084.T,3938,3938,3827,3879,39149
2085.T,791,792,788,788.1,106450
2087.T,3565,3565,3547,3547,5
2088.T,2605,2605,2578,2578,20164
2089.T,2807,2807,2798,2798,2550
208A.T,2909,2909,2889,2893,6500
2090.T,4200,4200,4183,4189,5
2091.T,4417,4417,4385,4385,5
2092.T,4408,4408,4362,4363,20096
2093.T,5250,5263,5246,5246,1389
2094.T,800,802,800,802,940
2095.T,1141,1141,1125,1130,223
2096.T,999,999,979,982,17910
2097.T,919,929,911,918,1651
2098.T,980,980,956,959,3359
2108.T,5250,5280,5200,5250,24800
2109.T,3865,3880,3810,3840,51200
210A.T,1540,1545,1531,1536,23824
2112.T,465,467,461,464,28400
2114.T,675,676,671,674,47400
2117.T,2860,2868,2841,2841,20500
211A.T,3300,3300,3260,3270,5100
2120.T,234,242,233,240,982900
2121.T,3800,3865,3780,3825,325100
2122.T,1437,1450,1423,1450,13300
2124.T,1040,1048,1015,1029,336400
2127.T,650.1,652.7,641.5,641.6,2238900
212A.T,2805,2857,2790,2838,110100
2130.T,920,925,913,924,24100
2134.T,17,17,16,17,3079900
2136.T,1429,1432,1404,1428,2000
2138.T,418,423,415,418,9100
2139.T,520,522,519,520,9100
213A.T,401.6,409.9,401.6,402.4,815760
2146.T,236,240,236,238,2389600
2148.T,1154,1161,1147,1149,50700
2152.T,1556,1563,1547,1557,1300
2153.T,1897,1900,1880,1890,55800
2154.T,1995,2038,1994,2028,130500
2156.T,283,283,281,282,3700
2157.T,991,1004,987,991,597100
2158.T,643,663,642,657,185400
215A.T,1355,1410,1347,1347,3055200
2160.T,3275,3430,3210,3385,2284300
2163.T,954,957,951,955,13000
2164.T,114,114,111,113,24400
2168.T,1560,1574,1555,1563,98900
2169.T,1746,1750,1734,1740,5400
2170.T,690,703,686,695,280700
2173.T,751,768,751,761,25700
2175.T,2623,2674,2612,2651,139400
2179.T,827,827,818,825,1300
2181.T,286.8,296.7,285,293,7870600
2183.T,204,206,204,206,17300
2185.T,2009,2014,2002,2014,2300
2186.T,896,897,896,896,2200
218A.T,1036,1053,1020,1028,217000
2193.T,128,129,128,128,175500
2195.T,388,388,375,377,47900
2198.T,774,782,772,773,21500
219A.T,2635,2723,2614,2692,465300
2201.T,2475,2486,2467,2467,223000
2204.T,3140,3140,3115,3115,10500
2206.T,5001,5033,4948,5018,119000
2207.T,3450,3450,3390,3425,53100
2208.T,3165,3170,3140,3160,3000
2209.T,2361,2368,2354,2354,76100
220A.T,952,955,952,955,300
2211.T,2519,2525,2501,2510,24700
2212.T,3611,3642,3560,3578,518700
2215.T,620,624,620,624,4700
2216.T,1103,1107,1092,1097,22400
2217.T,1491,1497,1488,1496,22500
221A.T,1153.5,1155,1135,1135,82780
2220.T,1305,1320,1295,1304,226900
2221.T,3065,3065,3045,3050,2700
2222.T,2592.5,2648,2585,2630.5,341300
2224.T,3720,3730,3710,3730,1600
2226.T,4895,4905,4870,4870,12400
2229.T,3030,3046,3022,3036,114800
2235.T,3535,3536,3517,3526,1801
2236.T,1424,1431,1421,1423,3602
2237.T,2443,2448,2431,2431,12923
2238.T,5232,5248,5232,5247,5579
2239.T,26675,26705,26555,26575,3300
223A.T,1855,1863,1854,1856,11853
2240.T,5294,5298,5286,5296,3584
2241.T,908.5,908.5,903.6,906,5640
2242.T,667.4,667.4,660,660,223820
2243.T,4672,4678,4653,4654,308834
2244.T,3745,3750,3722,3726,140353
2245.T,682,682,682,682,20
2247.T,2288,2292,2280,2283,104965
2248.T,2753,2758,2750,2750,1695
2249.T,9329,9392,9329,9363,3898
224A.T,1534,1535,1521,1523,7638
2250.T,378.2,378.2,371.2,371.3,480
2251.T,919.8,923.7,918.8,923.7,133680
2252.T,1389,1389,1383,1383,376
2253.T,1305,1305,1290,1293,13201
2254.T,988,988,973,973,99407
2255.T,195.1,195.9,194.4,194.7,682040
2256.T,216.7,216.7,215.1,215.5,211910
2257.T,218.1,218.1,216.6,217.6,51960
2258.T,223,223,221.5,222.4,356070
2259.T,174.1,174.1,172.3,172.7,846790
2264.T,1128.5,1143,1125.5,1132.5,1562300
2266.T,1122,1122,1101,1104,62900
2267.T,2797.5,2814,2780.5,2807.5,495800
2268.T,4050,4055,4045,4050,2800
2269.T,4329,4346,4262,4277,566400
2270.T,3680,3745,3645,3660,154900
2281.T,2408,2416,2396,2398,463300
2282.T,6130,6130,6011,6011,326700
2286.T,910,910,901,903,6400
2288.T,2300,2300,2271,2275,311700
228A.T,1738,1760,1686,1730,2700
2291.T,512,512,508,509,4000
2292.T,2725,2755,2715,2737,107000
2293.T,2672,2672,2652,2653,1300
2294.T,2502,2522,2502,2514,13700
2296.T,5000,5050,4970,5020,105700
2300.T,498,501,498,501,4300
2301.T,1760,1776,1743,1745,98000
2303.T,1351,1370,1343,1345,12200
2304.T,911,917,911,913,2000
2305.T,1855,1877,1855,1871,20400
2307.T,1081,1092,1049,1061,184900
2311.T,789,793,786,792,10600
2315.T,66,68,64,66,4045300
2317.T,432,439,431,436,601800
2321.T,142,142,139,141,207400
2323.T,361,368,355,368,23700
2325.T,4560,4665,4555,4605,19000
2326.T,4920,5010,4810,4970,98800
2327.T,3802,3901,3776,3872,407300
2329.T,505,505,500,501,46800
2330.T,92,95,91,94,464600
2331.T,1216.5,1229.5,1212,1216.5,644900
2332.T,1702,1732,1702,1731,9500
2334.T,589,602,586,587,659700
2335.T,1108,1109,1101,1107,40600
2337.T,406,406,400,401,493000
2338.T,112,114,111,113,160800
233A.T,1791,1792,1781,1785,3640
2340.T,544,545,541,543,74600
2341.T,173,173,167,170,44100
2342.T,255,258,253,255,19900
2345.T,102,103,100,101,48800
2349.T,2524,2541,2524,2524,700
234A.T,1522,1522,1492,1492,986
2351.T,329,335,320,335,11400
2353.T,269,269,261,262,1724300
2354.T,1300,1372,1287,1305,679100
2359.T,2136,2136,2115,2118,10300
235A.T,1480,1480,1456,1457,13497
236A.T,434.9,434.9,433.3,433.3,66460
2370.T,24,25,24,25,99400
2371.T,3812,3812,3793,3802,155500
2373.T,447,447,442,443,12400
2375.T,202,202,200,201,25500
2376.T,813,813,806,806,1000
2378.T,1055,1056,1042,1049,53400
2379.T,1825,1843,1821,1822,118000
237A.T,144,144,142.3,142.6,470240
2384.T,5200,5330,5150,5300,187500
2385.T,218,293,217,256,10459000
2388.T,31,31,30,31,186500
238A.T,120.8,120.8,117.8,117.9,1291560
2391.T,1179,1180,1169,1173,3900
2393.T,4465,4465,4340,4410,6800
2395.T,1340,1346,1326,1327,114500
2404.T,534,535,530,531,11600
2408.T,825,843,824,839,4100
2410.T,2886,2890,2859,2863,75200
2411.T,470,473,469,471,10400
2413.T,1742.5,1773.5,1731,1737.5,2235000
2415.T,1615,1621,1610,1612,1800
2418.T,598,606,596,600,92700
241A.T,416,422,415,420,11200
2424.T,613,618,600,612,7200
2425.T,669,676,667,667,1700
2428.T,620,624,620,621,44300
2429.T,2866,2882,2831,2859,29000
2432.T,2554,2569,2534,2544.5,691100
2433.T,1312.5,1325,1296.5,1312,541100
2435.T,205,207,205,205,23900
2436.T,602,611,592,607,47100
2437.T,619,638,611,635,33700
2438.T,341,350,341,349,49200
2440.T,121,123,121,122,113300
2445.T,404,407,403,404,41700
2449.T,1069,1069,1055,1055,7500
244A.T,1197,1207,1180,1206,5200
2454.T,345,350,343,344,25700
2459.T,178,179,177,179,7900
245A.T,2484,2484,2475,2478,1900
2461.T,386,395,385,394,359200
2462.T,1506,1518,1503,1516,21800
2464.T,373,373,366,373,12500
2469.T,2780,2785,2738,2742,13500
246A.T,1070,1120,1070,1100,12500
2471.T,290,290,281,285,394500
2475.T,1783,1793,1770,1773,15500
2477.T,3335,3350,3275,3275,8000
2479.T,268,268,264,266,33600
247A.T,995,1013,990,990,533300
2480.T,1870,1885,1870,1870,2100
2481.T,699,710,699,701,4000
2483.T,2230,2251,2172,2223,17500
2484.T,152,164,149,150,799500
2485.T,452,452,448,450,31500
2488.T,1435,1466,1435,1452,24000
2489.T,409,411,404,407,93700
248A.T,808,812,808,812,700
2491.T,472,473,467,468,84100
2492.T,700,728,693,716,3041700
2493.T,956,962,951,956,6700
2497.T,526,529,526,528,8400
2498.T,3165,3185,3160,3175,9800
2499.T,310,311,308,309,4800
2501.T,1850,1856,1806,1807.5,737000
2502.T,1606.5,1614.5,1597.5,1607.5,4224700
2503.T,2845,2857.5,2829.5,2834,1875500
250A.T,1613,1613,1601,1605,33400
2510.T,791,793.3,790.7,791,35260
2511.T,1135,1136,1128.5,1131.5,1668310
2512.T,709.5,709.6,706.8,708.8,138080
2513.T,3566,3566,3553,3561,4470
2514.T,2042,2042,2025,2029,213
2515.T,1577,1580,1566,1569,11157
2516.T,645,649.6,642,642,243750
2517.T,1065,1065.5,1055,1059,7410
2518.T,2418,2437,2418,2425,161
2519.T,1149,1149,1119,1140.5,19600
2520.T,2360,2371,2354,2359,6607
2521.T,2171,2175,2169,2169,2906
2522.T,9048,9069,9030,9040,4439
2523.T,3199,3199,3199,3199,100
2524.T,4206,4206,4184,4184,12061
2525.T,66600,66800,66170,66290,682
2526.T,37340,37380,37250,37350,8526
2527.T,1060,1083,1060,1074,55100
2528.T,1045,1055,1041,1050,3397
2529.T,2396,2396,2378,2379,15307
2530.T,17700,17700,17200,17270,965
2531.T,2502,2597,2478.5,2587,365300
2533.T,480,487,476,480,103100
253A.T,1055,1058,1045,1047,21200
254A.T,1230,1233,1214,1217,20400
2552.T,1875,1888,1871,1879,64743
2553.T,2525.5,2541,2405,2445,49530
2554.T,739.6,739.6,729,731.3,27080
2555.T,1808.5,1809.5,1797,1805.5,3160
2556.T,1805,1809.5,1796,1801,38330
2557.T,4158,4158,4140,4150,240
2558.T,3510,3512,3491,3495,208977
2559.T,2981,2981,2959,2962,213425
255A.T,5330,5500,5330,5430,33900
2561.T,1975,1975,1961,1963,12550
2562.T,3568,3576,3565,3566,1609
2563.T,406.3,406.3,404.5,404.5,929500
2564.T,3710,3710,3692,3694,15525
2565.T,860,870,860,867,317704
2566.T,987,995,985,992,103733
2567.T,542,543.7,540.8,541.1,18330
2568.T,8258,8274,8228,8232,17039
2569.T,4432,4439,4420,4420,10917
256A.T,2271,2335,2270,2300,223200
2573.T,4100,4105,4090,4095,5700
2579.T,3782,3826,3762,3769,302200
257A.T,3388,3388,3355,3362,65
2585.T,1311,1352,1305,1317,612200
2586.T,63,64,60,62,1735600
2587.T,4524,4524,4488,4490,357100
2588.T,3730,3780,3695,3720,6200
258A.T,2030,2030,2015,2015,27
2590.T,2990,3015,2975,3000,39800
2593.T,3158,3185,3149,3159,159300
25935.T,1810,1810,1801,1805,22400
2594.T,2013,2015,2007,2008,79400
2597.T,1289,1298,1283,1289,12100
2602.T,2103,2103,2068,2069,179400
2607.T,4435,4466,4382,4410,153100
2612.T,2861,2872,2826,2850,317100
2613.T,2300,2311,2265,2267,54700
261A.T,1982,2007,1977,2000,27600
2620.T,365.2,365.3,363.8,364.5,999420
2621.T,979,979,972,973,1264910
2622.T,1680,1680,1665,1667,1079
2623.T,1914,1914,1899,1901,1709
2624.T,6646,6660,6601,6601,8968
2625.T,4120,4121,4098,4104,705
2626.T,3529,3529,3350,3350,661
2627.T,1580,1580,1563,1565,26
2628.T,4060,4239,3900,4160,55797
2629.T,4357,4707,4082,4707,78566
262A.T,1742,1750,1726,1726,94600
2630.T,16100,16110,16060,16060,2628
2631.T,34460,34510,34320,34320,24353
2632.T,18460,18505,18435,18455,77607
2633.T,562.8,562.8,559,559.8,112160
2634.T,3175,3175,3158,3158,9161
2636.T,4881,4881,4854,4854,100
2637.T,2670,2670,2625,2625,3922
2638.T,2647,2680,2637,2669,29489
2639.T,1763,1763,1720,1720,210
2640.T,4278,4290,4232,4256,10079
2641.T,4573,4573,4517,4522,11529
2642.T,54870,54870,54870,54870,1
2644.T,3921,4014,3909,3954,609043
2645.T,3059,3082,3059,3075,100
2646.T,3781,3809,3775,3789,2480
2647.T,5657,5657,5628,5632,1273
2648.T,3230,3230,3219,3220,40851
2649.T,572.3,572.3,561.1,561.1,220
264A.T,330,330,307,311,115800
2652.T,435,438,421,424,283300
2653.T,2810,2814,2802,2803,9400
2654.T,432,433,427,427,15300
2656.T,154,160,153,159,133300
2659.T,3345,3380,3315,3345,181300
265A.T,800,837,791,795,96700
2664.T,3720,3720,3655,3670,39900
2666.T,192,195,191,192,82800
2667.T,108,111,107,107,175800
2668.T,1268,1268,1268,1268,800
2669.T,3945,3945,3915,3935,2700
2670.T,2684,2725,2666,2710.5,316000
2673.T,106,107,105,105,22800
2674.T,2586,2620,2578,2593,38500
2676.T,2073,2083,2073,2082,13000
2678.T,1233,1240,1210,1230,421700
2681.T,2357,2376,2320,2334,144000
2683.T,992,992,991,991,2500
2685.T,3100,3190,3100,3165,136200
2687.T,495,495,490,493,11000
2689.T,1921,1926,1921,1925,1900
268A.T,1629,1654,1606,1625,1533100
2693.T,289,290,285,286,24500
2694.T,72,72,71,72,315000
2695.T,1673,1702,1667,1683,260100
2698.T,3275,3285,3250,3260,9600
269A.T,2999,3125,2940,3095,29600
2700.T,1730,1735,1695,1725,19000
2702.T,7800,7810,7670,7680,537300
2705.T,8890,8920,8820,8870,14000
2708.T,1897,1897,1888,1888,1200
2721.T,101,103,99,102,50400
2722.T,360,360,358,360,5700
2726.T,1478,1488,1465,1468,398400
2730.T,2499,2532,2494,2495,209500
2733.T,2705,2734,2702,2715,286900
2734.T,1241,1244,1222,1231,108500
2735.T,720,720,708,715,32800
2736.T,600,605,599,602,2000
2737.T,37800,40250,37800,39900,133600
273A.T,9540,9540,9480,9510,132
2742.T,3965,4010,3905,3915,25000
2747.T,3140,3160,3125,3145,1000
2749.T,672,674,664,664,528000
274A.T,2267,2267,2232,2247,7400
2750.T,1357,1375,1357,1363,12100
2751.T,3610,3650,3600,3620,21100
2752.T,1166,1168,1162,1164,48900
2753.T,1401,1403,1387,1388,25200
2760.T,4350,4530,4325,4490,261300
2762.T,70,71,69,69,113300
2764.T,169,172,168,169,147200
2767.T,2647,2665,2592,2599,410600
2768.T,5870,5875,5726,5726,1059900
2769.T,925,926,921,925,3600
276A.T,4360,4495,4290,4295,30300
2776.T,94,96,94,94,82900
2778.T,112,113,112,112,19100
277A.T,1852,1914,1852,1894,69600
2780.T,4470,4520,4465,4475,35500
2782.T,4665,4740,4640,4700,190000
2784.T,2342.5,2393,2342,2378.5,379400
2788.T,417,417,406,410,114000
2789.T,476,485,476,485,7300
278A.T,20000,21250,19710,19780,1637800
2790.T,2123,2130,2112,2122,6600
2791.T,4530,4555,4460,4500,39800
2792.T,1450,1450,1439,1442,52800
2795.T,957,964,957,964,500
2796.T,499,507,495,506,13400
2798.T,2995,2998,2992,2992,1700
2801.T,1655,1662,1637,1650,1940900
2802.T,4984,5081,4974,5017,2060900
2804.T,1875,1875,1857,1860,13300
2805.T,7950,7990,7510,7550,90300
2806.T,1921,1924,1921,1924,600
2809.T,4411,4520,4398,4457,399300
280A.T,1110,1149,1110,1130,28200
2810.T,4000,4037,3967,4003,199900
2811.T,2700,2711.5,2693.5,2702,199900
2813.T,3860,3905,3855,3905,1000
2814.T,1901,1914,1894,1899,10000
2815.T,5290,5300,5240,5240,70500
2816.T,1420,1421,1419,1420,6900
2818.T,1756,1759,1755,1759,3500
2819.T,2515,2515,2488,2492,11600
281A.T,400,412,397,407,39500
2820.T,6400,6420,6230,6390,9300
282A.T,2340,2340,2290,2304,138590
2831.T,3690,3690,3685,3690,3500
2836.T,3286,3337,3261,3261,32
2837.T,4918,4918,4876,4877,1722
2838.T,8438,8438,8387,8389,118
2839.T,4843,4843,4818,4820,80343
283A.T,1331,1337,1329,1329,625
2840.T,2772,2780,2763,2763,158160
2841.T,1741,1748,1736,1736,9933
2842.T,11860,11870,11795,11840,8380
2843.T,3611,3611,3596,3601,3497
2844.T,5378,5378,5345,5360,1679
2845.T,3645,3656,3643,3643,34720
2846.T,2484,2484,2474,2477,99645
2847.T,3031,3069,3031,3056,319
2848.T,3053,3064,3053,3053,55
2849.T,5618,5618,5500,5506,165
2851.T,388,396,388,396,1350
2852.T,170.2,170.9,169.4,170.5,12800
2853.T,602.3,602.3,600.2,600.2,40
2854.T,2760,2760,2712,2726,29230
2855.T,922,922,910,913,2753
2856.T,635.2,635.2,633.4,634.3,211640
2857.T,618.7,618.7,612.8,612.8,200
2858.T,1528,1528,1501,1518,1366
2859.T,3165,3165,3151,3151,945
285A.T,56780,57190,54370,54470,25501200
2860.T,3250,3250,3186,3187,143
2861.T,5340,5340,5270,5275,276
2862.T,3739,3739,3700,3700,2
2864.T,1303,1303,1290,1290,23
2865.T,1295,1297,1288,1290,525378
2866.T,957,957,949,951,36554
2867.T,1689,1692,1669,1669,150
2868.T,1145,1146,1139,1139,47975
2869.T,3102,3105,3074,3074,555965
286A.T,771,771,742,748,37700
2870.T,7100,7161,7091,7161,40353
2871.T,2200,2221.5,2190,2201.5,586500
2872.T,1923,1924,1921,1922,1400
2874.T,2184,2194,2157,2186,244000
2875.T,9605,9754,9563,9731,328000
2876.T,474,474,462,466,4100
2877.T,760,760,756,758,6700
287A.T,1158,1167,1141,1160,311400
2882.T,2012,2019,2010,2011,13900
2883.T,2054,2055,2039,2043,13100
2884.T,620,625,617,618,38200
288A.T,93,94,93,93,42500
2892.T,4875,4920,4875,4905,8600
2894.T,362,363,355,358,11300
2897.T,2929.5,2943,2886,2912,754100
2901.T,149,152,149,150,59300
2903.T,1607,1634,1582,1582,1700
2904.T,754,756,754,756,2800
2907.T,1550,1566,1550,1561,4800
2908.T,1639,1640,1630,1632,25400
290A.T,1551,1586,1533,1545,1370100
2910.T,1423,1425,1407,1415,35900
2911.T,2282,2285,2270,2270,1500
2914.T,6883,6901,6812,6887,3211700
2915.T,2057,2068,2042,2042,19500
2916.T,740,745,738,740,4000
2917.T,925,925,921,922,11500
2918.T,2712,2719,2696,2705,71800
291A.T,2020,2057,2020,2057,2100
2922.T,1990,1998,1982,1982,15000
2923.T,7450,7480,7310,7320,3500
2924.T,1927,1938,1920,1938,2600
2926.T,135,136,125,126,495900
2927.T,852,854,850,853,18100
2929.T,723,730,708,709,386800
2930.T,132,134,132,132,203600
2931.T,350,354,348,349,322800
2932.T,1101,1102,1098,1101,9000
2933.T,1128,1135,1125,1125,108300
2934.T,2039,2039,2025,2038,3400
2935.T,1219,1219,1204,1208,20200
2936.T,285,289,274,280,50000
2937.T,1766,1775,1766,1771,4500
2938.T,1305,1306,1289,1292,38300
294A.T,2954,2963,2953,2953,501
295A.T,9695,9825,9686,9825,8
2961.T,1465,1569,1465,1569,2400
2962.T,2260,2406,2151,2241,801600
296A.T,1227,1228,1180,1185,72700
2970.T,1123,1125,1106,1113,6100
2971.T,106300,106800,105800,106200,672
2972.T,104800,105500,104400,104600,1564
2975.T,1426,1436,1410,1413,221400
2978.T,322,325,313,318,10300
2979.T,98600,99400,97900,98200,4753
297A.T,211,212,211,211,25500
2980.T,2349,2380,2328,2338,225500
2981.T,2313,2359,2312,2359,3900
2982.T,432,436,427,430,250200
2983.T,1706,1718,1692,1717,30500
2984.T,784,795,783,793,27100
2986.T,2960,2965,2915,2933,87300
2989.T,92600,93200,91600,91600,6361
298A.T,320,322,311,322,11600
2991.T,528,542,528,534,20700
2993.T,2263,2263,2220,2220,2300
2997.T,1321,1322,1321,1321,2100
2998.T,534,539,526,532,128400
2999.T,508,519,505,516,18600
299A.T,1235,1236,1211,1215,75300
3001.T,3170,3190,3070,3075,39500
3002.T,4090,4125,4070,4110,166500
3003.T,1737.5,1748,1728.5,1729.5,1239900
3004.T,2080,2080,2060,2060,7100
300A.T,3185,3220,3165,3165,15100
3010.T,190,190,188,190,94100
3011.T,143,144,141,144,6800
3020.T,4760,4770,4740,4770,700
3021.T,1638,1651,1626,1648,9300
3023.T,2082,2086,2059,2080,14100
3024.T,1183,1199,1182,1186,2100
3028.T,2310,2323,2303,2308,55700
302A.T,627,627,580,595,33700
3030.T,863,883,863,879,23400
3031.T,690,690,679,679,122400
3034.T,2326,2360,2314,2355,72300
3035.T,771,777,771,775,9900
3036.T,3420,3425,3365,3365,66500
3038.T,2967,3015,2935,2966.5,1432600
303A.T,577,597,570,597,8400
3040.T,2536,2677,2528,2670,163200
3041.T,402,403,402,402,3900
3042.T,311,312,301,304,19500
3045.T,1470,1470,1469,1470,900
3046.T,5900,5930,5840,5890,97100
3048.T,1718.5,1745,1715.5,1726,439400
304A.T,2000,2033,2000,2030,2200
3050.T,1602,1604,1585,1595,132400
3053.T,202,204,200,202,244800
3054.T,373,373,368,371,24300
3058.T,721,721,719,719,1500
3059.T,709,711,709,711,2700
3063.T,1177,1184,1176,1177,18500
3064.T,1963.5,1980,1933.5,1938,1400700
3065.T,1589,1589,1586,1586,700
3067.T,466,468,463,463,52700
3068.T,3060,3060,3055,3060,1100
3069.T,165,165,161,162,143200
3070.T,54,54,44,45,3469600
3071.T,103,103,101,102,24000
3075.T,1730,1730,1693,1705,26800
3076.T,2993,3010,2961,2966,102600
3077.T,1350,1355,1311,1339,18200
3080.T,824,830,818,824,10900
3082.T,985,986,978,978,12300
3083.T,1201,1214,1166,1210,213100
3086.T,2690,2699.5,2660,2670,457400
3087.T,3230,3245,3200,3200,86100
3088.T,2509,2537,2497,2516,1504800
3089.T,1056,1079,1056,1076,18700
3091.T,2796,2828,2773,2800,52600
3092.T,1141,1158,1128.5,1141,2108900
3093.T,1921,1985,1906,1980,134900
3096.T,1618,1619,1612,1612,7100
3097.T,5330,5410,5210,5210,136800
3099.T,3295,3355,3290,3348,1429300
3101.T,1645,1673,1644,1661,286600
3103.T,1561,1561,1475,1477,3395400
3104.T,3255,3330,3255,3290,63100
3105.T,2480,2537.5,2469,2511.5,752900
3106.T,11450,11680,11330,11590,31800
3107.T,3718,3733,3669,3707,252900
3109.T,1063,1066,1057,1061,38000
3110.T,3150,3165,3020,3025,3365400
3111.T,179,183,174,174,34100
3113.T,81,82,81,82,50600
3116.T,2250,2256.5,2233,2248,369500
3121.T,253,257,253,256,24400
3123.T,650,651,649,649,500
3131.T,7510,7660,7350,7510,61400
3132.T,4100,4225,4092,4209,1026500
3133.T,50,51,46,47,1556800
3134.T,296,296,291,294,25800
3135.T,1172,1200,1166,1199,51800
3137.T,216,217,212,212,27500
3138.T,1150,1163,1150,1155,4300
3139.T,3445,3465,3445,3455,16100
313A.T,272.6,275.5,271.5,271.8,103240
3140.T,1017,1021,1017,1019,5000
3143.T,723,729,721,724,3600
3148.T,3300,3320,3280,3300,48900
314A.T,321.4,322,319.5,320.8,2198230
3150.T,2431,2452,2429,2430,32500
3151.T,1628,1631,1611,1615,54000
3153.T,3280,3290,3140,3145,69300
3154.T,792,795,786,788,13400
3156.T,6050,6160,5960,6120,118700
3157.T,1431,1431,1427,1431,4500
3159.T,382,384,379,382,68800
315A.T,1921,1933,1902,1912,80302
3160.T,589,597,585,596,57300
3161.T,675,676,670,673,3600
3166.T,1441,1452,1441,1442,3500
3167.T,1383,1383,1349,1361,1117300
3168.T,1280,1295,1264,1278,44600
3169.T,686,692,686,692,13500
316A.T,2801,2806,2789,2791,354299
3172.T,1125,1126,1125,1126,3600
3173.T,1412,1431,1411,1427,8600
3174.T,392,392,385,385,30700
3175.T,981,983,980,981,26700
3176.T,1160,1166,1130,1136,439400
3177.T,4550,4570,4515,4570,800
3178.T,1204,1206,1200,1204,25700
3179.T,1272,1294,1265,1289,127900
3180.T,1620,1647,1620,1647,31100
3181.T,1060,1066,1052,1066,6900
3182.T,1621,1625,1603,1624,77900
3183.T,1280,1282,1272,1277,14500
3184.T,4085,4085,4085,4085,700
3185.T,119,119,114,115,274700
3186.T,2931,2959,2890,2922,405600
3187.T,425,431,405,407,84500
3189.T,117,118,111,113,504000
318A.T,341.4,346.6,341.4,346.5,904390
3190.T,581,586,580,585,2900
3191.T,2262,2288,2245,2284,93500
3192.T,261,265,261,262,41600
3193.T,1323,1323,1294,1294,172500
3195.T,451,458,449,452,68500
3196.T,1660,1670,1634,1635,74700
3197.T,3230,3245,3179,3184,704500
3199.T,1317,1317,1308,1309,59900
319A.T,19660,20460,19500,20070,36500
3201.T,1986,2003,1980,1992,36800
3202.T,131,131,129,131,63200
3204.T,503,503,500,501,2800
3205.T,737,741,734,741,80600
3221.T,3205,3210,3155,3160,58900
3222.T,835,838,828,832,308800
3223.T,982,991,982,990,2500
3224.T,689,693,686,688,8400
3226.T,114600,116700,114400,116200,5371
3231.T,908,912.7,903.1,907.2,3779600
3232.T,607,610,600,607,227300
3234.T,121800,122700,121500,122300,4253
3236.T,285,285,281,281,38500
3237.T,94,96,94,95,106900
3238.T,383,383,382,383,32500
323A.T,375,382,372,376,77600
3241.T,595,600,590,595,12400
3242.T,526,530,524,528,58500
3245.T,1087,1090,1078,1081,737300
3246.T,695,695,690,692,5100
3248.T,892,892,888,888,2000
3249.T,134200,134900,133400,133500,5398
324A.T,721,749,721,742,21200
3252.T,2811,2820,2786,2787,127500
325A.T,1884,1983,1872,1946,286800
3261.T,433,436,431,433,11300
3266.T,79,80,79,80,22900
3267.T,620,621,608,617,35600
3269.T,139800,142900,139800,142100,10436
3276.T,2266,2268,2266,2266,10500
3277.T,825,832,820,824,14700
3279.T,130100,131000,130000,130400,2151
3280.T,937,943,937,938,2200
3281.T,132600,134500,132300,133700,7910
3282.T,96000,96500,95600,96200,3631
3283.T,84500,84700,83900,84200,8082
3284.T,1304,1304,1286,1297,211100
3286.T,882,882,881,881,1400
3287.T,237600,237900,235600,236800,1026
3288.T,7541,7695,7518,7620,216100
3289.T,1270,1285.5,1266,1281,1898000
328A.T,1351,1351,1335,1337,177
3290.T,75800,76100,75300,75400,2437
3291.T,2242,2265.5,2230,2252.5,329800
3292.T,112200,113700,112000,112800,7183
3293.T,765,767,764,764,2600
3295.T,147200,147500,146500,146600,1929
3296.T,80500,80900,80400,80600,2362
3297.T,1183,1185,1179,1184,1400
3299.T,1715,1718,1696,1713,90900
3300.T,1893,1894,1874,1880,38400
3302.T,3165,3200,3145,3150,40100
3306.T,727,785,727,783,146000
3309.T,70400,71000,70200,70600,11729
330A.T,557,557,541,545,9500
3315.T,100,101,98,100,6047400
3317.T,1492,1492,1485,1485,400
331A.T,486,488,484,487,8300
3320.T,1309,1309,1295,1301,10000
3321.T,1827,1830,1805,1813,45700
3323.T,93,95,92,94,305500
3326.T,685,688,678,685,5700
3329.T,2144,2148,2138,2147,4300
332A.T,1275,1285,1227,1229,82200
3333.T,1310,1310,1289,1290,134000
3349.T,6392,6477,6334,6419,249900
334A.T,1110,1170,1110,1170,12600
3350.T,280,294,278,288,50002000
3352.T,1849,1849,1826,1828,900
3353.T,2795,2795,2787,2790,2400
3355.T,1829,1848,1813,1841,28000
3358.T,95,95,93,93,79900
3359.T,525,525,510,516,251100
335A.T,335,335,324,324,11700
3360.T,2463.5,2479.5,2438.5,2438.5,150100
3361.T,893,896,891,891,4200
336A.T,1355,1419,1336,1382,1331600
3370.T,483,493,475,487,19200
3371.T,2179,2217,2152,2213,146900
3372.T,221,221,220,220,24000
3374.T,4150,4430,4135,4430,52400
3375.T,1800,1800,1752,1794,1800
3377.T,390,391,388,390,3100
3382.T,2007,2021,1996.5,2007.5,4498000
3386.T,1241,1258,1241,1257,3700
3387.T,759,759,750,750,734900
3388.T,2135,2139,2127,2128,26800
338A.T,3350,3390,3185,3275,420200
3391.T,2120,2175.5,2115,2167.5,1313700
3392.T,792,793,775,777,73400
3393.T,3270,3295,3225,3280,39200
3395.T,2545,2549,2505,2509,165200
3396.T,866,866,861,863,1200
3397.T,4373,4382,4317,4317,319800
3399.T,3900,3915,3845,3885,67600
339A.T,938,948,938,944,6100
3401.T,1700,1719,1690,1709.5,366100
3402.T,1250,1265.5,1246,1249,2689600
3405.T,1790.5,1802,1777,1790,1152300
3407.T,1612.5,1617,1603,1605.5,1880200
3409.T,86,88,83,84,84900
340A.T,315,323,315,323,7300
3415.T,350,359,349,355,269100
3416.T,898,898,885,891,1700
3417.T,1007,1010,990,999,24500
3418.T,1050,1053,1047,1051,12100
341A.T,2341,2449,2330,2411,70300
3420.T,1563,1569,1562,1566,3500
3421.T,1624,1639,1624,1628,28600
3422.T,611,621,606,618,32900
3423.T,273,273,264,265,90800
3426.T,1309,1309,1298,1299,1000
3431.T,1563,1563,1542,1548,119900
3433.T,2887,2902,2875,2892,131200
3434.T,1246,1247,1244,1244,2000
3435.T,1543,1543,1527,1527,1600
3436.T,3072,3226,3045,3102,8864800
3437.T,2672,2672,2672,2672,500
3439.T,678,679,678,679,300
343A.T,1338,1348,1318,1330,11300
3440.T,866,875,866,875,27500
3441.T,1817,1852,1800,1815,89700
3443.T,1407,1419,1400,1401,127300
3444.T,1158,1184,1120,1123,344800
3445.T,6000,6080,5930,5980,212300
3446.T,1531,1590,1531,1581,24600
3447.T,1025,1025,1015,1023,24600
3449.T,4625,4675,4385,4450,132800
3451.T,129100,130300,128900,129400,430
3452.T,1471,1471,1450,1457,53100
3454.T,1253,1272,1253,1271,4600
3455.T,96400,96900,96000,96500,1983
3457.T,922,923,916,917,49100
3459.T,85700,86000,85300,85600,1599
345A.T,15600,15600,15600,15600,231
3461.T,630,638,630,636,7900
3462.T,140200,142600,140200,142100,5436
3463.T,108800,108800,107300,107400,821
3465.T,3250,3310,3240,3290,116100
3466.T,140800,147100,140500,145800,17511
3467.T,2820,2838,2808,2817,3900
3468.T,54500,55000,54000,54500,8161
3469.T,881,886,881,882,4700
346A.T,5190,5195,5161,5170,15690
3470.T,97400,98700,97400,98300,664
3471.T,100800,101900,99800,100800,9730
3472.T,67400,67400,66900,67200,1238
3474.T,599,599,596,597,1600
3475.T,1492,1510,1488,1504,99200
3476.T,41600,41750,41200,41200,3188
3477.T,923,923,912,919,2600
3479.T,1903,1903,1863,1876,35600
3481.T,112600,113500,112500,112800,2116
3482.T,2570,2598,2551,2588,57700
3484.T,1230,1250,1224,1228,10200
3486.T,2037,2060,2025,2045,61800
3487.T,136600,137000,136000,136500,963
3488.T,105100,105400,104800,105000,593
3489.T,788,790,782,783,55000
348A.T,300,300,298,298.2,20460
3490.T,3065,3070,3050,3050,3000
3491.T,1345,1362,1318,1330,249100
3492.T,79200,79500,78700,78700,5764
3494.T,452,453,449,450,16300
3495.T,2281,2281,2281,2281,100
3496.T,4885,4950,4855,4895,30900
3498.T,7280,7590,7150,7490,325200
349A.T,827,827,820.5,820.5,700
3501.T,1206,1209,1196,1196,10600
350A.T,716,724,695,695,402400
3512.T,1013,1100,1013,1072,32800
3513.T,3885,3920,3725,3910,6100
3521.T,158,158,157,158,16900
3524.T,1480,1480,1480,1480,12600
3529.T,1040,1044,1017,1020,40100
352A.T,536,546,536,539,3000
3536.T,127,127,126,126,4700
3537.T,1848,1900,1815,1833,40800
3538.T,1041,1041,1036,1038,4000
3539.T,1401,1438,1400,1437,95700
3542.T,1546,1580,1510,1545,12900
3543.T,2860,2877,2848,2856,168400
3544.T,1247,1249,1247,1248,7200
3547.T,1948,1950,1928,1930,23600
3548.T,670,672,667,667,127200
3549.T,3960,4013,3950,3972,162000
354A.T,3405,3405,3336,3337,37983
3550.T,217,217,216,216,2700
3551.T,1572,1585,1565,1566,12200
3553.T,939,939,927,930,39300
3556.T,810,814,804,806,46900
3557.T,506,510,506,506,5300
3558.T,1894,1894,1866,1877,34900
3559.T,460,461,457,458,2900
3560.T,5150,5150,5000,5080,7600
3561.T,1495,1516,1489,1503,104100
3562.T,1583,1594,1583,1586,9300
3563.T,5050,5075,4863,4868,3477200
3565.T,521,536,514,514,183700
3566.T,731,732,721,727,2700
3569.T,3320,3330,3275,3285,72300
356A.T,1580,1580,1569,1571,24293
3571.T,728,728,723,725,6600
3577.T,930,930,922,926,1900
3580.T,763,765,756,756,33400
3583.T,1368,1368,1351,1351,1400
3591.T,3935,3983,3921,3956,95100
3597.T,9010,9040,9000,9040,800
3598.T,167,167,162,164,63200
3607.T,370,370,366,367,17000
3608.T,1229,1245,1227,1238,157500
3611.T,2387,2414,2387,2393,21600
3612.T,1597,1609,1594,1599,152600
3622.T,499,499,494,495,800
3623.T,1277,1277,1261,1263,5000
3624.T,87,96,87,89,1030500
3625.T,682,687,681,682,4900
3626.T,4036,4075,3971,3988,573400
3627.T,265,265,263,264,7600
3628.T,715,747,713,726,32400
3632.T,427,428,424,424,410700
3633.T,2601,2620,2562,2578,22800
3634.T,595,599,595,599,1300
3635.T,1688,1699,1673,1685,528800
3636.T,4900,4955,4855,4940,28900
3639.T,236,236,234,236,2500
363A.T,2720,2720,2668,2681,666
3640.T,2830,2860,2819,2822,8300
3641.T,999,999,996,996,5400
3645.T,255,256,254,255,10900
3646.T,358,358,355,355,8000
3647.T,117,118,116,117,22400
3648.T,1070,1073,1061,1071,10900
3649.T,882,902,882,894,48700
364A.T,2420,2420,2402,2406,2239
3652.T,3145,3290,3100,3145,83700
3653.T,1126,1255,1112,1143,562300
3656.T,186,189,183,186,1663600
3657.T,383,383,375,376,440800
3659.T,3238,3238,3145,3170,2693400
365A.T,796,797,794,795,19900
3660.T,508,508,484,498,1080800
3661.T,806,821,800,813,262100
3662.T,937,941,934,935,74400
3663.T,1853,1919,1850,1872,218400
3664.T,24,25,23,24,37649600
3665.T,415,419,412,413,168900
3667.T,27,28,26,28,287000
3668.T,452,457,449,454,375400
366A.T,1149,1178,1149,1177,18900
3670.T,1700,1711,1700,1711,600
3671.T,308,309,306,308,8100
3672.T,28,30,28,28,133300
3673.T,483,494,479,489,616000
3674.T,339,342,337,341,16500
3675.T,602,602,598,599,7800
3676.T,1049,1056,1048,1049,83300
3678.T,1230,1244,1229,1241,29900
3679.T,445,445,438,439,466900
367A.T,2715,2774,2715,2764,31100
3680.T,202,204,202,204,6800
3682.T,584,586,584,586,700
3683.T,1093,1104,1080,1081,15300
3686.T,60,61,59,60,98800
3687.T,2242,2277,2218,2233,395100
368A.T,1467,1477,1424,1429,88100
3690.T,575,578,571,571,9800
3691.T,1909,1979,1896,1920,14300
3692.T,7680,7850,7410,7640,194100
3694.T,474,488,474,485,329600
3695.T,1664,1725,1664,1704,15100
3696.T,2200,2240,2198,2199,67900
3697.T,866.1,896.7,866.1,886.3,3114400
3698.T,1232,1237,1224,1237,10800
369A.T,2686,2807,2686,2788,19600
3708.T,2216,2228,2185,2226,69500
3710.T,642,647,642,647,6200
3712.T,1017,1017,1009,1012,1800
3719.T,116,116,114,115,195700
3723.T,2845,2979,2800,2923,63300
3726.T,392,395,387,387,30100
3727.T,168,169,166,166,43800
372A.T,5580,5630,5560,5570,3900
3733.T,11880,12090,11850,11890,6000
373A.T,1471,1487,1471,1485,1800
3741.T,3290,3390,3275,3330,86200
3744.T,467,468,461,465,9400
3747.T,408,410,404,408,20100
3750.T,846,859,846,852,8000
3753.T,210,214,209,212,76200
3758.T,250,250,247,248,10200
3760.T,719,724,710,714,5900
3762.T,2488,2556,2475,2532,205300
3763.T,2188,2199,2115,2131,45600
3765.T,2532,2545,2511,2511,169800
3766.T,1487,1520,1458,1480,1000
3768.T,560,568,553,567,2200
3769.T,8679,8803,8661,8777,191600
376A.T,4711,4712,4710,4710,30117
3771.T,1936,1942,1914,1929,142100
3772.T,1118,1118,1107,1112,23900
3773.T,1080,1080,1034,1037,27000
3774.T,3399,3458,3383,3441,324400
3776.T,249,257,248,255,318300
3777.T,43,45,43,44,1219500
3778.T,3825,3890,3820,3860,444400
3779.T,123,125,123,125,18600
3787.T,677,679,676,676,39000
3788.T,2000,2040,1988,2000,37300
378A.T,916,920,909,910,30200
3791.T,1060,1086,1060,1078,74100
3793.T,568,579,560,578,102400
3796.T,334,346,331,337,85900
3798.T,570,574,566,570,240500
3799.T,1150,1156,1146,1152,16300
379A.T,1349,1355,1349,1355,32
3800.T,1978,1979,1975,1978,2300
3802.T,505,509,505,508,3100
3803.T,582,620,582,607,9300
3804.T,444,449,442,444,6300
3807.T,92,94,91,93,365200
380A.T,910,912,905,910,9115
3810.T,184,192,184,189,893800
3815.T,436,436,433,435,6200
3816.T,1092,1098,1092,1098,300
3817.T,4795,4815,4745,4780,21400
381A.T,2127,2127,2117,2117,9620
3823.T,41,42,40,40,2704700
3825.T,242,248,238,245,2047300
3826.T,500,500,494,497,12700
382A.T,1864,1864,1859,1859,88330
3834.T,608,610,606,608,32600
3835.T,433,436,432,433,26600
3836.T,1211,1226,1204,1216,54400
3837.T,1375,1380,1364,1364,51100
3839.T,625,627,624,625,10800
383A.T,2578,2578,2542,2544,1467
3840.T,62,63,62,63,172900
3841.T,1349,1349,1322,1323,500
3842.T,1275,1320,1272,1317,17500
3843.T,1698,1723,1685,1685,24600
3844.T,1328,1343,1323,1330,302600
3845.T,327,329,313,321,89500
3848.T,825,840,824,835,3100
3850.T,3995,4030,3960,3980,46700
3851.T,1443,1461,1420,1424,71400
3853.T,1115,1130,1096,1097,124900
3854.T,2160,2210,2160,2176,81900
3856.T,227,235,226,230,334100
3858.T,318,318,314,315,21000
3861.T,875.7,881.3,872.1,872.2,2214100
3863.T,1323,1327,1311,1319,255900
3864.T,1234,1234,1210,1221,116200
3865.T,920,926,908,917,132000
386A.T,1250,1253,1246,1246,4100
3877.T,2252,2258,2242,2251,32000
3878.T,843,854,841,847,18800
387A.T,923,936,923,936,1500
3880.T,1024,1025,1001,1009,305900
3891.T,6950,6980,6780,6780,91800
3892.T,1600,1605,1599,1601,2000
3895.T,460,463,460,463,12700
3896.T,416,428,416,425,11300
3900.T,673,684,670,674,64600
3901.T,1516,1530,1506,1510,38600
3903.T,198,207,197,205,1207300
3904.T,419,422,417,420,11800
3905.T,1892,1932,1718,1782,13552500
3907.T,2100,2385,2100,2219,1043100
3908.T,365,369,365,365,10300
3909.T,195,195,191,192,3900
3910.T,294,294,287,291,6900
3911.T,173,174,172,174,120500
3912.T,1135,1144,1134,1138,28300
3913.T,1120,1145,1106,1143,15200
3914.T,2710,2763,2690,2711,22600
3915.T,2329,2370,2292,2292,68300
3916.T,949,961,943,950,52700
3917.T,499,504,490,493,25400
3918.T,1181,1186,1178,1180,9300
3920.T,993,993,989,989,800
3921.T,1682,1685,1667,1671,14100
3922.T,2206,2210,2175,2175,24000
3923.T,1072.5,1092,1061.5,1074,1626800
3925.T,1315,1324,1300,1321,52900
3926.T,436,441,423,423,24200
3927.T,897,921,893,910,12700
3928.T,242,243,239,241,6800
3929.T,256,262,252,261,202900
392A.T,287.5,288,286.2,286.3,176300
3930.T,767,768,762,765,7100
3931.T,1503,1503,1490,1490,1100
3932.T,3845,3920,3840,3880,69200
3933.T,547,547,541,542,1100
3934.T,2297,2327,2295,2295,1400
3935.T,732,741,728,732,19200
3936.T,134,136,133,133,171500
3937.T,1152,1164,1143,1150,35800
3939.T,495,499,493,495,104800
3940.T,135,135,132,132,162100
3941.T,1537,1555,1536,1542.5,513100
3943.T,1336,1345,1326,1328,4400
3944.T,3115,3115,3070,3070,600
3945.T,2207,2207,2181,2181,600
3946.T,4445,4465,4425,4430,89200
3947.T,2481,2506,2459,2468,8300
3948.T,1182,1184,1182,1182,800
394A.T,525,525,525,525,40
3950.T,1482,1482,1450,1451,66000
3951.T,913,915,908,911,7600
3953.T,784,794,783,794,3600
3954.T,3020,3165,3020,3165,1600
3955.T,865,869,865,868,900
3958.T,544,544,536,536,17900
395A.T,1080,1087,1070,1087,28750
3962.T,1001,1005,993,994,139100
3963.T,330,337,325,326,42400
3964.T,1335,1365,1331,1354,463400
3965.T,889,893,885,893,14300
3967.T,571,578,571,577,14300
3968.T,660,672,653,672,218900
3969.T,1401,1406,1398,1406,7200
396A.T,472.3,473,472.3,473,20
3970.T,845,845,842,843,2200
3974.T,658,662,654,657,6100
3976.T,572,588,558,584,30500
3979.T,483,483,460,460,19000
3981.T,1221,1225,1213,1213,4200
3983.T,1904,1916,1891,1905,24100
3984.T,1555,1605,1555,1591,73100
3985.T,197,197,195,197,13700
3986.T,478,481,478,478,2400
3987.T,626,627,620,624,10400
3988.T,562,562,545,560,59500
3989.T,1545,1546,1545,1546,479300
3991.T,943,958,943,956,1500
3992.T,474,475,467,468,71900
3993.T,3160,3240,3130,3200,113300
3994.T,5735,5908,5718,5763,362300
3996.T,214,219,214,218,45900
3997.T,441,462,432,436,407700
3998.T,290,292,288,288,6000
399A.T,2400,2400,2361,2361,55551
4004.T,14495,15030,14220,14820,2044600
4005.T,589.5,596,586.5,588.4,6076200
4008.T,1508,1529,1507,1522,125300
4011.T,2402,2437,2355,2395,24100
4012.T,1737,1746,1722,1746,4700
4013.T,652,673,646,664,43600
4014.T,460,460,436,443,100200
4015.T,521,528,516,523,18800
4016.T,1085,1095,1085,1089,5600
4017.T,212,212,209,211,6100
4019.T,629,636,620,628,88700
401A.T,99000,99000,97600,97900,896
4020.T,815,825,813,825,2600
4021.T,8346,8346,8217,8229,254600
4022.T,1901,1936,1872,1882,586100
4023.T,4160,4180,4110,4115,274200
4025.T,5800,5850,5770,5780,12300
4026.T,1553,1560,1547,1553,37900
4027.T,2360,2397,2340,2377,25100
4028.T,2930,2939,2903,2916,139200
402A.T,543,564,542,552,1241100
4031.T,1101,1101,1080,1085,9400
4040.T,3950,4095,3950,4015,13100
4041.T,3850,3875,3815,3855,130000
4042.T,2620,2654.5,2615,2640.5,711000
4043.T,4194,4260,4193,4218,234600
4044.T,4540,4635,4535,4575,50200
4045.T,1810,1825.5,1808,1820.5,111000
4046.T,2016,2032,1980,1991,250300
4047.T,2350,2416,2330,2398,987800
404A.T,1276,1276,1245,1250,7981
4051.T,6160,6250,6130,6160,13900
4052.T,1085,1135,1083,1135,794700
4053.T,485,509,481,506,218300
4054.T,521,522,520,522,12900
4055.T,1692,1700,1664,1670,36200
4056.T,204,218,204,216,213400
4057.T,347,350,347,350,19200
4058.T,2341,2351,2311,2311,19700
4059.T,384,384,377,377,4900
4060.T,1190,1205,1190,1205,1200
4061.T,3317,3379,3315,3348,382100
4062.T,21355,22935,21250,22320,11370000
4063.T,5795,5920,5795,5880,5829200
4064.T,3570,3625,3555,3605,71700
4068.T,1794,1794,1782,1785,2700
4069.T,664,679,655,657,8000
4071.T,2100,2142,2097,2115,138000
4072.T,3220,3260,3205,3230,29000
4073.T,540,649,528,649,619300
4074.T,776,786,771,784,1600
4075.T,1598,1731,1492,1535,1651100
4076.T,2011,2015,1997,2005,44800
4078.T,3745,3785,3715,3725,114200
407A.T,933,935,925,928,7600
4082.T,2452,2468,2332,2332,313300
4088.T,2965,3060,2955,2958,790600
408A.T,303.7,306,302.8,302.8,1006830
4091.T,5495,5667,5490,5591,659100
4092.T,5730,5880,5720,5720,101000
4093.T,436,436,432,435,8900
4094.T,2316,2316,2280,2285,19500
4095.T,1776,1786,1769,1780,139100
4097.T,1240,1247,1225,1230,38500
4098.T,992,1001,992,994,4900
4099.T,2245,2286,2228,2256,655600
409A.T,1154,1175,1148,1166,191700
4100.T,1764,1874,1764,1855,74900
4102.T,1460,1460,1445,1445,300
4107.T,3885,3970,3885,3895,109100
4109.T,5340,5430,5330,5390,31700
410A.T,1126,1146,1126,1132,27200
4112.T,2111,2168,2110,2149,39800
4113.T,803,815,801,814,22500
4114.T,2580,2605.5,2574,2592.5,766100
4116.T,1330,1338,1326,1332,124000
4118.T,6050,6121,6030,6086,118800
4119.T,6110,6110,6050,6050,900
4120.T,2882,2882,2882,2882,500
4124.T,3020,3050,3020,3040,1300
4125.T,3650,3740,3640,3650,12000
412A.T,4696,4748,4696,4730,10603
413A.T,4000,4040,3972,4028,4329
414A.T,880,886,876,881,60000
4151.T,2291.5,2291.5,2247.5,2247.5,1461900
415A.T,5460,5460,5160,5340,3700
4165.T,684,696,678,683,260400
4166.T,633,640,633,640,600
4167.T,339,354,335,347,41200
4168.T,805,814,803,806,37100
4169.T,260,265,256,260,267400
416A.T,1365,1380,1365,1378,21000
4170.T,116,118,115,115,182700
4172.T,2330,2360,2330,2360,900
4174.T,1030,1041,981,1006,169800
4175.T,3095,3095,3035,3055,3400
4176.T,282,282,277,278,73600
4177.T,1441,1441,1401,1422,21700
4178.T,553,553,546,547,2500
4179.T,357,367,346,350,38700
417A.T,1904,1904.5,1884,1890.5,175700
4180.T,1493,1523,1474,1497,640800
4182.T,3800,3874,3800,3839,597900
4183.T,2180.5,2210,2156,2157,1765000
4186.T,8223,8444,8171,8314,686700
4187.T,4145,4260,4100,4225,120000
4188.T,1188,1207.5,1172,1172,4499300
4189.T,3225,3260,3210,3240,86600
4192.T,328,328,319,324,94500
4193.T,2180,2186,2175,2177,10200
4194.T,8354,8645,8314,8414,173200
4196.T,1336,1371,1336,1364,86300
4197.T,2363,2375,2361,2361,800
4198.T,514,515,507,513,7500
4199.T,806,820,802,820,3400
4202.T,1445,1445.5,1427.5,1437,783700
4203.T,7915,8040,7907,8002,444200
4204.T,2484.5,2532,2482.5,2519.5,1333100
4205.T,2386.5,2433.5,2384,2429,557400
4206.T,4245,4262,4202,4242,119200
4208.T,3452,3474,3430,3431,554500
4212.T,3000,3010,2970,2992,34400
4216.T,6060,6130,6060,6090,12600
4218.T,1938,1953,1933,1940,51800
421A.T,3780,4010,3770,3985,93500
4220.T,2369,2390,2363,2374,197500
4221.T,5790,5790,5710,5720,37100
4222.T,680,686,674,679,305700
4224.T,2120,2124,2110,2116,11700
4228.T,615,624,614,614,178100
4229.T,4210,4275,4210,4270,12000
4231.T,1030,1045,1030,1042,9700
4234.T,1024,1040,1014,1016,18700
4235.T,688,688,678,681,13800
4237.T,334,340,334,335,15000
4238.T,1990,2017,1975,1997,91100
423A.T,324,324,322,323,9600
4240.T,308,311,308,309,6500
4241.T,750,750,724,731,66800
4242.T,1746,1752,1745,1752,1600
4243.T,1050,1067,1034,1066,2300
4245.T,727,727,717,718,17800
4246.T,1098,1107,1098,1101,142200
4247.T,1402,1405,1390,1403,400
4248.T,880,882,876,880,14200
4249.T,2879,2904,2862,2884,12700
424A.T,330,330,324.6,326.1,848320
4251.T,1193,1206,1193,1197,63100
4255.T,3570,3675,3485,3495,21500
4256.T,1126,1148,1126,1148,11300
4258.T,5850,5870,5630,5800,55100
4259.T,960,961,903,905,1191200
425A.T,363.6,363.6,360.8,362,222410
4260.T,203,206,203,205,6100
4261.T,2959,2983,2931,2936,3400
4262.T,1392,1401,1392,1401,4700
4263.T,435,444,428,434,168000
4264.T,1400,1432,1398,1424,15300
4265.T,283,284,274,280,22300
426A.T,1201,1201,1191,1195,2215
4270.T,1887,1913,1884,1909,3800
4272.T,2102,2135.5,2097.5,2130,459200
4274.T,1163,1190,1125,1131,70100
4275.T,2077,2091,2007,2007,90500
4284.T,455,459,453,454,30400
4286.T,1327,1396,1327,1357,36800
4287.T,485,487,484,486,11000
4288.T,432,439,420,420,17500
428A.T,1700,1750,1663,1727,29900
4290.T,708,716,706,714,897000
4293.T,504,514,501,505,403100
4299.T,1208,1222,1208,1215,3000
429A.T,3865,3905,3820,3845,406400
4301.T,1879,1891,1861,1880,24700
4307.T,5002,5115,5000,5041,1571800
4308.T,358,360,357,359,12000
4310.T,2555,2598,2544,2564,12800
4316.T,69,83,59,60,936600
4317.T,560,569,560,567,2800
4318.T,863,866,856,858,59000
431A.T,2761,2791,2741,2768,7600
4320.T,1628,1630,1627,1629,266500
4323.T,1910,1925,1887,1913,40000
4324.T,3591,3607,3562,3570,552900
4326.T,2000,2008,1962,2008,16100
4331.T,751,753,745,746,18800
4334.T,380,382,378,381,13200
4335.T,1084,1091,1082,1083,3600
4337.T,2646,2661,2606,2610,22200
4341.T,918,921,910,921,1900
4343.T,2736,2768,2724,2751,63700
4344.T,101,104,101,103,2138500
4345.T,845,857,845,853,95000
4346.T,1039,1045,1024,1027,56500
4347.T,1871,1919,1848,1890,28500
4350.T,525,530,516,519,72500
4351.T,835,837,829,837,3500
4356.T,1620,1620,1606,1606,200
435A.T,2821,2821,2773,2775,202645
4360.T,993,995,975,979,2500
4361.T,1637,1649,1630,1633,4200
4362.T,2700,2708,2686,2693,14800
4365.T,23880,23880,23630,23630,200
4366.T,481,497,478,483,146500
4368.T,3030,3095,3010,3015,434400
4369.T,2989,3060,2974,3015,508200
436A.T,1341,1344,1288,1300,36300
4370.T,421,456,419,437,136200
4371.T,1481,1486,1468,1485,4100
4372.T,1345,1345,1345,1345,200
4373.T,1143,1168,1142,1155,1718200
4374.T,2493,2536,2487,2500,3700
4375.T,690,698,685,690,117300
4376.T,178,178,174,174,39700
4377.T,2422,2457,2377,2377,72400
4378.T,478,480,474,480,4000
4379.T,510,524,500,512,132500
4380.T,709,709,699,708,2000
4381.T,210,232,208,230,267300
4382.T,850,860,832,839,144800
4385.T,3691,3723,3584,3584,1861600
4386.T,898,899,894,899,8000
4387.T,581,583,571,577,5600
4388.T,362,369,362,367,5900
4389.T,1054,1069,1053,1056,2500
438A.T,1036,1048,1021,1035,45400
4390.T,4120,4285,4100,4165,65400
4391.T,1125,1141,1125,1141,800
4392.T,994,1003,972,990,1166700
4393.T,6100,6270,5990,6020,49100
4394.T,692,702,678,693,34000
4395.T,567,586,567,581,38500
4396.T,1380,1401,1377,1382,40900
4397.T,400,400,393,396,20000
4398.T,1339,1340,1314,1315,4700
4401.T,4620,4629,4593,4600,135900
4403.T,2587,2614,2577.5,2577.5,514900
4404.T,2257,2257,2196,2219,23400
4406.T,233,236,232,235,126400
4409.T,795,805,794,805,3600
4410.T,1140,1159,1139,1145,72300
4412.T,1341,1410,1337,1391,20900
4413.T,2965,2966,2964,2965,277900
4414.T,1115,1130,1113,1121,7000
4415.T,1419,1425,1404,1412,8700
4416.T,413,413,405,409,6800
4417.T,5750,5750,5480,5650,53700
4418.T,1181,1208,1171,1198,219800
4419.T,1410,1433,1394,1414,254300
441A.T,266,272,264,269,60700
4420.T,822,824,821,824,229800
4421.T,950,951,948,948,6900
4422.T,498,506,494,505,41900
4424.T,319,326,315,318,38600
4425.T,1465,1516,1465,1482,187900
4427.T,222,225,221,223,13900
4428.T,717,717,700,707,1000
4429.T,744,744,735,741,3800
442A.T,761,771,761,768,9600
4430.T,1750,1756,1743,1746,9100
4431.T,3340,3415,3340,3360,37800
4432.T,3315,3335,3270,3320,61800
4433.T,860,861,854,859,32500
4434.T,2465,2519,2455,2493,30500
4437.T,719,755,713,750,6400
4438.T,321,321,290,293,138100
4439.T,805,809,801,809,8000
443A.T,1835,1835,1795,1804,37145
4440.T,2423,2910,2370,2783,1528400
4441.T,1518,1525,1500,1520,8400
4442.T,405,408,405,407,100200
4443.T,2071,2112,2064,2089,1932000
4444.T,956,990,956,978,4200
4445.T,1950,1950,1925,1925,2700
4446.T,780,814,761,775,582600
4447.T,500,503,500,502,16600
4448.T,357,370,355,370,72400
4450.T,2359,2363,2352,2361,2500
4452.T,3460,3490,3448,3482,1308000
4461.T,13390,14230,13340,13850,138700
4462.T,2835,2841,2768,2801,95400
4463.T,1986,2005,1983,1992,5500
4464.T,4050,4050,4050,4050,600
4465.T,2469,2478,2445,2445,15000
446A.T,2315,2408,2276,2377,692600
4471.T,6340,6460,6290,6400,80500
4475.T,1790,1810,1763,1779,352900
4476.T,1099,1100,1082,1089,11700
4477.T,337,339,337,338,676900
4478.T,3800,3825,3760,3795,296100
4479.T,970,995,968,989,26700
447A.T,273,273,268.8,269.7,148870
4480.T,2387,2420,2359,2360,165300
4481.T,3230,3235,3205,3210,60700
4482.T,746,747,743,747,22500
4483.T,3570,3700,3560,3680,180600
4484.T,300,301,298,300,26300
4486.T,686,692,686,691,5400
4487.T,229,229,224,227,2700
4488.T,2174,2174,2145,2155,2800
448A.T,257.5,259.9,255.7,256.2,32050
4490.T,657,674,657,672,17200
4491.T,3255,3285,3255,3275,3700
4492.T,399,400,390,392,17300
4493.T,1998,2070,1990,2045,352700
4495.T,2061,2100,2050,2086,16200
4496.T,773,780,770,770,1200
4498.T,1178,1209,1176,1182,40000
4499.T,2236,2343,2227,2313,75500
449A.T,831.3,831.3,827,827,3610
4502.T,6030,6030,5876,5877,4357600
4503.T,2401.5,2402,2352,2360,4728000
4506.T,1594.5,1620.5,1584,1589.5,2010300
4507.T,2945,2958,2914.5,2927.5,1439800
450A.T,792.1,792.1,790,790,730
4512.T,298,301,295,297,28500
4516.T,3475,3513,3459,3500,313300
4519.T,6799,6804,6631,6631,1826000
451A.T,286,286,281.9,282.4,89520
4521.T,4010,4010,3960,3965,83900
4523.T,4995,4995,4861,4875,702200
4524.T,2243,2249,2243,2245,1700
4526.T,3375,3375,3315,3315,154800
4527.T,2753.5,2821.5,2745,2787.5,725200
4528.T,2400,2415,2379,2398,1099600
452A.T,812.8,813.5,809.5,810.5,282910
4531.T,360,368,359,366,58800
4534.T,3340,3340,3280,3285,35700
4536.T,1710,1748.5,1708.5,1739.5,1034300
4538.T,2271,2272,2231,2241,18700
4539.T,1543,1560,1543,1560,600
453A.T,748.5,748.5,734.7,736.5,59020
4540.T,3840,3871,3821,3830,262800
4543.T,2237.5,2278.5,2230,2269,2993700
4544.T,3578,3630,3562,3562,118600
4547.T,4020,4040,3990,3990,35400
4548.T,682,689,680,684,167000
4549.T,2360,2394,2354,2378,75300
4552.T,516,516,503,504,505500
4553.T,3720,3750,3685,3710,71000
4554.T,1866,1868,1835,1837,80500
4558.T,200,201,200,200,11900
4559.T,2015,2034,2012,2015,200200
4563.T,36,37,35,37,1401600
4564.T,21,22,21,21,123136800
4565.T,1298,1299,1260,1264,791000
4568.T,2940,2946,2868,2878,4617000
4569.T,1124,1135,1120,1126,144800
456A.T,1683,1770,1631,1768,972800
4570.T,1192,1220,1180,1192,174500
4571.T,100,101,98,99,233400
4572.T,450,455,440,447,128200
4574.T,257,257,253,255,74200
4575.T,751,759,737,737,84100
4576.T,69,74,69,72,614400
4577.T,1341,1351,1337,1340,61700
4578.T,11280,11290,10880,10900,864100
4579.T,598,598,586,590,105400
4582.T,57,58,55,56,942500
4583.T,103,109,102,106,2644200
4584.T,163,170,163,166,216800
4586.T,59,62,59,61,783500
4587.T,1057,1076,1047,1055,591800
4588.T,6630,6780,5910,5940,2187000
4591.T,78,81,78,78,443600
4592.T,956,973,921,922,814800
4593.T,302,313,291,291,1779100
4594.T,57,57,54,54,3297500
4595.T,1745,1748,1732,1744,31900
4596.T,67,67,66,66,498300
4597.T,30,31,29,29,50050800
4598.T,112,121,112,117,709800
4599.T,176,181,173,179,377900
459A.T,10070,10070,9940,9945,280
460A.T,1350,1399,1287,1300,85300
4611.T,1570,1583,1558,1576,47400
4612.T,1164.5,1169.5,1148.5,1166,1693100
4613.T,2852.5,2889,2852.5,2866.5,681700
4615.T,131,131,129,130,12200
4616.T,2486,2540,2486,2515,1300
4617.T,3535,3565,3505,3520,91400
4619.T,2700,2705,2684,2689,32500
461A.T,2662,2700,2651,2653,10698
4620.T,1036,1084,1033,1076,129100
4623.T,1877,1882,1863,1870,2500
4624.T,4000,4060,4000,4060,1300
4625.T,888,895,876,891,17100
4626.T,4733,4740,4726,4739,150500
4627.T,1942,1973,1942,1952,8100
4628.T,10000,10070,9950,10000,12700
4629.T,2480,2524,2426,2491,5800
462A.T,250,253,243,248,122400
4631.T,4775,4843,4773,4818,311600
4633.T,2649,2669,2645,2660,87100
4634.T,5110,5180,5080,5140,130100
4635.T,2050,2076,2039,2069,31400
463A.T,1027,1031,1019,1025,29800
4641.T,879,881,872,876,80500
4642.T,1402,1411,1402,1403,1100
4644.T,1058,1060,1055,1056,26800
4645.T,441,442,438,441,1000
464A.T,1800,1810,1744,1750,937200
4650.T,271,272,270,270,4800
4651.T,252,253,249,249,120900
4657.T,460,464,457,458,2500
4658.T,1655,1677,1636,1643,297100
465A.T,1316,1346,1316,1341,5444
4661.T,3009,3030,2949,2952,4802100
4662.T,1642,1648,1632,1636,33400
4664.T,1187,1258,1160,1218,108300
4665.T,4732,4763,4723,4747,169600
4666.T,2000,2024,1998,2007.5,408500
4667.T,3410,3630,3300,3300,296400
4668.T,761,766,760,761,62500
466A.T,1039,1039,1028,1029,18280
4671.T,2887,2900,2842,2847,11700
4673.T,4885,4935,4845,4905,2500
4674.T,1848,1858,1822,1845,138100
4676.T,4036,4094,4015,4077,579900
4678.T,333,335,332,333,5100
4679.T,266,268,265,267,7100
467A.T,274.8,274.8,271.5,271.5,520
4680.T,1171.5,1201,1162,1182,1387300
4681.T,1775,1797.5,1765.5,1784,231800
4684.T,4947,5102,4920,5066,946800
4685.T,2719,2779,2719,2767,10400
4686.T,4325,4455,4310,4405,100700
4687.T,1060,1060,1051,1057,33900
4689.T,531.3,533.1,515.6,518.4,16850600
468A.T,276.9,276.9,274.9,275.1,290
4691.T,2060,2065,2000,2059,98400
4694.T,3640,3690,3640,3680,32400
469A.T,1682,1682,1630,1635,19200
4704.T,6690,6696,6530,6556,790300
4705.T,781,781,779,780,2200
4707.T,351,352,349,351,11800
4709.T,1090,1100,1081,1092,73900
4712.T,813,820,809,820,12000
4714.T,213,214,211,214,716400
4716.T,9232,9249,9126,9160,168100
4718.T,2514,2516,2455,2475,72100
4719.T,3280,3360,3280,3340,32700
471A.T,1551,1560,1542,1542,154700
4720.T,244,244,243,243,3400
4722.T,2425,2433,2425,2426,565700
4725.T,1930,1942,1926,1941,45100
4728.T,650,650,648,648,6100
472A.T,557,570,549,568,104700
4732.T,1883,1898.5,1875.5,1879.5,1558400
4733.T,8293,8383,8167,8250,97900
4735.T,295,295,293,293,2400
4736.T,582,585,576,576,3600
473A.T,1330,1332,1319,1321,3598
4743.T,1674,1683,1666,1666,68500
4746.T,7300,7310,7180,7260,37600
4750.T,546,547,545,547,2300
4751.T,1255.5,1273,1250.5,1251.5,2773400
4752.T,1601,1610,1601,1610,2700
4754.T,1500,1503,1500,1502,1800
4755.T,708.3,710.5,693.6,694.3,18750000
475A.T,705,724,700,716,8200
4760.T,1203,1206,1203,1203,1500
4761.T,1486,1486,1480,1481,6400
4762.T,2369,2369,2206,2208,6000
4763.T,1481,1493,1479,1488,28200
4765.T,628,633,623,630,150500
4766.T,203,207,203,207,8400
4767.T,391,393,388,389,140700
4768.T,3603,3662,3582,3651,645400
4769.T,1146,1146,1146,1146,100
476A.T,1675,1700,1675,1680,2800
4771.T,2839,2880,2792,2811,18800
4772.T,72,73,71,72,102600
4776.T,3015,3150,3010,3105,161100
4777.T,197,199,197,198,14700
477A.T,863,889,829,849,37800
4783.T,2638,2661,2635,2641,9500
4784.T,537,551,527,530,1926200
478A.T,758,765,742,745,124000
4792.T,1781,1794,1780,1782,18600
479A.T,2255,2267,2150,2198,89700
4800.T,1357,1359,1357,1359,40500
4801.T,2427,2427,2406,2408,21100
4809.T,2027,2040,2020,2030,9100
480A.T,954,998,951,989,67500
4811.T,900,912,896,912,10300
4812.T,2866,2868,2861,2862,364800
4813.T,390,418,385,416,523500
4814.T,169,169,164,166,81100
4816.T,2994,3055,2987,3000,170900
4819.T,2380,2414,2369,2398,169200
4820.T,597,601,597,598,65600
4825.T,2023,2028,2002,2003,107900
4826.T,545,549,543,545,111700
4828.T,1418,1427,1392,1405,94000
4829.T,108,109,107,109,132200
4832.T,1901,1931,1901,1931,21700
4833.T,56,61,55,58,6761600
4838.T,708,724,708,716,66900
4839.T,1001,1003,999,999,53800
483A.T,2175,2176,2159,2159,5100
4840.T,705,731,688,707,75500
4845.T,349,349,347,349,91100
4847.T,1534,1557,1530,1536,97400
4848.T,1878,1887,1851,1870,48100
4849.T,1707,1733,1702,1708,261200
485A.T,2410,2443,2262,2265,6171900
486A.T,2171,2171,2152,2155,1625
4875.T,413,429,405,405,457700
487A.T,2031,2031,1981,2000,331
4880.T,324,333,324,325,64800
4881.T,49,50,49,49,132600
4882.T,180,180,172,174,418100
4883.T,33,34,33,34,810100
4884.T,495,527,493,509,369400
4885.T,875,897,872,884,11900
4886.T,2167,2174,2129,2145,48900
4887.T,1640,1682.5,1639.5,1670.5,502000
4888.T,427,450,424,441,418500
4889.T,1193,1216,1174,1174,108000
488A.T,771,772.1,769.6,770.1,12020
4890.T,264,264,255,260,20200
4891.T,132,139,132,136,712300
4892.T,696,703,681,684,49900
4893.T,128,128,122,124,386200
4894.T,5850,5950,5810,5880,66400
4896.T,820,826,811,813,12300
489A.T,871,871,843,858,232
4901.T,3317,3370,3291,3358,2151700
4902.T,641.3,665.5,640.4,661.9,3785900
4911.T,3510,3607,3389,3539,1486100
4912.T,1726,1728.5,1713.5,1713.5,499500
4914.T,1327,1333,1320,1324,105200
4918.T,300,303,299,302,17900
4919.T,3230,3275,3230,3235,117700
491A.T,555.9,556.6,555.9,555.9,100510
4920.T,1139,1139,1128,1128,1700
4922.T,5638,5761,5630,5677,131500
4923.T,1223,1238,1222,1225,25600
4925.T,1732,1735,1730,1730,3500
4926.T,1250,1250,1250,1250,1700
4927.T,1366.5,1393.5,1360.5,1383,330000
4928.T,4820,4835,4790,4795,98800
4929.T,741,742,741,742,4300
492A.T,956,956,954.2,954.2,110
4931.T,2042,2054,2041,2042,63800
4932.T,829,831,801,818,44500
4933.T,2350,2435,2290,2395,389300
4934.T,589,597,588,597,9800
4935.T,137,172,135,142,3622400
4936.T,300,311,300,309,72700
4937.T,2398,2398,2381,2384,2400
4951.T,1530,1537,1527,1531,58500
4956.T,1520,1520,1499,1511,25800
4958.T,3460,3495,3430,3480,143400
495A.T,957.7,957.7,953.4,953.4,20
4960.T,608,695,608,677,397200
4966.T,19790,20300,19670,20070,57200
4967.T,5862,5892,5827,5862,115500
4968.T,2319,2407,2301,2392,226700
496A.T,917.7,917.7,913.7,915.8,8760
4970.T,9830,10310,9830,10130,60600
4971.T,6600,6760,6490,6710,495200
4972.T,4165,4190,4060,4115,61700
4973.T,4870,4895,4835,4835,58000
4975.T,5880,5890,5840,5840,29100
4976.T,1580,1619,1579,1618,14300
4977.T,1198,1200,1194,1198,17000
4978.T,140,142,138,139,551400
4979.T,2901,2909,2857,2884,24800
497A.T,10170,10195,10170,10195,302
4980.T,3039,3105,3037,3074,1070100
4985.T,4745,4765,4710,4710,26500
498A.T,9030,9030,8843,8923,128
4990.T,529,529,522,522,3100
4992.T,1914,1955,1914,1944,68700
4994.T,2765,2774,2747,2761,11100
4996.T,681,688,675,683,426900
4997.T,1175,1185,1166,1181,374800
4998.T,1170,1177,1162,1174,23800
499A.T,7978,7978,7885,7885,21
500A.T,3605,3645,3605,3645,7500
5010.T,294,296,291,294,52700
5011.T,2333,2337,2312,2333,48600
5013.T,3000,3120,2987,3105,76600
5015.T,1000,1000,998,998,6200
5016.T,3644,3685,3585,3609,12307600
5018.T,2399,2399,2356,2380,12400
5019.T,1659,1689.5,1636,1650,3522100
5020.T,1418.5,1450.5,1416.5,1435,5404400
5021.T,4489,4629,4476,4535,670400
5025.T,594,595,580,580,4300
5026.T,587,598,587,597,9500
5027.T,800,829,795,820,421000
5028.T,358,362,355,355,12300
5029.T,964,986,949,966,14700
502A.T,901.7,901.7,901.6,901.7,28540
5031.T,392,410,382,386,433400
5032.T,3100,3130,3025,3040,443400
5033.T,1255,1255,1206,1228,27100
5034.T,2402,2477,2400,2430,11200
5035.T,366,370,366,368,1000
5036.T,1591,1599,1575,1596,97600
5038.T,2111,2154,2111,2133,25400
504A.T,551,579,545,577,60300
505A.T,1413,1415,1393,1393,12700
5071.T,1470,1470,1411,1414,142100
5074.T,578,590,574,582,671400
5076.T,2900,2919,2861,2906,1041600
50765.T,4640,4640,4632,4640,1500
5079.T,2590,2598,2560,2595,5900
509A.T,71300,71700,70800,71300,223
5101.T,7000,7018,6917,6975,567700
5105.T,3874,3883,3816,3820,735900
5108.T,3789,3797,3743,3785,2831400
5110.T,2016.5,2040,2001.5,2031.5,1630300
5121.T,2880,2925,2864,2889,132000
5122.T,6240,6260,6140,6240,13200
5125.T,505,508,504,508,8600
5126.T,1395,1419,1395,1419,1000
5129.T,258,263,257,257,58900
512A.T,1172,1184,1164,1175,3358
5131.T,182,193,174,180,2112800
5132.T,1878,1912,1870,1895,28800
5133.T,302,305,295,303,86100
5134.T,464,464,457,457,500
5136.T,2335,2350,2267,2331,88900
5137.T,301,318,301,314,318700
5138.T,435,444,435,444,2400
5139.T,909,940,909,934,10300
513A.T,839,853,838,843,226506
5142.T,1818,1870,1812,1864,68200
515A.T,499.2,499.2,496.5,496.5,15640
5161.T,3600,3615,3535,3605,109200
5162.T,803,803,790,802,3500
517A.T,1950,1950,1934,1934,1354
5184.T,4150,4150,4110,4120,13700
5185.T,1998,2018,1989,2015,35900
5186.T,6940,6940,6850,6920,16900
5187.T,1155,1157,1147,1156,7000
5189.T,3515,3520,3515,3515,300
518A.T,2126,2126,2100,2103,9093
5192.T,4350,4355,4320,4325,57400
5194.T,636,637,634,637,4900
5195.T,2465,2479,2450,2471,52500
5199.T,1988,2008,1988,2008,300
519A.T,491,491,480,484,25400
5201.T,5706,5758,5700,5706,763200
5202.T,496,497,496,496,1075800
5204.T,3060,3080,3050,3080,3400
5208.T,2718,2752,2704,2745,244900
520A.T,402,407,385,406,129900
5210.T,2897,2900,2886,2893,46900
5214.T,4948,4989,4839,4851,354800
5216.T,139,142,139,141,83200
5218.T,1662,1688,1643,1666,44200
521A.T,2060,2060,2043,2046,54706
5232.T,5839,5845,5734,5749,77800
5233.T,4161,4208,4147,4194,208200
5237.T,1214,1244,1214,1235,5700
523A.T,1930,1997,1788,1823,190300
5240.T,185,187,180,185,62000
5242.T,2380,2381,2300,2311,3900
5243.T,3130,3245,3110,3195,246700
5244.T,172,176,172,173,113900
5246.T,878,890,858,859,309900
5247.T,547,560,546,553,4500
5248.T,520,523,517,517,13200
5250.T,1127,1139,1127,1139,1300
5252.T,1001,1020,995,1015,9800
5253.T,1603,1634,1584,1613,509100
5254.T,4105,4185,4070,4135,7700
5255.T,80,82,79,79,237100
5256.T,3110,3220,3110,3220,9900
5257.T,2904,2947,2894,2939,2000
5258.T,438,441,434,437,29400
5261.T,7680,7700,7620,7690,1800
5262.T,1123,1131,1117,1123,152600
5268.T,855,856,846,852,2700
5269.T,367,369,363,365,208500
526A.T,2300,2340,2300,2321,520
5271.T,2228,2228,2203,2203,1400
5273.T,2168,2168,2103,2139,40600
5279.T,1204,1210,1191,1196,4200
5280.T,2269,2269,2238,2248,8200
5282.T,408,412,405,408,22400
5283.T,3160,3195,3135,3135,900
5284.T,2245,2248,2225,2228,9200
5285.T,1335,1353,1335,1344,31900
5287.T,956,974,911,913,82100
5288.T,1490,1491,1481,1481,108400
5290.T,1275,1276,1248,1255,88900
5301.T,2152,2277.5,2128.5,2254,3600600
5302.T,5140,5180,5050,5090,16400
5304.T,2513,2529,2504,2516,8900
530A.T,1798,1798,1765,1773,17395
5310.T,7400,7480,7330,7450,76800
531A.T,2389,2389,2319,2319,277
532A.T,2368,2368,2285,2295,248
5331.T,3665,3695,3615,3675,181700
5332.T,5799,5960,5798,5882,923200
5333.T,5349,5373,5281,5341,694700
5334.T,7368,7462,7292,7428,869600
5337.T,854,869,853,856,11600
533A.T,2310,2310,2260,2263,25
5341.T,138,139,137,137,44400
5344.T,56460,56960,55560,55950,72000
534A.T,2421,2510,2414,2438,236
5351.T,2067,2090,2052,2086,108000
5355.T,662,663,660,662,7800
5356.T,1279,1279,1266,1274,3900
5357.T,1746,1760,1745,1755,36800
535A.T,2078,2078,2073,2073,75
5363.T,695,706,694,706,62400
5367.T,1500,1508,1391,1402,582900
5368.T,1043,1045,1013,1025,32100
536A.T,2244,2244,2241,2241,47
537A.T,1149,1149,1124,1124,169
5380.T,1369,1369,1360,1363,2900
5381.T,1010,1062,1007,1056,379200
5384.T,3460,3485,3400,3405,246300
5388.T,1399,1400,1385,1393,14600
538A.T,5433,5433,5433,5433,2
5391.T,1510,1528,1506,1526,9000
5393.T,3378,3447,3355,3418,385200
539A.T,4836,4836,4818,4818,7
5401.T,695,695.5,681.4,681.5,25979100
5406.T,2083.5,2083.5,2049.5,2052,1337900
5408.T,646,646,640,644,136700
540A.T,2045,2045,2011,2030,59847
5410.T,3015,3020,2976,2993,131200
5411.T,1875.5,1877,1841.5,1842.5,4110100
541A.T,1135.5,1135.5,1112.5,1116.5,168840
5423.T,1763,1763,1717,1717,245700
542A.T,1036,1080,1027,1056,30700
543A.T,284,286,279,285,15785900
5440.T,2008,2021,1996,2010,94900
5444.T,12545,12580,12420,12520,67500
5445.T,2055,2074,2051,2061,72300
5446.T,1088,1088,1085,1088,1000
5449.T,2561,2675,2561,2647,32100
544A.T,327,331,326,328,292800
5451.T,1430,1443,1424,1440,239400
5458.T,1345,1350,1340,1350,2500
545A.T,995,995,990,991,74500
5461.T,2130,2142,2114,2131,139100
5463.T,1739,1746.5,1721,1725.5,450600
5464.T,932,939,931,936,19600
546A.T,2477,2601,2477,2591,327100
5471.T,2484.5,2502.5,2456.5,2458,685100
547A.T,439,441,435,438,1038300
5480.T,5520,5530,5470,5480,36100
5482.T,3230,3255,3185,3225,125600
5484.T,4445,4445,4445,4445,400
548A.T,952,960,951,956,9600
5491.T,912,919,912,913,7400
549A.T,487,493,486,488,21900
550A.T,2175,2190,2166,2175,700
5527.T,748,748,743,748,12200
552A.T,2428,2465,2421,2458,3129
5532.T,3500,3550,3500,3525,5700
5533.T,2216,2216,2116,2215,1000
5535.T,290,297,289,294,111600
5537.T,3830,3990,3695,3920,81000
5541.T,2676,2688,2670,2676,103200
5542.T,1216,1228,1125,1133,112700
554A.T,1486,1487,1435,1440,12100
5563.T,443,450,440,444,700300
556A.T,2553,2684,2553,2664,50500
5570.T,620,629,613,617,24700
5571.T,1010,1023,969,1019,3600
5572.T,3120,3240,3110,3185,70400
5574.T,3400,3475,3335,3340,214200
5575.T,1168,1192,1157,1174,4500
5576.T,3030,3130,3030,3055,6100
5578.T,911,913,900,904,15200
5580.T,1552,1584,1550,1573,2200
5582.T,2092,2150,2052,2103,21500
5586.T,925,940,920,936,32900
5587.T,796,816,796,806,11200
5588.T,890,925,890,925,35100
5589.T,2899,2920,2889,2889,1300
558A.T,5980,6340,5960,6230,36300
5590.T,733,733,718,719,25000
5591.T,886,925,880,910,32200
5592.T,2770,2799,2720,2727,35300
5597.T,1411,1468,1408,1410,34200
5599.T,1096,1120,1084,1090,19300
559A.T,1200,1208,1170,1176,13100
5602.T,1640,1657,1620,1654,326400
5603.T,1305,1305,1305,1305,1200
5609.T,939,939,928,928,9000
5612.T,1612,1612,1590,1609,5900
5616.T,634,644,634,644,1400
5618.T,292,292,290,290,2000
5619.T,838,847,838,841,400
5621.T,1597,1634,1597,1609,11700
5631.T,7379,7570,7370,7455,358300
5632.T,2570,2578,2540,2564,80500
563A.T,1058,1061,1050,1054,1328916
5644.T,7380,7380,7250,7260,500
564A.T,1101,1101,1091,1091,271
5658.T,414,414,405,407,23800
5659.T,1420,1446,1413,1442,52200
566A.T,2319,2319,2306,2306,437
568A.T,167.5,167.5,164.8,165.9,128530
5695.T,2999,2999,2972,2972,700
5697.T,828,828,820,820,1700
5698.T,750,751,738,739,95900
5699.T,1600,1620,1600,1611,3300
569A.T,175.9,175.9,173.5,174.9,8800
5702.T,1820,1839,1812,1825,185700
5703.T,3020,3030,2992,3005,169800
5704.T,385,385,380,384,7700
5706.T,22355,23710,22220,23000,1636600
5707.T,965,965,935,936,416200
570A.T,901.6,901.8,901.5,901.5,12790
5711.T,5200,5240,5144,5196,972200
5713.T,9657,9690,9513,9579,1454200
5714.T,9084,9084,8964,9007,316000
5715.T,4240,4260,4170,4170,104300
571A.T,500,500,497.5,498.1,68920
5721.T,59,73,58,69,15246800
5724.T,3285,3290,3160,3170,40000
5726.T,2394,2463,2394,2401,428000
5729.T,1715,1717,1691,1704,13300
572A.T,497,497,494.8,494.8,18310
573A.T,488.4,488.4,485,485.5,289060
5741.T,2230,2265,2226,2232,330900
5742.T,743,744,743,743,800
5753.T,2599,2600,2590,2595,2200
5757.T,4965,5000,4885,4940,12900
575A.T,1947,1947,1911,1917,107100
576A.T,870,886,870,878,82282
577A.T,251,251,248,248.9,10290
578A.T,258,258,246,246.6,33000
579A.T,1025,1025,995,1010,7754
5801.T,3931,3983,3808,3819,17775900
5802.T,2162,2254,2130,2199.5,23823400
5803.T,5022,5094,4898,4933,30605000
5805.T,13420,13600,13150,13430,213200
580A.T,1035,1051,998,1010,23564
5816.T,1445,1453,1432,1435,17800
5817.T,1140,1154,1124,1129,36000
5819.T,1710,1743,1710,1738,24200
581A.T,3240,3425,3240,3330,3972400
5820.T,918,940,910,924,70500
5821.T,3170,3245,3170,3195,44700
5830.T,3819,3821,3709,3749,736400
5831.T,3489,3490,3420,3470,1176300
5832.T,3700,3708,3610,3659,301800
5834.T,2840,2870,2833,2855,36200
5838.T,6162,6208,6105,6132,584900
5842.T,3025,3045,2924,2972,97100
5843.T,2320,2330,2308,2312,2100
5844.T,4866,4866,4728,4740,498200
5845.T,1222,1222,1205,1219,23500
584A.T,2500,2558,2435,2447,64300
5851.T,2764,2770,2708,2736,80600
5852.T,677,677,669,670,96100
5857.T,3710,3725,3660,3700,430200
5858.T,1193,1193,1169,1186,2400
585A.T,1085,1085,1077,1077,1756
5867.T,1360,1365,1328,1340,4100
5868.T,1058,1083,1041,1071,13200
5869.T,1266,1266,1258,1258,5300
586A.T,254,254,249,249.9,257060
5870.T,900,901,895,895,9400
5871.T,1388,1395,1373,1380,4800
587A.T,117250,117300,116700,116700,2148
5884.T,600,614,600,606,15900
5885.T,3290,3345,3235,3295,25600
5888.T,2752,2760,2748,2760,2800
5889.T,2275,2362,2267,2300,296000
5891.T,1686,1692,1681,1690,3800
5892.T,2985,3045,2867,2972,256200
589A.T,1386,1418,1366,1370,33000
5900.T,876,880,876,880,1600
5901.T,4530,4576,4497,4503,536500
5902.T,2737,2762,2720,2751,19200
5905.T,1388,1388,1360,1360,1600
5906.T,772,781,772,773,4400
5909.T,973,973,962,966,9200
590A.T,1288,1300,1221,1222,189300
5911.T,3020,3025,3000,3005,49900
5915.T,2449,2457,2424,2452,2700
5918.T,7840,7840,7840,7840,500
5921.T,4480,4480,4415,4415,1300
5923.T,1197,1197,1190,1190,1100
5928.T,291,291,290,290,400
5929.T,3480,3505,3461,3498,324300
5930.T,1923,1923,1902,1909,73500
5932.T,662,664,659,660,70300
5933.T,1102,1116,1101,1115,30900
5936.T,903,907,902,902,20500
5938.T,1730,1739.5,1726.5,1729,1385500
5939.T,4675,4690,4675,4675,400
593A.T,2067,2209,2046,2145,9310300
5940.T,750,770,742,750,67000
5941.T,2720,2776,2694,2700,3700
5942.T,645,657,645,657,64900
5943.T,2233,2235,2209,2223,51000
5945.T,2289,2294,2262,2294,700
5946.T,1980,1998,1972,1981,57600
5947.T,3374,3467,3373,3449,329400
5949.T,1334,1338,1327,1334,126400
5950.T,151,151,150,151,6900
5951.T,1133,1144,1122,1139,2100
5952.T,190,192,189,191,10900
5955.T,83,84,82,84,553100
5956.T,584,584,578,581,6700
5957.T,776,784,775,779,140600
5958.T,4400,4430,4360,4370,1400
5959.T,955,958,942,942,63500
5962.T,2077,2132,2077,2132,500
5965.T,1218,1224,1193,1203,10400
5966.T,2700,2870,2670,2870,900
5967.T,448,451,444,444,18800
5969.T,1206,1206,1201,1201,300
5970.T,2282,2299,2277,2290,70100
5971.T,8790,8800,8780,8780,1600
5973.T,617,618,617,617,2000
5974.T,858,858,846,849,2200
5975.T,3400,3440,3390,3425,46700
5976.T,1481,1486,1474,1481,82900
5981.T,1904,1927,1889,1890,60800
5982.T,4180,4180,4060,4060,2700
5983.T,13990,14290,13900,14020,6100
5984.T,785,787,781,784,2900
5985.T,2420,2577,2404,2416,1316500
5986.T,265,265,260,262,68700
5987.T,2015,2015,1662,1680,66200
5988.T,1709,1709,1689,1699,57400
5989.T,1503,1508,1492,1496,71800
598A.T,1432,1463,1432,1452,31100
5990.T,1945,1945,1930,1930,1200
5991.T,3452,3496,3416,3431,502500
5992.T,3725,3725,3685,3700,13800
5994.T,1000,1007,1000,1004,900
5997.T,880,902,880,889,2100
5998.T,2770,2862,2770,2834,5700
6005.T,3172,3221,3164,3213,339400
600A.T,1875,1875,1853,1853,149
6013.T,3030,3040,3000,3020,94500
6016.T,12590,12590,12020,12040,79500
6018.T,5950,5960,5810,5930,1400
6022.T,2948,2958,2918,2930,1500
6023.T,3410,3470,3370,3380,313100
6027.T,5550,5650,5470,5560,86700
6029.T,188,188,185,187,24100
6030.T,1789,1810,1760,1810,11500
6031.T,276,295,276,290,48900
6033.T,1788,1790,1755,1755,16800
6034.T,584,593,581,583,3000
6035.T,768,768,759,764,43800
6036.T,3530,3555,3480,3500,59100
6037.T,1100,1105,1080,1087,46800
6038.T,837,837,830,830,4400
6039.T,1020,1020,1001,1012,24800
603A.T,870,903,862,900,700100
6040.T,467,468,458,465,26500
6042.T,3865,3900,3865,3900,300
6044.T,1894,1901,1890,1897,1800
6045.T,2099,2147,2088,2099,50400
6046.T,155,158,154,155,50100
6047.T,387,391,385,387,50100
6049.T,252,252,249,249,3400
604A.T,1410,1538,1393,1462,1173500
6050.T,1819,1820,1814,1814,31000
6054.T,111,111,109,111,19400
6055.T,2295,2344,2258,2323,633700
6058.T,1966,1996,1879,1928,731500
6059.T,374,376,372,373,8700
605A.T,200.4,200.4,197,199.3,46360
6061.T,3150,3230,3145,3215,4500
6062.T,1440,1447,1417,1423,109600
6063.T,1009,1009,985,1006,2800
6069.T,674,684,672,681,10000
606A.T,21100,21180,20405,20745,4386
6070.T,2550,2550,2521,2535,110700
6071.T,915,929,911,921,202800
6072.T,1044,1093,1028,1079,463800
6073.T,1516,1521,1497,1497,24800
6074.T,517,517,514,514,2300
6078.T,1578,1587,1565,1569,26900
607A.T,279,287,270,280,586300
6080.T,4305,4375,4285,4300,74000
6081.T,145,146,141,142,141000
6082.T,1000,1001,988,988,22100
6083.T,1678,1687,1648,1663,23600
6085.T,128,132,120,121,2773400
6086.T,1044,1049,1030,1035,33200
6087.T,3565,3565,3545,3545,4400
6088.T,582,592,582,589,414900
6089.T,1179,1182,1168,1168,44900
608A.T,1460,1468,1448,1452,3810
6090.T,606,610,603,610,4200
6091.T,952,990,950,990,18600
6092.T,819,833,819,826,16600
6093.T,163,164,162,162,85700
6094.T,528,530,526,527,9200
6098.T,16615,16765,16190,16240,4150300
6099.T,736,738,726,726,63700
609A.T,1096,1096,1070,1078,23282
6101.T,5110,5210,5090,5140,148400
6103.T,4570,4600,4535,4560,169000
6104.T,4525,4650,4520,4630,131500
610A.T,1066,1066,1050,1057,24781
6113.T,2462.5,2491.5,2456.5,2485,1039300
6118.T,1243,1243,1189,1191,305000
611A.T,985,985,979,979,1310
6125.T,4670,4815,4650,4795,38100
612A.T,10210,10210,10180,10180,360
6134.T,7354,7420,7202,7371,600200
6135.T,15300,15550,15250,15480,64500
6136.T,3543,3565,3481,3545,267000
6137.T,1535,1540,1511,1538,29800
6138.T,1983,2010,1968,1996,17500
613A.T,1933,1933,1928,1928,25
6140.T,1127,1136,1123,1132,241500
6141.T,2858,2913,2852.5,2900,1416500
6143.T,1685,1706,1680,1688,292000
6144.T,2848,2848,2792,2814,9900
6145.T,2660,2695,2640,2674,76000
6146.T,54000,54000,52450,52890,1132400
6147.T,181,181,179,180,13600
6149.T,2185,2213,2185,2207,7700
6150.T,2799,2800,2790,2800,1200
6151.T,1760,1766,1744,1758,14100
6155.T,540,543,536,542,2700
6156.T,1844,1850,1833,1845,5400
6157.T,815,820,813,818,54300
6158.T,1037,1042,1023,1042,3100
6159.T,1992,1992,1870,1910,3500
6161.T,1048,1052,1048,1052,3200
6165.T,545,553,545,549,90500
6166.T,662,673,659,665,73700
6167.T,991,1015,990,1011,62100
6171.T,372,373,371,372,6800
6176.T,1021,1050,1013,1047,208700
6177.T,85,85,83,83,28300
6178.T,2495,2503,2463,2499.5,3182700
6180.T,3760,3765,3705,3765,2800
6181.T,90,90,89,90,21700
6182.T,534,536,524,535,32200
6183.T,1361,1377,1361,1366,242100
6184.T,614,621,605,610,209900
6185.T,366,366,361,366,12500
6186.T,370,376,370,374,4800
6189.T,1010,1024,1010,1020,47900
6190.T,304,307,302,305,4300
6191.T,1644,1644,1536,1537,1518200
6193.T,1197,1204,1187,1201,12900
6194.T,890,898,886,887,240100
6195.T,203,206,203,204,17900
6196.T,1453,1453,1423,1425,334700
6198.T,198,198,197,198,2300
6199.T,1433,1447,1390,1417,12700
6200.T,728,734,726,729,381400
6203.T,2578,2680,2439,2452,2737400
6208.T,1810,1830,1780,1791,86100
6209.T,3985,3995,3960,3970,72700
6217.T,800,838,790,827,60800
6218.T,659,660,657,659,2000
6222.T,925,936,923,933,111100
6223.T,1974,1990,1970,1970,17000
6224.T,1213,1215,1196,1201,18200
6226.T,2290,2308,2156,2175,155600
6227.T,6370,6930,6300,6650,2003500
6228.T,551,553,535,541,28200
6229.T,1492,1497,1471,1492,9900
6230.T,2197,2197,2185,2188,1400
6231.T,12090,12130,11900,12130,11000
6232.T,1381,1419,1344,1350,783900
6233.T,406,415,405,405,17600
6235.T,2527,2555,2494,2535,309100
6237.T,3925,4105,3915,4080,43100
6238.T,1476,1479,1447,1450,95100
6239.T,1423,1435,1423,1433,2300
6240.T,520,528,516,528,359700
6245.T,1823,1837,1811,1823,34700
6246.T,1840,1847,1820,1830,12400
6247.T,1720,1742,1704,1722,48900
6248.T,1793,1839,1793,1835,7100
6249.T,2850,2880,2840,2870,3700
6250.T,4445,4500,4405,4430,58400
6254.T,3410,3435,3365,3385,404700
6255.T,676,683,672,675,165700
6257.T,1018,1023,1015,1018,27500
6258.T,3790,3865,3780,3800,264500
6262.T,532,537,529,535,40100
6264.T,1867,1920,1864,1901,388300
6265.T,3125,3210,3125,3205,2200
6266.T,3720,3790,3665,3730,211800
6267.T,4100,4100,4100,4100,800
6268.T,4702,4794,4683,4768,750500
6269.T,9311,9404,9105,9121,524600
6272.T,1541,1541,1513,1515,39100
6273.T,67300,68770,67000,68430,229700
6276.T,360,373,360,372,27300
6277.T,6000,6190,5990,6180,82900
6278.T,13800,14410,13780,14230,233600
6279.T,935,944,934,943,21500
6282.T,2939,2986,2927,2975,385100
6284.T,8500,8630,8500,8540,23200
6286.T,1512,1513,1495,1495,4400
6287.T,2655,2712,2655,2703,62800
6289.T,1938,1946,1917,1932,45300
6291.T,1333,1348,1333,1342,12300
6292.T,834,865,834,864,8900
6294.T,1961,1968,1958,1963,10100
6298.T,1270,1289,1270,1274,60100
6301.T,7057,7188,6992,7175,2258100
6302.T,6060,6060,5947,5950,678800
6305.T,5720,5720,5596,5611,617600
6306.T,1010,1013,1002,1011,51000
6307.T,465,471,464,464,16500
6309.T,1981,1981,1961,1967,130700
6310.T,1960,1980,1960,1969,75200
6315.T,2182,2212,2177,2182,2523600
6316.T,3030,3040,2997,3000,12700
6317.T,2590,2611,2544,2566,114700
6322.T,1608,1612,1602,1602,1400
6323.T,3705,3767,3626,3695,1391500
6324.T,6220,6410,6160,6350,1099200
6325.T,418,420,416,416,10000
6326.T,2783,2809,2754,2770,3271600
6327.T,3150,3255,3035,3225,316600
6328.T,2380,2405,2371,2383,61600
6330.T,2926,2939,2640,2641,7875100
6331.T,3415,3425,3350,3350,73600
6332.T,2655,2746,2651,2725,175100
6333.T,3525,3585,3480,3575,33900
6334.T,470,477,470,477,1000
6335.T,585,590,582,588,8000
6336.T,1438,1476,1412,1464,75100
6337.T,3500,3595,3460,3575,27000
6338.T,1687,1693,1667,1674,9600
6339.T,1205,1220,1205,1217,328300
6340.T,5480,5540,5470,5520,42600
6342.T,2910,2951,2901,2903,700
6343.T,146,147,145,146,56800
6345.T,1466,1468,1453,1466,140100
6346.T,5580,5590,5580,5590,200
6347.T,252,252,248,249,9500
6349.T,2008,2010,1988,2001,128100
6351.T,2584,2656,2576,2629,60500
6356.T,1372,1384,1345,1369,222500
6357.T,2773,2797,2731,2756,18800
6358.T,2170,2174,2160,2168,12400
6360.T,4845,4845,4845,4845,100
6361.T,4556,4608,4503,4535,3883100
6363.T,2955,2990,2942,2954,159700
6364.T,2578,2604,2546,2549,67100
6365.T,5600,5600,5600,5600,800
6366.T,706,709,684,684,1600400
6367.T,20530,21035,20455,20745,1630400
6368.T,12625,12805,12480,12685,255300
6369.T,2417,2442,2414,2435,46700
6370.T,7686,7699,7564,7666,288300
6371.T,2731,2731,2697,2709,114300
6376.T,3470,3535,3455,3490,244500
6378.T,1202,1211,1196,1200,66400
6379.T,3145,3170,3095,3115,295700
6380.T,3700,3765,3675,3675,4700
6381.T,1915,1930,1907,1924,41000
6382.T,1232,1239,1232,1235,8300
6383.T,5529,5565,5455,5501,1199300
6384.T,1710,1734,1705,1724,6100
6387.T,7940,8100,7770,7930,123400
6390.T,1331,1340,1327,1329,65100
6391.T,4785,4840,4785,4795,700
6393.T,3040,3100,3035,3045,6500
6395.T,1382,1385,1366,1377,132800
6400.T,298,307,296,304,42100
6402.T,1623,1639,1623,1632,2200
6405.T,1235,1245,1232,1240,24100
6407.T,5160,5260,5120,5210,400100
6408.T,4250,4300,4210,4300,1300
6412.T,2211,2220,2198,2199,675800
6413.T,1042,1063,1042,1057,62400
6417.T,2078,2133.5,2075.5,2130.5,789500
6418.T,1271,1280,1263,1272,110600
6419.T,3160,3185,3145,3175,43600
6420.T,3510,3520,3480,3490,30900
6424.T,895,895,892,895,500
6425.T,733,747,725,725,117600
6428.T,329,330,322,329,23600
6430.T,2488,2498,2475,2481,25900
6432.T,7370,7380,7240,7290,82200
6433.T,1318,1450,1293,1339,453500
6436.T,3851,3916,3842,3890,249700
6440.T,760,796,759,789,362100
6444.T,196,200,194,195,161600
6445.T,1355,1369,1354,1360,21800
6448.T,4701,4726,4673,4675,752000
6454.T,1920,1922,1857,1869,221200
6455.T,2550,2553,2518,2529,55400
6457.T,4515,4527,4459,4505,98400
6458.T,1242,1250,1238,1238,169600
6459.T,1663,1691,1663,1685,66000
6460.T,3242,3302,3210,3279,440700
6463.T,1587,1588,1573,1581,245200
6464.T,340,347,338,343,238800
6465.T,5398,5398,5329,5352,292600
6466.T,3955,4130,3955,4130,8100
6467.T,348,348,345,347,9500
6469.T,2966,2966,2850,2908,30100
6470.T,1122,1147,1117,1145,68300
6471.T,1096,1104.5,1089,1100,1392700
6472.T,389.5,389.9,384.6,386.4,1553800
6473.T,2075,2114.5,2065,2102.5,560000
6474.T,5450,5520,5450,5490,48000
6479.T,3553,3605,3548,3591,1515300
6480.T,1802,1847,1775,1833,860900
6481.T,6322,6330,6188,6248,640500
6482.T,706,726,706,724,97400
6484.T,2268,2268,2242,2247,1500
6485.T,1672,1672,1628,1649,26400
6486.T,3025,3025,2996,3015,116400
6488.T,1050,1053,1044,1044,6800
6490.T,9740,10070,9630,10000,175300
6492.T,14800,15400,14700,15250,11900
6493.T,488,493,486,487,51300
6494.T,101,101,99,100,161200
6495.T,111,113,110,111,347700
6496.T,5700,5770,5400,5770,4800
6497.T,1406,1449,1406,1425,16200
6498.T,2011,2019,1988,1992,415500
6501.T,5582,5590,5452,5526,9169800
6503.T,5190,5313,5158,5265,3803600
6504.T,13375,13405,13200,13340,390200
6505.T,2465,2478,2445,2448,65400
6506.T,4453,4506,4428,4487,2106100
6507.T,12840,12960,12670,12800,112200
6508.T,10990,11170,10940,11110,144400
6513.T,1300,1311,1287,1306,19500
6516.T,5400,5490,5380,5440,69200
6517.T,4075,4100,4040,4070,26400
6518.T,1713,1741,1698,1729,10400
6521.T,3335,3355,3275,3290,99700
6522.T,1400,1437,1391,1413,235400
6523.T,1355,1405,1351,1392,558700
6524.T,5320,5420,5210,5320,406400
6525.T,9184,9311,8978,9137,6777900
6526.T,2098,2287,2092.5,2283,15788700
6532.T,7615,7754,7596,7636,1156600
6533.T,1234,1239,1215,1218,18300
6535.T,506,506,496,497,675700
6537.T,297,297,293,294,9300
6538.T,250,254,250,251,113200
6539.T,999,1003,996,997,29000
6540.T,1498,1516,1494,1508,15000
6543.T,1189,1197,1163,1173,4300
6544.T,1512.5,1535.5,1501,1531,666800
6545.T,781,798,780,785,6200
6546.T,1179,1180,1179,1179,3000
6547.T,2144,2169,2130,2131,20900
6548.T,128,128,124,124,42700
6549.T,1114,1117,1107,1115,17100
6551.T,622,623,609,612,26600
6552.T,170,172,170,171,7800
6554.T,1145,1156,1145,1151,19000
6555.T,425,426,425,426,800
6557.T,712,732,712,717,26500
6558.T,676,679,676,676,800
6560.T,1840,1841,1808,1812,16700
6561.T,816,830,816,817,9900
6562.T,1001,1028,995,1018,27600
6563.T,452,469,452,468,12200
6564.T,2007,2044,2004,2032,46200
6566.T,1296,1296,1264,1280,500
6568.T,1225,1239,1221,1236,2100
6570.T,3505,3895,3505,3800,79200
6571.T,1278,1282,1271,1276,37400
6572.T,274,275,268,268,118000
6573.T,28,28,27,27,265100
6574.T,123,124,119,123,636400
6577.T,1366,1376,1365,1375,9800
6578.T,480,484,470,478,14600
6579.T,343,351,341,343,7100
6580.T,851,880,851,880,15700
6584.T,790,799,788,795,361400
6586.T,5322,5376,5300,5359,418200
6588.T,2938,2949,2883,2902,132400
6590.T,3910,3910,3745,3825,1379000
6592.T,1705,1729,1703,1723,500800
6594.T,2898,2941,2780,2829,8095000
6597.T,4250,4350,4170,4185,157000
6599.T,4210,4330,4165,4260,19800
6612.T,580,587,580,585,4600
6613.T,2112,2218,2106,2182,1785300
6614.T,867,868,845,855,9800
6615.T,238,241,238,240,23300
6616.T,1875,2005,1875,1986,207300
6617.T,7000,7110,6910,6920,65500
6619.T,154,156,151,154,1682200
6620.T,672,689,671,684,20300
6622.T,12800,13000,12740,12810,121700
6625.T,369,369,364,365,338600
6626.T,2306,2424,2306,2403,23100
6627.T,11850,12120,11590,11920,97100
6629.T,1000,1050,995,1036,310500
6630.T,783,785,767,768,124700
6632.T,983.9,1009.5,982,998.5,762400
6633.T,315,315,314,314,3600
6634.T,70,70,68,69,28500
6635.T,672,680,671,673,4900
6637.T,4430,4495,4350,4385,36100
6638.T,2110,2157,2088,2150,95700
6643.T,5700,5780,5610,5710,3200
6644.T,1481,1501,1480,1489,545900
6645.T,6202,6372,6168,6320,663000
6647.T,3725,3800,3725,3800,1000
6648.T,1666,1690,1665,1669,28000
6651.T,4500,4520,4465,4470,46600
6652.T,3850,3855,3790,3830,97100
6653.T,2142,2159,2130,2140,74800
6654.T,1079,1080,1078,1079,3100
6656.T,780,790,776,788,35300
6658.T,452,453,448,449,30500
6659.T,47,48,46,47,4390700
6662.T,222,228,222,228,4800
6663.T,308,309,305,305,22700
6664.T,260,260,248,259,44000
6666.T,820,836,815,820,24900
6668.T,4090,4350,4090,4265,96700
6674.T,5470,5515,5422,5468,432700
6675.T,2224,2228,2198,2202,29700
6676.T,3470,3505,3345,3490,151500
6677.T,3240,3275,3235,3255,106000
6678.T,2060,2061,2037,2040,8700
6694.T,818,820,785,809,17500
6696.T,321,330,321,328,10400
6699.T,500,501,495,496,49500
6701.T,4689,4905,4689,4861,4309600
6702.T,3839,4028,3839,4003,5407000
6703.T,2794,2820,2756,2756,413100
6706.T,3335,3380,3310,3375,27300
6707.T,6855,6970,6850,6895,92900
6718.T,2853,2864,2840,2844,19300
6721.T,77,77,72,74,761100
6723.T,3541,3601,3457,3476,12608900
6724.T,3196,3219,3150,3204,896900
6727.T,838,856,835,855,286600
6728.T,7486,7542,7400,7459,328100
6730.T,1210,1244,1205,1241,94400
6731.T,99,102,99,101,49500
6736.T,9730,9990,9650,9840,37400
6737.T,3150,3150,3080,3100,104200
6740.T,49,50,48,48,4750900
6741.T,1828,1842,1815,1826,119100
6742.T,1119,1121,1089,1110,275800
6743.T,1060,1063,1055,1059,4200
6744.T,4110,4125,4075,4080,34700
6745.T,2009,2017,1960,1960,93700
6748.T,760,767,760,766,5400
6750.T,1990,2026,1989,2012,164000
6752.T,4316,4543,4267,4512,8292600
6753.T,643.4,662.2,638.1,655.4,2616300
6754.T,3280,3309,3236,3296,587000
6757.T,905,909,904,909,8700
6758.T,3657,3714,3643,3685,9325700
6762.T,2918,3005,2895,2944,9352100
6763.T,2898,2910,2845,2847,15400
6768.T,830,869,830,866,650400
6769.T,1178,1279,1178,1262,132100
6770.T,2222.5,2247,2215.5,2217.5,732900
6771.T,648,657,647,648,13300
6772.T,1020,1026,1015,1026,2600
6775.T,130,132,130,131,66500
6776.T,289,290,287,290,13000
6777.T,21550,22190,21210,21610,129400
6778.T,634,641,630,637,7400
6779.T,3270,3335,3220,3310,599700
6785.T,3150,3250,3150,3190,58500
6786.T,47,49,47,48,24100
6787.T,23060,24710,22790,23810,872200
6788.T,5030,5130,5000,5100,14600
6794.T,3255,3295,3235,3245,98800
6797.T,1203,1205,1191,1200,6800
6798.T,3295,3395,3295,3375,12300
6800.T,4415,4530,4400,4470,131200
6803.T,100,100,98,99,230600
6804.T,2531,2560,2522,2538,189300
6806.T,24505,24895,24450,24810,93300
6807.T,2535,2587,2523,2573,182000
6809.T,1770,1777,1761,1768,58500
6810.T,2563,2583,2540,2559,95300
6814.T,7750,7770,7560,7620,134700
6817.T,1240,1253,1235,1236,104800
6819.T,478,478,477,478,12000
6820.T,3715,3780,3705,3705,12000
6822.T,5000,5040,4995,5000,2900
6823.T,3260,3330,3260,3315,29800
6824.T,4060,4115,4055,4085,3900
6832.T,2454,2536,2454,2523,26600
6834.T,5810,6100,5790,6030,1034900
6835.T,273,273,270,272,83900
6836.T,827,848,827,835,7800
6837.T,387,404,386,403,141400
6838.T,1411,1438,1403,1428,189700
6840.T,830,900,812,880,711900
6841.T,4712,4750,4681,4723,492000
6844.T,3040,3125,3035,3105,96200
6845.T,1390.5,1480,1390.5,1474,1312000
6848.T,867,869,865,866,17500
6849.T,1586.5,1617.5,1586.5,1609.5,377800
6850.T,1783,1785,1742,1772,28000
6853.T,782,796,767,777,31100
6855.T,7400,7550,7240,7480,512700
6856.T,23100,23515,22640,23365,239300
6857.T,32750,33550,31890,33090,7550300
6858.T,841,875,836,867,73100
6859.T,4010,4030,3965,3975,31400
6861.T,75770,77800,75770,77440,679400
6862.T,5340,5830,5060,5640,643000
6863.T,1106,1133,1094,1115,176700
6864.T,1608,1655,1608,1643,34400
6866.T,10180,10630,10180,10480,37400
6867.T,411,412,409,409,9400
6869.T,1847,1881,1837,1859.5,1248400
6870.T,2074,2130,2065,2098,2400
6871.T,13950,13950,13150,13770,977600
6874.T,2362,2376,2350,2371,4900
6875.T,10930,10960,10730,10870,82200
6877.T,5280,5390,5220,5350,25800
6882.T,1160,1185,1160,1182,31800
6888.T,502,502,496,500,11800
6890.T,9600,10290,9570,10210,1984900
6894.T,2161,2161,2145,2145,200
6897.T,636,641,635,641,17300
6898.T,4900,4900,4760,4800,11600
6899.T,2299,2299,2267,2272,5000
6902.T,1910,1922.5,1907,1912,4495000
6904.T,690,764,690,747,216000
6905.T,1401,1483,1400,1467,832600
6907.T,776,797,776,794,15600
6908.T,2851,2874,2832,2861,75400
6912.T,2686,2690,2631,2687,15500
6914.T,3205,3295,3195,3285,108000
6915.T,3495,3595,3495,3555,12300
6918.T,3895,4030,3840,3985,69200
6919.T,1440,1448,1436,1443,9400
6920.T,39600,40460,38470,39850,3933900
6923.T,3521,3583,3519,3572,293100
6925.T,3809,4066,3809,4041,560500
6926.T,190,193,190,191,24200
6927.T,971,1004,971,1001,70700
6928.T,2976,3215,2976,3125,115400
6929.T,3665,3685,3665,3675,34900
6932.T,2623,2627,2589,2604,20200
6941.T,8320,8590,8240,8450,346400
6942.T,1450,1454,1448,1454,5200
6943.T,5700,5800,5700,5800,1700
6946.T,7340,7590,7260,7520,179200
6947.T,5030,5160,5030,5140,113600
6951.T,7350,7595,7327,7546,317900
6952.T,2152,2193.5,2127.5,2182,1029000
6954.T,5952,6050,5940,6015,3423400
6955.T,408,414,405,409,79000
6958.T,777,803,777,802,676500
6960.T,12070,12240,12030,12040,48200
6961.T,10400,10580,10140,10220,127200
6962.T,814,832,811,829,176300
6963.T,4742,4754,4676,4714,2201000
6964.T,688,690,686,686,4600
6965.T,2295.5,2347,2284.5,2309,1778900
6966.T,904,927,897,901,1880300
6969.T,1000,1036,1000,1009,33700
6971.T,3683,3737,3640,3649,2764500
6976.T,9562,9594,8926,8929,24938700
6977.T,1898,1915,1892,1893,395600
6981.T,8000,8073,7815,7820,16874400
6982.T,578,582,578,582,1900
6986.T,810,825,805,820,363800
6988.T,3409,3524,3391,3518,2136000
6989.T,2350,2384,2350,2368,2800
6993.T,91,91,88,88,1421200
6994.T,1225,1249,1217,1238,123800
6995.T,3200,3240,3185,3200,129800
6996.T,2720,2725,2607,2607,599800
6997.T,2837,2884,2790,2794,674700
6998.T,4060,4285,4010,4255,189700
6999.T,2310,2324,2289,2291,293400
7003.T,4448,4532,4360,4379,1306600
7004.T,1185,1193,1177,1181,461200
7011.T,3917,3971,3877,3941,14718300
7012.T,2444,2481,2413,2414,6780100
7013.T,2902.5,2950.5,2810.5,2811.5,8187500
7014.T,5130,5170,4910,4910,1023400
7018.T,13810,14180,13420,13570,15800
7021.T,2371,2380,2339,2380,4800
7022.T,364,367,353,362,81600
7030.T,961,971,961,968,13700
7031.T,667,667,659,659,700
7033.T,1600,1624,1576,1579,86300
7034.T,318,319,315,315,26600
7035.T,220,225,217,220,58100
7036.T,668,668,656,668,2500
7037.T,795,801,790,801,10400
7038.T,580,584,579,582,30400
7039.T,1356,1358,1340,1352,24200
7040.T,971,971,970,970,200
7041.T,341,345,341,344,5300
7042.T,664,684,664,678,3100
7043.T,939,941,938,941,3100
7044.T,527,527,520,522,11600
7046.T,1322,1340,1260,1339,13300
7047.T,2190,2223,2187,2198,66700
7048.T,155,156,151,151,142900
7049.T,778,780,776,779,11300
7050.T,1560,1560,1532,1550,11900
7057.T,932,933,930,930,600
7058.T,3085,3115,3045,3115,2100
7059.T,971,980,967,971,87000
7060.T,588,610,588,599,36500
7061.T,498,498,488,489,27500
7062.T,688,688,685,686,1200
7063.T,63,63,59,61,692000
7064.T,1047,1047,1020,1022,1100
7065.T,943,960,943,949,8700
7066.T,461,461,454,457,5400
7067.T,1052,1052,1050,1050,500
7068.T,617,619,609,611,34500
7069.T,500,516,500,513,11800
7071.T,393,396,387,391,268300
7072.T,1095,1112,1093,1093,3900
7073.T,2282,2311,2282,2296,2900
7074.T,188,188,186,188,3400
7075.T,990,1020,990,1000,13200
7077.T,988,988,982,982,1100
7078.T,345,350,341,347,9900
7079.T,2588,2618,2575,2618,2700
7080.T,909,909,900,900,11000
7081.T,1299,1299,1286,1288,1800
7082.T,1406,1407,1406,1407,46900
7083.T,1196,1196,1161,1175,5800
7084.T,2816,2836,2791,2836,5800
7085.T,890,892,881,881,204700
7087.T,1423,1437,1422,1423,13800
7089.T,1415,1460,1395,1439,30300
7090.T,989,995,986,990,3900
7091.T,1306,1315,1295,1304,54700
7093.T,601,603,595,600,1900
7094.T,1850,1863,1834,1842,75200
7095.T,1154,1175,1145,1160,55900
7096.T,738,738,736,736,700
7097.T,2749,2775,2749,2764,5400
7102.T,3630,3650,3595,3630,28200
7110.T,1920,1924,1900,1917,5900
7111.T,521,536,517,536,17400
7112.T,596,598,567,574,41200
7114.T,822,828,822,828,4900
7115.T,1492,1524,1492,1494,9800
7119.T,2129,2173,2062,2102,48700
7120.T,995,1008,988,995,55400
7122.T,2432,2433,2430,2433,2400
7126.T,1450,1461,1450,1460,2900
7127.T,712,712,710,711,15000
7128.T,2858,2880,2848,2848,47800
7129.T,1181,1181,1171,1172,2400
7130.T,2828,2830,2808,2810,42000
7131.T,3755,3760,3700,3725,7400
7133.T,1345,1400,1345,1348,9400
7134.T,1461,1474,1443,1443,6600
7135.T,172,174,172,172,46900
7138.T,161,174,156,166,3540100
7140.T,798,799,797,798,1300
7148.T,1726,1726,1703,1711,641400
7150.T,519,521,513,515,16500
7157.T,1452,1454,1412,1412,150500
7161.T,643,648,623,630,120200
7162.T,289,298,274,288,59200
7164.T,3156,3160,3137,3143,245900
7167.T,1668.5,1672.5,1641,1664,3144100
7172.T,2145,2149,2126,2128,121900
7173.T,1697,1720,1691,1713,692500
7175.T,2153,2180,2103,2140,29100
7177.T,1189,1189,1172,1172,236500
7180.T,1670,1672,1634,1654.5,804000
7181.T,1800.5,1801.5,1768.5,1789,1219100
7182.T,3236,3244,3193,3215,3797400
7183.T,254,254,254,254,18600
7184.T,3535,3535,3430,3500,139800
7185.T,3900,3900,3885,3895,14100
7186.T,1886,1887.5,1844,1867,2664000
7187.T,1357,1358,1347,1351,39700
7189.T,4965,4967,4858,4924,456300
7191.T,1217,1220,1200,1212,21600
7192.T,709,709,700,706,48500
7196.T,747,752,745,749,14200
7198.T,841,842,838,840,47700
7199.T,2130,2144,2098,2112,266600
7201.T,313,313.6,304.3,304.4,34659500
7202.T,2211.5,2219.5,2198.5,2203.5,2196600
7203.T,3002,3019,2964,2977.5,23796300
7208.T,1283,1296,1283,1294,1700
7211.T,367.9,369.1,364,365.1,5080100
7212.T,734,747,733,741,69100
7213.T,671,672,665,668,26000
7214.T,1123,1160,1123,1128,24400
7215.T,423,425,423,425,500
7217.T,440,441,439,439,1400
7218.T,1122,1171,1122,1146,1500
7219.T,2471,2471,2449,2451,9800
7220.T,2847,2975,2828,2912,1271300
7222.T,929,931,923,927,80400
7224.T,1970,1976,1958,1962,110600
7226.T,2321,2323,2304,2311,161800
7228.T,4035,4040,3995,4010,3300
7231.T,3155,3160,3125,3145,29500
7235.T,1591,1591,1573,1578,16400
7236.T,1500,1505,1491,1500,210300
7238.T,107,109,106,109,4497400
7239.T,2380,2397,2375,2378,67000
7240.T,3020,3032,3004,3019,281200
7241.T,1107,1115,1106,1112,539300
7242.T,4750,4790,4745,4760,56800
7244.T,565,573,563,568,95200
7245.T,1139,1170,1139,1158,255700
7246.T,1012,1019,1008,1013,182400
7247.T,372,376,369,370,53800
7254.T,835,835,832,834,1800
7255.T,505,517,500,515,26300
7256.T,477,524,477,510,896200
7259.T,2230.5,2255,2220.5,2238.5,1465400
7261.T,1169.5,1173.5,1155,1160.5,5073600
7264.T,1377,1377,1359,1359,3900
7265.T,3520,3545,3490,3530,1300
7266.T,998,998,986,989,18400
7267.T,1736,1766.5,1720.5,1732.5,15353600
7269.T,2008.5,2025.5,1988,1995,5518800
7270.T,2648,2655,2622,2631.5,1997700
7271.T,803,806,802,803,32100
7272.T,1814.5,1837.5,1797.5,1820,3328300
7273.T,625,640,623,634,87600
7276.T,2640,2674.5,2636.5,2659,574300
7277.T,337,338,335,336,25700
7278.T,5950,6030,5940,6020,273100
7279.T,2551,2551,2492,2524,40200
7280.T,1383,1394,1348,1364,226000
7282.T,5265,5296,5235,5263,303900
7283.T,2192,2219,2159,2211,181800
7284.T,1174,1188,1162,1188,12900
7287.T,2816,2820,2764,2771,159800
7291.T,472,472,467,468,17100
7292.T,6920,6930,6790,6860,1400
7294.T,879,896,878,892,87500
7296.T,4235,4270,4220,4240,68700
7297.T,879,879,871,874,2200
7299.T,1777,1816,1777,1813,1600
7305.T,2811,2813,2792,2797,24200
7309.T,18220,18305,17915,17920,176800
7313.T,1834.5,1840.5,1828.5,1831,257400
7314.T,1300,1310,1300,1310,1800
7318.T,1370,1396,1359,1381,78500
7320.T,1491,1491,1467,1471,16400
7322.T,2087,2088,2017,2059,422100
7325.T,699,700,698,699,2800
7326.T,2300,2310,2252,2300,20000
7327.T,2677,2709,2630,2702,1139300
7337.T,2405,2413.5,2368,2387,443600
7343.T,1331,1333,1301,1323,8600
7345.T,934,934,924,926,2400
7347.T,806,807,796,802,9400
7350.T,8000,8020,7820,7940,73000
7351.T,499,499,475,480,93400
7352.T,322,335,322,327,48800
7353.T,507,512,506,509,6500
7354.T,366,372,347,361,812200
7356.T,118,118,116,116,19100
7357.T,1709,1732,1698,1732,5200
7358.T,1834,1844,1806,1824,10800
7359.T,270,292,270,275,206700
7360.T,653,653,649,649,200
7361.T,1208,1215,1204,1214,7700
7362.T,890,890,876,882,1700
7363.T,1660,1732,1472,1483,144700
7366.T,1900,1936,1897,1912,80200
7367.T,334,334,333,333,1400
7368.T,1716,1716,1700,1716,1200
7369.T,378,383,373,382,7200
7370.T,712,719,712,715,1600
7371.T,817,817,794,804,14400
7372.T,400,403,399,401,7900
7373.T,915,920,905,915,45800
7374.T,1522,1528,1517,1520,10900
7375.T,1355,1385,1319,1340,74800
7376.T,789,835,786,793,35300
7377.T,1711,1718,1711,1718,2200
7378.T,1572,1601,1572,1584,6300
7380.T,2757,2771,2667,2713,528700
7381.T,1327,1337,1305,1320,384100
7383.T,394,404,394,396,476400
7384.T,5430,5480,5270,5430,118600
7388.T,2350,2360,2324,2328,22000
7389.T,1956,1973,1876,1909,1137500
7399.T,620,625,620,623,1500
7409.T,1513,1543,1486,1514,163900
7412.T,348,353,348,349,563000
7413.T,2860,2930,2860,2930,1500
7414.T,1435,1439,1425,1438,34800
7416.T,685,685,680,682,10800
7417.T,1938,1938,1893,1893,5400
7419.T,1281,1293,1276,1279,465800
7421.T,1634,1637,1621,1622,65700
7422.T,410,419,410,413,24900
7425.T,1100,1108,1100,1101,2200
7426.T,592,592,592,592,5400
7427.T,854,854,820,835,81400
7433.T,5540,5620,5480,5590,106000
7434.T,1849,1849,1830,1830,7200
7435.T,1296,1350,1296,1347,33000
7438.T,1810,1820,1768,1779,21700
7442.T,480,484,479,481,19000
7443.T,659,666,659,666,3400
7444.T,2000,2000,1991,2000,7700
7446.T,4470,4530,4460,4510,1700
7447.T,1646,1650,1636,1647,59300
7453.T,3863,3948,3861,3919,1366600
7456.T,7300,7300,7140,7160,69800
7458.T,1889,1897,1866.5,1884.5,877800
7459.T,2980,3144,2970.5,3140,1087900
7460.T,1638,1642,1617,1622,7300
7461.T,478,478,474,474,700
7462.T,397,407,395,400,64400
7463.T,985,1001,985,993,23100
7464.T,1509,1509,1509,1509,1000
7466.T,1485,1485,1469,1479,29400
7472.T,3915,3915,3875,3875,700
7475.T,3765,3770,3765,3765,105500
7476.T,2529,2533.5,2510,2519.5,88400
7477.T,1586,1586,1546,1586,900
7480.T,3600,3680,3585,3615,55300
7481.T,2598,2620,2590,2617,3400
7482.T,1526,1532,1516,1516,22000
7483.T,3130,3130,3105,3115,27700
7486.T,793,807,792,807,2400
7487.T,1855,1870,1855,1870,8500
7490.T,2188,2190,2188,2190,4300
7494.T,240,242,240,241,51200
7500.T,10270,10300,10270,10300,600
7501.T,1415,1420,1415,1420,200
7502.T,1701,1701,1688,1688,3100
7504.T,4360,4395,4295,4375,25300
7505.T,2106,2109,2085,2085,32100
7506.T,1381,1385,1378,1385,2100
7508.T,1455,1460,1446,1446,51700
7509.T,4725,4725,4665,4680,700
7510.T,2780,2823,2780,2812,134700
7512.T,857,862,854,856,80400
7513.T,1459,1471,1451,1462,174100
7514.T,852,853,851,852,3000
7515.T,4585,4585,4585,4585,100
7516.T,4570,4570,4485,4540,96500
7520.T,2593,2602,2563,2571,12200
7521.T,2681,2700,2681,2683,1400
7522.T,908,910,900,900,383300
7523.T,1875,1875,1875,1875,400
7524.T,174,174,165,169,74700
7525.T,3600,3630,3585,3610,19200
7527.T,51,51,49,50,1318900
7531.T,1328,1328,1328,1328,300
7532.T,708,724.6,705.4,713.1,12473400
7537.T,1889,1906,1883,1900,70200
7538.T,384,390,383,389,7200
7539.T,819,820,816,818,30500
7544.T,559,559,559,559,7700
7545.T,1950,1965,1939,1950,142400
7550.T,10430,10450,10240,10240,468000
75505.T,4939,4940,4920,4920,1700
7551.T,700,700,696,696,11800
7552.T,4090,4200,4075,4180,188200
7554.T,1182,1183,1169,1180,42000
7555.T,746,746,741,743,2400
7561.T,714,714,709,713,12300
7562.T,3840,3840,3810,3830,12500
7564.T,5340,5410,5170,5180,537600
7565.T,7620,7700,7610,7700,600
7567.T,626,628,611,623,31300
7570.T,1414,1417,1409,1414,4300
7571.T,83,84,83,84,237300
7575.T,1575,1575,1548,1559,425400
7578.T,78,78,75,75,17700
7581.T,6350,6380,6280,6290,292300
7585.T,405,407,405,406,2600
7590.T,394,399,394,397,18900
7593.T,526,532,525,526,485100
7595.T,1287,1299,1282,1294,145400
7596.T,2357,2357,2339,2345,27200
7599.T,1215,1219,1206,1208,537600
7600.T,678,678,655,661,102400
7601.T,164,164,162,164,12000
7602.T,175,176,174,174,54800
7603.T,36,37,35,36,623900
7604.T,916,920,916,919,9700
7606.T,2395,2425,2386,2408,96500
7607.T,3050,3085,3040,3070,37600
7608.T,937,960,916,941,128900
7609.T,4220,4325,4175,4310,87100
7610.T,136,138,135,138,620000
7611.T,2893,2904,2853,2854,109900
7613.T,1577,1588,1575,1586,124100
7614.T,1549,1551,1549,1551,2200
7615.T,99,100,98,98,133000
7616.T,2006,2006,1987.5,1987.5,851300
7619.T,999,1032,998,1032,12400
7621.T,3465,3465,3440,3460,5000
7624.T,167,170,163,169,77800
7625.T,462,462,460,460,3900
7628.T,1169,1182,1169,1180,104100
7630.T,1086,1112,1083,1088,608100
7634.T,5250,5250,5250,5250,700
7636.T,798,798,795,797,9700
7637.T,3665,3740,3625,3705,37400
7638.T,1422,1424,1415,1421,12700
7640.T,193,193,189,190,21800
7643.T,1719,1720,1710,1715,4500
7646.T,1832,1832,1820,1825,58300
7649.T,1232.5,1269.5,1227.5,1262,1298400
7670.T,1214,1220,1214,1216,5200
7673.T,1683,1690,1670,1690,1600
7674.T,2750,2775,2750,2766,8300
7677.T,2780,2780,2680,2729,800
7678.T,3840,3890,3795,3875,22900
7679.T,1650,1664,1633,1634,46900
7681.T,1000,1005,999,1005,1100
7682.T,3900,3905,3880,3885,9700
7683.T,1410,1414,1408,1413,19400
7685.T,3070,3120,3025,3035,185900
7686.T,443,448,443,447,16800
7687.T,463,463,449,450,6400
7689.T,527,554,457,459,487800
7692.T,78,78,77,77,129900
7694.T,551,552,536,541,18800
7695.T,953,953,922,932,11900
7698.T,2840,2892,2835,2860,5200
7699.T,692,692,680,680,3900
7701.T,3950,4018,3930,3937,582100
7702.T,463,463,455,460,20300
7707.T,208,211,208,210,51800
7709.T,56,62,52,53,966200
7711.T,5200,5210,5060,5080,47100
7713.T,2476,2534,2469,2534,18500
7715.T,4100,4160,4075,4090,58600
7716.T,3025,3090,2999,3065,116400
7717.T,5940,6100,5850,6000,196200
7719.T,518,535,510,533,168300
7721.T,7450,7520,7280,7390,170600
7722.T,781,790,781,789,20700
7723.T,2885,2907,2875,2889,14800
7725.T,1800,1865,1799,1819,97200
7726.T,1400,1438,1370,1438,4400
7727.T,898,941,895,934,214000
7729.T,17510,17590,17085,17205,326500
7730.T,1450,1459,1437,1459,201100
7731.T,1755,1868,1750,1861.5,1558100
7733.T,1999,2027,1992,2003,2263200
7734.T,3480,3615,3470,3575,138400
7735.T,13105,13365,12860,13275,1398700
7740.T,1341,1357,1340,1342,218400
7741.T,22885,23255,22680,23185,800000
7743.T,792,793,792,793,305600
7744.T,1998,2034,1993,2020,185900
7745.T,2900,2961,2900,2951,79800
7746.T,835,835,805,813,251800
7747.T,3251,3346,3244,3329,941800
7749.T,2889,2892,2870,2886,1700
7751.T,4544,4554,4495,4546,1650400
7752.T,1660.5,1672,1644.5,1657,1031100
7760.T,2107,2139,2100,2124,43800
7762.T,2373,2411,2366,2366,773700
7769.T,3860,3865,3840,3855,19200
7771.T,260,262,246,258,294800
7774.T,857,886,850,850,92500
7775.T,421,423,421,423,14400
7776.T,227,229,226,227,97200
7777.T,448,449,425,426,3285600
7779.T,235,240,234,239,961100
7780.T,1765,1805,1752,1754,214600
7781.T,889,902,886,897,22800
7782.T,490,491,487,491,3600
7791.T,829,833,826,827,3200
7792.T,1513,1530,1504,1505,20700
7793.T,1621,1655,1615,1637,4100
7794.T,1011,1036,1005,1010,224000
7795.T,221,221,217,219,54700
7800.T,992,1000,991,991,11200
7803.T,474,483,469,476,885300
7804.T,2405,2409,2403,2406,4600
7805.T,714,715,711,714,5200
7806.T,8020,8190,7910,8130,95600
7807.T,858,880,857,867,3400
7808.T,2648,2667,2648,2667,1100
7809.T,1321,1324,1320,1320,2300
7810.T,151,152,149,151,91000
7811.T,2265,2306,2255,2306,34200
7812.T,2143,2143,2071,2082,3500
7813.T,891,900,889,899,1400
7814.T,599,599,595,598,3600
7815.T,350,359,348,355,7200
7818.T,1242,1243,1220,1227,104100
7819.T,991,991,978,988,31300
7820.T,712,718,709,717,40600
7821.T,1995,2003,1965,1979,84300
7822.T,259,260,258,259,13200
7823.T,821,827,819,821,84400
7826.T,11000,11090,10690,10740,486700
7827.T,1766,1798,1766,1798,9200
7831.T,65,66,65,66,20200
7832.T,5586,5594,5457,5460,1306600
7833.T,679,683,677,682,7800
7836.T,74,75,73,74,80600
7837.T,361,364,361,361,4500
7839.T,2132,2159,2125,2142,198500
7840.T,1310,1313,1302,1302,20600
7841.T,1096,1096,1080,1080,6300
7844.T,533,539,526,533,165800
7846.T,2102.5,2148,2095.5,2145,247700
7847.T,662,664,655,664,7500
7849.T,3075,3075,3030,3035,1200
7850.T,797,797,793,794,1400
7851.T,173,174,171,174,6900
7856.T,2035,2035,2000,2007,89200
7857.T,1285,1290,1279,1290,900
7859.T,283,289,283,285,104200
7860.T,1260,1270,1251,1265,92500
7863.T,927,927,927,927,200
7864.T,3370,3400,3355,3380,88700
7865.T,331,335,331,333,4800
7867.T,4040,4095,4020,4052,554400
7868.T,550,552,541,546,297000
7871.T,1012,1035,1012,1020,8100
7872.T,620,620,618,619,8200
7874.T,980,982,970,973,52600
7875.T,855,859,844,850,15200
7877.T,2154,2155,2152,2152,4200
7878.T,1166,1188,1150,1170,4100
7879.T,676,676,671,673,2500
7883.T,403,406,403,405,21800
7885.T,1152,1158,1140,1142,8600
7886.T,577,577,577,577,200
7887.T,1548,1564,1545,1561,2600
7888.T,900,908,896,905,82500
7893.T,1114,1118,1111,1113,29800
7896.T,505,505,502,502,1600
7897.T,107,108,107,107,90300
7898.T,932,938,929,938,2200
7901.T,765,799,761,795,3400
7902.T,1095,1129,1095,1124,2700
7906.T,2331,2420,2327,2380,354500
7908.T,246,246,244,245,72400
7911.T,4730,4954,4727,4893,1353300
7912.T,2988,3023,2969,2986,739000
7914.T,1770,1775,1751,1765,133000
7915.T,1191,1205,1188,1195,150500
7916.T,1925,1925,1890,1910,800
7917.T,1260,1260,1248,1256,72000
7918.T,107,107,105,105,144800
7919.T,226,227,225,225,8700
7921.T,4150,4165,4100,4125,14200
7927.T,2370,2377,2330,2377,22900
7928.T,615,617,614,615,2800
7931.T,3655,3700,3640,3660,12100
7932.T,11500,11560,11480,11560,6800
7936.T,4003,4130,3999,4092,3154000
7937.T,2580,2580,2554,2558,8300
7938.T,2122,2123,2110,2113,2000
7939.T,603,604,602,604,600
7942.T,2967,3025,2967,2995,42400
7943.T,3075,3075,3045,3065,49300
7944.T,3780,3785,3740,3745,69300
7946.T,343,362,340,359,4700
7947.T,2821,2831,2805,2805,102700
7949.T,2840,2846,2830,2834,42400
7951.T,1262,1272.5,1250.5,1251,1162200
7952.T,3280,3345,3250,3335,18800
7953.T,405,406,402,404,14700
7955.T,958,960,950,956,38400
7956.T,2012,2025,2001,2018,403900
7957.T,2573,2603,2567,2580,9400
7962.T,800,802,797,801,13200
7963.T,1802,1803,1793,1796,4900
7965.T,1455,1460,1450,1453,53200
7966.T,5590,5740,5580,5690,1242800
7970.T,2298,2333,2285,2327,91900
7971.T,700,703,696,700,61500
7972.T,2509,2540,2503,2505,111600
7974.T,8257,8330,8175,8182,5000600
7975.T,1167,1167,1156,1157,2500
7976.T,3325,3375,3310,3365,74900
7979.T,2264,2280,2246,2269,44900
7980.T,877,885,873,875,7300
7981.T,3090,3125,3070,3105,67700
7983.T,1171,1180,1157,1163,6300
7984.T,892.8,902,888,897.5,304000
7985.T,746,746,730,733,1500
7986.T,1927,1927,1927,1927,400
7987.T,570,570,565,568,40200
7988.T,4933,4966,4925,4933,138900
7989.T,2693,2716,2687,2689,30100
7990.T,2426,2440,2419,2422,58900
7991.T,1061,1061,1058,1059,1800
7992.T,104,104,102,103,8300
7994.T,2340,2351,2333,2342,128600
7995.T,6660,6790,6640,6740,40300
7997.T,1093,1093,1086,1090,2100
8001.T,2299,2303.5,2229.5,2230,18542000
8002.T,5022,5024,4909,4915,4757400
8005.T,1775,1798,1768,1794,181900
8006.T,1484,1485,1474,1474,1300
8007.T,812,812,805,808,193200
8008.T,2086,2095,2070,2094,66800
8011.T,1370,1377,1359,1368,110100
8012.T,1180.5,1181,1167,1172,528100
8013.T,380,381,379,380,6300
8014.T,4280,4280,4225,4225,19900
8015.T,7427,7496,7375,7412,1275400
8016.T,723,732,721,727,625500
8018.T,861,861,841,850,19600
8020.T,2323,2362.5,2320.5,2330,839500
8022.T,4025,4125,4020,4120,110400
8023.T,1050,1057,1047,1048,17100
8025.T,1306,1311,1306,1306,500
8029.T,2699,2719,2695,2698,8100
8030.T,3920,4045,3900,4000,5400
8031.T,5161,5176,5054,5065,4608700
8032.T,1278,1278,1238,1262,194700
8035.T,54110,54570,52910,54060,2987000
8037.T,5130,5190,5080,5150,80300
8039.T,3470,3475,3455,3475,2000
8040.T,1041,1046,1041,1041,1600
8041.T,4670,4670,4610,4615,8200
8043.T,1565,1580,1546,1549,436700
8045.T,2044,2098,2044,2090,1300
8046.T,989,995,979,982,34800
8050.T,10250,10250,9950,10120,404900
8051.T,2021,2032,1975,2007,197300
8052.T,2941,2945,2920,2939,35500
8053.T,1786,1798.5,1775,1779,6071500
8056.T,4756,4831,4742,4785,251400
8057.T,2237,2261,2191,2225,152700
8058.T,4948,4950,4851,4854,6727400
8059.T,3660,3675,3625,3665,120200
8060.T,3690,3721,3666,3681,177000
8061.T,3080,3135,3050,3080,92700
8065.T,3130,3140,3090,3110,94300
8066.T,3660,3670,3565,3580,23500
8070.T,1020,1028,1015,1025,79000
8074.T,6430,6430,6320,6390,19700
8075.T,3200,3200,3160,3180,36400
8076.T,2165,2165,2130,2139,11500
8077.T,211,211,209,210,8200
8078.T,1900,1920,1894,1915,294300
8079.T,4455,4490,4435,4445,36600
8081.T,2617,2620,2598,2613,83800
8084.T,4810,4825,4770,4815,20500
8085.T,4390,4390,4350,4370,2600
8086.T,1443,1464.5,1442,1443.5,423700
8088.T,2131,2138.5,2114,2124,432400
8089.T,1995,2000,1985,1986,3600
8091.T,2420,2430,2409,2424,4100
8093.T,1812,1818,1801,1811,22600
8095.T,524,527,522,523,61300
8097.T,2498,2504,2465,2503,62400
8098.T,4545,4555,4490,4500,87100
8101.T,2619,2622,2591,2612,46800
8103.T,992,1000,986,997,127400
8104.T,794,810,788,802,36800
8105.T,79,80,77,78,1309300
8107.T,30,31,30,30,140400
8111.T,2127,2177,2126.5,2165.5,486300
8113.T,949.8,954,944.2,949.6,2661500
8115.T,1319,1352,1319,1344,1500
8117.T,2213,2220,2165,2174,268700
8118.T,1179,1180,1172,1178,1900
8119.T,793,793,793,793,1000
8123.T,1405,1405,1400,1405,1200
8125.T,1967,1975,1957,1969,72500
8127.T,520,529,520,521,14100
8129.T,4049,4093,4018,4048,185800
8130.T,3215,3235,3205,3225,79200
8131.T,2454,2485,2405,2469,81800
8132.T,7550,7600,7430,7560,5100
8133.T,2344,2360,2322,2330,98700
8135.T,432,435,430,432,7700
8136.T,1209.5,1223,1199,1213,7780300
8137.T,4670,4745,4640,4715,47100
8138.T,4150,4150,4120,4120,400
8139.T,2232,2232,2166,2166,11400
8141.T,1566,1568,1566,1566,49700
8142.T,1389,1399,1376,1376,85000
8143.T,183,184,161,162,173000
8144.T,1280,1281,1280,1280,500
8147.T,1431,1452,1423,1452,1200
8150.T,3330,3350,3300,3305,26500
8151.T,1835,1899,1833,1892,245900
8152.T,7240,7270,7110,7270,1200
8153.T,3950,3960,3915,3915,249100
8154.T,5100,5170,5070,5130,75700
8157.T,4305,4365,4300,4310,82200
8158.T,1333,1333,1313,1318,29700
8159.T,4185,4320,4155,4310,57100
8160.T,2410,2417,2400,2406,141000
8163.T,1518,1519,1502,1504,220600
8165.T,101,102,100,101,225200
8166.T,79,79,78,78,70200
8167.T,1417,1429,1394,1425,80400
8173.T,4385,4445,4355,4405,243400
8174.T,3050,3070,3023,3026,259000
8179.T,1323,1326,1301,1303,184900
8181.T,995,1003,995,1002,3300
8185.T,991,1006,990,1005,105900
8194.T,2691,2707,2671,2684,149700
8198.T,3350,3395,3345,3365,11500
8200.T,2279,2284,2257,2260,64200
8202.T,149,149,148,149,98500
8203.T,754,756,751,752,35800
8207.T,301,302,300,301,69000
8214.T,1715,1744,1714,1737,274700
8217.T,811,811,800,802,79300
8218.T,3865,3905,3850,3895,61700
8219.T,762,767,758,759,523400
8225.T,3695,3695,3695,3695,100
8226.T,398,405,396,401,126000
8227.T,3200,3205,3166,3182,463500
8230.T,307,308,305,306,38500
8233.T,2124.5,2143,2119.5,2120,760500
8237.T,2205,2220,2171,2182,116500
8242.T,2829.5,2852.5,2820,2835,287800
8244.T,1909,1914,1880,1886,24000
8247.T,333,335,329,331,6300
8252.T,2885,2889.5,2867,2868,665600
8253.T,4633,4664,4577,4578,495800
8254.T,296,301,294,298,99400
8255.T,1326,1336,1315,1316,253600
8260.T,390,393,381,388,9100
8267.T,1312,1324.5,1300.5,1301.5,8216600
8273.T,981,989,979,979,215600
8275.T,1005,1006,1002,1002,56200
8276.T,2684,2691,2658,2661,57100
8278.T,2034,2046,2022,2031,62500
8281.T,1140,1143,1133,1134,278600
8282.T,1874.5,1901.5,1861.5,1883.5,1600500
8285.T,838,841,832,839,27700
8291.T,557,566,557,563,196100
8303.T,1605,1612,1574,1574,4275100
8304.T,3486,3486,3407,3407,784100
8306.T,3601,3605,3554,3581,30643100
8308.T,2470.5,2475.5,2409.5,2433.5,5358700
8309.T,1762.5,1771,1740,1760,6925300
8316.T,6755,6775,6675,6720,9347400
8331.T,2741.5,2742.5,2671.5,2728,1968900
8334.T,2981,3000,2910,2990.5,1991000
8336.T,2868,2873,2830,2854,214200
8337.T,2715,2715,2629,2667,120600
8338.T,740,741,716,731,1254600
8341.T,4158,4171,4026,4043,872400
8343.T,9810,9870,9330,9510,212200
8344.T,5320,5340,5070,5260,203700
8345.T,2770,2770,2686,2733,348800
8346.T,1024,1024,994,1012,750200
8349.T,1669,1669,1635,1646,24500
8354.T,7718,7746,7627,7691,516500
8358.T,2819,2854,2773,2831,641700
8359.T,2700,2740,2648,2731.5,1127600
8360.T,7330,7370,7230,7330,156400
8361.T,8480,8480,8340,8440,134900
8362.T,8080,8080,7600,7780,177900
8364.T,3130,3130,3020,3100,23200
8365.T,2408,2413,2357,2362,6400
8366.T,2869,2872,2812,2863,354100
8367.T,2030,2030,1983,2001,329100
8368.T,2463,2475,2424,2466,412800
8370.T,5320,5330,5210,5220,97000
8377.T,8605,8613,8315,8397,557300
8381.T,2603,2603,2550,2576,255000
8383.T,1960,1960,1900,1925,18700
8386.T,3125,3135,3090,3120,227900
8387.T,4415,4435,4265,4365,346000
8388.T,10450,10450,10110,10260,99500
8392.T,3135,3150,3050,3110,115100
8393.T,2797,2804,2702,2761,274800
8395.T,6760,6760,6570,6720,49400
8399.T,3325,3325,3240,3295,121300
8410.T,343,344.2,338.8,341.4,2551400
8411.T,8415,8449,8278,8304,7384500
8416.T,1144,1144,1115,1128,17700
8418.T,3415,3426,3337,3415,658500
8421.T,194500,194600,192600,193400,337
8424.T,4569,4569,4504,4506,128200
8425.T,1379,1379,1360,1361,491900
8439.T,2670.5,2692,2655.5,2666.5,308400
8473.T,3300,3301,3248,3271,2244200
8508.T,772,813,771,809,1410200
8511.T,2510,2516,2481,2483,272700
8518.T,155,155,153,154,27600
8522.T,7200,7220,7080,7170,92600
8524.T,1319,1328,1303,1323,1116300
8537.T,3240,3270,3165,3225,37400
8541.T,3390,3490,3315,3465,224600
8542.T,1915,1915,1875,1894,29500
8544.T,2878,2878,2789,2846,218100
8550.T,1131,1132,1092,1122,596500
8551.T,8550,8550,8300,8410,52000
8558.T,1502,1507,1469,1501,159900
8562.T,397,397,381,389,249000
8563.T,1200,1200,1169,1183,48900
8566.T,6940,6940,6850,6870,48200
8570.T,1621,1621,1594,1602.5,280900
8572.T,491,491.3,482.2,482.2,1152600
8584.T,3715,3735,3685,3725,77600
8585.T,852,858,845,846,380700
8591.T,6154,6163,6059,6079,2383600
8593.T,1384.5,1388.5,1370.5,1371,4752500
8595.T,2280,2284.5,2271,2276.5,252400
8596.T,1572,1578,1562,1569,17800
8600.T,1200,1201,1171,1187,574900
8601.T,1855,1855,1807,1809,4762000
8604.T,1590,1590.5,1552,1553.5,6611800
8609.T,1276,1278,1228,1230,321500
8613.T,1291,1292,1275,1282,259300
8614.T,712,712,701,704,373100
8616.T,899,902,887,889,914100
8617.T,620,620,616,616,3500
8622.T,941,941,912,917,358700
8624.T,1691,1704,1672,1685,142900
8628.T,1173,1174,1145,1146,914800
8630.T,6958,6958,6806,6822,2047400
8697.T,2235.5,2283,2226,2269.5,2233500
8698.T,712,724,707,722,1900700
8699.T,1143,1144,1130,1133,36100
8700.T,2085,2100,2070,2100,3000
8704.T,1425,1425,1385,1387,50600
8705.T,225,226,223,224,40300
8706.T,1889,1890,1863,1877,170200
8707.T,4785,4785,4660,4670,93600
8708.T,1780,1780,1736,1738,191100
8713.T,2808,2808,2714,2766,79400
8714.T,1101,1102,1074,1089,746600
8715.T,1050,1060,1028,1029,162400
8725.T,5173,5190,4970,5019,5361100
8729.T,162,162.5,158.7,158.8,65305600
8737.T,615,620,613,614,27300
8739.T,2681,2689,2621,2630,182200
8742.T,615,615,605,610,2400
8746.T,105,109,103,106,415600
8747.T,2370,2370,2300,2323,14600
8750.T,1933.5,1934.5,1866,1886,6697000
8766.T,8350,8353,7971,8001,6964300
8769.T,535,535,521,523,38900
8771.T,1786,1792,1769,1774,123600
8772.T,898,903,891,899,9300
8783.T,48,48,46,46,526000
8789.T,162,163,160,161,730300
8793.T,4235,4250,4215,4220,10500
8795.T,4962,4980,4866,4907,667500
8798.T,137,147,135,140,806700
8801.T,1475,1510.5,1468,1507,8086300
8802.T,3595,3675,3565,3650,2714500
8803.T,2375,2394,2365,2376,128600
8804.T,3230,3335,3223,3313,881800
8818.T,1119,1120,1082,1084,1019300
8830.T,3190,3255,3183,3209,2635800
8835.T,791,795,788,791,12100
8836.T,26,26,26,26,33600
8841.T,1025,1038,1019,1019,94100
8844.T,1243,1245,1217,1218,23500
8848.T,1030,1035,1018,1019,8090900
8850.T,4760,4785,4705,4750,33100
8860.T,745,747,743,744,35000
8864.T,973,979,968,970,67100
8869.T,811,812,807,808,59000
8871.T,3210,3240,3195,3200,44100
8876.T,2282,2307,2277.5,2293,380900
8877.T,5240,5290,5210,5240,23700
8881.T,662,666,658,661,116000
8887.T,359,361,359,360,26800
8891.T,2104,2111,2078,2093,3000
8892.T,1113,1117,1103,1103,114500
8894.T,17,17,15,15,2187400
8897.T,453,455,450,451,638700
8898.T,1167,1167,1155,1155,1200
8904.T,825,825,818,823,16500
8908.T,892,897,891,894,16700
8912.T,160,160,158,158,35200
8914.T,883,903,882,899,66500
8917.T,1090,1092,1085,1086,25400
8918.T,10,11,10,11,252345000
8919.T,3530,3585,3485,3560,96500
8920.T,695,695,685,689,63000
8923.T,1699,1725,1690,1721,189800
8927.T,505,505,499,502,109500
8928.T,2302,2316,2302,2306,4100
8929.T,1381,1394,1350,1372,90300
8931.T,1353,1360,1335,1349,28800
8934.T,2381,2415,2371,2402,79400
8935.T,1992,2009,1974,1983,35800
8938.T,320,330,318,323,4200
8944.T,257,257,251,251,38000
8945.T,1089,1091,1083,1089,6900
8946.T,74,76,74,75,70100
8951.T,121800,121800,119900,120100,31753
8952.T,113500,113900,112700,113600,10651
8953.T,109100,110300,109100,109500,8046
8954.T,94400,95600,94300,95100,7921
8955.T,94000,94200,93600,93800,3266
8956.T,126100,127500,126000,127000,1149
8957.T,181600,182700,180900,182000,1311
8958.T,111800,112400,111300,111900,4725
8960.T,154300,155900,153900,155000,3966
8961.T,71000,71300,70700,70800,3821
8963.T,60600,61300,60400,60800,74962
8964.T,75900,76300,75400,76100,6862
8966.T,130000,131300,129900,130400,2309
8967.T,90900,92400,90800,91800,5544
8968.T,172300,172600,171500,171800,760
8972.T,144400,146200,143700,145500,6851
8975.T,96500,98700,96100,96900,6457
8976.T,303000,308000,302000,306000,1603
8977.T,132300,133200,131900,132500,1095
8979.T,188400,188400,186400,186900,2285
8984.T,110600,113600,110500,113300,15483
8985.T,83000,83400,82600,82600,26255
8986.T,91700,93100,91600,93000,5082
8987.T,133300,133300,132300,132400,1939
8995.T,1924,1967,1860,1886,80600
8996.T,1069,1071,1045,1045,10300
8999.T,566,571,564,569,18300
9001.T,2956.5,2981,2946,2946.5,858900
9003.T,2618,2667,2605,2630,937300
9005.T,1655,1664.5,1645,1645,1857100
9006.T,1563,1566,1544,1549,993400
9007.T,1803,1809,1781.5,1782,1243800
9008.T,787,799,780.4,790.5,2357900
9009.T,1358.5,1377.5,1333.5,1335.5,1409800
9010.T,2639,2698,2622,2660,144300
9012.T,2079,2081,2079,2081,200
9017.T,1990,1991,1986,1991,2500
9020.T,3427,3478,3421,3451,1598700
9021.T,3004,3034,2990,3010,1115300
9022.T,3779,3806,3758,3769,1361600
9023.T,1559.5,1559.5,1534,1535.5,1587600
9024.T,3600,3613,3539,3559,1053200
9025.T,2972,2975,2932,2935,64500
9028.T,3320,3340,3320,3340,5300
9029.T,1845,1846,1817,1820,3900
9031.T,3104,3112,3080,3087,520300
9033.T,633,634,631,634,9700
9034.T,1662,1690,1662,1675,4700
9036.T,1243,1243,1224,1231,1300
9037.T,1844,1866,1835,1859,76300
9039.T,3020,3075,3010,3055,198200
9041.T,3567,3575,3508,3510,1165900
9042.T,4591,4621,4512,4512,953100
9044.T,3150,3246,3150,3208,1190000
9045.T,3221,3233,3207,3214,249300
9046.T,2497,2497,2468,2472,15900
9048.T,1892.5,1901,1863,1863,2262600
9049.T,6590,6590,6510,6510,900
9051.T,1249,1261,1249,1251,3000
9052.T,1997,2009,1994,2000,55800
9057.T,3285,3290,3285,3285,1200
9059.T,921,930,921,926,6000
9060.T,4165,4165,4160,4160,200
9063.T,4125,4170,4125,4140,800
9064.T,1993.5,2005,1971,2002,936000
9065.T,8121,8252,8102,8199,142400
9068.T,7410,7470,7310,7320,25200
9069.T,2365,2377,2310.5,2363,308800
9072.T,5125,5135,5058,5077,127100
9073.T,1265,1265,1265,1265,1400
9074.T,4920,4980,4920,4970,1800
9075.T,6380,6380,6270,6340,46700
9076.T,2746.5,2754,2710.5,2733.5,174200
9081.T,4100,4100,4005,4020,55900
9082.T,2544,2794,2455,2794,57100
9083.T,2005,2100,1996,2040,12000
9087.T,2155,2155,2155,2155,100
9090.T,905,913,898,911,944600
9101.T,7527,7532,7303,7316,2255500
9104.T,7290,7320,7068,7103,2600200
9107.T,3497,3505,3403,3417,3157700
9110.T,10540,10540,10500,10510,101000
9115.T,1090,1093,1057,1057,37700
9119.T,1754,1757,1735,1745,133400
9127.T,3760,3760,3640,3640,4700
9130.T,1792,1797,1727,1732,154900
9142.T,3462,3569,3454,3552,1644100
9143.T,1490,1499.5,1483,1492.5,556800
9145.T,584,584,568,575,10300
9147.T,5576,5662,5566,5627,351200
9158.T,791,797,780,794,36700
9159.T,1959,1959,1936,1936,2400
9160.T,333,334,330,333,28200
9162.T,230,230,228,230,3600
9163.T,2393,2409,2393,2400,10500
9165.T,1770,1805,1770,1799,3200
9166.T,690,690,668,675,873900
9168.T,428,429,424,425,39100
9171.T,1499,1499,1491,1499,1600
9173.T,2816,2820,2812,2812,800
9193.T,896,898,894,894,4900
9201.T,3080,3107,3071,3083,1923400
92015.T,10140,10150,10105,10120,600
9202.T,3016,3033,2994,3012,1800700
92025.T,4785,4790,4766,4766,3400
9204.T,423,429,422,426,31900
9206.T,1957,1958,1941,1956,1400
9211.T,1550,1586,1530,1551,83500
9212.T,283,302,282,302,156700
9215.T,995,999,990,990,800
9216.T,1700,1712,1693,1708,17900
9218.T,798,798,792,794,17000
9219.T,898,901,896,898,3900
9220.T,1259,1280,1259,1280,4400
9221.T,1200,1216,1195,1216,60300
9223.T,356,363,356,356,47100
9225.T,974,974,970,970,300
9227.T,820,843,820,829,215400
9229.T,113,114,112,112,41200
9233.T,1160,1162,1151,1162,8400
9235.T,403,407,401,405,12900
9236.T,1390,1495,1390,1495,13900
9237.T,845,859,839,846,9500
9238.T,361,361,356,360,2600
9240.T,388,389,380,381,12200
9241.T,1285,1285,1285,1285,200
9242.T,1976,1976,1957,1957,2500
9244.T,1477,1520,1470,1496,18900
9245.T,2000,2038,1998,2033,13700
9246.T,1120,1128,1119,1120,3800
9247.T,1769,1819,1759,1788,267900
9248.T,1685,1692,1670,1685,15300
9249.T,1679,1685,1658,1660,7100
9250.T,1041,1041,1020,1041,800
9251.T,1620,1632,1605,1607,62900
9252.T,4160,4160,3990,4135,15900
9253.T,762,762,762,762,200
9254.T,1087,1091,1085,1087,600
9256.T,1008,1025,1001,1005,13200
9257.T,511,529,511,515,4800
9258.T,299,302,299,302,500
9259.T,857,857,845,852,2400
9262.T,682,693,682,685,15700
9264.T,1630,1631,1618,1628,5700
9265.T,3675,3675,3660,3660,700
9267.T,3455,3515,3430,3505,57100
9268.T,411,417,411,413,191300
9270.T,1975,2009,1952,1991,41700
9271.T,937,937,915,920,4600
9272.T,1465,1478,1463,1463,8800
9273.T,757,759,752,757,38400
9274.T,1129,1144,1114,1141,463200
9278.T,2766,2790,2703,2755,78700
9279.T,2000,2007,1969,1969,338700
9282.T,30000,30500,30000,30300,390
9284.T,76000,76000,75000,75000,1134
9285.T,39450,39650,39300,39550,251
9286.T,45000,45050,44000,44550,1731
9301.T,1543,1561.5,1532,1557,745100
9302.T,3400,3408,3325,3341,130700
9303.T,4145,4175,4110,4170,58800
9304.T,2102,2149,2080,2141,102200
9305.T,2121,2123,2099,2109,94000
9306.T,2045,2045,2024,2024,2400
9307.T,929,937,916,930,10800
9308.T,2341,2375,2292,2353,177500
9310.T,1429,1429,1405,1413,32900
9311.T,7760,7770,7760,7760,300
9312.T,2976,2999,2918,2990,18700
9313.T,1073,1074,1070,1070,600
9319.T,1825,1825,1800,1813,88300
9322.T,2488,2513,2466,2471,24600
9324.T,2700,2722,2673,2716,93400
9325.T,1073,1078,1060,1063,9700
9326.T,478,478,475,476,4400
9327.T,191,191,187,188,12100
9330.T,902,906,900,900,7000
9331.T,691,692,691,692,300
9332.T,676,687,676,684,87100
9336.T,3795,3820,3745,3780,139300
9337.T,1440,1465,1423,1452,76600
9339.T,1420,1420,1404,1404,3300
9340.T,831,835,828,829,13900
9341.T,616,620,609,615,50100
9342.T,966,970,961,968,2300
9343.T,801,808,800,802,12100
9344.T,1335,1351,1330,1351,9300
9345.T,592,596,590,595,1300
9346.T,1900,1900,1874,1880,3300
9347.T,2967,2981,2951,2953,275400
9348.T,417,420,410,410,558600
9351.T,1938,1938,1921,1923,4600
9353.T,3025,3025,2995,2995,400
9355.T,2193,2210,2193,2210,500
9360.T,2741,2778,2741,2778,1800
9362.T,3760,3760,3760,3760,500
9363.T,539,539,520,534,12800
9364.T,4900,4909,4866,4892,186000
9365.T,1660,1660,1660,1660,400
9366.T,1334,1334,1288,1307,25800
9367.T,2030,2030,2000,2000,5400
9368.T,967,967,959,963,17600
9369.T,2951,2993,2908,2908,26200
9376.T,848,850,845,846,8600
9380.T,439,442,439,440,20000
9381.T,2363,2363,2338,2342,9500
9385.T,748,757,748,751,9500
9399.T,14,15,13,14,3479410
9401.T,5843,5863,5762,5802,191500
9404.T,2987.5,2992.5,2937,2958,348600
9405.T,884,884,865,872,186100
9408.T,2820,2820,2680,2699,1100
9409.T,3120,3130,3095,3110,187600
9412.T,2099,2132,2084,2084,1420700
9413.T,3390,3430,3380,3420,78100
9414.T,989,990,957,957,105100
9416.T,1080,1082,1066,1071,180700
9417.T,327,328,326,326,4300
9418.T,1760,1787,1758,1783,295300
9419.T,303,303,298,299,12900
9421.T,522,545,522,525,4500
9423.T,106,106,105,105,60400
9424.T,120,121,118,119,1579100
9425.T,230,237,223,230,250700
9428.T,1471,1498,1471,1473,1100
9432.T,177,177.2,174.8,174.9,151185700
9433.T,3061,3091,3036,3038,6987600
9434.T,250.3,251,246.1,246.7,57876400
94345.T,3808,3810,3800,3803,2600
94346.T,7590,7590,7436,7518,5800
9435.T,38600,39010,38210,38890,77600
9436.T,4440,4485,4380,4420,137400
9438.T,607,611,601,605,16900
9439.T,220,220,217,218,7600
9441.T,3015,3085,3015,3065,2300
9444.T,255,265,255,262,8800
9445.T,548,548,542,545,1800
9446.T,694,700,694,696,7000
9449.T,3968,3980,3903,3918,161800
9450.T,797,797,786,787,27300
9466.T,242,246,242,245,7900
9467.T,1095,1102,1085,1095,79600
9468.T,3635,3677,3624,3664,183500
9470.T,1060,1073,1056,1067,488300
9474.T,921,933,919,930,108300
9475.T,546,546,542,542,1300
9476.T,1001,1044,998,1044,2800
9478.T,515,517,510,511,6700
9501.T,549.8,549.8,524.3,526.1,31236700
9502.T,2894.5,2904,2842,2881.5,2013900
9503.T,2833,2878.5,2771,2773,5380900
9504.T,1071.5,1076,1042.5,1042.5,1578000
9505.T,1136,1164.5,1126.5,1128.5,1604100
9506.T,1347,1372.5,1330.5,1336.5,3413000
9507.T,2168,2174.5,2123,2132.5,1193100
9508.T,2105,2116,2033,2055.5,2503200
9509.T,1126.5,1127.5,1103.5,1113,2673300
9511.T,1219,1219,1204,1210,272000
9513.T,4140,4192,4075,4113,447100
9514.T,360,361,341,342,171200
9517.T,845,851,821,824,314600
9519.T,889,891,854,854,1165900
9531.T,6275,6275,6140,6150,809400
9532.T,5920,5920,5805,5811,973100
9533.T,1295,1300.5,1234,1242,791900
9534.T,945,949,926,926,209100
9535.T,450,450,438,439,74900
9536.T,2642,2642,2596,2605,155700
9537.T,4305,4305,4305,4305,700
9539.T,1390,1390,1370,1371,6500
9543.T,1371,1371,1339,1343,148500
9551.T,3095,3175,3095,3155,63300
9552.T,1019,1045,1019,1040,157900
9553.T,647,657,647,651,104200
9554.T,1784,1822,1780,1794,19000
9556.T,2403,2474,2388,2456,40900
9557.T,251,256,248,250,13100
9558.T,1979,1980,1969,1970,1200
9560.T,900,910,894,908,21700
9561.T,421,436,421,428,21200
9562.T,700,700,687,692,3000
9563.T,353,354,348,350,32200
9564.T,565,572,561,562,24000
9565.T,649,649,641,642,900
9601.T,10940,10970,10850,10860,26600
9602.T,1564,1582.5,1557,1575,2008800
9603.T,1135,1144,1108,1108,551400
9605.T,6040,6040,5920,5960,72000
9610.T,109,110,107,108,79700
9612.T,1241,1279,1225,1225,78800
9616.T,3209,3264,3200,3240,979600
9619.T,2753,2753,2723,2741,29100
9621.T,3290,3300,3235,3245,38400
9622.T,1444,1450,1439,1443,51300
9625.T,922,940,922,930,4400
9627.T,5450,5528,5400,5488,173500
9628.T,1362,1372,1348,1356,65600
9629.T,1551,1581,1551,1568,21900
9632.T,3515,3540,3515,3540,7800
9633.T,1900,1919,1900,1917,8100
9635.T,2565,2569,2561,2569,1300
9636.T,4205,4205,4205,4205,900
9639.T,2418,2418,2380,2383,10200
9640.T,1981,1982,1946,1961,8500
9644.T,755,758,751,751,207800
9647.T,6750,6820,6650,6750,1500
9651.T,1937,1937,1916,1925,50800
9656.T,603,603,599,599,6800
9658.T,1108,1119,1107,1116,102400
9661.T,4160,4160,4150,4155,7000
9663.T,4925,4955,4905,4920,45400
9672.T,4875,4910,4860,4895,41200
9678.T,5350,5460,5330,5420,107300
9679.T,2295,2302,2289,2289,600
9682.T,1095,1142,1094,1138,566700
9684.T,2988,2993.5,2953,2966,446900
9685.T,569,569,569,569,300
9686.T,1729,1738,1729,1738,1800
9687.T,4650,4650,4600,4620,2200
9691.T,5160,5160,5160,5160,100
9692.T,2223,2255,2211,2240,105400
9697.T,4390,4444,4319,4408,1856500
9698.T,1284,1284,1258,1264,3100
9699.T,4745,4745,4615,4670,39500
9701.T,4560,4560,4500,4500,1700
9702.T,2418,2469,2418,2450,15000
9704.T,27,28,27,27,529600
9706.T,5513,5597,5505,5523,509200
9708.T,955,960,951,955,159900
9709.T,1254,1268,1234,1263,22100
9713.T,925,925,920,920,6000
9715.T,3560,3645,3560,3595,74000
9716.T,1255,1261,1244,1247,220400
9720.T,6440,6440,6400,6400,200
9722.T,2810,2878,2742,2772,343000
9723.T,632,633,631,631,1400
9726.T,2001,2021,1962,2013,48800
9729.T,2542,2560,2528,2541,21800
9731.T,3410,3410,3400,3405,1200
9733.T,2320,2320,2303,2307,13800
9735.T,6387,6415,6344,6351,791500
9739.T,2659,2686,2651,2659,15100
9740.T,2670,2687,2660,2672,29000
9742.T,2200,2279,2191,2268,33400
9743.T,1467,1471,1454,1454,304800
9744.T,3461,3492,3450,3479,338900
9746.T,4120,4155,4105,4150,46100
9753.T,1432,1432,1413,1429,7000
9755.T,2842,2856,2829,2851,38900
9757.T,1190,1197,1186,1190,186600
9759.T,2890,2935.5,2864,2923,547300
9760.T,116,119,115,116,46800
9761.T,2480,2498,2470,2490,2700
9763.T,1294,1306,1280,1289,16200
9765.T,1193,1193,1187,1189,11100
9766.T,21465,21605,21120,21485,251700
9767.T,1737,1840,1737,1765,7400
9768.T,3735,3765,3710,3730,5600
9769.T,2616,2634,2585,2589,20600
9778.T,5580,5580,5510,5510,300
9780.T,1140,1140,1116,1126,6600
9782.T,3480,3495,3465,3480,27300
9788.T,519,520,517,518,23400
9790.T,3025,3065,3025,3035,19100
9791.T,1187,1196,1187,1196,1500
9793.T,3690,3745,3685,3700,105500
9795.T,2291,2299,2274,2276,64000
9799.T,955,989,950,967,4800
9812.T,234,237,234,236,5200
9816.T,258,260,253,256,5800
9818.T,1545,1550,1530,1550,1400
9820.T,3855,3855,3780,3780,1300
9823.T,1009,1017,1000,1007,97200
9824.T,8030,8060,7770,7810,49900
9827.T,635,636,633,635,8500
9828.T,3410,3415,3350,3355,56800
9830.T,2423,2423,2397,2404,50700
9831.T,713.3,723.6,712.1,717.6,5376600
9832.T,1605,1608,1590,1603,932100
9835.T,509,511,509,510,2200
9837.T,1793,1804,1787,1801,30500
9842.T,1889,1889,1876,1880,154100
9843.T,2994.5,3066,2988.5,3014,4296700
9845.T,1389,1395,1374,1384,6300
9846.T,982,983,982,983,3100
9849.T,4545,4545,4540,4540,300
9850.T,994,994,990,991,41300
9853.T,909,910,908,908,3300
9854.T,278,278,271,275,61200
9856.T,1231,1237,1228,1232,26600
9857.T,2613,2619,2582,2587,600
9861.T,3610,3658,3592,3609,201900
9867.T,10610,10610,10600,10600,300
9869.T,6830,6880,6780,6800,32800
9872.T,955,956,950,951,4200
9876.T,218,222,218,220,12200
9878.T,391,395,390,390,11400
9880.T,3520,3540,3480,3500,129900
9882.T,1742,1746,1727,1728,225700
9885.T,334,335,331,334,4500
9887.T,5210,5210,5140,5160,70200
9888.T,1287,1299,1280,1293,53300
9889.T,1691,1698,1665,1696,87000
9890.T,1489,1489,1473,1480,5100
9895.T,1285,1289,1284,1285,1100
9896.T,1430,1434,1411,1427,44800
9900.T,1109,1114,1090,1094,324100
9902.T,3270,3280,3235,3270,118500
9903.T,882,888,881,888,1400
9904.T,241,244,240,241,15700
9906.T,4160,4240,4160,4200,1800
9908.T,2950,2974,2925,2953,26000
9913.T,3680,3680,3585,3650,1600
9928.T,2086,2098,2059,2090,85100
9929.T,475,477,469,469,9200
9930.T,403,403,389,396,11800
9932.T,1309,1321,1308,1320,16900
9934.T,3133,3148,3112,3130,131300
9936.T,2960,2960,2926,2926,214200
9941.T,1169,1180,1118,1132,36900
9946.T,1800,1800,1782,1785,42700
9948.T,3720,3745,3690,3715,58800
9950.T,3350,3355,3345,3350,5800
9955.T,2815,2815,2812,2813,1900
9956.T,3380,3380,3335,3340,100400
9959.T,952,952,943,947,5000
9960.T,4435,4445,4355,4385,102200
9962.T,3656,3823,3631,3809,1079900
9969.T,238,238,238,238,4700
9972.T,277,278,274,274,4000
9973.T,20,20,19,20,407200
9974.T,6850,6890,6820,6820,23300
9976.T,1170,1170,1155,1156,3200
9978.T,44,45,44,44,63000
9979.T,1043,1043,1025,1027,109100
9980.T,94,95,93,94,113300
9982.T,2718,2734,2695,2734,5900
9983.T,67010,68640,66900,67920,788500
9984.T,6588,6793,6300,6393,77605400
9986.T,2510,2510,2500,2507,2900
9987.T,5250,5411,5210,5404,123200
9989.T,3645,3683,3641,3656,369000
9990.T,762,769,760,764,59800
9991.T,1830,1830,1804,1811,30200
9993.T,1161,1162,1158,1162,6900
9994.T,2036,2051,2034,2037,4600
