symbol,open,high,low,close,volume
1301.T,4665,4670,4625,4625,29900
1305.T,4343,4360,4333,4343,44570
1306.T,429.8,431.7,428.5,430.1,10282250
1308.T,4250,4262,4232,4245,104680
1309.T,55450,55450,54470,54500,60
130A.T,427,435,427,430,5600
1311.T,2143,2159,2143,2151,9802
1319.T,748,748,748,748,0
131A.T,1737,1737,1737,1737,0
1320.T,68100,68770,68000,68480,23381
1321.T,68330,69010,68200,68700,306410
1322.T,11450,11450,11360,11415,1043
1325.T,296,296,292,293.5,21150
1326.T,63380,63450,62690,62720,7104
1328.T,16320,16360,16155,16175,22377
1329.T,6845,6904,6825,6870,380975
132A.T,220,220,220,220,0
1330.T,68350,69050,68300,68800,14421
1332.T,1222,1230.5,1208.5,1208.5,2587600
1333.T,1280,1282,1264,1265,455600
133A.T,1060,1063,1058,1058,96981
1343.T,1924,1925,1906.5,1914,969610
1345.T,1800,1804,1782,1785,85483
1346.T,68340,69000,68220,68660,16072
1348.T,4280,4297,4266,4283,48050
1349.T,17310,17475,17305,17465,46
134A.T,1500,1500,1500,1500,0
1356.T,103.8,104.5,102.9,103.8,5030750
1357.T,2742,2759,2691,2719,8620648
1358.T,131600,133900,130950,132950,7481
135A.T,4190,4320,4125,4320,110300
1360.T,67.3,67.7,66,66.7,91325350
1364.T,3788,3802,3775,3783,10783
1365.T,4264,4338,4240,4296,413661
1366.T,70,70,67,69,2152092
1367.T,3137,3154,3110,3130,496455
1368.T,150,152,149,151,1300796
1369.T,66380,67010,66270,66640,8747
1375.T,1170,1172,1163,1168,37100
1376.T,1646,1646,1610,1610,9000
1377.T,4340,4350,4310,4315,72600
1379.T,2124,2124,2068,2077,89100
137A.T,707,716,703,716,2900
1380.T,998,998,998,998,400
1381.T,3590,3590,3540,3555,2600
1382.T,875,876,875,876,1300
1383.T,2993,2996,2991,2991,1300
1384.T,2213,2230,2207,2218,8300
138A.T,3110,3130,3110,3110,800
1397.T,66780,67400,66780,67050,366
1398.T,1819.5,1819.5,1802,1802,28820
1399.T,3268,3268,3217,3225,845
139A.T,3350,3350,3350,3350,0
1401.T,1323,1335,1300,1335,6900
1407.T,2387,2463,2373,2402,318000
140A.T,2036,2036,2035,2035,5
1414.T,1267.5,1268.5,1255.5,1255.5,1181100
1417.T,3589,3610,3554,3554,234900
1418.T,584,584,581,583,19500
1419.T,2862,2885,2862,2876,89200
141A.T,4120,4150,4025,4040,400600
1420.T,632,634,632,633,7300
1429.T,799,815,798,814,95700
142A.T,832,837,828,829,4000
1430.T,1029,1031,1020,1020,18800
1431.T,655,657,653,657,11100
1433.T,1293,1303,1273,1277,81700
1434.T,1601,1633,1601,1633,41700
1435.T,179,179,175,179,302200
1436.T,1830,1888,1780,1847,72800
1438.T,2285,2347,2285,2347,800
143A.T,700,715,700,702,2100
1443.T,280,283,276,280,62700
1444.T,2665,2666,2665,2665,600
1446.T,537,541,537,538,2500
1447.T,410,420,388,390,218700
144A.T,450,450,450,450,0
1450.T,1467,1483,1453,1463,2700
1456.T,1260,1260,1247,1254,48026
1457.T,1750,1752,1742,1749,95207
1458.T,82480,83950,82040,83130,97818
1459.T,111,112,108,110,5799113
145A.T,907,907,895,896,7500
1466.T,196,197,195,196,1099
1469.T,183,183,182,182,3230
146A.T,3655,3720,3655,3715,38100
1472.T,75,76,74,75,230
1473.T,4200,4219,4193,4201,7760
1474.T,37620,37620,37450,37450,8
1475.T,423.1,425,422,423.6,2564740
1476.T,1844,1844,1826,1828,87824
1477.T,3397,3409,3370,3399,4221
1478.T,5406,5409,5337,5359,19263
1479.T,49500,49500,49500,49500,0
147A.T,1002,1018,997,1006,105800
1480.T,40640,40640,40640,40640,0
1481.T,3915,3915,3913,3913,5
1482.T,1533,1535,1528,1530,43809
1483.T,3920,3920,3884,3884,3
1484.T,3866,3871,3866,3871,490
1485.T,54550,54550,54550,54550,0
1486.T,23165,23165,23070,23070,3363
1487.T,11710,11710,11695,11695,3291
1488.T,1826,1828,1813,1821,55156
1489.T,3597,3605,3562,3569,703806
148A.T,1669,1707,1669,1706,1100
1490.T,7970,7970,7970,7970,0
1491.T,710,715,710,715,9300
1493.T,25990,25990,25735,25825,87
1494.T,44080,44080,43720,43780,2060
1495.T,11285,11315,11200,11225,234
1496.T,1624,1630,1624,1628,7856
1497.T,1729,1735,1729,1732,8331
1498.T,33310,33310,32860,32870,17
1499.T,9356,9356,9356,9356,100
149A.T,802,818,800,800,5600
150A.T,777,787,735,743,230400
1514.T,667,692,667,684,336400
1515.T,3395,3515,3380,3490,646700
1518.T,2294,2314,2290,2301,229600
151A.T,659,660,651,653,2400
152A.T,1186,1186,1186,1186,0
153A.T,1515,1573,1506,1569,97000
1540.T,20735,20755,20510,20540,194385
1541.T,8204,8250,8140,8212,24770
1542.T,30000,30060,29595,29635,50430
1543.T,62660,62900,62210,62620,118
1545.T,232.9,233.3,232.2,232.5,2379230
1546.T,80970,80970,80500,80610,659
1547.T,13110,13115,13050,13075,12336
154A.T,6610,6610,6610,6610,0
1550.T,8058,8202,8042,8090,33400
1551.T,7051,7051,7051,7051,400
1554.T,6793,6814,6778,6794,999
1555.T,2389,2389,2355,2357,3056
1557.T,120400,120400,119800,119950,1453
1559.T,4616,4680,4616,4670,924
155A.T,815,821,806,820,19600
1560.T,6460,6460,6251,6300,1267
1563.T,2505,2515,2484,2503,13553
1566.T,53400,53630,53260,53290,1071
1568.T,1013.5,1022,1007,1015,1658520
1569.T,730.6,732.1,728.3,730.5,60500
156A.T,897,899,882,899,43600
1570.T,68980,70270,68670,69620,2229307
1571.T,296,297,293,294,516420
1572.T,7083,7296,6880,6904,3200
1573.T,8097,8178,8097,8106,360
1577.T,60930,61070,60320,60520,4293
1578.T,5267,5325,5267,5291,3536
1579.T,746.2,759.4,742.2,752.4,10803420
157A.T,774,780,765,777,10000
1580.T,783.6,786.2,777.4,780,245320
1585.T,2640.5,2640.5,2640.5,2640.5,0
1586.T,3145,3145,3100,3100,385
158A.T,2227,2227,2227,2227,0
1591.T,37260,37290,37050,37110,258
1592.T,3412,3416,3395,3414,531
1593.T,38180,38210,37990,38040,700
1595.T,1825,1835,1813,1835,37485
1596.T,3074,3074,3074,3074,0
1597.T,1822,1824,1805,1810,247290
1599.T,38060,38060,38060,38060,10
159A.T,742.9,744.2,740.1,741.1,3490
1605.T,3791,3847,3781,3788,4789000
160A.T,1965,1976,1965,1976,3700
1615.T,787,792.3,776.7,779.8,2706450
1617.T,48090,48120,47710,47710,172
1618.T,35430,35960,35320,35860,1016
1619.T,44700,45340,44700,45340,364
161A.T,1125,1125,1125,1125,0
1620.T,36620,36740,36470,36670,305
1621.T,30410,30460,30010,30040,851
1622.T,35110,35240,35000,35180,457
1623.T,64620,65890,64610,64630,2146
1624.T,82520,84390,82520,84000,151
1625.T,64010,65350,64010,64520,668
1626.T,48050,48760,48040,48760,234
1627.T,12720,12935,12700,12870,8603
1628.T,22040,22180,22000,22050,79
1629.T,276,282.7,276,280.2,1240620
162A.T,16875,17050,16875,17050,52
1630.T,37470,37490,37160,37260,236
1631.T,42550,42800,41990,42100,3061
1632.T,43670,44040,43220,43450,310
1633.T,48980,49220,48480,48490,149
163A.T,19150,19545,19150,19470,3266
164A.T,1980,1980,1980,1980,0
1651.T,3337,3350,3313,3340,134749
1652.T,5066,5076,5066,5076,30
1653.T,5170,5170,5170,5170,0
1654.T,3340,3340,3340,3340,0
1655.T,868.4,868.7,864.9,866.4,987530
1656.T,303.6,303.6,302,302.7,172080
1657.T,7242,7261,7208,7222,791
1658.T,4404,4410,4375,4410,1661
1659.T,3773,3783,3751,3762,4529
1660.T,10460,10460,10400,10400,2946
1662.T,1873,1899,1865,1878,861500
1663.T,1980,2003,1980,1995,121400
166A.T,1116,1127,1104,1123,292100
1671.T,5665,5713,5625,5689,160444
1673.T,9420,9420,9270,9280,7600
1674.T,25500,25690,25445,25570,474
1675.T,19810,19975,19765,19975,163
1676.T,42960,42970,42510,42530,22
1677.T,58740,58740,58670,58700,100
1678.T,305.2,305.4,303.1,303.4,458380
1679.T,66970,66970,66970,66970,0
167A.T,3200,3230,3165,3165,141900
1680.T,8298,8300,8270,8270,226
1681.T,3405,3440,3405,3440,2466
1684.T,2850,2850,2794.5,2794.5,220
1686.T,3130,3130,3032,3032,50
1689.T,727,730,725,726,14606
168A.T,1080,1088,1080,1088,1000
1690.T,2475,2534.5,2441,2499,3500
1691.T,15215,15580,15000,15155,17
1692.T,672.1,691.8,672.1,691.8,1200
1693.T,8870,8900,8799,8818,3970
1694.T,2310.5,2310.5,2273.5,2273.5,60
1695.T,3580,3594,3561,3572,7449
1698.T,4423,4427,4378,4390,16376
1699.T,661.9,666.6,657.8,664.7,210880
170A.T,3158,3158,3121,3126,26
1711.T,248,248,243,243,34000
1716.T,1400,1400,1389,1397,25900
1717.T,940,942,935,935,6900
1718.T,7150,7190,7130,7130,3400
1719.T,1925.5,1932.5,1902,1902,631000
171A.T,2167,2167,2167,2167,0
1720.T,1185,1193,1179,1181,180500
1721.T,5436,5464,5413,5419,346800
1723.T,2412,2568,2412,2516,347800
1724.T,722,722,717,722,2000
172A.T,2234,2234,2234,2234,0
1736.T,2400,2434,2400,2414,1000
173A.T,1563,1591,1562,1563,700
1758.T,2575,2575,2557,2560,900
175A.T,646,736,646,664,143200
1762.T,4165,4190,4120,4145,27900
1764.T,2729,2731,2729,2731,700
1766.T,13760,13800,13640,13690,9600
1768.T,1028,1034,1028,1033,1800
1770.T,2105,2120,2105,2120,2000
1773.T,93,93,90,90,18000
177A.T,855,855,836,840,4100
1780.T,1495,1500,1490,1490,19700
1783.T,51,57,50,56,1524900
1786.T,360,362,355,355,488400
1787.T,5660,5660,5660,5660,100
1788.T,4120,4120,4040,4065,1100
178A.T,1646,1646,1638,1639,1239
1793.T,2097,2099,2062,2087,1400
1795.T,5710,5710,5710,5710,100
1798.T,1083,1083,1064,1064,2100
1799.T,3275,3335,3275,3325,11700
179A.T,240.5,240.7,239.5,239.7,343980
1801.T,12985,12985,12720,12825,456800
1802.T,3042,3048,3011,3018,1831600
1803.T,2420.5,2437.5,2387.5,2417,2472500
1807.T,1925,1948,1919,1947,2200
1808.T,2855,2866.5,2838,2842,559500
180A.T,276.9,276.9,275,275.3,20730
1810.T,1458,1461,1442,1443,32400
1811.T,7750,7750,7660,7660,800
1812.T,5008,5034,4973,5016,1166800
1813.T,2850,2872,2840,2866,42300
1814.T,3610,3655,3600,3635,43900
1815.T,4500,4520,4475,4495,54300
181A.T,523.2,523.2,521,521,220
1820.T,5668,5672,5582,5587,139100
1822.T,828,832,825,826,170400
1826.T,1090,1095,1090,1090,4900
1827.T,1366,1373,1340,1367,9800
1828.T,2502,2538,2502,2534,9300
182A.T,479.3,479.3,477,477,54290
1833.T,5800,5810,5740,5740,156800
1835.T,3975,3995,3960,3970,43800
183A.T,429.6,429.6,428.8,428.8,3630
1840.T,259,260,258,260,16800
1844.T,476,478,471,475,54200
1847.T,3420,3465,3420,3445,10700
1848.T,771,771,757,757,11700
184A.T,322,325,321,324,900
1850.T,442,446,437,446,47700
1852.T,898,904,893,893,287200
1853.T,326,326,325,326,10200
185A.T,886,886,886,886,0
1860.T,1527.5,1530,1506.5,1506.5,755400
1861.T,1299,1306,1293,1296,700300
1866.T,1165,1180,1159,1170,8000
1867.T,2709,2731,2702,2731,1400
186A.T,1075,1100,1066,1087,3186800
1870.T,2146,2154,2132,2132,99600
1871.T,2213,2218,2186,2199,85400
1873.T,320,320,310,310,191900
1878.T,3322,3330,3255,3255,1250200
1879.T,2286,2314,2285,2305,142700
1882.T,1612,1619,1604,1614,332800
1885.T,2156,2169,2111,2138,527900
1887.T,553,555,550,554,166300
1888.T,3675,3720,3675,3705,10100
188A.T,868,868,856,856,3999
1893.T,1469,1473,1453.5,1465,1744400
1897.T,3310,3310,3300,3310,2100
1898.T,1495,1500,1489,1491,136900
1899.T,4485,4550,4485,4505,40000
189A.T,1016,1026,1016,1026,1200
1904.T,5070,5100,5060,5070,7000
1905.T,1463,1466,1453,1457,4500
1909.T,16278046720,16300044288,16278046720,16278046720,0
190A.T,71,71,69,70,604500
1911.T,1293.5,1295.5,1285,1285,4733900
1914.T,831,836,814,825,39600
1921.T,1917,1917,1803,1856,38700
1925.T,4737,4738,4631,4634,1531200
1926.T,3815,3860,3815,3820,111500
1928.T,3370,3383,3340,3340,2000000
1929.T,1216,1222,1209,1213,100700
192A.T,1275,1298,1270,1281,2800
1930.T,1575,1604,1575,1600,82200
1934.T,2603,2675,2603,2650,150400
1938.T,2549,2576,2540,2559,53400
1939.T,2314,2348,2304,2332,109400
1941.T,5190,5240,5130,5220,74400
1942.T,5700,5773,5664,5738,658300
1944.T,7149,7233,7099,7184,669700
1945.T,2125,2190,2113,2179,256400
1946.T,2256,2283,2233,2260,161600
1948.T,11420,11420,11420,11420,7900
194A.T,1794,1868,1776,1854,54500
1950.T,4055,4105,4040,4065,124500
1951.T,2610.5,2635,2603,2622,466700
1952.T,3175,3245,3165,3225,147200
1959.T,8160,8245,8144,8209,143100
195A.T,683,685,651,651,15400
1960.T,1696,1729,1681,1729,24700
1961.T,2430,2486,2425,2475,319800
1963.T,2356.5,2427,2347.5,2391.5,1517900
1964.T,3965,4015,3965,4010,14800
1965.T,7020,7310,7020,7250,96500
1966.T,1751,1752,1733,1736,3100
1967.T,2095,2112,2090,2111,9900
1968.T,2540,2582,2531,2551,149600
1969.T,4393,4476,4366,4449,620000
196A.T,330,357,330,352,177100
1972.T,1315,1336,1314,1335,60600
1975.T,3890,4020,3890,4005,51000
1976.T,1712,1714,1698,1706,52100
1979.T,3855,3905,3845,3895,152500
197A.T,508,511,504,506,189700
1980.T,2823,2853,2811,2829,709900
1981.T,1352,1357,1344,1346,2900
1982.T,3050,3160,3050,3160,172400
198A.T,169,169,165,169,37800
1992.T,2936,2936,2936,2936,0
1994.T,619,620,615,619,16500
1997.T,3925,3940,3800,3875,4500
199A.T,1350,1350,1350,1350,0
2001.T,2956,2957,2907,2910,123500
2002.T,2034,2046,2005.5,2011.5,804600
2003.T,1821,1828,1792,1806,30600
2004.T,3860,3860,3815,3825,46800
2009.T,1105,1105,1094,1103,16500
200A.T,4466,4535,4460,4533,2213562
2011.T,867,870.1,858.9,859.9,9120
2012.T,238.1,238.1,237.4,237.8,397730
2013.T,307.8,308.3,305.5,305.5,352350
2014.T,315.5,315.7,313.7,313.9,227730
2015.T,2085,2085,2070,2071,368
2016.T,1746,1746,1738,1744,17651
2017.T,1528,1540,1528,1533,41075
2018.T,1246,1246,1239,1239,903
2019.T,1000,1005,992,1003,2975
201A.T,179,179,177,177,96240
2034.T,1919,1930,1889,1899,26271
2038.T,2345,2377,2301,2364,46504
2039.T,514,520,511,512,183752
203A.T,160,160,160,160,0
2042.T,8220,8220,8204,8204,286
2044.T,34990,34990,34600,34600,29
2045.T,19710,19710,19710,19710,1
2046.T,23905,24390,23905,24305,343
2047.T,3347,3402,3347,3402,32
204A.T,1250,1250,1250,1250,0
2050.T,32750,32750,32750,32750,1
2053.T,2006,2022,1993,1998,37900
2055.T,353,353,349,351,13600
205A.T,1642,1651,1629,1645,18600
2060.T,1441,1450,1431,1445,94400
206A.T,175,183,174,180,63500
2070.T,16850,16850,16570,16570,11
2071.T,19985,19985,19985,19985,346
2072.T,22360,22360,22360,22360,0
2073.T,15480,15480,15480,15480,0
207A.T,1400,1400,1400,1400,0
2080.T,2128,2131,2107,2118,39095
2081.T,2210,2242,2191,2202,391
2082.T,1270,1270,1251,1251,150
2083.T,3991,3992,3961,3971,3691
2084.T,3880,3930,3880,3900,22238
2085.T,793.6,793.6,785,790,6340
2086.T,3073,3073,3067,3067,36947
2087.T,3453,3453,3445,3445,7304
2088.T,2673,2673,2671,2671,9
2089.T,2878,2878,2870,2870,2
208A.T,2901,2909,2899,2901,9200
2090.T,4289,4289,4289,4289,2
2091.T,4460,4460,4460,4460,5
2092.T,4505,4505,4505,4505,5
2093.T,5211,5211,5178,5178,77
2094.T,786,793,786,793,11511
2095.T,1186,1186,1174,1174,5021
2096.T,1018,1018,994,996,4345
2097.T,932,932,927,929,131123
2098.T,980,980,973,980,7933
209A.T,780,780,780,780,0
2108.T,5410,5430,5330,5350,32500
2109.T,3835,3850,3735,3735,57300
210A.T,1566,1566,1551,1556,61252
2112.T,467,471,467,470,24100
2114.T,680,685,680,682,10700
2117.T,2800,2814,2790,2802,28500
211A.T,3405,3405,3375,3375,2500
2120.T,231,233,225,225,650200
2121.T,3600,3600,3530,3555,249300
2122.T,1487,1504,1487,1499,4900
2124.T,975,978,959,969,513100
2127.T,660,660,648,654.7,3974200
212A.T,2905,2956,2874,2944,84300
2130.T,912,912,902,904,45500
2134.T,20,21,20,21,622200
2136.T,1439,1439,1414,1431,600
2138.T,447,449,443,448,32500
2139.T,521,523,521,521,2400
213A.T,410.7,418.3,410.7,418.1,735980
2146.T,226,229,225,226,2340500
2148.T,1182,1182,1169,1173,34300
2152.T,1525,1562,1525,1530,300
2153.T,1856,1860,1844,1845,39700
2154.T,1988,1989,1961,1965,108500
2156.T,281,282,280,281,3100
2157.T,1029,1030,998,1003,580100
2158.T,624,636,620,632,192800
215A.T,1690,1702,1617,1650,1293000
2160.T,2868,2980,2857,2933,881200
2163.T,968,968,961,961,16600
2164.T,120,122,119,119,108200
2168.T,1650,1650,1602,1603,137800
2169.T,1738,1738,1727,1732,3800
216A.T,1250,1250,1250,1250,0
2170.T,685,687,660,660,255200
2173.T,725,728,716,728,10300
2175.T,2550,2603,2541,2568,614500
2179.T,825,830,825,829,1000
217A.T,382,382,382,382,0
2180.T,1886167168,1886167168,1880403456,1881844352,0
2181.T,301.1,301.5,294.8,294.8,11276400
2183.T,205,207,204,205,75400
2185.T,1998,2006,1997,2001,2200
2186.T,903,911,903,905,8300
218A.T,1146,1216,1145,1171,329000
2193.T,130,130,127,127,230200
2195.T,392,399,367,369,105300
2198.T,785,785,778,778,13300
219A.T,2260,2352,2231,2252,418900
2201.T,2526,2527,2493,2493,393400
2204.T,3185,3190,3150,3150,11800
2206.T,5033,5043,4992,5021,175600
2207.T,3450,3455,3405,3455,41700
2208.T,3115,3115,3100,3100,2500
2209.T,2410,2411,2395,2399,25800
220A.T,954,969,947,947,2900
2211.T,2487,2497,2464,2489,17900
2212.T,3761,3773,3720,3749,308500
2215.T,612,616,612,613,5900
2216.T,1105,1109,1096,1096,87600
2217.T,1496,1498,1489,1491,19100
221A.T,1157,1180.5,1157,1180.5,182100
2220.T,1338,1339,1320,1322,150400
2221.T,3060,3075,3060,3065,1400
2222.T,2649.5,2654,2475.5,2503.5,1591300
2224.T,3695,3720,3695,3715,1900
2226.T,4910,4910,4890,4900,2500
2229.T,3030,3036,2997,3002,337800
222A.T,60,60,60,60,0
2235.T,3640,3640,3585,3590,10577
2236.T,1470,1470,1458,1467,15261
2237.T,2470,2474,2463,2474,9216
2238.T,5223,5230,5223,5227,66
2239.T,26850,26950,26790,26840,614
223A.T,1801,1801,1791,1797,835
2240.T,5270,5280,5270,5277,2679
2241.T,932,935.4,921,921,50980
2242.T,683.6,683.9,683.6,683.9,650
2243.T,4345,4376,4329,4376,172494
2244.T,3535,3541,3522,3537,40108
2245.T,697.8,697.8,697.8,697.8,10
2247.T,2271,2272,2262,2262,9052
2248.T,2799,2799,2773,2776,101733
2249.T,9325,9356,9325,9337,216
224A.T,1620,1649,1620,1645,6293
2250.T,379.8,379.8,374.3,374.3,9040
2251.T,907.9,908.5,904.7,908.3,13580
2252.T,1464,1464,1438,1438,10118
2253.T,1335,1335,1326,1327,5468
2254.T,1033,1033,1021,1021,17044
2255.T,197.8,197.8,196.8,197,256330
2256.T,216.5,217,215.8,215.9,65790
2257.T,217.8,217.8,216.7,216.8,18550
2258.T,222.8,222.8,221.7,221.9,31400
2259.T,178.3,178.4,178.3,178.4,30
2264.T,1104.5,1131.5,1099,1121,2337300
2266.T,1110,1115,1103,1111,79000
2267.T,2810.5,2852,2806.5,2807,741600
2268.T,4050,4060,4035,4050,12100
2269.T,4374,4444,4322,4371,1283400
226A.T,600,600,600,600,0
2270.T,3745,3795,3715,3750,138200
227A.T,1230,1230,1230,1230,0
2281.T,2422,2423,2403,2403,160800
2282.T,6090,6121,6058,6076,491000
2286.T,920,921,910,910,10400
2288.T,2237,2252,2226,2244,161900
228A.T,1700,1769,1640,1706,2000
2291.T,508,510,508,510,1000
2292.T,2774,2791,2750,2768,142400
2293.T,2715,2715,2703,2710,800
2294.T,2578,2585,2562,2579,10900
2296.T,5010,5040,5000,5000,91000
229A.T,760,760,760,760,0
2300.T,497,502,497,500,1500
2301.T,1723,1723,1692,1695,59700
2303.T,1387,1399,1362,1373,13500
2304.T,911,923,906,915,5100
2305.T,1860,1861,1840,1840,26400
2307.T,1048,1062,1044,1050,20300
2311.T,785,785,778,781,6300
2315.T,70,71,69,70,4598000
2317.T,449,450,435,435,1045800
2321.T,144,144,142,142,109400
2323.T,332,332,323,328,29900
2325.T,4685,4775,4635,4765,22400
2326.T,4520,4535,4470,4500,91100
2327.T,3979,3980,3859,3859,253000
2329.T,500,501,498,500,61500
2330.T,90,115,90,110,14067000
2331.T,1216.5,1217,1188.5,1191,824000
2332.T,1707,1725,1696,1705,4400
2334.T,572,602,568,593,1187300
2335.T,1100,1100,1085,1086,68000
2337.T,396,396,389,391,781600
2338.T,125,126,124,126,34900
233A.T,1849,1849,1825,1825,38756
2340.T,522,524,519,520,50700
2341.T,173,174,173,173,10400
2342.T,254,268,254,260,159900
2345.T,103,107,103,107,56400
2349.T,2465,2468,2465,2468,200
234A.T,1503,1507,1495,1496,2284
2351.T,342,347,335,347,10600
2353.T,268,269,266,269,1361200
2354.T,1451,1475,1407,1424,577700
2359.T,2145,2145,2106,2116,22000
235A.T,1447,1455,1438,1443,41597
236A.T,437.9,438.2,437.4,437.6,3470
2370.T,24,25,24,25,162400
2371.T,3690,3706,3670,3700,109000
2373.T,415,418,412,414,8600
2375.T,220,227,218,223,60000
2376.T,782,785,777,778,2100
2378.T,1045,1047,1040,1045,29600
2379.T,1810,1819,1800,1802,205900
237A.T,144.9,145.2,144,144.1,703300
2384.T,4990,5020,4950,4980,46400
2385.T,218,220,217,220,30500
2388.T,34,34,32,34,187300
238A.T,121.3,121.8,121.2,121.4,359930
2391.T,1175,1178,1174,1174,3200
2393.T,4240,4240,4155,4200,4300
2395.T,1349,1358,1332,1335,167200
239A.T,450,450,450,450,0
2404.T,530,531,529,529,5500
2408.T,856,858,846,853,3000
2410.T,2898,2898,2869,2882,24900
2411.T,472,472,470,472,9000
2413.T,1759.5,1779.5,1698.5,1703.5,3735100
2415.T,1693,1693,1669,1686,1800
2418.T,605,607,603,606,31700
241A.T,424,424,415,419,11600
2424.T,597,597,596,596,1100
2425.T,659,667,657,667,2500
2428.T,639,639,633,634,20000
2429.T,2814,2834,2778,2790,40500
2432.T,2591,2592.5,2541,2563,941700
2433.T,1339,1357,1297.5,1299,1065500
2435.T,209,210,209,210,4700
2436.T,606,606,587,595,41400
2437.T,644,651,622,624,32900
2438.T,364,365,350,360,79200
243A.T,1122,1122,1122,1122,0
2440.T,126,127,123,123,159100
2445.T,403,403,398,399,41000
2449.T,1040,1221,1040,1100,200500
244A.T,1163,1183,1159,1168,1800
2454.T,355,355,352,354,4100
2459.T,179,180,178,178,9900
245A.T,2556,2578,2537,2537,4800
2461.T,388,390,386,387,115800
2462.T,1523,1528,1512,1513,21100
2464.T,376,376,372,374,4500
2469.T,2827,2863,2820,2824,10900
246A.T,929,930,920,925,4400
2471.T,280,280,276,278,187700
2475.T,1793,1793,1750,1765,27500
2477.T,3325,3385,3270,3290,9200
2479.T,265,266,263,265,65400
247A.T,1060,1061,1031,1041,779100
2480.T,1752,1760,1743,1760,600
2481.T,692,692,687,692,1400
2483.T,2234,2247,2208,2209,7200
2484.T,158,159,150,151,1047000
2485.T,450,451,448,449,43300
2488.T,1474,1474,1448,1459,4600
2489.T,430,433,422,427,159700
248A.T,813,814,813,813,600
2491.T,493,493,475,475,122700
2492.T,700,715,688,700,4661200
2493.T,948,948,943,947,1700
2497.T,538,542,534,536,18400
2498.T,3195,3195,3170,3185,6800
2499.T,307,308,307,308,23600
249A.T,340,340,340,340,0
2501.T,1842,1867.5,1826,1851,871100
2502.T,1640,1646,1628,1628,5291400
2503.T,2884.5,2902.5,2857.5,2871.5,2001200
250A.T,1590,1590,1580,1583,29200
2510.T,797.1,800.1,797.1,797.3,9690
2511.T,1142,1155.5,1136.5,1136.5,501320
2512.T,714.5,717.4,714.5,716,380240
2513.T,3550,3559,3544,3545,9968
2514.T,2035,2053,2035,2045,196
2515.T,1627,1687,1606,1618,119623
2516.T,629.6,632.6,624.7,628.5,605460
2517.T,1081,1081,1073,1074.5,60970
2518.T,2447,2457,2438,2443,15178
2519.T,1157.5,1158,1140,1140,5650
251A.T,256,256,256,256,0
2520.T,2353,2377,2353,2377,14869
2521.T,2177,2179,2174,2177,50647
2522.T,8754,8769,8737,8740,6137
2523.T,3200,3200,3200,3200,0
2524.T,4230,4230,4211,4211,1055
2525.T,66650,67000,66650,66730,834
2526.T,37550,37550,37550,37550,0
2527.T,1093,1093,1090,1090,10006
2528.T,1100,1100,1083,1084,67879
2529.T,2403,2403,2375,2378,14526
252A.T,2566,2566,2566,2566,0
2530.T,17600,17600,17200,17210,17
2531.T,2480,2487,2414,2450,634900
2533.T,456,460,453,453,96500
253A.T,1042,1054,1031,1047,14800
254A.T,1200,1204,1196,1196,7300
2552.T,1916,1916,1903,1911,8445
2553.T,2440,2440,2351,2383,1250
2554.T,740.3,740.3,737.3,738,7370
2555.T,1839.5,1839.5,1827.5,1830,65320
2556.T,1842,1842,1825,1832,13350
2557.T,4181,4182,4180,4182,120
2558.T,3466,3474,3450,3454,226883
2559.T,2975,2976,2962,2965,253989
255A.T,5200,5350,5190,5320,65700
2560.T,53020,53020,53020,53020,0
2561.T,1988,1988,1982,1982,9121
2562.T,3661,3703,3661,3703,23085
2563.T,406.8,407.1,406.3,406.9,185660
2564.T,3702,3720,3688,3702,12964
2565.T,887,887,875,877,5929
2566.T,1014,1019,1003,1019,13237
2567.T,552.9,552.9,544,544.7,2180
2568.T,7910,7940,7905,7905,1323
2569.T,4315,4320,4307,4320,4965
256A.T,2189,2252,2189,2214,387500
2573.T,4040,4085,4035,4035,2400
2579.T,3757,3800,3746,3767,736300
257A.T,3400,3413,3395,3395,258
2585.T,1522,1576,1488,1505,523800
2586.T,72,73,71,71,912600
2587.T,4474,4491,4438,4456,1139500
2588.T,3655,3710,3650,3680,2700
258A.T,2080,2080,2043,2047,241
2590.T,3000,3050,2962,3015,120900
2593.T,3158,3180,3122,3129,365500
25935.T,1801,1801,1796,1799,17500
2594.T,2020,2020,2010,2015,66800
2597.T,1289,1289,1266,1266,9200
2602.T,2050,2053,2030,2038,226900
2607.T,4450,4512,4444,4461,225100
2612.T,2318,2332,2292,2309,33800
2613.T,2280,2280,2228,2234,69600
261A.T,2005,2046,2000,2037,36500
2620.T,362,362.9,361.5,362,136280
2621.T,995,1000,995,996,213811
2622.T,1690,1704,1690,1702,1661
2623.T,1930,1930,1924,1926,3098
2624.T,6641,6703,6640,6657,6758
2625.T,4142,4149,4122,4132,1529
2626.T,3394,3394,3291,3296,351
2627.T,1588,1588,1572,1572,18
2628.T,3806,3825,3742,3800,6401
2629.T,3728,3728,3640,3643,2915
262A.T,1750,1814,1747,1788,377100
2630.T,16190,16190,16120,16140,2293
2631.T,32990,33050,32900,33040,12439
2632.T,17845,17995,17845,17995,2263
2633.T,559.5,559.5,555.1,556.3,139190
2634.T,3188,3188,3181,3185,13955
2636.T,4942,4942,4911,4911,110
2637.T,2619,2661,2619,2661,3161
2638.T,2648,2693,2639,2688,30167
2639.T,1716,1725,1700,1702,2718
263A.T,800,800,800,800,0
2640.T,4291,4291,4200,4205,19720
2641.T,4548,4567,4532,4544,1011856
2642.T,54050,54050,54020,54050,15
2643.T,4235,4363,4235,4363,3015
2644.T,3960,4031,3949,4003,693086
2645.T,3110,3110,3083,3091,18
2646.T,3813,3878,3813,3825,3852
2647.T,5695,5695,5675,5675,153
2648.T,3341,3343,3295,3339,1016
2649.T,576.4,576.4,575.3,575.3,29550
264A.T,309,314,304,308,32900
2652.T,440,441,435,435,91300
2653.T,2814,2814,2799,2805,15000
2654.T,439,445,436,444,19400
2656.T,164,165,162,163,117100
2659.T,3355,3365,3315,3320,115300
265A.T,760,767,720,737,58600
2664.T,3760,3830,3740,3805,76500
2666.T,187,187,183,187,58500
2667.T,100,103,100,101,110100
2668.T,1261,1271,1261,1269,1600
2669.T,3950,3960,3930,3950,9000
266A.T,1350,1350,1350,1350,0
2670.T,2701.5,2725,2685,2697.5,474500
2673.T,111,112,111,111,25400
2674.T,2574,2587,2551,2577,60400
2676.T,2056,2072,2055,2063,11700
2678.T,1261,1296,1258,1296,337800
267A.T,1815,1815,1815,1815,0
2681.T,2401,2408,2325,2343,207600
2683.T,996,996,993,994,1300
2685.T,3305,3315,3225,3245,153400
2687.T,494,501,492,500,13200
2689.T,1945,1945,1925,1926,1700
268A.T,1665,1735,1658,1706,2751800
2693.T,272,281,272,281,39600
2694.T,72,73,72,72,168700
2695.T,1682,1710,1675,1696,2382000
2698.T,3340,3345,3305,3305,12400
269A.T,2886,2918,2802,2859,12000
2700.T,1798,1798,1771,1771,4700
2702.T,8180,8190,8080,8100,380800
2705.T,9500,9500,9110,9110,38000
2708.T,1916,1916,1905,1905,500
271A.T,1500,1500,1500,1500,0
2721.T,107,107,106,107,37700
2722.T,359,360,359,359,3000
2726.T,1534,1560,1509,1509,1204700
2730.T,2512,2518,2487,2488,155600
2733.T,2680,2687,2664,2672,82600
2734.T,1200,1218,1198,1204,90800
2735.T,721,728,719,724,56000
2736.T,607,610,603,603,1100
2737.T,33650,34700,33200,33900,84600
273A.T,9979,9979,9830,9830,180
2742.T,4040,4040,3950,3970,33400
2747.T,3145,3145,3145,3145,0
2749.T,662,665,656,662,287800
274A.T,2290,2290,2279,2287,8400
2750.T,1358,1360,1354,1355,9400
2751.T,3790,3800,3765,3790,3000
2752.T,1144,1149,1139,1145,76000
2753.T,1394,1394,1382,1382,25800
2760.T,4150,4215,4150,4180,75600
2762.T,70,70,69,70,129800
2764.T,167,167,162,162,134100
2767.T,2480,2482,2442,2450,397400
2768.T,5775,5894,5764,5853,1055700
2769.T,928,928,926,926,2900
276A.T,3965,4110,3895,4035,49700
2776.T,104,107,103,104,411800
2778.T,117,117,114,116,16900
277A.T,1843,1915,1830,1901,156200
2780.T,4810,4920,4795,4920,99900
2782.T,4595,4625,4550,4570,250800
2784.T,2288,2320.5,2281,2291,274700
2788.T,420,423,415,416,33100
2789.T,479,479,477,477,1200
278A.T,20600,23400,19690,20100,8502300
2790.T,2129,2129,2112,2112,4400
2791.T,4675,4705,4625,4640,47000
2792.T,1450,1454,1445,1450,40000
2795.T,962,962,958,958,600
2796.T,506,506,504,505,4100
2798.T,3005,3015,3000,3000,4800
279A.T,1550,1550,1550,1550,0
2801.T,1773,1776,1724,1726.5,3876600
2802.T,5206,5281,5155,5219,3554800
2804.T,1867,1867,1846,1849,13900
2805.T,7410,7610,7320,7350,85500
2806.T,1934,1934,1917,1931,600
2809.T,4680,4710,4635,4647,206700
280A.T,1126,1175,1110,1171,46900
2810.T,3889,3898,3828,3839,227100
2811.T,2723,2732,2698,2718.5,217000
2813.T,3915,3935,3915,3915,400
2814.T,2000,2032.5,1995,2000,12600
2815.T,5420,5450,5370,5370,80400
2816.T,1417,1419,1416,1418,2500
2818.T,1778,1778,1761,1770,5000
2819.T,2532,2534,2514,2518,13500
281A.T,426,435,422,424,45400
2820.T,6340,6580,6280,6580,25800
282A.T,2350,2376,2329,2364,540466
2831.T,3685,3700,3685,3685,1000
2836.T,3398,3398,3300,3301,1642
2837.T,4894,4894,4809,4810,1204
2838.T,8484,8493,8467,8467,9324
2839.T,4948,4948,4936,4942,5434
283A.T,1366,1366,1329,1331,269
2840.T,2675,2770,2655,2666,100742
2841.T,1697,1701,1694,1698,39014
2842.T,12185,12200,12145,12200,2447
2843.T,3648,3648,3641,3641,310
2844.T,5473,5483,5465,5465,2329
2845.T,3560,3560,3540,3560,3967
2846.T,2578,2590,2564,2564,15817
2847.T,3020,3021,3000,3020,111
2848.T,3135,3135,3098,3098,18
2849.T,5580,5580,5515,5515,113
284A.T,2335,2335,2335,2335,0
2851.T,407.1,407.1,396.3,396.3,60
2852.T,174.3,174.3,172.8,172.9,870
2853.T,608,608,608,608,10
2854.T,2769,2774,2746,2770,55213
2855.T,933,936,926,927,139
2856.T,645.7,645.7,644.4,644.5,2290
2857.T,620,620,618.4,618.4,470
2858.T,1520,1537,1520,1535,2298
2859.T,3218,3218,3202,3213,184
285A.T,58000,59790,57650,59530,31323500
2860.T,3289,3289,3261,3261,6058
2861.T,5540,5540,5492,5492,542
2862.T,3821,3821,3821,3821,90
2864.T,1320,1320,1315,1315,129
2865.T,1271,1279,1267,1279,320230
2866.T,963,980,963,970,40658
2867.T,1701,1716,1701,1711,636
2868.T,1131,1135,1130,1133,47038
2869.T,2936,2956,2933,2948,99710
286A.T,815,815,797,808,25400
2870.T,7594,7603,7529,7529,11970
2871.T,2100,2122.5,2091,2102,1110200
2872.T,1930,1932,1929,1930,4100
2874.T,2157,2173,2130,2167,108400
2875.T,10210,10310,10110,10175,428400
2876.T,476,481,468,481,2500
2877.T,757,760,751,751,1000
287A.T,1172,1179,1163,1165,263400
2882.T,2025,2026,2015,2017,17500
2883.T,2033,2039,2030,2037,5000
2884.T,622,635,620,631,57300
288A.T,94,97,94,95,45500
2892.T,4600,4600,4575,4595,2100
2894.T,367,370,363,365,6100
2897.T,2980,2980,2921.5,2931,1044200
2901.T,148,150,147,150,65000
2903.T,1603,1617,1600,1615,3600
2904.T,755,758,754,755,3600
2907.T,1538,1539,1528,1528,2200
2908.T,1620,1620,1609,1609,27800
290A.T,1494,1528,1463,1476,840900
2910.T,1447,1447,1413,1428,81200
2911.T,2266,2266,2246,2246,600
2914.T,6779,6796,6726,6736,3211800
2915.T,2069,2069,2050,2052,21400
2916.T,745,745,743,743,1700
2917.T,920,925,920,925,4000
2918.T,2770,2773,2741,2744,59000
291A.T,1990,1990,1990,1990,1000
2922.T,2000,2000,1989,1993,9900
2923.T,7980,7990,7930,7930,1100
2924.T,1937,1937,1915,1921,1300
2926.T,130,130,127,128,124200
2927.T,864,864,860,861,21200
2929.T,607,613,603,607,101700
292A.T,680,680,680,680,0
2930.T,132,133,131,132,342300
2931.T,349,351,343,345,441300
2932.T,1120,1120,1116,1119,11300
2933.T,1129,1132,1124,1131,79800
2934.T,2025,2049,2020,2025,5900
2935.T,1208,1210,1200,1203,13300
2936.T,276,276,271,274,15400
2937.T,1759,1762,1759,1760,2300
2938.T,1260,1263,1247,1255,46200
293A.T,950,950,950,950,0
294A.T,2982,2982,2969,2971,66
295A.T,9875,9875,9875,9875,10
2961.T,1570,1570,1496,1500,1100
2962.T,1628,1649,1579,1598,240900
296A.T,1113,1140,1087,1140,65100
2970.T,1075,1089,1075,1085,12000
2971.T,107500,107800,107000,107800,911
2972.T,105100,105500,104400,105200,1568
2975.T,1503,1513,1478,1485,143900
2978.T,335,344,334,342,3500
2979.T,100900,101100,100500,100700,2145
297A.T,212,214,212,213,21400
2980.T,2424,2455,2357,2357,277000
2981.T,2215,2261,2213,2257,4000
2982.T,443,444,433,434,161000
2983.T,1800,1814,1752,1769,43600
2984.T,750,760,750,759,5100
2986.T,2841,2884,2825,2843,104300
2989.T,95500,95500,94900,95500,1318
298A.T,354,360,345,360,11600
2990.T,262,262,262,262,0
2991.T,541,541,530,537,42600
2993.T,2210,2220,2210,2220,500
2997.T,1324,1324,1323,1324,2000
2998.T,562,571,552,566,85200
2999.T,516,527,516,527,20100
299A.T,1290,1295,1258,1284,128700
3001.T,2941,2941,2902,2920,17500
3002.T,4105,4125,4085,4105,117100
3003.T,1778,1778,1737,1738,2195800
3004.T,2082,2096,2081,2091,2700
300A.T,3195,3220,3170,3195,18600
3010.T,190,191,190,190,113100
3011.T,145,145,134,142,74700
301A.T,550,550,550,550,0
3020.T,4495,4560,4495,4535,6100
3021.T,1595,1600,1592,1598,4900
3023.T,2026,2040,2023,2032,26400
3024.T,1162,1170,1162,1168,700
3028.T,2305,2335,2296,2330,69800
302A.T,619,636,619,636,13200
3030.T,866,866,857,857,9100
3031.T,680,681,670,670,53300
3034.T,2250,2286,2232,2266,62800
3035.T,778,784,774,776,14000
3036.T,3325,3380,3315,3375,100400
3038.T,3065,3070,2969,2985,2503100
303A.T,581,589,577,589,900
3040.T,2342,2367,2313,2352,71800
3041.T,409,414,408,408,3800
3042.T,296,299,296,296,8800
3045.T,1457,1459,1457,1457,500
3046.T,5630,5730,5580,5680,305800
3048.T,1731.5,1745,1715.5,1721,452000
304A.T,1940,1940,1940,1940,0
3050.T,1605,1605,1579,1579,220700
3053.T,205,206,202,202,181600
3054.T,380,380,370,371,26600
3058.T,707,708,707,708,500
3059.T,712,714,709,709,1700
305A.T,1146,1146,1146,1146,0
3063.T,1138,1154,1121,1154,45100
3064.T,1869.5,1916,1868.5,1901,1763700
3065.T,1589,1589,1587,1588,2500
3067.T,465,469,465,466,7600
3068.T,3055,3060,3050,3055,2400
3069.T,167,168,167,168,70300
3070.T,68,68,66,67,248500
3071.T,107,107,105,107,92600
3075.T,1640,1665,1639,1662,8600
3076.T,3010,3040,2980,2981,89400
3077.T,1294,1299,1255,1287,21500
307A.T,800,800,800,800,0
3080.T,816,817,811,815,5100
3082.T,988,988,980,981,5800
3083.T,1250,1266,1226,1255,249300
3086.T,2767,2768,2671,2694,1341400
3087.T,3355,3355,3270,3280,105100
3088.T,2588.5,2608,2563,2576.5,1222100
3089.T,1078,1137,1077,1078,7600
308A.T,1310,1310,1310,1310,0
3091.T,2849,2849,2804,2818,47500
3092.T,1136,1140.5,1123,1126.5,2154400
3093.T,1880,1887,1853,1871,105100
3096.T,1624,1624,1611,1611,3100
3097.T,5850,5920,5710,5790,182000
3099.T,3207,3221,3171,3207,1776200
309A.T,700,700,700,700,0
3101.T,1650,1667,1636,1644,348600
3103.T,1462,1543,1411,1424,8817900
3104.T,3380,3405,3325,3390,88600
3105.T,2264,2282.5,2221,2280,735900
3106.T,10970,11150,10870,11080,22500
3107.T,3783,3810,3711,3727,161500
3109.T,1055,1060,1050,1050,45800
310A.T,1440,1440,1440,1440,0
3110.T,3155,3165,3000,3115,4934300
3111.T,184,184,181,181,8800
3113.T,83,84,81,84,127800
3116.T,2293,2322.5,2291,2302,420700
3121.T,269,269,253,266,96700
3123.T,654,655,652,655,1700
312A.T,1542,1542,1542,1542,0
3131.T,6830,7080,6570,6720,77700
3132.T,3605,3692,3600,3649,631200
3133.T,65,67,62,63,607200
3134.T,310,316,308,310,56400
3135.T,1150,1170,1135,1166,9200
3137.T,206,206,205,205,5200
3138.T,1124,1132,1124,1132,2700
3139.T,3425,3435,3400,3400,18500
313A.T,262.9,262.9,261.1,261.9,10550
3140.T,1016,1020,1016,1020,5200
3143.T,742,742,725,728,73200
3148.T,3430,3430,3380,3380,47700
314A.T,327.5,327.6,323.6,323.6,2243150
3150.T,2435,2475,2427,2455,36000
3151.T,1620,1620,1600,1608,49800
3153.T,3015,3150,3015,3145,108000
3154.T,790,793,786,788,18400
3156.T,5310,5380,5210,5270,76500
3157.T,1446,1457,1445,1446,3700
3159.T,406,413,404,406,108800
315A.T,1996,2022,1976,1981,62344
3160.T,578,580,578,580,2400
3161.T,665,667,664,667,3000
3166.T,1465,1475,1463,1475,2500
3167.T,1330,1341,1318,1320,346800
3168.T,1282,1299,1246,1265,99500
3169.T,687,687,681,683,2400
316A.T,2701,2702,2688,2698,126270
3172.T,1122,1122,1120,1121,3500
3173.T,1488,1492,1480,1480,9200
3174.T,401,401,399,399,4400
3175.T,966,980,966,973,48700
3176.T,1148,1165,1133,1141,388300
3177.T,4205,4275,4205,4220,900
3178.T,1218,1220,1205,1214,19600
3179.T,1199,1211,1193,1200,94500
317A.T,1350,1350,1350,1350,0
3180.T,1640,1675,1622,1650,42200
3181.T,1051,1075,1048,1066,3800
3182.T,1663,1666,1631,1633,74300
3183.T,1273,1273,1258,1260,18300
3184.T,4180,4180,4155,4155,300
3185.T,146,151,145,151,94200
3186.T,3205,3285,3190,3260,326000
3187.T,373,383,366,368,47300
3189.T,113,115,111,112,193400
318A.T,344.1,345.9,343.3,343.3,834740
3190.T,583,587,583,586,1000
3191.T,2231,2233,2215,2231,86900
3192.T,283,283,275,279,20900
3193.T,1460,1460,1419,1421,113700
3195.T,717,717,695,712,29100
3196.T,1644,1648,1635,1647,53900
3197.T,3351,3358,3303,3317,877300
3199.T,1320,1322,1312,1312,32700
319A.T,20920,22240,20920,21850,39700
3201.T,1972,1984,1966,1971,61500
3202.T,131,131,129,130,27300
3204.T,501,503,500,502,4600
3205.T,734,738,733,734,77900
320A.T,500,500,500,500,0
321A.T,785,785,785,785,0
3221.T,3270,3285,3245,3270,22600
3222.T,845,845,825,830,414700
3223.T,970,973,962,962,6900
3224.T,695,700,694,694,3900
3226.T,117400,117600,116900,117400,4028
322A.T,765,765,765,765,0
3231.T,928.1,931.3,920.5,920.6,3114900
3232.T,603,604,596,602,169100
3234.T,126600,126700,125800,126000,3423
3236.T,294,294,286,288,52400
3237.T,96,96,93,94,122000
3238.T,384,395,383,392,72200
323A.T,375,382,373,374,7800
3241.T,602,602,601,601,300
3242.T,523,524,521,522,34300
3245.T,1125,1127,1105,1105,398900
3246.T,687,688,686,687,2500
3248.T,890,896,886,886,2100
3249.T,136700,137000,136000,136000,7297
324A.T,726,727,716,719,17000
3252.T,2915,2924,2846,2860,140800
325A.T,1780,1821,1761,1784,124100
3261.T,419,427,419,421,4800
3266.T,79,80,79,79,5100
3267.T,651,656,636,642,22700
3269.T,144500,144700,143600,143800,6017
326A.T,1620,1620,1620,1620,0
3276.T,2246,2247,2245,2246,190500
3277.T,825,829,812,824,21100
3279.T,133700,133800,132500,132500,5387
3280.T,936,948,934,941,14700
3281.T,135200,135300,133900,133900,10802
3282.T,98100,98300,97400,97500,7711
3283.T,85700,85800,84800,84800,13245
3284.T,1291,1292,1276,1277,204600
3286.T,890,890,888,888,3300
3287.T,240500,241000,239400,239600,1589
3288.T,7655,7664,7575,7625,234900
3289.T,1321,1323.5,1290,1292,2481400
328A.T,1378,1382,1373,1375,982
3290.T,74500,74600,74100,74100,2240
3291.T,2301,2305,2283,2295,317600
3292.T,117000,117200,116300,116400,6272
3293.T,773,773,770,771,700
3295.T,149100,149300,148100,148700,3849
3296.T,81500,81600,81000,81200,3961
3297.T,1175,1177,1173,1177,1600
3299.T,1732,1736,1698,1698,141200
329A.T,211.6,211.6,211.6,211.6,0
3300.T,1820,1847,1810,1821,31200
3302.T,3030,3075,3005,3065,40800
3306.T,688,725,680,716,59700
3309.T,72600,72700,72000,72100,13293
330A.T,596,603,555,572,51300
3315.T,101,102,99,100,11920900
3317.T,1476,1489,1476,1489,900
331A.T,490,491,488,490,2400
3320.T,1316,1316,1291,1293,17300
3321.T,1700,1712,1681,1686,15200
3323.T,96,97,95,95,467700
3326.T,655,658,650,651,3200
3329.T,2145,2145,2133,2138,2000
332A.T,1136,1164,1127,1138,66000
3333.T,1302,1303,1291,1296,54000
333A.T,6240,6240,6240,6240,0
3349.T,6763,6771,6636,6648,432700
334A.T,1060,1060,1016,1035,1100
3350.T,291,294,270,271,41552100
3352.T,1816,1816,1781,1781,1200
3353.T,2813,2815,2810,2812,1100
3355.T,1828,1828,1805,1805,34800
3358.T,95,96,94,95,58900
3359.T,530,530,526,527,25400
335A.T,324,325,320,323,34700
3360.T,2416.5,2429,2380.5,2392.5,284700
3361.T,898,898,891,891,1800
336A.T,1607,1797,1435,1449,19217900
3370.T,488,491,485,490,11500
3371.T,2080,2093,2063,2066,35200
3372.T,221,221,220,221,10900
3374.T,4100,4235,4055,4225,37300
3375.T,1755,1790,1755,1790,400
3377.T,389,389,387,388,3400
3382.T,2059,2062.5,2026.5,2039.5,6438900
3386.T,1246,1253,1246,1250,1200
3387.T,776,776,761,761,861200
3388.T,2138,2143,2107,2108,38900
338A.T,2715,3090,2571,2620,1723600
3391.T,2347,2348,2305,2305,1367200
3392.T,826,826,814,818,11600
3393.T,3030,3035,3005,3035,39900
3395.T,2455,2456,2429,2440,76500
3396.T,869,869,864,864,2100
3397.T,4251,4279,4222,4237,501500
3399.T,4070,4170,4045,4170,101300
339A.T,925,936,913,917,13800
3401.T,1723,1739,1701.5,1704,541000
3402.T,1258,1269,1248,1259,4237200
3405.T,1838.5,1847.5,1811.5,1811.5,1288300
3407.T,1630,1631,1607.5,1612.5,2899900
3409.T,90,91,88,90,135300
340A.T,318,324,318,320,6400
3415.T,364,367,362,364,163100
3416.T,904,924,904,924,800
3417.T,1024,1030,1020,1020,7300
3418.T,1055,1056,1050,1050,12100
341A.T,2118,2150,2114,2134,52100
3420.T,1582,1585,1578,1584,4700
3421.T,1723,1735,1722,1725,10800
3422.T,620,631,612,631,37000
3423.T,276,276,273,275,5100
3426.T,1301,1301,1301,1301,0
3431.T,1580,1585,1575,1576,50400
3433.T,2747,2786,2742,2782,143400
3434.T,1248,1249,1243,1244,3000
3435.T,1515,1547,1515,1535,8800
3436.T,3310,3353,3193,3315,11276600
3437.T,2720,2720,2692,2692,200
3439.T,678,678,678,678,200
343A.T,1318,1324,1312,1312,4200
3440.T,870,871,867,868,4800
3441.T,2789,2889,2789,2889,40000
3443.T,1362,1367,1349,1360,216200
3444.T,1032,1045,1023,1045,97400
3445.T,5800,5950,5720,5880,203200
3446.T,1620,1674,1600,1674,20600
3447.T,1009,1011,1002,1005,35200
3449.T,3990,4145,3975,4130,126300
3451.T,127800,128200,127300,127900,839
3452.T,1488,1488,1468,1468,28800
3454.T,1253,1266,1250,1250,7800
3455.T,96500,97000,96100,96100,4790
3457.T,934,938,930,935,58300
3459.T,88800,89000,88500,88900,1477
345A.T,15725,15725,15680,15680,76
3461.T,626,640,625,629,12200
3462.T,145200,145300,144300,144400,6421
3463.T,110900,111500,109900,111500,1351
3465.T,3320,3355,3270,3295,135200
3466.T,144500,144900,143200,143800,3535
3467.T,2910,2972,2850,2855,6700
3468.T,52600,52700,52300,52600,8517
3469.T,894,900,894,896,2300
346A.T,4930,4948,4912,4930,5600
3470.T,98700,98800,98300,98600,1112
3471.T,103700,104000,103000,103100,4664
3472.T,66000,66000,65600,65700,2663
3474.T,606,606,605,606,3900
3475.T,1503,1503,1490,1491,147400
3476.T,41100,41200,41000,41150,4243
3477.T,899,908,899,908,5800
3479.T,1872,1905,1872,1900,60000
347A.T,530,530,530,530,0
3481.T,113200,113400,112800,112800,3816
3482.T,2556,2562,2527,2534,71900
3484.T,1150,1157,1145,1145,7400
3486.T,1972,1985,1937,1953,83900
3487.T,135100,136500,134900,136200,1968
3488.T,102500,102900,102400,102600,842
3489.T,831,837,818,818,46700
348A.T,301.1,302.5,300.1,300.2,27760
3490.T,3030,3030,3030,3030,1700
3491.T,1576,1592,1547,1572,173700
3492.T,79300,79600,78800,79500,7581
3494.T,446,453,446,453,5400
3495.T,2300,2314,2280,2280,800
3496.T,4730,4740,4695,4710,18200
3498.T,7520,7540,7380,7380,161600
349A.T,845,845,839,839,640
3501.T,1180,1180,1173,1175,26200
350A.T,831,870,825,852,708800
3512.T,1035,1047,1020,1033,9800
3513.T,3425,3600,3300,3600,7100
351A.T,1760,1760,1760,1760,0
3521.T,158,158,156,157,13700
3524.T,1485,1487,1485,1486,800
3529.T,980,1000,980,994,19400
352A.T,552,552,537,537,4300
3536.T,128,128,127,128,19700
3537.T,1746,1760,1746,1760,1500
3538.T,1013,1014,1005,1007,13000
3539.T,1364,1365,1334,1349,193300
3542.T,1560,1560,1515,1524,11900
3543.T,2903,2903,2850,2853,218700
3544.T,1248,1250,1248,1249,7600
3547.T,1890,1900,1881,1885,24700
3548.T,702,703,697,697,234000
3549.T,4164,4199,4072,4072,225900
354A.T,3384,3384,3342,3355,38729
3550.T,216,216,214,216,18800
3551.T,1613,1618,1594,1609,16100
3553.T,927,938,915,935,85900
3556.T,798,805,793,804,39000
3557.T,514,515,513,514,3600
3558.T,1809,1809,1781,1794,67500
3559.T,456,465,456,465,1200
355A.T,350,350,350,350,0
3560.T,4370,4370,4300,4330,2000
3561.T,1562,1562,1538,1538,93600
3562.T,1569,1577,1562,1576,10000
3563.T,5728,5916,5701,5718,4665600
3565.T,481,492,480,490,197900
3566.T,713,738,708,722,30700
3569.T,3405,3435,3395,3420,88500
356A.T,1561,1561,1542,1542,8997
3571.T,739,739,727,728,11500
3577.T,930,934,920,934,8700
357A.T,6240,6240,6240,6240,0
3580.T,758,763,757,759,68100
3583.T,1343,1350,1343,1350,2500
358A.T,310,310,310,310,0
3591.T,4120,4170,4117,4125,92600
3597.T,9080,9100,9040,9100,700
3598.T,167,168,166,168,10500
359A.T,1600,1600,1600,1600,0
3600.T,1720,1720,1720,1720,100
3607.T,348,352,347,350,22400
3608.T,1252,1256,1233,1241,152300
360A.T,1073,1073,1073,1073,40
3611.T,2465,2473,2437,2464,34400
3612.T,1620,1620,1590,1595,273600
361A.T,1588,1588,1588,1588,0
3622.T,497,499,497,499,900
3623.T,1260,1288,1260,1283,13400
3624.T,90,93,89,91,458100
3625.T,652,652,627,627,7500
3626.T,3961,3975,3883,3891,993100
3627.T,267,268,266,267,10100
3628.T,649,679,649,666,15400
362A.T,4950,4950,4950,4950,0
3632.T,426,427,413,414,573700
3633.T,2610,2631,2556,2571,23900
3634.T,591,591,585,586,1200
3635.T,1650,1658,1626,1627.5,777000
3636.T,4990,5010,4945,4960,31300
3639.T,240,241,237,239,3100
363A.T,2764,2764,2727,2727,364
3640.T,2818,2820,2771,2772,5900
3641.T,999,999,990,990,9200
3645.T,280,298,274,274,273400
3646.T,356,357,350,350,6200
3647.T,118,120,116,116,125500
3648.T,1085,1085,1069,1071,9300
3649.T,839,840,828,836,49600
364A.T,2489,2489,2453,2453,4975
3652.T,2473,2538,2435,2529,41900
3653.T,1289,1679,1226,1226,6417800
3656.T,188,188,184,184,1526500
3657.T,368,370,360,362,102400
3659.T,3127,3137,3050,3051,2606400
365A.T,795,795,783,790,31800
3660.T,532,538,518,519,850700
3661.T,821,827,807,810,471900
3662.T,924,937,919,925,221800
3663.T,1803,1805,1771,1785,249100
3664.T,25,26,24,25,44341000
3665.T,430,430,422,425,203200
3667.T,28,28,27,27,111500
3668.T,428,428,421,421,362800
366A.T,1190,1197,1177,1183,16800
3671.T,303,309,303,304,23300
3672.T,29,29,28,28,101400
3673.T,479,480,458,462,844400
3674.T,341,341,337,338,6400
3675.T,604,604,599,604,13000
3676.T,1058,1059,1057,1057,251500
3678.T,1254,1267,1249,1260,16700
3679.T,452,453,444,447,525900
367A.T,2975,2975,2863,2863,31500
3680.T,205,208,205,207,25700
3682.T,585,585,585,585,1100
3683.T,1145,1145,1116,1121,9500
3686.T,60,62,58,60,487300
3687.T,2285,2325,2190,2224,1052500
368A.T,1442,1442,1412,1418,78800
3690.T,592,593,587,591,14200
3691.T,1858,1924,1858,1865,6900
3692.T,6270,6400,6010,6250,221600
3694.T,443,447,434,434,127500
3695.T,1579,1630,1566,1612,24600
3696.T,2227,2235,2196,2223,61300
3697.T,861.5,883.2,852.9,852.9,6788000
3698.T,1216,1225,1202,1202,6400
369A.T,2586,2651,2586,2637,14400
3708.T,2142,2162,2137,2144,40000
370A.T,1296,1296,1296,1296,0
3710.T,638,644,638,641,2800
3712.T,1090,1097,1088,1093,4600
3719.T,116,116,114,115,174600
371A.T,420,420,420,420,0
3723.T,2715,2715,2650,2704,13500
3726.T,402,402,399,402,11800
3727.T,168,173,164,173,102900
372A.T,5540,5570,5510,5510,3500
3733.T,12690,12690,11880,12100,16800
373A.T,1466,1470,1461,1461,6600
3741.T,3425,3440,3375,3440,95200
3744.T,458,458,451,453,8700
3747.T,417,444,414,425,91800
374A.T,240,240,240,240,0
3750.T,835,838,826,826,4600
3753.T,216,218,210,216,183500
3758.T,250,250,245,246,12200
375A.T,2125,2125,2125,2125,0
3760.T,708,718,708,715,10100
3762.T,2406,2413,2351,2364,176200
3763.T,2036,2036,1966,2012,56500
3765.T,2521,2524,2481,2509,218200
3766.T,1438,1439,1438,1439,1100
3768.T,560,561,557,558,2100
3769.T,8958,8999,8690,8750,325300
376A.T,4835,4835,4835,4835,0
3771.T,1903,1903,1872,1875,92400
3772.T,1100,1110,1100,1103,16200
3773.T,1075,1075,1038,1043,33900
3774.T,3250,3252,3204,3217,348600
3776.T,250,251,244,248,334800
3777.T,46,47,46,47,764600
3778.T,3625,3670,3545,3630,639000
3779.T,128,131,128,130,16700
3787.T,365,372,365,365,9200
3788.T,1988,1990,1964,1976,22800
378A.T,966,966,937,944,47300
3791.T,1045,1048,1032,1034,93100
3793.T,496,496,480,486,115800
3796.T,344,344,328,338,65300
3798.T,554,557,534,540,336600
3799.T,1137,1139,1125,1127,2600
379A.T,1353,1353,1343,1343,153
3800.T,1967,1977,1966,1967,1900
3802.T,502,505,502,503,1500
3803.T,609,628,609,628,13300
3804.T,470,475,467,475,5200
3807.T,87,88,86,87,379800
380A.T,960,960,933,933,4893
3810.T,181,185,173,173,537700
3815.T,430,430,428,430,9900
3816.T,1119,1128,1096,1120,6100
3817.T,4860,4870,4810,4825,26200
381A.T,2127,2127,2115,2115,1830
3823.T,32,32,31,32,179300
3825.T,243,246,232,234,1812600
3826.T,496,498,494,496,5800
382A.T,1892,1892,1888,1888,16813
3834.T,614,614,609,609,51800
3835.T,436,437,430,430,53500
3836.T,1200,1210,1184,1196,84800
3837.T,1369,1379,1350,1371,78500
3839.T,638,639,632,639,7500
383A.T,2615,2615,2589,2589,2512
3840.T,59,62,58,62,153100
3841.T,1385,1402,1373,1385,1100
3842.T,1050,1059,1050,1059,2200
3843.T,1737,1737,1690,1693,29100
3844.T,1312,1314,1298,1301,285600
3845.T,284,293,284,292,55000
3848.T,848,850,843,843,1400
3850.T,3870,3895,3785,3825,43200
3851.T,1340,1490,1340,1485,351600
3853.T,1123,1139,1118,1126,100000
3854.T,2455,2460,2335,2336,228600
3856.T,189,206,188,196,799800
3858.T,301,304,298,300,24100
385A.T,2450,2450,2450,2450,0
3861.T,878.7,879.3,868,873.9,3889400
3863.T,1302,1312,1292,1292,504400
3864.T,1180,1192,1173,1186,102000
3865.T,901,906,890,890,135500
386A.T,1252,1256,1251,1251,2400
3877.T,2217,2230,2202,2207,40500
3878.T,858,875,858,868,25000
387A.T,919,919,915,915,2300
3880.T,963,965,950,952,247800
3891.T,6710,6880,6650,6880,123200
3892.T,1598,1601,1590,1590,2300
3895.T,482,490,477,489,27300
3896.T,412,414,406,407,18700
389A.T,2380,2380,2380,2380,0
3900.T,653,656,644,652,47400
3901.T,1506,1515,1498,1510,56400
3903.T,278,279,269,270,364200
3904.T,428,430,424,430,17900
3905.T,1552,1606,1536,1577,2407700
3907.T,2222,2290,2050,2076,347400
3908.T,357,357,350,352,6700
3909.T,190,190,187,189,4000
3910.T,283,286,282,286,1800
3911.T,185,185,182,182,65900
3912.T,1138,1138,1125,1127,3900
3913.T,1083,1109,1083,1093,2000
3914.T,2398,2401,2357,2383,12900
3915.T,2424,2457,2370,2370,136200
3916.T,946,948,935,937,68800
3917.T,453,481,453,468,28300
3918.T,1194,1200,1183,1183,8000
3920.T,997,1000,995,999,1800
3921.T,1613,1621,1601,1610,17300
3922.T,2160,2194,2140,2164,35200
3923.T,1097.5,1099,1032.5,1043.5,2404700
3925.T,1313,1313,1298,1299,38800
3926.T,397,421,392,398,48200
3927.T,880,881,865,872,35300
3928.T,236,237,234,236,6500
3929.T,241,242,240,241,9700
392A.T,272,272.9,271.5,272.1,53760
3930.T,782,784,776,778,13100
3931.T,1504,1520,1500,1511,5200
3932.T,3680,3685,3530,3550,107800
3933.T,552,558,552,552,3300
3934.T,2277,2280,2277,2280,800
3935.T,718,725,713,713,23100
3936.T,137,141,137,140,201700
3937.T,1196,1197,1165,1170,51200
3939.T,491,491,484,491,140900
393A.T,2000,2000,2000,2000,0
3940.T,131,131,128,130,239400
3941.T,1573,1574,1551.5,1557,707500
3943.T,1320,1327,1319,1326,1200
3944.T,3235,3245,3235,3245,700
3945.T,2193,2203,2180,2198,1500
3946.T,4360,4375,4310,4335,46000
3947.T,2490,2500,2466,2497,4800
3948.T,1177,1177,1175,1175,300
394A.T,529.3,529.3,529.3,529.3,0
3950.T,1456,1456,1429,1443,87600
3951.T,920,921,911,915,20300
3953.T,800,800,800,800,500
3954.T,3025,3170,3025,3170,2400
3955.T,845,849,845,849,1400
3958.T,553,555,551,551,14600
395A.T,1108,1109.5,1091.5,1106.5,32020
3962.T,1020,1020,991,991,177500
3963.T,344,344,330,332,77400
3964.T,1354,1366,1331,1354,420100
3965.T,897,901,894,899,4100
3967.T,565,567,564,564,8500
3968.T,641,643,631,636,174600
3969.T,1403,1409,1403,1405,3800
396A.T,480.3,480.3,480.2,480.2,1010
3970.T,851,853,847,847,3900
3974.T,665,673,665,673,1600
3976.T,593,598,581,589,16700
3979.T,447,451,434,435,30300
3981.T,1235,1236,1228,1232,1300
3983.T,2036,2036,1960,1964,91900
3984.T,1541,1577,1540,1563,140700
3985.T,194,194,190,193,8200
3986.T,472,476,471,472,7600
3987.T,678,678,661,661,19800
3988.T,563,563,559,560,700
3989.T,1530,1540,1501,1520,108000
398A.T,1350,1350,1350,1350,0
3991.T,961,967,956,956,1400
3992.T,471,475,470,472,31600
3993.T,3160,3190,3085,3130,279700
3994.T,6565,6600,6208,6221,790800
3996.T,203,205,199,205,31300
3997.T,395,395,386,390,101600
3998.T,292,292,292,292,4600
399A.T,2384,2392,2366,2380,83415
4004.T,16000,16660,15855,16580,1911600
4005.T,596.3,605.4,587.4,590.4,11325400
4008.T,1483,1499,1476,1491,182300
4011.T,2605,2666,2546,2568,96700
4012.T,1749,1749,1737,1737,1100
4013.T,656,661,649,654,25700
4014.T,530,537,513,532,19400
4015.T,522,522,512,515,14300
4016.T,1038,1054,1030,1048,10600
4017.T,213,216,213,214,7300
4019.T,649,651,636,636,24000
401A.T,96400,96900,95700,96000,1021
4020.T,835,841,835,835,400
4021.T,7961,8067,7936,7954,433700
4022.T,2022,2058,1995,2047,1053500
4023.T,4560,4595,4495,4495,245500
4025.T,5810,5880,5630,5650,23400
4026.T,1670,1714,1670,1700,61700
4027.T,2445,2489,2445,2480,64900
4028.T,3065,3080,3025,3075,120500
402A.T,540,567,540,553,2821400
4031.T,1112,1125,1105,1108,8300
403A.T,2415,2415,2415,2415,0
4040.T,3950,3990,3935,3975,5800
4041.T,3890,3915,3880,3905,90600
4042.T,2669.5,2686.5,2639.5,2639.5,964900
4043.T,4072,4179,4072,4091,1059800
4044.T,4455,4490,4435,4490,40200
4045.T,1833.5,1841,1822,1828,321600
4046.T,2020,2049,2019,2038,249200
4047.T,2222,2248,2183,2234,721800
404A.T,1272,1272,1255,1264,1943
4051.T,6030,6060,5930,5980,38300
4052.T,770,889,765,835,5479300
4053.T,463,465,453,453,101000
4054.T,522,524,522,524,4200
4055.T,1685,1715,1680,1699,37300
4056.T,249,270,240,243,1091800
4057.T,352,355,352,355,700
4058.T,2410,2410,2322,2329,35800
4059.T,394,397,394,395,6400
405A.T,3500,3500,3500,3500,0
4060.T,1221,1228,1214,1218,2700
4061.T,3265,3322,3265,3282,439900
4062.T,21450,22200,20930,22200,9519800
4063.T,5835,5862,5798,5818,5656500
4064.T,3515,3610,3485,3505,125700
4068.T,1771,1784,1771,1784,1100
4069.T,732,732,712,720,4700
406A.T,5450,5450,5450,5450,0
4071.T,2059,2080,2026,2043,222800
4072.T,3120,3120,3055,3085,25300
4073.T,491,496,486,490,8300
4074.T,794,799,783,799,5900
4075.T,1380,1447,1297,1320,400900
4076.T,2016,2016,1998,2009,2300
4078.T,3835,3885,3815,3860,111800
407A.T,955,955,943,944,6900
4082.T,2561,2705,2552,2595,1034200
4088.T,3080,3215,2966,3015,3476300
408A.T,285.9,287.3,285.2,286.9,311980
4091.T,5477,5520,5442,5491,538900
4092.T,5290,5410,5240,5380,80800
4093.T,427,429,425,425,19900
4094.T,2298,2298,2282,2285,6000
4095.T,1748,1756,1741,1749,133800
4097.T,1213,1215,1196,1196,32000
4098.T,1019,1027,1016,1025,2300
4099.T,2242,2247,2168,2209,518300
409A.T,1181,1189,1179,1186,117400
4100.T,1588,1652,1580,1634,33700
4102.T,1447,1452,1447,1447,500
4107.T,4000,4195,3960,4150,366200
4109.T,5380,5460,5380,5460,41600
410A.T,1160,1160,1137,1141,7900
4112.T,2151,2198,2151,2175,45000
4113.T,796,802,795,795,28500
4114.T,2620,2620,2569,2570.5,759800
4116.T,1328,1333,1310,1310,95600
4118.T,6139,6172,6102,6102,144200
4119.T,6000,6000,5810,5990,3600
411A.T,370,370,370,370,0
4120.T,3000,3130,3000,3130,300
4124.T,2960,2985,2960,2983,1000
4125.T,3740,3875,3710,3840,14300
412A.T,4463,4596,4456,4570,7624
413A.T,3930,3985,3902,3950,2558
414A.T,848,861,836,853,148800
4151.T,2398,2416,2383,2390,1186800
415A.T,5150,5150,5150,5150,0
4165.T,722,722,681,681,506000
4166.T,631,631,627,629,5900
4167.T,325,325,315,315,11600
4168.T,778,780,768,776,47500
4169.T,267,269,264,268,185200
416A.T,1302,1303,1289,1289,9400
4170.T,130,132,127,129,546000
4172.T,2328,2340,2325,2325,2100
4174.T,871,890,862,890,25300
4175.T,2916,2916,2821,2894,3200
4176.T,278,278,273,276,37700
4177.T,1525,1557,1525,1530,2500
4178.T,536,540,530,536,4100
4179.T,360,361,352,356,15900
417A.T,1912,1919,1892,1895,257600
4180.T,1490,1502,1451,1452,2017600
4182.T,3898,3955,3875,3933,1518000
4183.T,2228.5,2250.5,2214,2231,2228200
4186.T,8425,8531,8360,8479,522100
4187.T,4350,4410,4300,4390,75800
4188.T,1250,1261,1227,1227,3989600
4189.T,3315,3320,3235,3255,88600
4192.T,286,291,281,285,79900
4193.T,2165,2176,2160,2170,4200
4194.T,8903,8993,8816,8878,203900
4196.T,2160,2199,2153,2180,20700
4197.T,2379,2379,2340,2357,600
4198.T,509,509,499,500,1500
4199.T,802,820,802,811,8500
419A.T,2700,2700,2700,2700,0
4202.T,1456.5,1458.5,1437.5,1443.5,662900
4203.T,7130,7203,6992,7200,514700
4204.T,2534.5,2559.5,2530.5,2547,1548100
4205.T,2479,2488,2432.5,2447,836000
4206.T,4199,4245,4181,4205,429000
4208.T,3458,3477,3448,3470,576200
4212.T,2924,2948,2924,2943,27500
4216.T,5950,6040,5920,6010,44700
4218.T,1933,1937,1920,1920,24900
421A.T,4000,4000,3820,3875,65600
4220.T,2476,2485,2445,2453,59500
4221.T,5550,5650,5550,5560,26300
4222.T,705,732,704,728,812500
4224.T,2117,2127,2116,2117,3700
4228.T,608,610,590,593,173200
4229.T,4210,4295,4185,4285,31200
422A.T,2450,2450,2450,2450,0
4231.T,1060,1067,1051,1051,18200
4234.T,1005,1045,1005,1045,39200
4235.T,681,684,680,680,9900
4237.T,356,359,353,354,14500
4238.T,1886,1950,1864,1888,107600
423A.T,325,325,322,324,20400
4240.T,318,318,313,317,7900
4241.T,651,670,650,670,10200
4242.T,1782,1804,1782,1804,400
4243.T,1045,1055,1040,1040,1200
4245.T,718,722,715,715,7000
4246.T,1118,1124,1109,1114,129600
4247.T,1392,1395,1392,1395,300
4248.T,882,885,880,880,4200
4249.T,2968,2998,2941,2954,16400
424A.T,336.6,337,333.3,334.6,245060
4251.T,1167,1176,1165,1174,51600
4255.T,3565,3595,3485,3595,4700
4256.T,1129,1130,1102,1121,3700
4258.T,4355,4510,4320,4500,38200
4259.T,861,875,834,870,1390600
425A.T,371.2,371.2,365.6,366,294220
4260.T,210,217,207,214,23700
4261.T,2962,2973,2962,2970,1200
4262.T,1387,1399,1387,1390,2700
4263.T,420,420,403,404,258500
4264.T,1452,1455,1441,1450,14100
4265.T,288,288,282,284,16700
426A.T,1211,1221,1211,1218,5903
4270.T,1908,1908,1870,1883,6900
4272.T,2073.5,2084,2062.5,2072.5,504300
4274.T,1070,1095,1067,1090,22200
4275.T,1968,1995,1953,1989,276300
4284.T,458,460,449,450,40200
4286.T,1283,1299,1275,1290,19100
4287.T,485,490,481,482,5200
4288.T,473,473,454,468,13400
428A.T,1587,1598,1565,1570,15300
4290.T,694,698,691,692,541400
4293.T,528,531,521,525,260900
4299.T,1235,1243,1220,1243,4300
429A.T,3840,4010,3825,3975,881800
4301.T,1902,1904,1893,1899,21800
4307.T,5078,5105,4902,4950,2707300
4308.T,360,361,355,358,23000
430A.T,2480,2480,2480,2480,0
4310.T,2504,2531,2500,2501,18200
4316.T,116,116,96,100,419400
4317.T,567,575,563,571,6200
4318.T,847,847,821,824,134300
431A.T,2781,2786,2686,2708,26600
4320.T,1648,1648,1647,1647,102900
4323.T,1916,1939,1860,1887,97000
4324.T,3716,3733,3630,3630,929900
4326.T,2005,2005,1972,1984,24100
432A.T,1450,1450,1450,1450,0
4331.T,747,750,743,745,56600
4334.T,402,402,400,401,7300
4335.T,1089,1093,1089,1089,1100
4337.T,2700,2709,2676,2686,20100
433A.T,710,710,710,710,0
4341.T,903,912,898,912,600
4343.T,2864,2884,2813,2842,84500
4344.T,115,115,111,112,893000
4345.T,833,835,828,832,56400
4346.T,1074,1119,1057,1069,167500
4347.T,1630,1644,1626,1639,12700
434A.T,930,930,930,930,0
4350.T,498,501,489,490,49200
4351.T,868,869,862,866,1800
4356.T,1630,1636,1626,1626,1100
435A.T,2800,2805,2774,2782,160157
4360.T,978,990,953,981,12400
4361.T,1607,1613,1603,1603,1300
4362.T,2688,2711,2682,2688,17000
4365.T,23870,23870,23750,23750,300
4366.T,447,453,442,449,83800
4368.T,2933,2962,2888,2945,643400
4369.T,3135,3205,3105,3155,547900
436A.T,1171,1184,1121,1128,76800
4370.T,400,431,383,389,165400
4371.T,1437,1450,1420,1440,8500
4372.T,1320,1349,1320,1337,6200
4373.T,1190,1193,1137,1144,2000700
4374.T,2489,2489,2445,2461,2700
4375.T,678,679,665,677,86400
4376.T,168,168,165,168,34100
4377.T,2450,2450,2341,2341,79700
4378.T,539,540,529,540,10300
4379.T,441,442,433,435,19400
437A.T,1024,1024,1024,1024,0
4380.T,687,690,687,688,6500
4381.T,277,288,271,278,171700
4382.T,768,773,750,751,44100
4385.T,4466,4473,4294,4340,1631500
4386.T,903,910,891,901,4600
4387.T,551,551,519,549,10300
4388.T,372,380,372,378,10200
4389.T,1093,1111,1074,1110,9700
438A.T,1000,1005,985,995,52700
4390.T,4070,4170,4070,4150,35000
4391.T,1155,1155,1151,1152,2700
4392.T,1048,1083,1031,1048,1720300
4393.T,5500,5610,5320,5570,41400
4394.T,682,734,664,664,160100
4395.T,716,759,716,749,36300
4396.T,1370,1373,1345,1348,74100
4397.T,413,414,400,409,73200
4398.T,1300,1300,1271,1290,5100
439A.T,5000,5000,5000,5000,0
4401.T,4612,4624,4565,4581,216300
4403.T,2626,2648.5,2617.5,2622.5,744700
4404.T,2245,2249,2227,2238,17100
4406.T,250,250,243,244,261300
4409.T,787,789,781,784,5000
4410.T,1122,1132,1108,1114,65100
4412.T,1416,1425,1399,1405,12800
4413.T,2964,2967,2963,2963,513700
4414.T,1090,1097,1080,1092,13100
4415.T,1388,1409,1385,1401,8200
4416.T,419,434,415,421,5400
4417.T,4340,4460,4280,4440,28800
4418.T,1142,1142,1073,1078,293300
4419.T,1406,1415,1350,1385,373100
441A.T,265,281,264,275,45000
4420.T,826,829,824,825,235700
4421.T,944,950,944,944,2000
4422.T,590,613,590,598,78800
4424.T,336,344,336,338,20200
4425.T,1558,1630,1549,1565,306100
4426.T,163,163,163,163,0
4427.T,224,235,223,232,28200
4428.T,720,720,703,703,3100
4429.T,715,720,715,718,900
442A.T,978,979,970,970,800
4430.T,1773,1806,1756,1764,28200
4431.T,3570,3575,3465,3485,68600
4432.T,3320,3350,3205,3235,176300
4433.T,851,856,846,846,58600
4434.T,2437,2460,2417,2435,29700
4436.T,416,419,414,415,24100
4437.T,745,746,730,730,1000
4438.T,265,265,258,261,11100
4439.T,793,799,792,792,3400
443A.T,1852,1852,1824,1827,26656
4440.T,1665,1900,1598,1614,2341000
4441.T,1531,1550,1475,1495,14700
4442.T,410,410,407,407,32900
4443.T,2178,2181,2021,2040,1534100
4444.T,961,961,960,961,1600
4445.T,1949,1968,1949,1958,3100
4446.T,837,848,831,835,16400
4447.T,505,506,502,502,7800
4448.T,355,358,351,357,66300
444A.T,1945,1945,1945,1945,0
4450.T,2361,2367,2342,2342,1900
4452.T,3500,3503,3451,3455,1988000
445A.T,274,274,274,274,0
4461.T,13590,13890,13400,13710,212900
4462.T,2937,2993,2902,2944,17800
4463.T,2039,2040,2020,2034,6400
4464.T,3470,3470,3465,3465,400
4465.T,2398,2408,2398,2408,1000
446A.T,2314,2354,2060,2144,1412400
4471.T,6280,6280,6090,6120,70500
4475.T,1630,1650,1556,1569,660200
4476.T,1105,1109,1095,1095,15200
4477.T,346,346,343,343,464900
4478.T,3935,3960,3785,3820,640700
4479.T,1002,1010,960,966,65300
447A.T,276.9,277.6,272.2,272.2,142650
4480.T,2480,2489,2412,2427,335700
4481.T,3355,3355,3300,3310,63700
4482.T,742,744,733,740,7800
4483.T,3605,3655,3525,3590,607000
4484.T,298,303,297,300,6700
4486.T,685,687,680,685,5000
4487.T,228,233,228,233,4300
4488.T,2276,2277,2201,2201,4000
448A.T,267.6,267.6,262.9,263,39690
4490.T,671,671,650,659,7500
4491.T,3380,3390,3370,3370,3900
4492.T,397,402,393,393,14100
4493.T,1792,1829,1779,1807,81900
4495.T,2038,2053,2023,2038,4200
4496.T,779,785,779,781,2700
4498.T,1306,1307,1271,1282,40500
4499.T,2500,2536,2460,2471,68600
449A.T,825.3,825.3,816.3,816.3,4060
4502.T,5770,5826,5740,5777,2396900
4503.T,2349,2357.5,2297.5,2303,3348800
4506.T,1650,1667,1605.5,1618.5,3184700
4507.T,2941.5,3005,2927.5,2943,3526800
450A.T,806.3,806.3,791.8,791.8,80
4512.T,304,307,301,301,36700
4516.T,3438,3448,3416,3424,243900
4519.T,6597,6720,6564,6564,3444800
451A.T,298.7,298.7,294.5,294.5,34910
4521.T,3920,3925,3890,3895,92900
4523.T,4669,4687,4608,4633,843600
4524.T,2245,2245,2245,2245,400
4526.T,3275,3280,3240,3265,109800
4527.T,2918.5,2938,2890.5,2904.5,889400
4528.T,2445,2452,2405.5,2418.5,1201300
452A.T,817,817,811,814.1,376810
4531.T,363,367,362,363,33500
4534.T,3250,3250,3200,3205,31300
4536.T,1800.5,1826,1785.5,1794.5,1246800
4538.T,2261,2268,2248,2251,10500
4539.T,1570,1570,1564,1564,700
453A.T,745,746.3,742,742,70400
4540.T,3715,3724,3692,3693,682000
4543.T,2419,2428,2364,2373.5,4321600
4544.T,3466,3500,3462,3485,206900
4547.T,4035,4050,4005,4005,51000
4548.T,705,707,702,705,95600
4549.T,2321,2336,2265,2279,185400
4552.T,524,536,523,528,413700
4553.T,3575,3605,3540,3580,109000
4554.T,1758,1767,1742,1751,67000
4558.T,202,202,201,201,1900
4559.T,1983,1999,1983,1986,156400
455A.T,5970,5970,5970,5970,0
4563.T,40,40,39,39,420800
4564.T,22,23,21,22,172765900
4565.T,1170,1210,1159,1168,1606700
4568.T,2775,2788,2729,2735.5,4495600
4569.T,1145,1145,1108,1108,219900
456A.T,1562,1572,1493,1510,482500
4570.T,1063,1186,1063,1151,517100
4571.T,103,104,102,103,160100
4572.T,406,435,404,435,112400
4574.T,252,256,252,253,62300
4575.T,778,808,769,770,317700
4576.T,87,90,87,89,311100
4577.T,1299,1303,1279,1288,40300
4578.T,11850,12025,11730,11730,932300
4579.T,550,558,545,552,40200
457A.T,4130,4130,4130,4130,0
4582.T,61,62,60,60,535700
4583.T,102,119,97,99,16828000
4584.T,164,169,163,164,520000
4586.T,59,60,58,59,493900
4587.T,1070,1098,1070,1088.5,544100
4588.T,4525,5170,4480,4950,2285100
458A.T,1387,1387,1387,1387,0
4591.T,84,88,84,85,715900
4592.T,926,950,918,938,547300
4593.T,283,302,282,291,2468100
4594.T,52,52,50,52,419000
4595.T,1711,1718,1708,1711,47200
4596.T,66,67,64,66,803400
4597.T,29,30,28,30,79729300
4598.T,118,122,114,121,965400
4599.T,320,331,314,331,283300
459A.T,10235,10235,10150,10150,58
460A.T,1031,1031,1010,1027,12200
4611.T,1553,1568,1541,1545,43300
4612.T,1139,1149.5,1134,1140,2082800
4613.T,2818,2826,2802,2808,462400
4615.T,133,135,132,132,40400
4616.T,2411,2444,2411,2430,1100
4617.T,3550,3630,3550,3630,133700
4619.T,2658,2683,2658,2679,16100
461A.T,2660,2705,2660,2705,2492
4620.T,938,996,938,991,282900
4623.T,1845,1868,1845,1848,2100
4624.T,4170,4170,4055,4100,1700
4625.T,856,856,832,832,5800
4626.T,4724,4735,4714,4722,272400
4627.T,1974,1979,1860,1869,93800
4628.T,9810,9930,9650,9700,10500
4629.T,2339,2400,2321,2380,6500
462A.T,286,291,278,289,247200
4631.T,4860,4940,4827,4881,638800
4633.T,2610,2621,2583,2590,83200
4634.T,5040,5090,5000,5040,76600
4635.T,2169,2210,2159,2210,25100
463A.T,994,1003,994,998,4300
4641.T,861,864,852,852,75700
4642.T,1410,1410,1409,1409,700
4644.T,1063,1067,1060,1060,9400
4645.T,434,434,434,434,100
464A.T,1801,1822,1753,1763,1037400
4650.T,272,272,269,271,2700
4651.T,272,275,267,274,489300
4657.T,464,469,464,467,2200
4658.T,1578,1600,1568,1597,136200
465A.T,1345,1345,1332,1338,2913
4661.T,3113,3153,3092,3092,4333200
4662.T,1640,1641,1622,1635,35100
4664.T,1100,1128,1072,1089,47800
4665.T,4650,4665,4611,4611,96500
4666.T,2010,2020,1974,1980,752800
4667.T,2870,3295,2838,3155,1469000
4668.T,773,775,768,772,60200
466A.T,1033,1033,1021,1021,46508
4671.T,2939,2953,2914,2926,13100
4673.T,4835,4905,4835,4835,2100
4674.T,1926,1938,1853,1853,162400
4676.T,4168,4192,4076,4092,545400
4678.T,330,333,330,331,2000
4679.T,265,268,265,266,1900
467A.T,277.1,277.1,277,277,20
4680.T,1325,1325,1225,1248,3967100
4681.T,1806,1809.5,1786,1795.5,312300
4684.T,4982,5017,4891,4903,1944000
4685.T,2684,2691,2669,2688,17800
4686.T,4300,4300,4150,4155,80200
4687.T,1070,1085,1051,1055,112900
4689.T,527.5,531.1,517.6,521.5,13476900
468A.T,278,278.8,276.7,276.7,6270
4691.T,2239,2297,2212,2290,37000
4694.T,3620,3630,3585,3605,42600
469A.T,1631,1635,1616,1635,4800
4704.T,5934,5946,5772,5772,988900
4705.T,795,795,794,794,700
4707.T,345,345,340,341,18000
4709.T,1084,1087,1056,1059,45100
470A.T,501,501,501,501,0
4712.T,829,829,819,826,18600
4714.T,206,207,205,206,492200
4716.T,9100,9169,9006,9044,211900
4718.T,2650,2650,2609,2638,28400
4719.T,3435,3435,3355,3355,13300
471A.T,1550,1551,1530,1538,222800
4720.T,244,246,243,246,2800
4722.T,2447,2449,2446,2446,306300
4725.T,1945,1949,1928,1941,44600
4728.T,652,653,648,653,2200
472A.T,559,561,543,550,123500
4732.T,1970,1975,1957,1960,1176800
4733.T,8400,8550,8230,8260,143900
4735.T,299,301,298,301,6000
4736.T,581,583,578,582,1600
473A.T,1331,1337,1326,1331,4312
4743.T,1627,1633,1611,1612,91200
4746.T,7130,7130,7000,7060,39000
4750.T,567,567,557,561,3100
4751.T,1280,1282.5,1250.5,1255,5415600
4752.T,1581,1581,1565,1565,800
4754.T,1490,1500,1490,1499,300
4755.T,755,759,740.9,742.2,12052600
475A.T,708,708,686,698,10200
4760.T,1540,1543,1532,1543,2000
4761.T,1436,1445,1431,1431,3300
4762.T,2161,2177,2161,2165,3900
4763.T,1499,1504,1473,1473,31000
4765.T,635,638,627,630,165300
4766.T,211,214,211,212,2000
4767.T,389,389,383,387,135800
4768.T,3607,3612,3527,3527,980400
4769.T,1150,1159,1148,1159,800
476A.T,1680,1689,1650,1679,3900
4771.T,2706,2749,2668,2668,6300
4772.T,72,72,70,71,71200
4776.T,3030,3060,2984,2990,282600
4777.T,199,202,199,199,18000
477A.T,813,824,778,786,30800
4783.T,2697,2697,2642,2648,12700
4784.T,560,563,550,552,739100
478A.T,818,837,811,832,100400
4792.T,1783,1783,1770,1770,27500
479A.T,1986,1986,1932,1935,46400
4800.T,1357,1358,1357,1357,6300
4801.T,2445,2454,2425,2426,10600
4809.T,2023,2031,2017,2019,16100
480A.T,965,972,958,965,16700
4811.T,903,923,899,911,12900
4812.T,2851,2853,2851,2852,1124200
4813.T,422,434,420,434,198900
4814.T,172,175,167,175,92600
4816.T,3075,3110,2975,2975,597800
4819.T,2173,2196,2141,2196,193000
481A.T,750,750,750,750,0
4820.T,598,599,586,586,83300
4825.T,2052,2062,2032,2042,160500
4826.T,542,543,533,536,213700
4828.T,1400,1404,1376,1388,115200
4829.T,109,110,109,109,133400
4832.T,1910,1939,1871,1934,34700
4833.T,57,59,56,57,1750000
4838.T,705,705,695,696,32400
4839.T,1012,1017,1009,1015,78400
483A.T,2161,2187,2161,2166,1100
4840.T,785,788,670,675,488500
4845.T,355,355,348,348,105500
4847.T,1364,1380,1342,1373,62500
4848.T,1845,1848,1822,1823,49900
4849.T,1632,1632,1559,1566,339500
484A.T,430,430,430,430,0
485A.T,1810,1843,1791,1833,3176800
486A.T,2218,2218,2205,2205,3217
4875.T,247,257,244,256,109900
487A.T,2128,2128,2064,2064,2769
4880.T,348,348,340,343,27400
4881.T,51,52,51,51,86300
4882.T,144,148,143,148,130400
4883.T,35,36,34,36,1375100
4884.T,423,440,417,423,89500
4885.T,905,907,896,900,4400
4886.T,2055,2084,2051,2082,65100
4887.T,1578.5,1583,1563,1575,576400
4888.T,366,374,363,370,217000
4889.T,1193,1201,1169,1191,180800
488A.T,780.9,783.8,780.8,783.5,16700
4890.T,298,302,292,293,45500
4891.T,106,108,106,107,99100
4892.T,616,616,602,610,23800
4893.T,145,148,145,146,34100
4894.T,5320,5450,5260,5370,47700
4896.T,808,830,798,819,22300
489A.T,900,900,870,879,150
4901.T,3300,3309,3234,3239,3270800
4902.T,630.1,635,618,621.3,7576900
490A.T,15750,15750,15750,15750,0
4911.T,3464,3469,3373,3380,2081100
4912.T,1806.5,1819.5,1800,1800,885400
4914.T,1308,1308,1293,1297,115300
4918.T,299,300,297,297,14200
4919.T,3160,3180,3115,3115,104500
491A.T,553,553,553,553,230
4920.T,1140,1140,1140,1140,200
4922.T,5745,5751,5639,5676,296900
4923.T,1238,1238,1220,1220,29200
4925.T,1737,1739,1736,1739,2000
4926.T,1249,1249,1247,1249,500
4927.T,1358,1360.5,1350.5,1354,484400
4928.T,4815,4825,4790,4800,45000
4929.T,740,742,738,742,1900
492A.T,969.9,969.9,968.7,968.7,20
4931.T,2041,2042,2016,2020,29000
4932.T,771,775,770,770,8700
4933.T,1465,1470,1459,1464,31500
4934.T,597,597,595,597,7800
4935.T,208,209,201,206,266900
4936.T,322,323,317,318,30100
4937.T,2501,2508,2385,2445,8700
493A.T,995.4,995.4,995.4,995.4,0
494A.T,977.7,977.7,977.7,977.7,0
4951.T,1518,1518,1504,1508,28500
4956.T,1487,1487,1465,1467,42900
4958.T,3270,3300,3270,3270,41500
495A.T,968.2,968.2,968.2,968.2,0
4960.T,659,675,623,625,105600
4966.T,19810,20100,19400,19970,45900
4967.T,5694,5703,5643,5654,197700
4968.T,2175,2225,2150,2178,174800
496A.T,945.9,945.9,944.6,945.9,80
4970.T,10600,10790,10500,10680,32600
4971.T,6390,6590,6320,6550,241800
4972.T,4000,4080,3995,4075,16200
4973.T,4795,4850,4770,4815,73400
4975.T,5560,5680,5530,5670,109000
4976.T,1500,1745,1500,1700,20100
4977.T,1203,1207,1197,1206,25400
4978.T,145,152,145,149,614200
4979.T,2977,3045,2962,2976,23600
497A.T,10560,10560,10560,10560,5
4980.T,2950,3006,2917,2991.5,933900
4985.T,4780,4780,4685,4685,60500
498A.T,8958,8958,8911,8911,344
4990.T,521,530,520,530,1500
4992.T,1985,2001,1964,1983,63000
4994.T,2858,2867,2806,2810,12700
4996.T,775,781,764,766,390000
4997.T,1264,1284,1242,1243,580300
4998.T,1190,1194,1178,1179,7600
499A.T,8387,8387,8321,8321,304
500A.T,3525,3525,3405,3405,5900
5010.T,285,290,284,289,111700
5011.T,2272,2292,2263,2292,51900
5013.T,2910,2924,2881,2910,21400
5015.T,1000,1000,996,1000,5700
5016.T,3800,3845,3630,3685,24968600
5018.T,2366,2388,2344,2365,9500
5019.T,1490,1512,1480,1499,3545700
501A.T,1750,1750,1750,1750,0
5020.T,1360,1377.5,1356.5,1369,5671600
5021.T,4350,4418,4324,4400,421900
5025.T,585,585,578,578,300
5026.T,650,666,623,637,87300
5027.T,738,743,715,732,310500
5028.T,363,365,359,362,8000
5029.T,947,984,930,942,43900
502A.T,901.3,901.4,901.3,901.4,60340
5031.T,346,349,336,339,22900
5032.T,2980,2980,2923,2948,432900
5033.T,1156,1196,1123,1165,81900
5034.T,2358,2358,2288,2296,13600
5035.T,370,373,370,370,1700
5036.T,1536,1538,1506,1511,141600
5038.T,2125,2168,2085,2156,32900
503A.T,2290,2290,2290,2290,0
504A.T,578,586,556,564,92000
505A.T,1435,1435,1402,1402,18300
506A.T,1010,1010,1010,1010,0
5071.T,1390,1401,1381,1389,2000
5074.T,591,620,591,618,1305200
5076.T,2760,2783,2751.5,2765,931300
50765.T,4631,4637,4630,4633,4100
5078.T,4730,4730,4730,4730,100
5079.T,2619,2639,2617,2620,3500
507A.T,2156,2156,2156,2156,0
509A.T,71500,71500,71000,71000,387
5101.T,7276,7315,7078,7110,787600
5105.T,3690,3727,3652,3722,1086400
5108.T,3980,4002,3911,3920,2397200
510A.T,1712,1712,1712,1712,0
5110.T,2125,2125,2078,2085.5,2086400
511A.T,11710,11710,11710,11710,0
5121.T,2668,2728,2668,2715,47500
5122.T,6230,6310,6200,6200,21900
5125.T,475,475,470,475,4200
5126.T,1401,1401,1401,1401,100
5129.T,283,290,278,281,185600
512A.T,1225,1225,1200,1200,694
5131.T,116,118,116,116,109000
5132.T,2116,2185,2100,2185,47600
5133.T,301,303,297,299,67000
5134.T,481,481,475,480,4100
5136.T,2000,2030,1972,1998,19200
5137.T,319,319,301,306,595700
5138.T,462,462,462,462,0
5139.T,955,955,938,943,8400
513A.T,825,833,822,829,179187
5142.T,1824,1891,1820,1820,71400
514A.T,469,469,469,469,0
515A.T,499.8,499.9,498.5,498.5,270
5161.T,3575,3625,3550,3575,115200
5162.T,803,803,799,803,1500
516A.T,2052,2053,2051,2053,3
517A.T,1990,1991,1973,1991,259
5184.T,4135,4135,4115,4115,5700
5185.T,2013,2030,2002,2005,22200
5186.T,6740,6930,6740,6900,55000
5187.T,1150,1153,1146,1146,2200
5189.T,3595,3595,3525,3565,1800
518A.T,2140,2169,2091,2169,12240
5192.T,4370,4400,4370,4370,33600
5194.T,648,651,641,641,3500
5195.T,2493,2493,2454,2460,39300
5199.T,1984,1984,1984,1984,0
519A.T,523,523,500,507,5800
5201.T,5629,5690,5619,5670,753400
5202.T,492,493,491,493,3726300
5204.T,3055,3070,3055,3060,2100
5208.T,2570,2624,2565,2619,161500
520A.T,415,472,415,472,1918100
5210.T,2916,2946,2916,2933,19500
5214.T,4820,4836,4770,4826,547100
5216.T,152,155,152,154,103700
5218.T,1659,1742,1659,1739,130400
521A.T,2047,2068,2004,2026,51122
522A.T,3020,3020,3020,3020,0
5232.T,5476,5572,5476,5545,168400
5233.T,4126,4248,4121,4213,442500
5237.T,1221,1223,1218,1221,5900
523A.T,1746,1834,1724,1808,106300
5240.T,201,208,193,202,321100
5242.T,2270,2680,2270,2520,58400
5243.T,3000,3080,2910,3000,265600
5244.T,175,177,173,176,138800
5246.T,819,843,814,829,501200
5247.T,570,570,549,564,7500
5248.T,502,510,500,506,30900
5249.T,1253,1253,1253,1253,0
524A.T,1988,1988,1988,1988,0
5250.T,1041,1053,1040,1040,1900
5252.T,745,845,745,800,52600
5253.T,1645,1723,1635,1714,1402700
5254.T,4055,4085,3965,4055,12100
5255.T,91,91,89,90,237400
5256.T,2722,2788,2709,2788,5000
5257.T,2874,2876,2837,2837,3000
5258.T,433,434,426,428,131900
525A.T,1663,1663,1663,1663,0
5261.T,7660,7690,7630,7640,3600
5262.T,1140,1171,1139,1163,347700
5268.T,899,945,876,918,46400
5269.T,365,371,365,370,103300
526A.T,2350,2350,2268,2275,1756
5271.T,2250,2250,2221,2230,800
5273.T,2058,2062,2021,2021,39400
5279.T,1203,1208,1195,1195,1400
527A.T,1673,1673,1673,1673,0
5280.T,2225,2238,2222,2228,6100
5282.T,424,426,413,417,79200
5283.T,3160,3175,3160,3175,400
5284.T,2245,2265,2235,2238,11600
5285.T,1365,1372,1357,1370,22000
5287.T,880,898,850,882,24100
5288.T,1516,1524,1503,1516,137400
528A.T,1080,1080,1080,1080,0
5290.T,1165,1176,1158,1176,75700
5301.T,1859.5,1918.5,1859,1875.5,1954100
5302.T,5000,5130,4995,5110,43900
5304.T,2603,2615,2600,2606,6700
530A.T,1800,1800,1795,1795,542
5310.T,7030,7180,6970,7140,63100
531A.T,2383,2383,2326,2326,229
532A.T,2370,2370,2312,2312,285
5331.T,3540,3605,3525,3580,136500
5332.T,5933,6021,5908,6007,876700
5333.T,5372,5375,5281,5316,858700
5334.T,8038,8088,7947,8082,1015100
5337.T,833,835,823,824,5200
533A.T,2310,2310,2257,2257,13
5341.T,145,147,141,147,22000
5344.T,56000,58750,55690,58470,179100
534A.T,2350,2400,2350,2391,14
5351.T,2046,2059,2032,2038,60200
5355.T,668,669,667,667,6500
5356.T,1314,1314,1294,1295,3200
5357.T,1767,1771,1758,1766,30000
535A.T,2148,2148,2143,2143,2
5363.T,684,690,684,685,46400
5367.T,1389,1415,1367,1404,175500
5368.T,1025,1025,1009,1013,8600
536A.T,2241,2241,2231,2235,105
537A.T,1145,1145,1120,1121,13220
5380.T,1229,1230,1229,1230,600
5381.T,951,995,943,993,237300
5384.T,3395,3440,3345,3410,266500
5388.T,1316,1357,1311,1334,5100
538A.T,4799,4799,4799,4799,1
5391.T,1515,1515,1495,1495,5100
5393.T,3322,3419,3315,3405,361600
539A.T,4868,4868,4860,4860,11
5401.T,700,716,695.2,697.5,48159600
5406.T,2040,2074,2035.5,2064.5,1454800
5408.T,660,667,656,656,169800
540A.T,2159,2159,2102,2102,40318
5410.T,3125,3165,3125,3145,64300
5411.T,1847,1892.5,1843.5,1872,4588800
541A.T,1130,1130,1109,1109,740
5423.T,1704,1720,1701,1711,282400
542A.T,1065,1065,1052,1055,5300
543A.T,276,278,272,276,24701200
5440.T,2041,2065,2029,2035,63000
5444.T,12320,12445,12230,12415,124000
5445.T,2061,2072,2042,2052,77900
5446.T,1086,1115,1086,1115,8000
5449.T,2614,2645,2612,2612,21900
544A.T,342,346,340,341,167200
5451.T,1423,1431,1412,1419,162200
5458.T,1359,1362,1359,1361,1400
545A.T,1004,1004,994,996,80800
5461.T,2137,2172,2137,2154,55500
5463.T,1751,1774.5,1741,1769,707500
5464.T,944,947,935,939,25300
546A.T,2478,2524,2465,2485,152600
5471.T,2419.5,2478.5,2386,2433,1489700
547A.T,433,434,428,429,1508900
5480.T,5470,5510,5440,5440,40900
5482.T,3270,3310,3265,3265,123200
5484.T,4445,4450,4445,4445,3800
548A.T,962,965,940,940,43600
5491.T,925,933,919,921,10900
549A.T,508,518,508,516,15600
550A.T,2210,2216,2182,2209,1800
551A.T,811,811,811,811,0
5527.T,744,746,742,745,10400
552A.T,2400,2420,2400,2409,4476
5532.T,3600,3615,3525,3600,12300
5533.T,2035,2039,2035,2039,200
5534.T,850,850,850,850,0
5535.T,297,302,292,301,286000
5537.T,3500,3500,3355,3395,57300
5541.T,2606,2637,2580,2596,148800
5542.T,948,949,921,926,31800
554A.T,1551,1560,1494,1507,26600
555A.T,2000,2000,2000,2000,0
5563.T,442,445,438,438,347700
556A.T,2343,2364,2270,2334,37000
5570.T,656,658,643,650,15300
5571.T,1008,1024,1000,1020,6400
5572.T,3070,3105,2900,2908,191500
5574.T,3100,3130,2964,3060,164500
5575.T,1165,1190,1101,1135,12900
5576.T,3030,3030,3015,3015,500
5578.T,881,900,880,891,26400
557A.T,2150,2150,2150,2150,0
5580.T,1561,1627,1520,1564,3900
5581.T,193,193,193,193,0
5582.T,2110,2180,2065,2147,62000
5586.T,948,949,927,937,85900
5587.T,794,813,786,793,24700
5588.T,854,855,843,851,7900
5589.T,2994,2997,2953,2990,2900
558A.T,5980,5980,5610,5810,27800
5590.T,737,755,726,743,148800
5591.T,900,900,881,888,16100
5592.T,2680,2680,2633,2667,17800
5597.T,1530,1577,1443,1460,334000
5598.T,3200,3200,3200,3200,0
5599.T,1012,1026,1012,1021,8400
559A.T,1195,1199,1150,1150,18400
5602.T,1699,1714,1685,1688,242700
5603.T,1302,1319,1302,1315,1500
5609.T,915,919,907,915,17700
560A.T,1123,1123,1123,1123,0
5612.T,1600,1614,1600,1601,2400
5616.T,659,665,658,665,2600
5618.T,290,290,288,289,2300
5619.T,850,857,850,857,800
561A.T,5000,5000,5000,5000,0
5620.T,2200,2200,2200,2200,0
5621.T,1577,1599,1576,1590,9700
5622.T,1200,1200,1200,1200,0
562A.T,1000,1000,1000,1000,0
5631.T,7360,7529,7342,7393,1020100
5632.T,2329,2352,2316,2343,76200
563A.T,1038,1039,1034,1034,875599
5644.T,7330,7400,7280,7280,5100
564A.T,1088,1088,1084,1085,1435
5658.T,408,411,406,406,19300
5659.T,1401,1420,1401,1416,40000
565A.T,961,961,961,961,0
566A.T,2316,2329,2308,2308,53
567A.T,3000,3000,3000,3000,0
568A.T,169.6,170,167.2,167.7,109230
5695.T,2951,3005,2951,3005,300
5697.T,826,826,820,820,2500
5698.T,747,754,740,751,91400
5699.T,1584,1606,1583,1592,3900
569A.T,177.9,177.9,176.1,177.7,71690
5702.T,1858,1876,1846,1860,177400
5703.T,3045,3070,3020,3025,175200
5704.T,413,413,385,395,10800
5706.T,26380,26480,25615,25800,1495400
5707.T,1042,1051,1001,1014,631600
570A.T,901.5,901.5,901.3,901.5,14050
5711.T,5278,5340,5237,5261,1903100
5713.T,10100,10295,9888,9939,2339200
5714.T,9404,9467,9292,9349,341800
5715.T,4260,4350,4240,4265,210000
571A.T,499.2,499.2,499.1,499.1,120
5721.T,57,58,56,57,479800
5724.T,3170,3405,3170,3265,146400
5726.T,2750,2760,2668,2681,436400
5729.T,1754,1781,1741,1781,17700
572A.T,498,498,498,498,10
573A.T,496.9,497.3,492.7,493.1,332780
5741.T,2285,2299,2265,2274,466600
5742.T,755,755,753,753,600
574A.T,887,887,887,887,0
5753.T,2576,2576,2530,2530,1600
5757.T,5110,5190,5100,5110,6500
575A.T,1910,1925,1906,1925,52500
576A.T,980,991,980,991,1643
577A.T,252.3,254,250.7,250.7,5660
578A.T,261.9,261.9,252.3,253.1,37550
579A.T,1083,1100,1044,1067,14445
5801.T,4000,4003,3799,3840,19933400
5802.T,2188.5,2214.5,2162,2201.5,13648500
5803.T,5300,5362,5175,5241,30727300
5805.T,14000,14230,13980,14090,208500
580A.T,1030,1030,1020,1023,17161
5816.T,1467,1470,1451,1458,12600
5817.T,1062,1100,1062,1099,61100
5819.T,1762,1763,1748,1748,7700
581A.T,3640,3660,3400,3510,5985200
5820.T,821,832,815,828,23300
5821.T,3065,3170,3065,3165,37000
5830.T,3960,4001,3943,3968,880900
5831.T,3688,3699,3636,3651,1215200
5832.T,3534,3558,3512,3537,200200
5834.T,2776,2800,2755,2791,59400
5838.T,6558,6657,6507,6607,1040900
583A.T,2000,2000,2000,2000,0
5840.T,505,505,505,505,0
5842.T,3015,3070,2992,3040,40000
5843.T,2373,2383,2341,2341,9800
5844.T,4961,4983,4895,4939,769300
5845.T,1213,1219,1202,1211,35400
584A.T,2820,2890,2669,2697,173200
5851.T,2765,2807,2763,2802,119500
5852.T,690,695,686,691,54700
5857.T,3820,3860,3745,3760,613100
5858.T,1174,1223,1170,1185,3200
585A.T,1090,1093,1087,1089,304
5866.T,300,300,300,300,0
5867.T,1341,1342,1327,1327,1100
5868.T,1048,1061,1048,1055,4600
5869.T,1270,1270,1263,1264,6000
586A.T,260,260,247,252,1261610
5870.T,896,898,885,898,7400
5871.T,1405,1405,1360,1360,10300
587A.T,110900,112400,110900,112250,184
5884.T,615,648,615,638,24000
5885.T,3430,3630,3405,3500,90900
5888.T,2909,2909,2850,2856,4200
5889.T,2692,2692,2633,2654,92200
5890.T,3500,3500,3500,3500,0
5891.T,1702,1702,1677,1677,5800
5892.T,2590,2595,2484,2567,82000
5893.T,510,510,510,510,0
589A.T,1391,1402,1330,1343,73100
5900.T,860,874,860,870,3600
5901.T,4575,4575,4505,4530,226300
5902.T,2715,2748,2703,2707,11700
5905.T,1380,1380,1380,1380,300
5906.T,773,784,772,780,5500
5909.T,961,963,953,954,8900
590A.T,1321,1324,1286,1313,159400
5911.T,2988,2997,2960,2960,126500
5915.T,2432,2480,2424,2480,5900
5918.T,8120,8120,8040,8040,200
591A.T,255,255,255,255,0
5921.T,4390,4420,4390,4420,500
5922.T,20200,20200,20200,20200,0
5923.T,1165,1175,1165,1175,600
5928.T,295,296,290,290,7400
5929.T,3598,3618,3578,3585,613300
5930.T,1910,1918,1902,1913,63800
5932.T,652,659,651,652,46200
5933.T,1123,1134,1121,1121,26400
5936.T,917,924,911,924,13200
5938.T,1760,1763.5,1750.5,1755.5,1337500
5939.T,4780,4780,4750,4750,1700
593A.T,2670,3155,2392,2409,64500200
5940.T,759,766,755,758,12100
5941.T,2727,2730,2720,2720,1200
5942.T,637,642,637,637,25000
5943.T,2313,2315,2284,2304,69600
5945.T,2296,2297,2295,2295,1000
5946.T,2140,2150,2124,2124,42400
5947.T,3556,3569,3513,3514,317200
5949.T,1353,1364,1350,1353,82800
594A.T,430,430,430,430,0
5950.T,156,157,155,157,5500
5951.T,1217,1219,1181,1189,11300
5952.T,190,191,189,191,3300
5955.T,84,85,83,84,1272300
5956.T,572,574,572,572,4100
5957.T,774,778,767,770,94300
5958.T,4545,4560,4475,4525,1000
5959.T,952,955,947,953,64900
595A.T,452,452,452,452,0
5962.T,2138,2138,2085,2085,300
5965.T,1209,1209,1199,1201,45000
5966.T,2640,2640,2640,2640,100
5967.T,473,479,465,468,22700
5969.T,1195,1220,1192,1206,800
5970.T,2276,2286,2261,2264,92100
5971.T,8400,8400,8290,8290,400
5973.T,613,617,612,616,1300
5974.T,833,840,833,840,1000
5975.T,3445,3490,3405,3410,126800
5976.T,1493,1507,1492,1492,53400
597A.T,1000,1000,1000,1000,0
5981.T,1883,1895,1861,1882,58200
5982.T,4175,4175,4135,4160,3500
5983.T,13820,13820,13450,13450,500
5984.T,791,795,789,795,5300
5985.T,2120,2224,2101,2187,771600
5986.T,257,258,254,257,40800
5987.T,1655,1655,1635,1649,900
5988.T,1692,1711,1686,1690,60200
5989.T,1495,1505,1486,1492,107900
598A.T,1900,1903,1652,1688,771900
5990.T,1951,1960,1950,1950,600
5991.T,3418,3448,3370,3428,554000
5992.T,3690,3700,3675,3675,13700
5994.T,1024,1060,1020,1055,11400
5997.T,905,905,878,883,4100
5998.T,2755,2800,2679,2741,17400
599A.T,300,300,300,300,0
6005.T,3200,3246,3183,3223,193000
600A.T,1936,1938,1913,1913,26
6013.T,3005,3045,3000,3025,106300
6016.T,11240,11470,11070,11400,78600
6018.T,6140,6140,6140,6140,0
601A.T,378,378,378,378,0
6022.T,2901,2905,2891,2905,3400
6023.T,3230,3370,3230,3370,199800
6027.T,4935,5200,4900,5030,244100
6029.T,188,188,184,184,11500
602A.T,560,560,560,560,0
6030.T,1605,1666,1605,1666,19700
6031.T,310,310,295,299,129000
6033.T,1662,1695,1662,1689,24200
6034.T,631,640,600,610,28300
6035.T,736,738,729,729,31100
6036.T,3585,3650,3555,3570,244700
6037.T,1078,1093,1066,1090,67000
6038.T,822,825,819,819,4200
6039.T,1011,1018,1001,1012,32200
603A.T,1124,1180,1081,1128,2851500
6040.T,466,468,460,465,24300
6042.T,3875,3875,3830,3870,300
6044.T,1883,1920,1874,1874,5100
6045.T,2241,2270,2183,2202,35400
6046.T,154,157,152,155,26900
6047.T,400,402,397,398,53400
6049.T,252,255,250,255,7800
604A.T,1357,1357,1161,1187,1076100
6050.T,1808,1809,1803,1804,10300
6054.T,113,116,112,113,31300
6055.T,2198,2282,2195,2238,624500
6058.T,2046,2075,1999,2055,600300
6059.T,363,364,361,363,5600
605A.T,199.8,199.9,198.5,199,35370
6061.T,3205,3230,3180,3200,2700
6062.T,1434,1434,1400,1414,100000
6063.T,983,988,967,980,3100
6069.T,692,693,687,687,13400
606A.T,22060,22060,21400,21505,4205
6070.T,2607,2607,2556,2557,33300
6071.T,936,936,914,915,179100
6072.T,1033,1065,1023,1052,356900
6073.T,1528,1534,1526,1532,8000
6074.T,515,520,515,520,2200
6078.T,1567,1572,1549,1555,24500
607A.T,275,311,262,262,9236100
6080.T,4165,4165,4105,4120,42000
6081.T,155,160,155,160,151900
6082.T,1026,1026,1011,1012,20600
6083.T,1658,1668,1622,1625,31800
6085.T,160,195,151,193,10638500
6086.T,1017,1032,1011,1032,29700
6087.T,3575,3590,3575,3585,2400
6088.T,553,553,543,547,221400
6089.T,1165,1167,1153,1153,33900
608A.T,1480,1480,1463,1475,10196
6090.T,614,630,614,623,2400
6091.T,880,893,880,893,3000
6092.T,838,840,830,836,26700
6093.T,160,161,160,161,33100
6094.T,563,568,561,562,16100
6098.T,16235,16320,16010,16140,3121200
6099.T,723,727,715,725,96900
609A.T,1080,1107,1059,1100,39521
6101.T,5240,5310,5180,5290,176200
6103.T,4700,4745,4675,4695,480900
6104.T,4440,4510,4415,4425,137400
610A.T,1050,1050,1034,1048,53372
6113.T,2539,2565,2528,2562.5,1472800
6118.T,1252,1291,1252,1264,298200
611A.T,998,1002,987,1002,330
6125.T,4690,4950,4690,4915,54900
612A.T,10100,10100,10100,10100,0
6134.T,7236,7258,7034,7191,761800
6135.T,15460,15620,15450,15600,83200
6136.T,3630,3665,3608,3647,167600
6137.T,1530,1558,1530,1550,37700
6138.T,2036,2075,2025,2025,8400
613A.T,1945,1945,1935,1935,65
6140.T,1172,1200,1169,1198,500700
6141.T,2901,2961,2897,2928.5,1317200
6143.T,1750,1782,1737,1782,428600
6144.T,2860,2900,2836,2853,5800
6145.T,2439,2471,2405,2468,97700
6146.T,56530,57710,56310,57150,1135600
6147.T,190,191,184,187,6200
6149.T,2240,2267,2223,2256,11400
614A.T,1468,1468,1468,1468,0
6150.T,2801,2803,2800,2803,800
6151.T,1750,1762,1740,1744,13100
6155.T,541,544,538,539,3300
6156.T,1865,1865,1856,1856,5500
6157.T,833,836,826,832,55800
6158.T,1020,1031,1020,1031,2900
6159.T,1900,1910,1900,1910,1700
615A.T,305,305,305,305,0
6161.T,1058,1072,1057,1059,4500
6165.T,557,562,550,553,48300
6166.T,674,698,674,685,151300
6167.T,1002,1019,1002,1010,48600
616A.T,568,568,568,568,0
6171.T,374,374,373,374,4500
6176.T,1300,1308,1160,1168,1047300
6177.T,87,88,85,86,484500
6178.T,2510,2532,2475,2497,3130600
617A.T,2679,2679,2679,2679,0
6180.T,3875,3875,3830,3830,700
6181.T,95,95,93,94,76200
6182.T,537,537,516,519,43500
6183.T,1379,1382,1369,1373,184200
6184.T,576,578,568,568,110600
6185.T,367,369,366,366,6300
6186.T,374,375,373,375,2500
6189.T,1010,1021,1009,1012,6900
6190.T,330,336,327,333,13000
6191.T,763,783,762,778,81600
6193.T,1232,1233,1220,1220,6700
6194.T,865,865,851,853,108400
6195.T,201,203,201,203,8500
6196.T,1398,1416,1380,1411,535600
6198.T,203,209,202,209,10000
6199.T,1346,1346,1308,1320,12200
6200.T,732,733,715,717,455500
6203.T,1522,1912,1519,1912,9083700
6208.T,1613,1691,1613,1689,59900
6209.T,3900,3950,3900,3915,55300
6217.T,787,794,778,786,85200
6218.T,658,660,652,660,16400
6222.T,960,966,947,957,142500
6223.T,1934,1979,1921,1972,63400
6224.T,1219,1238,1219,1237,39200
6226.T,2130,2244,2130,2216,167600
6227.T,6150,6590,6150,6590,1472200
6228.T,530,546,530,545,38500
6229.T,1506,1526,1506,1520,6300
6230.T,2155,2170,2155,2164,1100
6231.T,12410,12550,12300,12390,11100
6232.T,1468,1524,1455,1464,925600
6233.T,399,401,397,398,4500
6235.T,2599,2612,2540,2588,288500
6237.T,4045,4125,4015,4070,41400
6238.T,1431,1442,1417,1437,157200
6239.T,1497,1513,1467,1470,4900
6240.T,544,546,534,535,207100
6245.T,1875,1963,1875,1936,101100
6246.T,1865,1865,1840,1842,1300
6247.T,1700,1727,1695,1724,53700
6248.T,1724,1750,1724,1750,500
6249.T,2812,2849,2801,2849,5400
6250.T,4550,4610,4460,4515,148300
6254.T,3520,3610,3495,3530,379100
6255.T,653,661,650,660,118200
6257.T,1027,1030,1020,1023,15500
6258.T,3500,3680,3500,3645,461000
6262.T,524,528,523,524,25100
6264.T,1988,2048,1974,2029,549200
6265.T,3040,3050,3030,3030,1100
6266.T,3555,3700,3555,3675,213600
6267.T,4050,4050,4040,4040,400
6268.T,4597,4637,4563,4617,798100
6269.T,9451,9754,9431,9720,755200
6272.T,1546,1561,1543,1552,49700
6273.T,68850,69550,68320,68590,212800
6276.T,381,388,369,376,146800
6277.T,5460,5560,5460,5560,24800
6278.T,13730,14190,13460,14000,168200
6279.T,929,929,917,917,16500
6282.T,2899,2921,2899,2906,109600
6284.T,8660,8770,8640,8770,31900
6286.T,1541,1541,1524,1524,2400
6287.T,2780,2781,2745,2774,103500
6289.T,1863,1885,1840,1851,86300
6291.T,1348,1355,1344,1347,16100
6292.T,844,858,844,858,9500
6294.T,1974,1974,1959,1966,11400
6298.T,1299,1379,1299,1360,321500
6301.T,7540,7633,7509,7576,1891700
6302.T,5866,5981,5862,5970,758700
6305.T,6003,6153,5986,6026,1129600
6306.T,1000,1006,998,998,98400
6307.T,496,496,490,495,5900
6309.T,2048,2068,2043,2058,69000
6310.T,2076,2132,2012,2046,196000
6315.T,2267,2309,2266,2309,2635200
6316.T,2975,3005,2975,3000,3700
6317.T,1800,1834,1799,1803,17300
6322.T,1582,1606,1582,1593,2700
6323.T,3820,3895,3781,3844,1159600
6324.T,6000,6000,5870,5970,990900
6325.T,415,421,415,415,2100
6326.T,3032,3060,2907.5,2917,5100200
6327.T,3290,3315,3160,3240,213000
6328.T,2400,2427,2383,2415,98100
6330.T,2476,2690,2466,2657,7579900
6331.T,3245,3395,3235,3365,205400
6332.T,2806,2865,2801,2838,123700
6333.T,3415,3420,3380,3410,25600
6334.T,499,499,493,498,1600
6335.T,605,609,598,599,23100
6336.T,1900,2022,1900,1946,75400
6337.T,3600,3760,3600,3695,80800
6338.T,1643,1687,1643,1685,11300
6339.T,1208,1215,1200,1202,100700
6340.T,5270,5390,5260,5350,40400
6342.T,2951,2963,2935,2935,700
6343.T,150,151,148,149,39600
6345.T,1478,1478,1468,1471,160800
6346.T,5570,5670,5570,5670,1000
6347.T,248,250,248,248,8000
6349.T,2024,2028,1995,2011,139400
6351.T,2582,2678,2557,2633,55400
6356.T,1301,1360,1301,1348,130200
6357.T,2683,2720,2661,2708,43700
6358.T,2181,2184,2160,2160,11800
6360.T,4650,4750,4650,4725,2400
6361.T,4576,4638,4502,4598,2418600
6363.T,2956,3060,2946,3045,159900
6364.T,2525,2532,2485,2485,23900
6365.T,5650,5760,5650,5690,800
6366.T,706,731,706,722,2086700
6367.T,20480,20795,20470,20660,1041700
6368.T,13000,13150,12895,13030,161100
6369.T,2423,2459,2422,2451,55900
6370.T,7920,7959,7812,7903,525000
6371.T,2720,2742,2716,2729,112700
6376.T,3550,3630,3520,3615,308400
6378.T,1208,1217,1203,1213,66600
6379.T,2981,2986,2961,2962,184800
6380.T,4005,4290,3990,4235,37900
6381.T,1995,2020,1992,1992,97900
6382.T,1244,1245,1234,1238,13100
6383.T,5788,5869,5784,5812,1586700
6384.T,1730,1730,1712,1730,4500
6387.T,8620,9180,8610,9140,118900
6390.T,1339,1349,1328,1331,47400
6391.T,4795,4795,4755,4760,600
6392.T,7920,7920,7780,7780,200
6393.T,3005,3050,3005,3050,3900
6395.T,1440,1451,1414,1428,219500
6396.T,4630,4745,4465,4495,2400
6400.T,289,290,287,289,5800
6402.T,1614,1619,1595,1619,2700
6405.T,1250,1255,1237,1241,15300
6407.T,5310,5520,5300,5520,616100
6408.T,4240,4240,4240,4240,200
6412.T,2180,2180,2155,2155,221200
6413.T,1092,1098,1072,1076,103500
6417.T,2012,2024.5,1988,1996.5,748100
6418.T,1232,1232,1209,1226,75100
6419.T,3200,3200,3170,3190,42200
6420.T,3560,3575,3520,3525,26500
6424.T,903,906,903,904,3400
6425.T,762,765,726,731,249100
6428.T,328,329,325,325,8800
6430.T,2511,2511,2469,2469,51900
6432.T,7640,7730,7610,7620,229400
6433.T,1087,1122,1083,1110,61000
6436.T,3960,3970,3944,3947,139700
6440.T,722,737,722,736,248300
6444.T,192,192,187,190,81900
6445.T,1391,1394,1380,1381,23200
6448.T,4893,4893,4715,4715,772200
6454.T,1898,1928,1893,1904,313700
6455.T,2500,2500,2468,2473,49400
6457.T,4604,4621,4558,4582,123800
6458.T,1245,1257,1243,1253,186300
6459.T,1674,1683,1663,1668,58000
6460.T,3150,3170,3091,3128,1160900
6463.T,1615,1627,1612,1619,96600
6464.T,355,364,354,360,441200
6465.T,5601,5621,5435,5454,329100
6466.T,3800,3880,3785,3810,14800
6467.T,342,345,342,342,1700
6469.T,2811,2968,2811,2946,52600
6470.T,1122,1134,1120,1121,39400
6471.T,1122,1140,1118,1122,1569700
6472.T,391,400.8,389.9,398.6,3215200
6473.T,2218,2243.5,2201.5,2201.5,715200
6474.T,5510,5600,5510,5560,57800
6479.T,3394,3489,3385,3468,2526100
6480.T,1734,1783,1716,1771,667900
6481.T,6437,6530,6406,6508,659000
6482.T,727,733,721,724,60500
6484.T,2239,2246,2229,2229,900
6485.T,1661,1670,1646,1650,20800
6486.T,2999,3055,2999,3045,129300
6488.T,1040,1054,1037,1040,3500
6490.T,9720,9860,9630,9830,71600
6492.T,13800,14560,13750,14520,17800
6493.T,500,501,495,497,46600
6494.T,97,98,96,97,103900
6495.T,113,115,111,112,515000
6496.T,5510,5600,5460,5600,1200
6497.T,1478,1490,1474,1485,3700
6498.T,1888,1957,1888,1944,487300
6501.T,5418,5445,5350,5358,6868400
6503.T,5300,5400,5285,5385,5665500
6504.T,13310,13395,13165,13395,498500
6505.T,2439,2456,2438,2454,20300
6506.T,4633,4702,4615,4661,3087300
6507.T,12140,12450,11980,12380,139100
6508.T,11060,11260,11000,11200,183000
6513.T,1311,1313,1296,1296,26000
6516.T,5270,5320,5220,5320,88200
6517.T,4015,4040,3960,3995,43500
6518.T,1763,1782,1748,1749,4900
6521.T,3065,3290,3050,3270,194100
6522.T,1475,1747,1447,1708,5882200
6523.T,1421,1422,1364,1378,847400
6524.T,4840,4865,4765,4825,155800
6525.T,8895,9168,8798,8929,9922200
6526.T,1993,2012,1962.5,1996.5,4571200
6532.T,7711,7754,7401,7403,1300700
6533.T,1153,1160,1140,1140,19600
6535.T,516,516,509,513,249400
6537.T,299,300,298,300,13400
6538.T,250,253,250,250,23200
6539.T,1004,1005,995,996,32000
6540.T,1511,1524,1511,1523,18700
6543.T,1220,1220,1207,1216,1500
6544.T,1460.5,1474.5,1445,1471.5,685200
6545.T,807,816,801,802,7800
6546.T,1178,1180,1172,1172,1700
6547.T,2196,2207,2165,2198,32800
6548.T,125,132,122,131,121600
6549.T,1112,1150,1112,1135,4900
6551.T,629,630,617,619,10200
6552.T,177,177,174,177,15200
6554.T,1124,1124,1113,1114,8000
6555.T,432,435,425,430,3800
6557.T,750,751,743,751,11100
6558.T,670,671,670,670,400
6560.T,1859,1871,1848,1864,15900
6561.T,845,845,838,842,5000
6562.T,987,1016,974,989,71700
6563.T,453,455,448,454,18900
6564.T,1949,1973,1941,1961,34700
6566.T,1282,1286,1256,1256,600
6568.T,1249,1249,1243,1245,800
6570.T,4215,4215,3910,3995,120300
6571.T,1311,1315,1289,1291,39100
6572.T,269,276,269,273,262400
6573.T,28,28,27,28,228400
6574.T,122,122,119,120,509500
6577.T,1965,1970,1962,1962,1600
6578.T,482,482,470,470,9400
6579.T,345,353,345,353,200
6580.T,889,889,871,871,7500
6584.T,782,797,780,793,417100
6586.T,5284,5358,5272,5320,422400
6588.T,2976,2990,2911,2942,173900
6590.T,4090,4135,4045,4110,1077500
6592.T,1760.5,1779,1751,1751,1026600
6594.T,2711,2812,2652,2812,9496500
6596.T,990,990,990,990,0
6597.T,3630,3700,3600,3630,62200
6599.T,3770,3960,3750,3960,21400
6612.T,604,606,598,598,1800
6613.T,2020,2135,1982,2104,3384500
6614.T,871,885,863,872,5700
6615.T,245,245,240,242,67300
6616.T,1918,1966,1910,1960,63800
6617.T,6850,7060,6850,7030,81000
6619.T,167,175,166,169,3037400
6620.T,723,736,711,713,68500
6622.T,12520,13120,12460,12990,268300
6625.T,380,380,376,378,53700
6626.T,2399,2473,2365,2451,26900
6627.T,11460,11660,11230,11380,97000
6629.T,1020,1027,1007,1018,180700
6630.T,803,806,785,785,149700
6632.T,991.5,1000.5,987.8,992.9,1406300
6633.T,316,318,316,318,3600
6634.T,72,73,71,72,91800
6635.T,661,673,660,670,20000
6637.T,4210,4445,4205,4415,35000
6638.T,1910,1975,1893,1966,97500
6643.T,5760,5910,5760,5900,2700
6644.T,1493,1506,1480,1499,294300
6645.T,6334,6387,6290,6290,810500
6647.T,3370,3370,3370,3370,0
6648.T,1652,1687,1652,1679,32800
6651.T,4320,4430,4305,4415,94000
6652.T,3670,3680,3630,3655,50800
6653.T,2122,2185,2115,2185,66000
6654.T,1082,1082,1076,1076,5300
6656.T,842,845,827,841,45500
6658.T,453,457,451,454,48400
6659.T,49,51,49,51,4316000
6662.T,227,229,227,227,3500
6663.T,312,315,308,315,13900
6664.T,258,258,254,254,3600
6666.T,776,815,776,813,38300
6668.T,4100,4245,4100,4105,63700
6674.T,5011,5155,4999,5115,685900
6675.T,2180,2183,2170,2177,17800
6676.T,3075,3130,3070,3120,42100
6677.T,3235,3280,3230,3275,104700
6678.T,2030,2039,2025,2035,6800
6694.T,747,770,731,768,17100
6696.T,329,332,320,328,23400
6699.T,515,517,512,512,59600
6701.T,4758,4780,4610,4610,7117900
6702.T,3860,3868,3801,3831,5101900
6703.T,2727,2807,2727,2798,444900
6706.T,3300,3320,3275,3285,20400
6707.T,7005,7180,6949,7020,111900
6718.T,2853,2886,2853,2870,25600
6721.T,73,74,72,73,160800
6723.T,3401,3468,3361,3403,11037100
6724.T,3283,3283,3148,3151,1016400
6727.T,851,863,833,833,614100
6728.T,7301,7451,7301,7327,477800
6730.T,1203,1248,1184,1192,490200
6731.T,107,107,105,107,72600
6736.T,9070,9240,8940,9160,25000
6737.T,3115,3140,3105,3125,135400
6740.T,50,51,47,47,18660700
6741.T,1874,1874,1803,1820,197400
6742.T,1009,1025,997,1014,116100
6743.T,1029,1043,1025,1026,20200
6744.T,4145,4180,4090,4180,83500
6745.T,1902,1917,1878,1913,154300
6748.T,785,790,781,789,10400
6750.T,2041,2064,2009,2009,123100
6752.T,4233,4421,4231,4421,7733800
6753.T,642.5,647.9,633.7,637.4,1982900
6754.T,3257,3277,3216,3251,867000
6757.T,878,880,875,876,1200
6758.T,3835,3856,3759,3780,14531800
6762.T,3000,3012,2946,2980.5,9053500
6763.T,2826,2851,2810,2816,18100
6768.T,791,811,789,796,949800
6769.T,1140,1250,1140,1241,217900
6770.T,2258.5,2291.5,2233,2256.5,1861900
6771.T,670,678,670,678,8300
6772.T,1049,1070,1011,1070,3700
6775.T,133,134,128,133,397700
6776.T,288,293,285,290,32000
6777.T,20020,20230,19630,20080,129500
6778.T,682,682,673,674,5300
6779.T,2704,2718,2618,2693,490600
6785.T,3210,3260,3155,3195,95400
6786.T,50,50,49,49,20300
6787.T,19200,19960,19080,19930,365700
6788.T,4945,4995,4945,4965,5900
6794.T,3040,3055,3020,3035,82000
6797.T,1239,1250,1214,1237,13900
6798.T,3300,3340,3280,3310,8100
6800.T,3850,3935,3835,3895,131900
6803.T,99,99,98,99,314000
6804.T,2652,2652,2616,2632,175700
6806.T,24830,24995,24620,24995,144600
6807.T,2484,2508,2466,2500,170900
6809.T,1773,1781,1758,1762,57500
6810.T,2510,2564,2491,2563,206000
6814.T,7750,8060,7750,8010,324800
6817.T,1209,1229,1207,1223,153400
6819.T,479,480,478,480,12000
6820.T,3550,3585,3510,3510,8800
6822.T,5000,5000,5000,5000,1000
6823.T,3335,3350,3295,3320,39800
6824.T,4235,4280,4165,4240,13800
6832.T,2356,2407,2349,2400,20800
6834.T,5250,5510,5210,5500,874700
6835.T,259,264,257,263,179900
6836.T,824,848,824,830,7900
6837.T,370,378,370,372,18000
6838.T,1581,1585,1519,1564,207100
6840.T,790,837,789,827,794200
6841.T,4794,4807,4730,4750,782200
6844.T,3045,3095,3045,3070,67100
6845.T,1461,1493.5,1455.5,1486,1201000
6848.T,873,873,866,866,3600
6849.T,1513.5,1517.5,1493,1502.5,479400
6850.T,1688,1714,1681,1714,23500
6853.T,761,766,758,763,12300
6855.T,6430,6680,6390,6650,517800
6856.T,23040,23085,22680,22980,202300
6857.T,34000,34850,33520,34480,9531900
6858.T,850,865,843,846,85600
6859.T,3945,4030,3945,4005,59300
6861.T,77660,78890,77660,78890,489600
6862.T,4250,4635,4250,4630,547500
6863.T,993,1024,977,1016,100700
6864.T,1580,1615,1555,1606,74800
6866.T,10340,10460,10280,10440,29900
6867.T,420,424,413,414,50600
6869.T,1934,1939,1892.5,1892.5,2787800
6870.T,2183,2227,2183,2200,2000
6871.T,12540,12930,12420,12920,1130500
6874.T,2342,2370,2340,2345,7500
6875.T,10960,11210,10860,11170,135300
6877.T,5470,5580,5470,5560,24200
6882.T,1125,1163,1125,1152,62600
6888.T,500,500,497,497,8300
6890.T,9300,9640,9300,9640,845400
6894.T,2184,2184,2159,2183,500
6897.T,646,706,620,676,575600
6898.T,4805,4855,4630,4855,27400
6899.T,2344,2379,2312,2326,4500
6902.T,1935,1942.5,1920,1927,4300000
6904.T,630,650,607,630,116300
6905.T,1329,1358,1329,1351,111500
6907.T,784,800,784,797,28400
6908.T,2792,2843,2792,2835,83100
6912.T,2596,2621,2557,2578,10400
6914.T,3105,3165,3100,3145,92400
6915.T,3395,3460,3395,3405,7900
6918.T,3645,3750,3630,3750,69700
6919.T,1445,1445,1405,1423,21800
6920.T,34610,36430,34600,35590,3246700
6923.T,3668,3740,3657,3674,429100
6925.T,3792,3826,3757,3792,424200
6926.T,195,195,192,192,10000
6927.T,999,1007,992,992,41400
6928.T,2990,3070,2990,3045,31200
6929.T,3705,3740,3705,3730,72600
6932.T,2537,2548,2517,2527,18700
6941.T,7680,7780,7580,7730,190600
6942.T,1437,1445,1428,1440,7700
6943.T,5500,5630,5500,5540,500
6946.T,6100,6350,6070,6300,179400
6947.T,4880,4920,4835,4900,50600
6951.T,6906,7115,6887,7063,262000
6952.T,2343.5,2345,2279,2319,1260600
6954.T,6050,6084,5978,6011,3793900
6955.T,413,418,411,415,48900
6958.T,770,781,749,755,952800
6960.T,12060,12140,11850,12140,64900
6961.T,10000,10420,9980,10420,144200
6962.T,760,772,757,767,160300
6963.T,5000,5243,4993,5243,3865600
6964.T,690,693,690,693,9600
6965.T,2323.5,2373,2315,2359.5,1822600
6966.T,961,970,949,955,1345100
6969.T,1008,1049,1008,1045,33500
6971.T,3538,3570,3522,3544,2685100
6976.T,9455,9942,9384,9824,27426700
6977.T,1397,1410,1379,1400,5000
6981.T,7431,7636,7325,7620,20443400
6982.T,582,582,582,582,300
6986.T,780,787,761,782,443200
6988.T,3459,3474,3379,3379,1970600
6989.T,2417,2450,2415,2439,2300
6993.T,87,87,85,86,755200
6994.T,1180,1223,1171,1223,128200
6995.T,3165,3210,3160,3185,102400
6996.T,2650,2684,2620,2684,916700
6997.T,2840,2879,2756,2872,722100
6998.T,3540,3700,3530,3665,107900
6999.T,2307,2310,2253,2279,458500
7003.T,4357,4505,4357,4500,2198100
7004.T,1180,1231,1174,1193,2199000
7011.T,3796,3863,3785,3829,10848500
7012.T,2420,2504,2418.5,2488,11246700
7013.T,2674.5,2764,2666,2730.5,13094100
7014.T,4870,5140,4850,5080,2755600
7018.T,13500,13900,13450,13880,38100
7021.T,2213,2240,2181,2213,2200
7022.T,344,345,338,344,57800
7030.T,983,987,978,983,4400
7031.T,707,707,707,707,100
7033.T,1607,1611,1590,1593,54600
7034.T,343,344,341,343,20200
7035.T,228,238,228,233,71600
7036.T,668,669,661,661,900
7037.T,809,814,803,804,11800
7038.T,594,594,584,585,14100
7039.T,1365,1367,1358,1359,15900
7040.T,979,979,978,978,500
7041.T,358,358,355,355,3900
7042.T,665,672,665,672,500
7043.T,941,947,930,945,800
7044.T,510,510,507,510,12100
7046.T,1385,1440,1353,1353,2500
7047.T,2151,2204,2141,2189,110600
7048.T,163,164,159,159,86200
7049.T,795,795,787,788,23400
7050.T,1410,1411,1375,1406,21500
7057.T,925,934,925,934,900
7058.T,2930,2970,2930,2970,200
7059.T,930,935,928,935,50500
7060.T,601,601,595,596,5700
7061.T,477,477,471,472,45400
7062.T,688,692,684,686,3200
7063.T,85,89,83,83,384600
7064.T,1020,1023,988,993,8400
7065.T,975,982,963,963,20700
7066.T,467,467,458,460,14300
7067.T,1040,1040,1040,1040,1000
7068.T,600,603,595,598,44100
7069.T,543,547,524,534,26000
7071.T,401,402,386,388,435600
7072.T,1137,1137,1105,1129,2300
7073.T,2352,2352,2303,2333,1800
7074.T,192,192,190,191,2800
7075.T,1018,1026,1000,1024,23900
7077.T,988,989,988,988,1200
7078.T,347,350,344,344,8500
7079.T,2546,2546,2546,2546,100
7080.T,907,914,897,905,35900
7081.T,1295,1295,1290,1295,3200
7082.T,1406,1407,1406,1406,4700
7083.T,1116,1116,1107,1107,1100
7084.T,3005,3005,2960,2975,5400
7085.T,922,923,909,918,258700
7087.T,1438,1449,1429,1435,4300
7089.T,1469,1479,1451,1455,23300
7090.T,939,948,932,948,900
7091.T,1255,1257,1238,1257,21000
7093.T,586,592,580,592,3100
7094.T,1875,1881,1840,1876,61300
7095.T,1262,1285,1251,1264,50700
7096.T,768,768,761,761,600
7097.T,2760,2768,2744,2755,3700
7102.T,3630,3655,3615,3635,27300
7110.T,2030,2042,2030,2042,500
7111.T,525,525,525,525,900
7112.T,695,698,692,698,3800
7114.T,778,783,777,777,2100
7115.T,1459,1498,1459,1498,6100
7119.T,1896,1935,1892,1932,23700
7120.T,998,1005,998,1000,4600
7122.T,2443,2464,2443,2446,800
7126.T,1435,1445,1435,1444,3300
7127.T,709,712,709,711,8900
7128.T,2774,2827,2764,2809,97300
7129.T,1175,1179,1173,1179,1800
7130.T,2831,2846,2818,2825,55100
7131.T,3820,3865,3780,3850,3200
7133.T,1308,1310,1300,1309,2800
7134.T,1387,1395,1368,1368,8500
7135.T,181,181,180,180,23600
7137.T,1200,1200,1200,1200,0
7138.T,154,157,148,151,734200
7139.T,4700,4700,4700,4700,0
7140.T,802,802,799,799,1900
7148.T,1700,1729,1695,1717,565000
7150.T,539,539,524,524,32100
7157.T,1442,1442,1408,1418,236600
7161.T,625,625,608,612,183100
7162.T,303,313,301,307,86900
7164.T,3181,3190,3170,3170,212000
7167.T,1700.5,1717.5,1695.5,1703,1827500
7170.T,330,330,330,330,0
7172.T,2111,2131,2104,2131,129500
7173.T,1700,1717,1682,1715,864200
7175.T,1950,1980,1940,1975,11900
7176.T,757,757,757,757,0
7177.T,1171,1181,1160,1167,190900
7180.T,1615,1628,1607,1612,814200
7181.T,1730,1747,1713.5,1728.5,1405700
7182.T,3384,3408,3326,3341,4171700
7183.T,254,254,254,254,9900
7184.T,3415,3415,3345,3380,101900
7185.T,3930,3935,3915,3935,6100
7186.T,1961.5,1973,1917,1926.5,3272400
7187.T,1361,1368,1349,1350,37300
7189.T,4958,4995,4902,4939,286800
7191.T,1152,1156,1147,1147,14300
7192.T,692,698,676,676,76200
7196.T,750,750,745,745,4200
7198.T,836,838,832,833,68700
7199.T,2120,2144,2111,2133,154500
7201.T,318,320.4,315,316.6,27508300
7202.T,2235.5,2262,2220,2224.5,2289800
7203.T,3110,3120,3088,3096,12938800
7208.T,1316,1319,1302,1312,1100
7211.T,370.1,372,364.1,367.6,9590300
7212.T,744,754,741,741,11100
7213.T,676,681,672,672,24900
7214.T,1117,1130,1116,1122,3000
7215.T,426,426,426,426,300
7217.T,453,458,453,457,3700
7218.T,1141,1222,1141,1165,9300
7219.T,2519,2519,2519,2519,400
7220.T,3030,3070,2928,3010,703500
7222.T,919,923,912,915,98700
7224.T,1964,1974,1951,1974,113800
7226.T,2310,2321,2295,2299,174000
7228.T,4050,4050,4025,4030,1800
7231.T,3095,3130,3090,3095,43500
7235.T,1569,1572,1558,1566,25200
7236.T,1531,1549,1522,1544,253900
7238.T,106,108,106,107,3811800
7239.T,2380,2397,2373,2376,49600
7240.T,3037,3078,3026,3078,305800
7241.T,1126,1131,1115,1115,428000
7242.T,4780,4875,4755,4830,125000
7244.T,600,606,595,597,192000
7245.T,1180,1212,1174,1202,316900
7246.T,1045,1056,1036,1040,443100
7247.T,377,381,375,376,42500
7254.T,831,850,831,831,2700
7255.T,509,509,501,509,3200
7256.T,432,445,426,445,91200
7259.T,2298.5,2304.5,2254.5,2285,1496000
7261.T,1176.5,1181.5,1159,1162,8742300
7264.T,1351,1375,1351,1357,700
7265.T,3820,3820,3700,3700,2200
7266.T,1006,1017,1006,1011,10700
7267.T,1704,1714,1687.5,1695,9176900
7269.T,2067,2074,2041.5,2055,4418900
7270.T,2640,2661,2637.5,2640.5,2548900
7271.T,807,814,807,810,48700
7272.T,1884.5,1896,1831,1848.5,4120900
7273.T,582,611,582,604,42900
7276.T,2720,2728.5,2700.5,2712.5,597900
7277.T,351,351,348,348,26000
7278.T,6180,6220,6090,6090,274700
7279.T,2637,2700,2565,2589,125600
7280.T,1312,1347,1312,1342,158800
7282.T,5490,5548,5444,5480,520500
7283.T,2311,2346,2310,2315,92700
7284.T,1160,1162,1160,1162,700
7287.T,2740,2825,2719,2806,173600
7291.T,473,473,463,464,21800
7292.T,6860,6930,6850,6890,1700
7294.T,912,914,906,908,31700
7296.T,4200,4210,4140,4160,129900
7297.T,874,874,864,873,5200
7299.T,1850,1862,1850,1851,1300
7305.T,2788,2788,2759,2777,16500
7309.T,19015,19015,18730,18780,293400
7313.T,1857,1866.5,1842.5,1849,300700
7314.T,1326,1335,1326,1326,2100
7318.T,1354,1411,1334,1410,99900
7320.T,1486,1486,1456,1472,16800
7322.T,2159,2169,2127,2140,231800
7325.T,708,709,695,695,5900
7326.T,2141,2168,2121,2168,18900
7327.T,2655,2665,2625,2647,497200
7337.T,2391,2409.5,2382,2396,474100
7343.T,1284,1297,1284,1294,800
7345.T,945,945,945,945,200
7347.T,804,804,795,795,7900
7350.T,7960,7980,7860,7920,56100
7351.T,474,474,456,459,20800
7352.T,326,332,326,328,33500
7353.T,530,534,528,530,6400
7354.T,406,433,401,421,918800
7356.T,115,117,114,114,14100
7357.T,1720,1721,1710,1711,3300
7358.T,1801,1809,1778,1805,13100
7359.T,282,283,271,275,51500
7360.T,640,644,637,638,900
7361.T,1199,1209,1180,1192,9400
7362.T,861,865,861,862,1100
7363.T,1300,1300,1300,1300,800
7366.T,1800,1815,1773,1803,102700
7367.T,330,331,325,331,7900
7368.T,1714,1718,1706,1714,1100
7369.T,369,399,364,399,73900
7370.T,719,719,717,717,1500
7371.T,816,824,794,824,50900
7372.T,396,396,386,395,6800
7373.T,952,952,928,929,42000
7374.T,1533,1550,1519,1522,26800
7375.T,1165,1209,1160,1198,26600
7376.T,808,846,749,750,93500
7377.T,1720,1720,1701,1701,11200
7378.T,1575,1581,1538,1575,13600
7380.T,2670,2673,2638,2642,262300
7381.T,1297,1306,1289,1305,243000
7383.T,405,415,404,415,595600
7384.T,4820,5030,4820,5000,100500
7388.T,2325,2339,2318,2323,17400
7389.T,1928,1935,1894,1911,603200
7399.T,623,630,623,628,3400
7409.T,1530,1563,1523,1559,100900
7412.T,390,391,381,381,548800
7413.T,2685,2685,2685,2685,0
7414.T,1436,1439,1421,1421,38400
7416.T,683,687,683,684,1700
7417.T,1879,1894,1877,1888,2600
7419.T,1253,1256,1244,1247,495200
7421.T,1610,1617,1601,1611,66000
7422.T,404,421,397,421,18800
7425.T,1092,1125,1088,1124,2900
7426.T,601,601,597,597,3100
7427.T,836,836,833,834,2400
7433.T,5300,5370,5260,5260,69500
7434.T,1811,1847,1811,1846,700
7435.T,1308,1347,1308,1330,14500
7438.T,1681,1724,1681,1697,45400
7442.T,483,485,482,484,6200
7443.T,663,670,663,665,1900
7444.T,1980,1980,1980,1980,300
7446.T,4570,4570,4550,4550,200
7447.T,1685,1690,1669,1671,76100
7453.T,4221,4252,4173,4223,2038200
7456.T,6890,7450,6890,7370,163000
7458.T,1860,1860,1827,1832.5,310300
7459.T,2924.5,2946.5,2903.5,2928,618900
7460.T,1668,1670,1611,1670,34200
7461.T,476,478,469,478,1600
7462.T,404,408,401,402,19900
7463.T,952,957,944,956,41200
7464.T,1535,1535,1523,1523,600
7466.T,1459,1467,1450,1455,32200
7472.T,3885,3945,3885,3900,400
7475.T,2522,2529,2501,2501,19500
7476.T,2527.5,2527.5,2434,2435.5,112000
7477.T,1617,1617,1617,1617,0
7480.T,3420,3470,3395,3415,31900
7481.T,2601,2618,2601,2613,1400
7482.T,1546,1548,1490,1495,61200
7483.T,3040,3060,3010,3010,36000
7486.T,799,820,794,811,3000
7487.T,1793,1800,1791,1800,3600
7490.T,2188,2188,2186,2186,1200
7494.T,247,247,245,245,19900
7500.T,9780,10020,9780,10020,700
7501.T,1450,1450,1450,1450,100
7502.T,1695,1700,1695,1695,1500
7504.T,4775,4810,4535,4535,66700
7505.T,2192,2192,2167,2173,8500
7506.T,1387,1387,1387,1387,1100
7508.T,1432,1435,1419,1421,47300
7509.T,4700,4700,4700,4700,100
7510.T,2790,2800,2750,2761,46200
7512.T,863,863,852,853,113900
7513.T,1438,1444,1428,1441,204500
7514.T,855,856,855,855,3700
7515.T,4615,4615,4600,4600,900
7516.T,4495,4495,4430,4455,38800
7520.T,2529,2556,2529,2529,11900
7521.T,2785,2785,2785,2785,600
7522.T,943,944,933,934,143300
7523.T,1878,1878,1877,1877,2200
7524.T,175,176,175,176,9400
7525.T,3595,3630,3595,3600,13400
7527.T,55,55,52,52,1534000
7531.T,1329,1329,1301,1301,500
7532.T,783.8,786.8,766.3,769.4,18168800
7537.T,1795,1827,1794,1813,49800
7538.T,386,393,385,390,2300
7539.T,816,818,814,817,9600
7544.T,556,560,552,555,2300
7545.T,1990,2004,1989,1993,110600
7550.T,11855,11920,11580,11695,405200
75505.T,4930,4940,4926,4940,600
7551.T,730,732,727,727,7700
7552.T,3670,3690,3610,3655,120900
7554.T,1190,1192,1176,1178,52000
7555.T,749,749,749,749,100
7561.T,718,720,710,713,11000
7562.T,3840,3845,3840,3840,1800
7564.T,5970,6060,5880,5950,541100
7565.T,8700,8720,8550,8630,2300
7567.T,602,610,601,608,9300
7570.T,1424,1429,1400,1400,17600
7571.T,89,90,88,89,309400
7575.T,1530,1530,1505,1510,140500
7578.T,83,83,79,82,78300
7581.T,7120,7330,7080,7270,468600
7585.T,406,407,406,406,3300
7590.T,398,400,396,397,15500
7593.T,537,539,529,531,453500
7595.T,1310,1310,1290,1292,239800
7596.T,2334,2338,2320,2325,17600
7599.T,1255,1258,1246,1250,466700
7600.T,658,686,658,683,245600
7601.T,165,165,164,165,7000
7602.T,168,169,168,168,19400
7603.T,41,42,40,40,338500
7604.T,910,910,904,910,8600
7606.T,2401,2407,2376,2381,211700
7607.T,3035,3045,3020,3040,16400
7608.T,874,880,854,855,35800
7609.T,4050,4155,4050,4135,118300
7610.T,142,142,140,141,348000
7611.T,3045,3045,2991,2995,131600
7613.T,1635,1643,1590,1598,182500
7614.T,1552,1552,1540,1544,3200
7615.T,102,102,98,99,273900
7616.T,2108.5,2108.5,2077,2077,423200
7619.T,970,971,965,971,2100
7621.T,3445,3460,3445,3450,1400
7624.T,157,158,156,158,18400
7625.T,475,475,473,473,1700
7628.T,1183,1190,1171,1172,26000
7630.T,1080,1087,1073,1078,609200
7634.T,5040,5040,5040,5040,0
7636.T,799,801,797,799,7300
7637.T,3660,3720,3645,3665,18100
7638.T,1405,1420,1401,1401,18900
7640.T,196,202,192,198,73500
7643.T,1738,1738,1730,1730,2500
7646.T,1896,1910,1882,1898,7700
7649.T,1307.5,1318,1296,1310,3754600
7670.T,1229,1231,1220,1229,6600
7673.T,1699,1699,1693,1693,200
7674.T,2650,2650,2634,2634,2300
7677.T,2700,2750,2700,2750,200
7678.T,3250,3265,3235,3260,7700
7679.T,1636,1666,1636,1652,63000
7680.T,3190,3190,3190,3190,0
7681.T,1005,1005,1005,1005,0
7682.T,3920,4000,3910,4000,2100
7683.T,1408,1410,1402,1408,12800
7685.T,3145,3200,3120,3135,204600
7686.T,442,444,440,440,23700
7687.T,446,448,446,447,1800
7689.T,459,461,422,461,203500
7691.T,30,30,30,30,0
7692.T,81,81,79,81,483000
7694.T,622,660,609,613,91100
7695.T,908,915,908,915,4300
7698.T,2724,2730,2711,2720,1200
7699.T,680,689,680,689,400
7701.T,3871,3924,3847,3847,1020500
7702.T,455,459,455,457,13400
7707.T,212,214,211,212,36600
7709.T,53,53,45,48,1055000
7711.T,5120,5230,5070,5230,39800
7713.T,2408,2449,2383,2400,13800
7715.T,3920,4185,3920,4180,105300
7716.T,3120,3145,3100,3115,258300
7717.T,5730,6040,5730,6010,181500
7719.T,520,537,505,526,305500
7721.T,7200,7390,7150,7370,191100
7722.T,776,787,776,783,22600
7723.T,2871,2879,2855,2862,16200
7725.T,1732,1788,1732,1776,63500
7726.T,1399,1429,1388,1420,10500
7727.T,843,888,843,880,245500
7729.T,17400,17830,17320,17600,285500
7730.T,1502,1503,1486,1486,267500
7731.T,1901,1904,1852.5,1874.5,1304800
7733.T,2064.5,2064.5,1990,2017,3943400
7734.T,3370,3430,3365,3415,49400
7735.T,13400,13570,13245,13515,1354500
7740.T,1389,1395,1378,1395,444900
7741.T,24135,24290,23855,24145,1171400
7743.T,792,793,792,792,361100
7744.T,2057,2078,2024,2030,200200
7745.T,2869,2904,2869,2898,44900
7746.T,799,813,792,800,472800
7747.T,3488,3520,3422,3422,1162300
7749.T,2961,2999,2960,2965,2100
7751.T,4617,4617,4501,4502,3484900
7752.T,1697,1699,1634,1654,1863800
7760.T,1978,2060,1977,2060,91900
7762.T,2615,2667,2613,2642,878000
7769.T,3920,3920,3900,3900,11900
7771.T,266,267,263,265,78900
7774.T,848,904,842,902,177400
7775.T,427,427,425,427,15300
7776.T,218,224,216,223,152900
7777.T,362,363,348,351,2085800
7779.T,225,231,224,231,1079700
7780.T,1843,1868,1800,1810,298900
7781.T,881,885,866,866,11700
7782.T,492,492,486,492,4900
7791.T,829,829,828,829,1000
7792.T,1484,1484,1478,1482,5100
7793.T,1500,1506,1500,1503,1100
7794.T,1010,1032,990,999,356000
7795.T,226,227,223,225,42200
7800.T,1006,1009,999,1004,9900
7803.T,446,459,444,454,1204500
7804.T,2382,2388,2375,2382,2100
7805.T,715,716,707,714,7800
7806.T,8100,8300,7960,8170,280800
7807.T,856,859,850,853,2200
7808.T,2776,2798,2776,2776,1100
7809.T,1334,1334,1326,1326,4300
7810.T,167,175,167,172,345600
7811.T,1990,1990,1968,1969,9500
7812.T,2126,2126,2110,2114,4900
7813.T,905,918,899,912,1600
7814.T,634,634,625,628,4800
7815.T,350,358,350,352,6000
7818.T,1152,1167,1144,1164,120300
7819.T,1025,1040,1021,1026,27400
7820.T,707,710,705,707,33700
7821.T,1980,1996,1949,1951,84500
7822.T,258,259,256,258,35400
7823.T,850,852,832,834,52400
7826.T,10550,10940,10350,10840,528400
7827.T,1748,1748,1732,1732,600
7831.T,69,69,65,66,92400
7832.T,5500,5520,5316,5344,3462800
7833.T,690,690,680,684,6600
7836.T,77,78,77,77,32600
7837.T,338,338,335,336,1100
7839.T,2132,2143,2109,2116,225200
7840.T,1305,1308,1291,1291,23100
7841.T,1090,1090,1079,1081,15300
7844.T,521,522,506,509,138400
7846.T,2139.5,2139.5,2067,2067,319800
7847.T,632,637,631,631,4000
7849.T,3080,3080,3050,3050,1700
7850.T,809,825,809,817,10400
7856.T,1885,1903,1876,1901,213800
7857.T,1290,1290,1290,1290,300
7859.T,259,291,259,281,387600
7860.T,1274,1274,1246,1246,142300
7863.T,944,944,944,944,0
7864.T,3330,3330,3280,3285,81100
7865.T,338,338,337,337,1600
7867.T,3620,3628,3569,3619,366200
7868.T,545,552,542,544,232100
7871.T,1013,1019,992,997,8100
7872.T,620,620,619,619,3900
7874.T,959,959,947,953,68800
7875.T,809,820,800,819,19800
7877.T,2247,2247,2240,2246,500
7878.T,1571,1571,1500,1500,4700
7879.T,665,674,665,672,8400
7883.T,401,405,400,403,3200
7885.T,1134,1147,1126,1137,11400
7886.T,613,613,593,594,3900
7887.T,1596,1597,1558,1574,5000
7888.T,898,914,898,914,117800
7893.T,1117,1117,1104,1104,34000
7896.T,507,507,507,507,100
7897.T,106,107,105,107,101100
7898.T,927,937,924,937,3700
7901.T,858,869,849,869,1800
7902.T,1130,1130,1123,1123,1500
7906.T,2553,2592,2524,2551,388000
7908.T,239,241,238,239,43700
7911.T,5122,5268,5098,5246,1514800
7912.T,3056,3101,3054,3096,1118800
7914.T,1735,1755,1735,1745,52200
7915.T,1228,1230,1199,1202,312800
7916.T,1900,1900,1900,1900,100
7917.T,1252,1265,1252,1264,69300
7918.T,107,108,106,107,31000
7919.T,228,229,227,228,7000
7921.T,4140,4155,4090,4090,19700
7927.T,2290,2290,2255,2266,19800
7928.T,617,620,615,615,3100
7931.T,3600,3635,3595,3620,17700
7932.T,11800,11800,11700,11700,4700
7936.T,4197,4326,4093,4164,7375900
7937.T,2667,2668,2605,2624,16000
7938.T,2140,2140,2134,2134,1900
7939.T,603,603,600,600,1600
7942.T,3010,3015,2962,2977,40400
7943.T,3025,3055,3015,3040,36200
7944.T,3850,3875,3795,3800,61000
7946.T,354,378,348,360,17600
7947.T,2890,2890,2791,2807,205300
7949.T,2839,2854,2819,2845,36700
7951.T,1330,1332,1310.5,1315,2064600
7952.T,3510,3565,3465,3480,10200
7953.T,400,402,400,402,9400
7955.T,988,997,978,980,27400
7956.T,2047,2064,2044,2044,589000
7957.T,2606,2637,2603,2615,5800
7962.T,803,805,799,801,12000
7963.T,1826,1846,1826,1844,1200
7965.T,1446,1449,1439,1448,84200
7966.T,5410,5490,5410,5480,865700
7970.T,2205,2229,2196,2224,95400
7971.T,710,720,709,714,75300
7972.T,2522,2537,2505,2529,169100
7974.T,8705,8831,8556,8750,6258900
7975.T,1168,1170,1167,1168,1800
7976.T,3130,3170,3115,3160,69000
7979.T,2286,2310,2272,2280,58600
7980.T,846,849,839,839,19400
7981.T,3110,3125,3090,3115,95000
7983.T,1202,1235,1202,1231,4500
7984.T,926,936.2,921.1,925.2,892200
7986.T,1912,1912,1912,1912,200
7987.T,563,563,557,558,54600
7988.T,5074,5122,5032,5040,150800
7989.T,2648,2678,2639,2665,37800
7990.T,2407,2407,2387,2395,54400
7991.T,1066,1078,1065,1077,8000
7992.T,105,106,104,105,26800
7994.T,2390,2398,2374,2377,113700
7995.T,6570,6700,6510,6600,48500
7997.T,1083,1085,1083,1083,1400
8001.T,2238.5,2277,2230.5,2264.5,17935700
8002.T,5125,5186,5100,5146,3850400
8005.T,1793,1797,1776,1776,144000
8006.T,1546,1546,1544,1545,500
8007.T,805,807,800,804,105700
8008.T,2116,2123,2100,2106,48100
8011.T,1432,1441,1385,1411,294700
8012.T,1164,1164,1138,1140.5,682600
8013.T,374,374,367,370,2300
8014.T,4335,4360,4270,4270,23900
8015.T,7689,7798,7643,7680,1683100
8016.T,719,721,710,715,828300
8018.T,860,865,843,843,23000
8020.T,2297.5,2312,2273,2280,485200
8022.T,4115,4115,4040,4095,144900
8023.T,1060,1060,1046,1048,8100
8025.T,1315,1315,1304,1304,1700
8029.T,2690,2699,2661,2661,11500
8030.T,3905,3975,3905,3910,5300
8031.T,5050,5130,5034,5099,5278500
8032.T,1212,1229,1211,1226,169300
8035.T,55320,56710,55170,55840,2900400
8037.T,4540,4545,4475,4490,31600
8039.T,3520,3520,3515,3515,600
8040.T,1050,1050,1043,1043,400
8041.T,4675,4675,4630,4670,3500
8043.T,1505,1515,1489,1494,211200
8045.T,2065,2105,2065,2099,2300
8046.T,1016,1016,1004,1005,4800
8050.T,10200,11010,10140,10980,475400
8051.T,1946,1950,1914,1920,217400
8052.T,2950,2974,2942,2959,117600
8053.T,1834,1883,1830,1871.5,9825900
8056.T,4750,4762,4668,4684,330300
8057.T,2286,2286,2209,2260,216500
8058.T,4928,5045,4918,4990,7386800
8059.T,3745,3750,3655,3670,120200
8060.T,3695,3699,3593,3612,231500
8061.T,3150,3170,3085,3100,135400
8065.T,3575,3610,3465,3530,119400
8066.T,3605,3635,3530,3545,11700
8070.T,986,993,972,974,111200
8074.T,6460,6590,6440,6460,23700
8075.T,3120,3140,3095,3100,30000
8076.T,2129,2140,2110,2119,4000
8077.T,215,215,215,215,5600
8078.T,1933,1950,1918,1934,387500
8079.T,4505,4515,4480,4485,35400
8081.T,2496,2515,2484,2484,27900
8084.T,4735,4810,4680,4695,44400
8085.T,4285,4295,4240,4240,8200
8086.T,1466,1474,1453.5,1456.5,535100
8088.T,2125,2164.5,2121,2149,687800
8089.T,2020,2020,2000,2002,1200
8091.T,2431,2431,2411,2420,8600
8093.T,1799,1812,1793,1801,29700
8095.T,539,539,528,528,75300
8097.T,2434,2444,2394,2404,71600
8098.T,4465,4485,4415,4420,157200
8101.T,2679,2685,2657,2671,26800
8103.T,972,980,965,965,85200
8104.T,720,720,702,706,16900
8105.T,83,83,81,82,822300
8107.T,30,31,30,30,120000
8111.T,2113,2125.5,2097,2104,484600
8113.T,973.4,974.1,963,964.3,3054900
8115.T,1302,1306,1302,1306,500
8117.T,2171,2231,2166,2200,600800
8118.T,1171,1180,1171,1180,1500
8119.T,795,795,791,791,1200
8123.T,1425,1425,1410,1418,1500
8125.T,1984,1990,1961,1968,107100
8127.T,535,550,535,547,30000
8129.T,3952,3967,3909,3944,83800
8130.T,3180,3200,3170,3175,66200
8131.T,2408,2478,2408,2455,37600
8132.T,7440,7510,7350,7350,6800
8133.T,2338,2359,2270,2270,96600
8135.T,443,443,439,441,5500
8136.T,1273.5,1285.5,1237,1263.5,16598900
8137.T,4215,4285,4195,4245,25600
8138.T,4300,4300,4300,4300,300
8139.T,2234,2234,2190,2190,3800
8141.T,1568,1568,1567,1567,25900
8142.T,1431,1436,1420,1423,58400
8143.T,145,145,142,143,2600
8144.T,1259,1259,1259,1259,100
8147.T,1427,1430,1370,1399,6100
8150.T,3340,3355,3265,3265,31000
8151.T,1873,1895,1873,1895,84500
8152.T,7190,7280,7190,7280,2200
8153.T,3885,3900,3850,3865,177900
8154.T,4910,4955,4825,4905,112100
8157.T,4170,4220,4160,4195,25500
8158.T,1394,1400,1342,1348,104900
8159.T,4135,4165,4045,4065,24500
8160.T,2475,2480,2452,2459,64700
8163.T,1529,1532,1512,1518,131800
8165.T,106,106,105,105,133200
8166.T,79,79,78,79,20800
8167.T,1396,1397,1377,1377,59600
8173.T,4225,4225,4120,4170,167500
8174.T,3072,3088,3046,3049,147500
8179.T,1347,1347,1325,1325,166700
8181.T,981,992,980,980,13800
8185.T,980,996,980,992,185500
8194.T,2755,2759,2695,2701,164500
8198.T,3430,3430,3370,3370,12900
8200.T,2356,2356,2322,2330,81200
8202.T,149,149,147,149,49700
8203.T,775,775,753,753,191700
8207.T,301,303,301,302,26800
8214.T,1741,1745,1718,1720,171400
8217.T,796,796,788,789,61100
8218.T,3895,3900,3870,3875,71400
8219.T,771,771,756,761,584600
8225.T,3640,3640,3600,3600,200
8226.T,386,395,385,390,95300
8227.T,3248,3272,3226,3258,540500
8230.T,311,312,310,311,12600
8233.T,2224,2234,2170,2181,2469100
8237.T,2213,2246,2186,2205,316000
8242.T,2889.5,2892,2856.5,2862,226100
8244.T,1877,1897,1839,1847,38900
8247.T,332,332,321,322,10200
8252.T,2918,2920,2870,2870,1004000
8253.T,4651,4680,4606,4614,579400
8254.T,243,250,243,250,38200
8255.T,1285,1289,1264,1268,123500
8260.T,386,395,385,385,18200
8267.T,1400,1404,1370,1389,7974300
8273.T,1014,1021,1005,1005,364000
8275.T,1011,1016,1010,1014,18200
8276.T,2691,2692,2661,2661,94000
8278.T,2060,2060,2029,2030,100300
8281.T,1130,1142,1128,1131,131500
8282.T,1901,1902.5,1872,1878.5,539500
8285.T,786,791,780,780,30100
8291.T,550,552,548,548,26000
8301.T,21900,21900,21900,21900,100
8303.T,1566.5,1584,1551,1581.5,2289400
8304.T,3396,3425,3384,3406,1204300
8306.T,3760,3795,3706,3711,39268400
8308.T,2553,2596.5,2530,2542.5,6387000
8309.T,1800.5,1808,1774.5,1782,5875900
8316.T,7000,7094,6952,6976,10909100
8331.T,2870,2880.5,2808,2815.5,1808800
8334.T,2901.5,2930,2881,2890,538400
8336.T,2834,2844,2811,2829,211500
8337.T,2806,2810,2744,2745,107500
8338.T,774,785,766,775,1516400
8341.T,4018,4043,3970,3997,472000
8343.T,9030,9270,8990,9240,194600
8344.T,4630,4770,4580,4720,148400
8345.T,2558,2607,2547,2591,326100
8346.T,1000,1004,988,1001,928400
8349.T,1704,1715,1688,1691,23200
8354.T,7878,7984,7852,7866,535800
8358.T,2979,2992,2948,2965,555800
8359.T,2754,2762,2730,2759,952900
8360.T,7180,7350,7180,7290,156600
8361.T,8300,8340,8160,8190,98900
8362.T,7100,7360,7040,7350,99800
8364.T,3200,3260,3175,3200,27800
8365.T,2418,2418,2351,2410,6000
8366.T,2862,2882,2829,2877,428800
8367.T,1972,1991,1956,1960,334600
8368.T,2381,2397,2354,2379,615200
8370.T,5160,5190,5130,5140,110000
8377.T,8326,8373,8245,8335,299600
8381.T,2625,2632,2606,2629,259000
8383.T,1962,1965,1932,1937,20800
8386.T,3120,3140,3080,3090,309300
8387.T,3775,3815,3730,3810,122100
8388.T,10000,10030,9820,9970,89900
8392.T,3015,3060,2974,3050,154500
8393.T,2700,2709,2650,2678,226100
8395.T,6590,6640,6500,6620,44300
8399.T,3235,3260,3195,3250,108400
8410.T,340,340.9,335.2,336.8,2362100
8411.T,8774,8854,8673,8710,7664200
8416.T,1171,1184,1146,1155,45500
8418.T,3238,3258,3204,3230,278400
8421.T,192800,193000,192100,192100,208
8424.T,4460,4461,4417,4438,183800
8425.T,1367,1377,1360,1368,472200
8439.T,2709.5,2732,2702,2708.5,580800
8473.T,3397,3438,3364,3364,3060000
8508.T,772,777,750,756,1267300
8511.T,2509,2515,2483,2496,252300
8518.T,153,154,152,153,41000
8522.T,7110,7170,7070,7150,60800
8524.T,1312,1336,1308,1334,1311500
8537.T,3155,3210,3115,3155,36200
8541.T,3190,3300,3190,3280,176400
8542.T,1988,2000,1959,1973,26000
8544.T,2852,2886,2822,2878,185700
8550.T,1115,1128,1100,1114,436800
8551.T,8070,8280,7990,8180,55800
8558.T,1508,1522,1498,1520,133700
8562.T,401,402,389,392,347400
8563.T,1176,1190,1168,1177,59300
8566.T,6730,6820,6700,6820,34600
8570.T,1623,1629.5,1604.5,1616.5,478100
8572.T,482,484.8,479.8,484.8,1036200
8584.T,3745,3790,3740,3775,121500
8585.T,853,857,851,853,387400
8591.T,6245,6285,6173,6201,2127200
8593.T,1395,1400,1384.5,1390.5,3611100
8595.T,2296,2305,2286.5,2288,241800
8596.T,1581,1590,1576,1580,18800
8600.T,1141,1144,1121,1132,355300
8601.T,1869,1877,1858,1866.5,2745000
8604.T,1669.5,1678,1653,1656,5632200
8609.T,1248,1251,1224,1243,472600
8613.T,1317,1320,1302,1314,173900
8614.T,742,746,733,736,319000
8616.T,904,905,890,899,696300
8617.T,622,622,617,617,8600
8622.T,973,983,963,980,274300
8624.T,1732,1763,1725,1753,102000
8628.T,1202,1205,1173,1190,882500
8630.T,6832,6873,6754,6782,1885800
8697.T,2242,2252,2213.5,2233.5,3189600
8698.T,731,737,723,732,1190600
8699.T,1157,1159,1138,1140,30600
8700.T,2125,2130,2108,2126,1300
8704.T,1420,1458,1417,1442,135800
8705.T,221,223,221,222,99000
8706.T,1945,1953,1931,1938,91900
8707.T,4700,4730,4640,4720,73900
8708.T,1810,1810,1783,1804,116100
8713.T,2800,2852,2793,2823,58300
8714.T,1082,1090,1072,1086,472300
8715.T,1076,1081,1061,1073,244200
8725.T,5231,5249,5121,5149,3145500
8729.T,164.5,166.2,161,161.8,47970600
8737.T,625,625,615,619,25100
8739.T,2629,2648,2615,2648,125300
8742.T,577,582,571,581,5200
8746.T,131,133,123,128,393900
8747.T,2202,2249,2190,2228,8300
8750.T,1880,1895,1850,1868,6188200
8766.T,7997,8097,7913,7923,3992200
8769.T,492,504,491,504,39000
8771.T,1703,1720,1692,1713,204800
8772.T,890,893,888,893,3400
8783.T,50,51,49,51,595800
8789.T,160,163,159,161,970100
8793.T,4180,4250,4165,4210,24100
8795.T,4931,4956,4841,4873,1247500
8798.T,135,140,135,137,23400
8801.T,1526.5,1527,1492,1493,8297600
8802.T,3750,3751,3658,3664,2461600
8803.T,2381,2385,2350,2350,166100
8804.T,3401,3401,3338,3338,492200
8818.T,1128,1131,1105,1107,352300
8830.T,3277,3277,3207,3211,2005700
8835.T,804,810,801,803,30000
8836.T,26,28,26,28,16000
8841.T,1003,1010,989,991,78800
8844.T,1252,1260,1238,1246,37800
8848.T,653,656,639,639,910700
8850.T,4725,4755,4720,4730,54000
8860.T,755,755,747,748,54500
8864.T,967,972,965,968,69500
8869.T,834,836,826,827,56800
8871.T,3245,3265,3220,3220,50700
8876.T,2238.5,2261.5,2226,2246,339900
8877.T,5220,5260,5180,5230,27000
8881.T,670,672,662,663,140100
8887.T,368,370,366,369,38000
8891.T,2101,2101,2000,2031,6600
8892.T,1105,1105,1091,1099,201900
8894.T,20,21,20,21,727000
8897.T,452,455,449,449,733900
8898.T,1133,1138,1132,1136,3000
8904.T,836,837,825,825,22900
8908.T,895,895,889,889,2500
8912.T,163,163,161,161,59100
8914.T,906,917,897,905,77900
8917.T,1138,1145,1126,1143,597200
8918.T,11,11,10,11,374512400
8919.T,3615,3615,3560,3590,148400
8920.T,714,719,712,717,55500
8923.T,1758,1758,1710,1725,155500
8927.T,488,489,480,482,71700
8928.T,2318,2320,2303,2308,6200
8929.T,1386,1399,1370,1394,55300
8931.T,1313,1330,1313,1330,10000
8934.T,2450,2466,2431,2431,113900
8935.T,1991,2016,1980,1998,54800
8938.T,330,341,330,336,1200
8944.T,245,245,242,244,24000
8945.T,1094,1097,1086,1094,1800
8946.T,76,76,75,76,78600
8951.T,123600,124100,121800,122500,26300
8952.T,116600,116800,115300,115400,14483
8953.T,112600,112600,111400,111700,12886
8954.T,97000,97200,96200,96300,9064
8955.T,97300,97300,96000,96000,6886
8956.T,127400,127500,126300,126300,3535
8957.T,184100,184600,182900,183800,2084
8958.T,111100,111700,110600,111100,4430
8960.T,159400,159500,158500,158500,6968
8961.T,71700,71700,71000,71500,3945
8963.T,62200,62300,61700,61700,51364
8964.T,77300,77500,76600,76700,8336
8966.T,131200,131400,130500,131000,4226
8967.T,94500,94500,93900,94100,6913
8968.T,172800,173500,171900,172200,1358
8972.T,147200,147300,146500,146700,7876
8975.T,93800,93900,93300,93300,3338
8976.T,311000,311500,307500,309000,1612
8977.T,135100,135200,133900,135000,3188
8979.T,185100,186400,185100,185500,708
8984.T,116100,116300,115500,115900,7536
8985.T,84400,84600,83800,83800,14246
8986.T,93600,93800,93100,93600,4058
8987.T,137500,137500,135100,135500,2700
8995.T,1728,2048,1685,2048,601900
8996.T,1081,1099,1081,1099,1400
8999.T,568,569,565,565,40100
9001.T,2940,2954,2911,2911,469700
9003.T,2593,2611.5,2581,2599.5,236300
9005.T,1635,1636.5,1618.5,1621,2093700
9006.T,1540,1555,1537.5,1543.5,816800
9007.T,1789,1790.5,1763,1763,1110400
9008.T,782.6,783.4,770.4,772.5,1476900
9009.T,1365,1387.5,1358.5,1369.5,1525200
9010.T,2600,2613,2567,2567,140800
9012.T,2118,2118,2118,2118,0
9017.T,2005,2005,2004,2005,800
9020.T,3500,3540,3478,3478,2323600
9021.T,3019,3037,2985,2990,1406100
9022.T,3885,3899,3791,3795,1748100
9023.T,1497,1499.5,1482,1484,1317400
9024.T,3538,3580,3511,3531,951200
9025.T,2857,2875,2835,2841,55800
9028.T,3415,3420,3380,3415,24000
9029.T,1860,1889,1850,1850,6000
9031.T,3051,3086,3025,3047,130700
9033.T,638,639,630,632,13400
9034.T,1683,1694,1671,1671,7600
9036.T,1238,1238,1238,1238,100
9037.T,1837,1850,1830,1844,77400
9039.T,2971,2993,2968,2976,59400
9041.T,3430,3450,3418,3427,588400
9042.T,4672,4709,4647,4662,464700
9044.T,3112,3141,3096,3102,236500
9045.T,3181,3200,3158,3158,187500
9046.T,2506,2506,2462,2464,16700
9048.T,1864,1871.5,1860,1860.5,423300
9049.T,6690,6740,6690,6740,600
9051.T,1320,1330,1308,1315,3200
9052.T,2000,2008,1998,2001,21700
9057.T,3265,3265,3240,3240,300
9059.T,921,927,921,926,1300
9060.T,4170,4170,4150,4150,400
9063.T,4235,4235,4225,4225,800
9064.T,1941.5,1955.5,1928,1930,893100
9065.T,8087,8149,8086,8113,106700
9068.T,7150,7260,7150,7260,19100
9069.T,2225.5,2246.5,2214.5,2232.5,224300
9072.T,5100,5133,5035,5120,187600
9073.T,1242,1242,1230,1230,600
9074.T,5050,5100,5000,5060,2600
9075.T,6230,6230,6150,6230,69100
9076.T,2692.5,2718.5,2688,2718.5,349800
9081.T,4025,4025,3965,3985,14500
9082.T,1975,1978,1975,1978,400
9083.T,1974,1997,1974,1979,2500
9087.T,2119,2119,2118,2118,200
9090.T,889,901,886,898,406600
9101.T,7248,7465,7231,7420,3158300
9104.T,7025,7224,6995,7164,3357500
9107.T,3332,3444,3332,3425,3888800
9110.T,10500,10510,10490,10500,58800
9115.T,1112,1155,1103,1104,51500
9119.T,1740,1761,1734,1752,202000
9127.T,3315,3385,3310,3370,3500
9130.T,1586,1640,1586,1640,46200
9142.T,3577,3588,3536,3543,511100
9143.T,1474.5,1481.5,1458.5,1466.5,1303100
9145.T,584,589,570,583,10000
9147.T,5612,5643,5590,5634,690200
9158.T,756,766,747,766,18000
9159.T,1967,1989,1967,1989,2400
9160.T,331,332,328,332,42800
9162.T,229,230,229,230,3100
9163.T,2352,2362,2338,2343,14400
9165.T,1691,1721,1691,1703,2800
9166.T,737,751,728,741,883600
9168.T,430,432,424,425,93200
9171.T,1508,1508,1493,1497,1400
9173.T,2830,2830,2815,2816,1000
9193.T,885,893,882,882,10400
9201.T,3017,3024,2996,2996,1150600
92015.T,10200,10200,10150,10150,2800
9202.T,3007,3015,2983.5,2983.5,2369100
92025.T,4810,4810,4781,4781,3200
9204.T,418,421,414,419,55700
9206.T,1988,1988,1950,1960,1300
9211.T,1438,1455,1423,1455,72400
9212.T,264,269,259,262,58100
9213.T,1000,1030,1000,1002,11000
9214.T,1281,1313,1281,1313,1200
9215.T,1007,1007,1000,1003,2100
9216.T,1653,1659,1648,1649,12800
9218.T,781,787,776,780,17900
9219.T,898,920,895,908,12900
9220.T,1314,1316,1293,1294,500
9221.T,1224,1228,1180,1181,117000
9222.T,50,50,50,50,0
9223.T,433,437,433,437,4900
9225.T,974,974,970,970,1400
9227.T,850,862,840,846,108400
9229.T,111,114,110,114,116600
9233.T,1179,1179,1163,1164,15300
9235.T,479,486,476,486,17200
9236.T,1405,1436,1382,1436,4400
9237.T,1010,1010,989,989,7800
9238.T,385,388,385,385,2200
9240.T,423,423,415,415,5500
9241.T,1255,1291,1254,1291,1400
9242.T,1934,1941,1934,1940,1400
9243.T,480,480,480,480,0
9244.T,1437,1444,1418,1430,8100
9245.T,1958,1959,1954,1954,2000
9246.T,1129,1130,1108,1108,1500
9247.T,1820,1850,1802,1810,164700
9248.T,1703,1708,1680,1683,12700
9249.T,1676,1685,1676,1679,6700
9250.T,1014,1014,982,1014,1700
9251.T,1565,1565,1522,1537,59000
9252.T,4025,4060,4020,4020,4200
9253.T,733,733,733,733,200
9254.T,1104,1104,1103,1103,700
9256.T,1068,1068,1030,1042,25000
9257.T,520,522,520,522,500
9258.T,308,312,302,311,2500
9259.T,852,860,850,860,10900
9262.T,690,698,683,687,16200
9264.T,1616,1616,1597,1599,15500
9265.T,3600,3600,3500,3560,39100
9267.T,3630,3665,3590,3595,41900
9268.T,414,417,410,412,99200
9270.T,2059,2059,2006,2035,29700
9271.T,962,968,950,950,13200
9272.T,1445,1445,1418,1418,6000
9273.T,763,764,756,756,30300
9274.T,1088,1093,1081,1081,473500
9278.T,2931,2931,2789,2849,198300
9279.T,2372,2372,2305,2328,149600
9282.T,31600,31800,31000,31750,1357
9284.T,75500,75800,75500,75600,832
9285.T,40050,40250,39800,39950,659
9286.T,45700,45900,45050,45100,4924
9301.T,1545,1559.5,1540.5,1546,756300
9302.T,3328,3366,3325,3363,201000
9303.T,4135,4165,4100,4145,80200
9304.T,2045,2053,1992,2026,256600
9305.T,2053,2064,2049,2059,42400
9306.T,2006,2020,1997,1997,4400
9307.T,970,985,970,970,1100
9308.T,2083,2098,2053,2086,62100
9310.T,1411,1422,1387,1392,79200
9311.T,7740,7740,7740,7740,0
9312.T,2880,2893,2868,2872,5000
9313.T,1032,1038,1032,1038,1200
9319.T,1797,1807,1777,1777,17500
9322.T,2450,2470,2411,2413,57600
9324.T,2543,2572,2543,2569,66700
9325.T,1071,1071,1059,1059,7800
9326.T,489,489,485,485,8900
9327.T,188,193,188,188,3900
9330.T,882,890,882,885,1800
9331.T,721,722,721,722,300
9332.T,683,683,673,677,76900
9335.T,1406,1406,1406,1406,0
9336.T,3765,3785,3715,3785,91400
9337.T,1475,1475,1429,1456,16100
9339.T,1435,1440,1432,1432,1400
9340.T,768,810,768,802,26200
9341.T,628,628,619,620,68300
9342.T,985,995,982,995,1200
9343.T,823,823,791,792,73700
9344.T,1344,1344,1317,1318,18700
9345.T,595,600,595,600,400
9346.T,1900,1919,1880,1900,10300
9347.T,2876,2893,2867,2873,91600
9348.T,416,418,415,417,393900
9351.T,1940,1959,1921,1950,5700
9353.T,2982,2990,2982,2986,400
9355.T,2200,2210,2200,2210,1400
9360.T,2757,2811,2740,2771,1800
9361.T,2025,2025,2025,2025,0
9362.T,3680,3800,3680,3755,2200
9363.T,528,536,528,530,3300
9364.T,4885,4889,4852,4873,201900
9365.T,1640,1640,1640,1640,300
9366.T,1121,1130,1120,1124,7300
9367.T,2050,2050,2030,2030,1300
9368.T,961,970,961,964,22200
9369.T,2969,3010,2924,3005,30300
9376.T,839,839,826,839,2900
9380.T,436,437,435,437,3700
9381.T,2327,2327,2310,2319,17000
9385.T,748,754,748,750,8000
9399.T,15,15,14,14,849153
9401.T,5915,5962,5855,5894,264500
9404.T,3016,3016,2960,2979,514400
9405.T,884,884,874,874,81100
9408.T,2622,2622,2622,2622,0
9409.T,3100,3130,3085,3110,196000
9412.T,2039,2105,2039,2068,1471200
9413.T,3415,3420,3390,3390,56900
9414.T,907,907,903,903,22100
9416.T,1051,1052,1036,1044,240200
9417.T,343,343,334,342,3100
9418.T,1733,1751,1729,1731,320600
9419.T,293,296,292,295,13800
9421.T,514,515,512,514,3300
9423.T,105,105,104,104,86100
9424.T,120,121,118,120,2613100
9425.T,240,249,235,248,497100
9428.T,1474,1481,1474,1481,700
9432.T,172.6,172.7,168.3,168.8,227634800
9433.T,2982,2995,2946,2961,5134400
9434.T,239.4,239.5,236.8,238.6,51744000
94345.T,3800,3805,3794,3800,4600
94346.T,7581,7600,7581,7582,6600
9435.T,39330,39330,38600,38810,51900
9436.T,4185,4190,4140,4190,115100
9438.T,585,587,574,579,38200
9439.T,225,229,225,228,4100
9441.T,2958,3005,2958,2985,4700
9444.T,273,278,270,270,6300
9445.T,534,537,532,533,900
9446.T,696,699,696,698,1900
9449.T,4021,4025,3918,3933,343500
9450.T,767,776,767,772,33300
9466.T,245,249,243,245,15300
9467.T,1143,1144,1108,1121,152200
9468.T,3603,3634,3551,3591,413800
9470.T,1014,1014,1007,1008,179000
9474.T,910,914,907,909,131300
9475.T,540,544,540,543,4800
9476.T,992,992,990,992,700
9478.T,525,525,520,525,13600
9501.T,561.6,584.1,558.9,564,45761600
9502.T,2976,3023,2975.5,2976,2105900
9503.T,2996,3029,2960.5,2965.5,3450500
9504.T,1062.5,1095,1052,1077,2599100
9505.T,1068.5,1097.5,1058,1065,824700
9506.T,1381,1412.5,1374,1386,5099000
9507.T,2119,2173,2109,2140,1091000
9508.T,2169.5,2225,2158.5,2177,1585700
9509.T,1138,1167,1130,1140.5,2450800
9511.T,1182,1216,1179,1201,283800
9513.T,4115,4165,4100,4120,403200
9514.T,340,344,340,341,51500
9517.T,859,882,853,876,264900
9519.T,881,909,881,899,836700
9531.T,6146,6242,6143,6163,534100
9532.T,5733,5802,5711,5766,578500
9533.T,1255.5,1270,1255,1265,573700
9534.T,916,948,914,928,282700
9535.T,441,442,433,435,87600
9536.T,2505,2520,2492,2500,124100
9537.T,4300,4310,4300,4310,1300
9539.T,1345,1372,1345,1372,3400
9543.T,1334,1346,1316,1322,139700
9551.T,3155,3210,3155,3190,112000
9552.T,1200,1213,1161,1161,296300
9553.T,590,598,586,598,46000
9554.T,1738,1766,1713,1749,24600
9556.T,2303,2436,2303,2416,70700
9557.T,244,284,236,247,739200
9558.T,1997,1999,1982,1982,4600
9560.T,929,929,895,901,37600
9561.T,440,442,420,425,95200
9562.T,652,697,651,664,17000
9563.T,339,340,336,338,13700
9564.T,581,588,570,576,75300
9565.T,662,662,657,657,1500
9601.T,10810,10860,10710,10800,39400
9602.T,1577.5,1596,1569,1571,2698000
9603.T,1186,1193,1166,1171,403500
9605.T,6000,6000,5900,5950,44700
9610.T,128,131,121,121,621000
9612.T,1205,1210,1196,1203,40400
9616.T,3284,3288,3226,3239,577100
9619.T,2710,2735,2699,2703,26900
9621.T,3165,3190,3160,3175,43700
9622.T,1427,1430,1415,1418,30100
9625.T,947,959,946,950,2700
9627.T,6110,6179,6015,6025,61300
9628.T,1324,1325,1309,1317,61800
9629.T,1556,1556,1519,1526,25400
9632.T,3625,3630,3585,3610,14900
9633.T,1923,1926,1917,1917,5600
9635.T,2568,2592,2568,2592,700
9636.T,4205,4245,4195,4245,3200
9639.T,2384,2390,2376,2386,8500
9640.T,1986,1987,1971,1974,7300
9644.T,754,755,751,752,61600
9647.T,6880,6880,6880,6880,100
9651.T,2078,2078,2025,2034,8400
9656.T,603,603,601,602,1700
9658.T,1096,1099,1077,1078,79000
9661.T,4315,4315,4170,4280,22900
9663.T,5110,5110,5050,5090,34100
9672.T,5010,5030,4895,4895,62300
9678.T,5640,5670,5380,5490,190400
9679.T,2300,2335,2300,2325,2100
9682.T,1112,1115,1089,1089,781800
9684.T,2843.5,2896.5,2820.5,2866,930000
9685.T,578,582,578,582,3600
9686.T,1734,1744,1685,1696,3600
9687.T,4640,4730,4640,4730,400
9691.T,5150,5150,5150,5150,0
9692.T,2416,2416,2354,2371,91900
9697.T,4448,4488,4275,4310,6250400
9698.T,1304,1304,1290,1303,900
9699.T,4710,4740,4605,4630,56000
9701.T,4330,4360,4310,4330,1100
9702.T,2354,2363,2329,2363,24500
9704.T,29,29,27,28,1236000
9706.T,5735,5758,5695,5695,912700
9708.T,978,979,970,970,311900
9709.T,1287,1287,1241,1241,19000
9713.T,910,915,910,912,3500
9715.T,3705,3725,3695,3710,74000
9716.T,1275,1285,1268,1271,307200
9720.T,6490,6500,6490,6500,300
9722.T,2880,2920,2817,2897,270500
9723.T,636,636,635,635,1500
9726.T,1925,1948,1901,1914,57800
9729.T,2497,2497,2453,2477,35500
9731.T,3370,3390,3355,3365,2000
9733.T,2350,2350,2325,2332,15900
9735.T,6314,6380,6266,6296,948300
9739.T,2705,2709,2690,2690,20700
9740.T,2744,2744,2684,2696,17500
9742.T,2180,2180,2076,2105,65600
9743.T,1514,1527,1512,1515,259800
9744.T,3345,3356,3325,3345,373600
9746.T,4100,4125,4045,4050,85400
9753.T,1422,1449,1421,1427,3300
9755.T,2808,2867,2806,2853,66900
9757.T,1170,1178,1164,1165,286300
9759.T,2876,2879.5,2787,2795,269700
9760.T,119,120,119,120,52400
9761.T,2433,2450,2433,2450,2600
9763.T,1295,1307,1292,1292,8700
9765.T,1174,1180,1174,1174,9600
9766.T,21000,21155,20705,20775,492500
9767.T,1642,1642,1617,1621,3100
9768.T,3840,3850,3790,3795,8900
9769.T,2621,2621,2586,2586,12400
9778.T,5550,5550,5500,5500,300
9780.T,1131,1145,1120,1125,10400
9782.T,3545,3550,3510,3520,34700
9788.T,520,521,517,519,27700
9790.T,3015,3030,2960,2971,53300
9791.T,1189,1190,1188,1188,1800
9793.T,3700,3715,3680,3690,149600
9795.T,2299,2309,2296,2300,15900
9799.T,974,975,954,960,11000
9812.T,247,247,244,244,2900
9816.T,258,260,245,253,44100
9818.T,1552,1553,1541,1550,500
9820.T,3915,3915,3890,3890,400
9823.T,1019,1019,1007,1017,69200
9824.T,7680,7930,7570,7850,145000
9827.T,645,645,635,642,7500
9828.T,3350,3390,3320,3330,65500
9830.T,2366,2389,2353,2379,83000
9831.T,706,708,694.9,699.8,4090200
9832.T,1571,1576,1564,1567,209000
9835.T,512,512,506,510,3600
9837.T,1783,1793,1779,1785,47500
9842.T,1876,1876,1858,1868,139000
9843.T,3273,3292,3212,3216,2914600
9845.T,1388,1402,1388,1396,4600
9846.T,984,985,980,982,10800
9849.T,4510,4520,4510,4520,300
9850.T,989,995,989,989,37000
9853.T,910,910,907,908,2000
9854.T,296,298,284,294,135900
9856.T,1231,1235,1222,1222,24300
9857.T,2614,2629,2612,2629,400
9861.T,3823,3842,3795,3803,276600
9867.T,10700,10700,10580,10580,500
9869.T,6650,6680,6610,6630,22500
9872.T,959,962,958,962,8200
9876.T,224,224,220,221,18800
9878.T,411,414,411,411,6800
9880.T,3400,3520,3395,3500,151700
9882.T,1771,1774,1756,1757,207100
9885.T,334,334,332,332,6200
9887.T,5230,5280,5180,5250,52900
9888.T,1292,1309,1281,1289,30800
9889.T,1673,1677,1621,1634,165800
9890.T,1407,1462,1389,1438,29800
9895.T,1280,1280,1275,1275,300
9896.T,1441,1458,1439,1446,15800
9900.T,1123,1133,1092,1092,249900
9902.T,3070,3120,3070,3075,51000
9903.T,898,898,895,895,1600
9904.T,244,247,244,246,14100
9906.T,4405,4405,4390,4390,300
9908.T,2893,2912,2852,2872,13000
9913.T,3655,3655,3620,3645,600
9928.T,2059,2059,2013,2029,25300
9929.T,478,480,469,473,7900
9930.T,399,402,399,401,1400
9932.T,1319,1324,1305,1305,18900
9934.T,3080,3099,3042,3047,122200
9936.T,2943,2943,2917,2927,306800
9941.T,1240,1265,1208,1230,40100
9946.T,1797,1802,1794,1796,61700
9948.T,3720,3735,3655,3655,136300
9950.T,3440,3450,3435,3445,2700
9955.T,2810,2819,2810,2815,600
9956.T,3255,3260,3195,3205,134500
9959.T,963,964,961,963,6000
9960.T,4000,4130,3990,4095,129400
9962.T,3740,3743,3693,3723,733100
9969.T,236,238,235,238,8300
9972.T,284,284,280,283,5900
9973.T,20,20,19,20,1050100
9974.T,6820,6850,6710,6710,20400
9976.T,1083,1083,1061,1061,1600
9978.T,44,45,44,44,32500
9979.T,1051,1051,1039,1044,74500
9980.T,96,97,95,96,130800
9982.T,2588,2614,2567,2614,1900
9983.T,69460,70250,68990,69160,887600
9984.T,5842,6217,5814,6217,83638700
9986.T,2522,2522,2477,2477,4500
9987.T,5150,5185,5122,5122,165600
9989.T,3730,3733,3696,3710,463900
9990.T,753,756,751,753,52900
9991.T,1759,1788,1753,1785,36300
9993.T,1159,1159,1155,1155,6500
9994.T,2051,2074,2051,2053,28500
