symbol,open,high,low,close,volume
1301.T,4620,4645,4590,4645,34800
1305.T,4304,4334,4273,4273,310750
1306.T,426.1,429,422.2,422.2,8363220
1308.T,4206,4236,4174,4174,386368
1309.T,54220,54220,53450,53450,67
130A.T,428,432,425,425,6600
1311.T,2143,2157,2123,2138,10498
1319.T,748,748,748,748,0
131A.T,1737,1737,1737,1737,0
1320.T,67950,68880,67440,67440,53688
1321.T,68170,69110,67510,67510,189867
1322.T,11600,11600,11155,11155,231
1325.T,292,292,286,287.2,22280
1326.T,62360,62550,62010,62010,6040
1328.T,16070,16125,15975,16025,163741
1329.T,6820,6917,6764,6764,1293012
132A.T,220,220,220,220,0
1330.T,68200,69180,67690,67690,79426
1332.T,1212,1215.5,1198,1203,1733200
1333.T,1271,1277.5,1262.5,1275.5,327700
133A.T,1047,1048,1038,1040,307349
1343.T,1909.5,1909.5,1891.5,1899,1227020
1345.T,1788,1788,1769,1777,25538
1346.T,68130,69110,67640,67680,48939
1348.T,4240,4271,4209,4222,280776
1349.T,17175,17265,17090,17090,43
134A.T,1500,1500,1500,1500,0
1356.T,105.6,107.5,104.3,107.5,3810760
1357.T,2760,2804,2684,2804,7575575
1358.T,130550,134300,128750,128950,6839
135A.T,4345,4640,4280,4520,203400
1360.T,67.8,68.7,65.8,68.7,205988080
1364.T,3767,3774,3725,3739,17134
1365.T,4233,4353,4160,4160,364441
1366.T,70,71,67,71,1870226
1367.T,3068,3113,3023,3025,68586
1368.T,153,156,151,156,73709
1369.T,66240,67110,65650,65650,16464
1375.T,1162,1179,1160,1178,31600
1376.T,1603,1609,1594,1600,7800
1377.T,4310,4335,4290,4310,63200
1379.T,2070,2091,2055,2086,56400
137A.T,725,727,724,727,2800
1380.T,1006,1006,997,1001,1300
1381.T,3570,3590,3550,3580,2700
1382.T,875,885,875,884,2000
1383.T,2991,2996,2980,2981,2200
1384.T,2210,2218,2186,2195,10200
138A.T,3125,3135,3125,3125,1600
1397.T,67060,67510,67020,67080,36086
1398.T,1794,1824,1788.5,1824,165130
1399.T,3267,3267,3191,3249,20514
139A.T,3350,3350,3350,3350,0
1401.T,1350,1350,1310,1310,3500
1407.T,2334,2381,2317,2338,322800
140A.T,2040,2040,2028,2032,89
1414.T,1259.5,1274,1252.5,1267,1002900
1417.T,3538,3586,3535,3545,199200
1418.T,583,590,581,584,38200
1419.T,2860,2880,2855,2869,97000
141A.T,4075,4265,4070,4230,927000
1420.T,632,635,632,632,9800
1429.T,814,818,803,811,70500
142A.T,829,829,825,825,2700
1430.T,1011,1030,1006,1021,19700
1431.T,656,658,651,652,16400
1433.T,1277,1290,1266,1267,84100
1434.T,1633,1633,1600,1600,20000
1435.T,179,182,175,178,388600
1436.T,1847,1958,1791,1923,181600
1438.T,2298,2336,2265,2265,1400
143A.T,703,703,702,702,300
1443.T,280,284,276,277,33900
1444.T,2675,2683,2667,2667,900
1446.T,538,539,537,537,1800
1447.T,390,390,367,375,237000
144A.T,450,450,450,450,0
1450.T,1464,1474,1453,1456,3800
1456.T,1264,1275,1246,1275,61263
1457.T,1766,1782,1754,1782,12040
1458.T,81920,84190,80490,80490,96053
1459.T,111,113,108,113,6164174
145A.T,896,900,889,893,7400
1466.T,197,200,195,200,3665
1469.T,185,187.9,182.9,187.9,18390
146A.T,3730,3805,3710,3760,72400
1472.T,74,77,74,75,33053
1473.T,4169,4185,4110,4110,22480
1474.T,37240,37260,36890,36890,532
1475.T,419.6,422.5,415.8,415.8,8311710
1476.T,1828,1828,1811,1820,99207
1477.T,3364,3380,3351,3351,1186
1478.T,5300,5332,5285,5285,37489
1479.T,49500,49500,49500,49500,0
147A.T,999,999,979,985,132700
1480.T,40640,40640,40640,40640,0
1481.T,3890,4000,3877,4000,27
1482.T,1533,1533,1528,1528,14066
1483.T,3954,3954,3822,3822,4
1484.T,3924,3924,3769,3819,3920
1485.T,54550,54550,54550,54550,0
1486.T,22835,22835,22650,22715,4920
1487.T,11710,11900,11695,11900,375
1488.T,1815,1818,1800,1818,53240
1489.T,3549,3549,3499,3499,439528
148A.T,1681,1707,1681,1706,1100
1490.T,7970,7970,7970,7970,0
1491.T,715,720,711,715,10200
1493.T,25605,25605,25500,25500,35
1494.T,43730,43950,43490,43950,1741
1495.T,11190,11190,11040,11060,1076
1496.T,1629,1629,1623,1623,4715
1497.T,1731,1732,1730,1730,1380
1498.T,32950,32950,32300,32300,957
1499.T,9285,9414,9285,9414,20
149A.T,791,797,769,785,4200
150A.T,743,753,697,707,256200
1514.T,679,682,661,664,237500
1515.T,3515,3670,3495,3530,703000
1518.T,2295,2314,2281,2291,260600
151A.T,653,653,635,638,12200
152A.T,1186,1186,1186,1186,0
153A.T,1567,1618,1535,1561,117100
1540.T,20410,20485,20275,20275,197109
1541.T,8190,8261,8112,8118,11214
1542.T,29695,29800,29260,29270,52036
1543.T,62050,62700,61000,61000,113
1545.T,229.7,230.5,228.8,229.2,3574270
1546.T,79530,80000,78940,80000,2401
1547.T,12890,12900,12825,12900,41944
154A.T,6610,6610,6610,6610,0
1550.T,8004,8004,7910,7910,4832
1551.T,7067,7069,7067,7069,40
1554.T,6719,6719,6659,6659,5627
1555.T,2358,2358,2295,2306,7237
1557.T,118450,118500,117850,118200,2133
1559.T,4696,4696,4635,4695,132
155A.T,812,827,802,802,33900
1560.T,6299,6299,6251,6291,220
1563.T,2501,2516,2480,2480,12543
1566.T,53150,53150,52330,52500,3217
1568.T,994.9,1008.5,976.9,976.9,1970470
1569.T,737.2,743.5,732,743.5,101360
156A.T,898,903,891,891,16200
1570.T,68470,70500,67360,67360,2131991
1571.T,296,299,292,299,832284
1572.T,6800,6800,6688,6711,3610
1573.T,8025,8047,7935,8020,90
1577.T,60280,60280,59450,59560,9625
1578.T,5263,5334,5208,5208,3250
1579.T,740,761.5,728.3,728.3,11318920
157A.T,768,779,765,774,11500
1580.T,787.3,793,775.9,793,453890
1585.T,2643,2643,2643,2643,20
1586.T,3100,3100,3053,3053,3383
158A.T,2227,2227,2227,2227,0
1591.T,36900,37110,36420,36420,1805
1592.T,3389,3392,3342,3342,9008
1593.T,37780,37960,37400,37400,11170
1595.T,1810,1816,1800,1811,61758
1596.T,3074,3074,3074,3074,0
1597.T,1810,1810,1791,1802,152651
1599.T,37390,37390,37390,37390,1
159A.T,735.3,741.7,730,730,386910
1605.T,3780,3867,3727,3832,4529300
160A.T,1980,1983,1961,1961,4600
1615.T,771.7,782.1,762.1,766.4,3173230
1617.T,47710,47890,47510,47800,470
1618.T,35860,36470,35500,36190,1474
1619.T,45050,45240,44600,44600,224
161A.T,1125,1125,1125,1125,0
1620.T,36410,36410,35710,36070,1554
1621.T,30000,30130,29840,29985,3843
1622.T,34950,34950,33630,33630,1578
1623.T,64540,65510,63000,63050,834
1624.T,83330,83330,81170,81670,248
1625.T,63840,64080,62000,62000,494
1626.T,48310,49310,48310,49210,7355
1627.T,12745,12800,12600,12690,3496
1628.T,22050,22120,21910,22120,117
1629.T,279.6,281.7,274,278.3,2171930
162A.T,17000,17000,16400,16400,1084
1630.T,37300,37800,37250,37660,7304
1631.T,42100,42250,41280,41630,5632
1632.T,43200,43560,42820,42900,414
1633.T,48420,49100,48170,49100,456
163A.T,19370,19725,18690,18690,7834
164A.T,1980,1980,1980,1980,0
1651.T,3315,3319,3266,3285,12851
1652.T,5028,5063,5028,5053,350
1653.T,5161,5173,5125,5125,45290
1654.T,3340,3340,3340,3340,0
1655.T,854,854.4,849.7,851.7,4520440
1656.T,299,299,296.7,297.6,896350
1657.T,7139,7139,7088,7096,3726
1658.T,4370,4370,4300,4300,12972
1659.T,3730,3730,3687,3692,4875
1660.T,10430,10430,10320,10360,3288
1662.T,1865,1915,1838,1895,1722900
1663.T,1991,1998,1942,1942,134600
166A.T,1120,1128,1107,1108,187800
1671.T,5608,5692,5570,5674,163678
1673.T,9287,9370,9195,9195,3540
1674.T,25725,25815,25260,25260,326
1675.T,19245,19680,18445,19310,263
1676.T,42510,42950,42510,42950,12
1677.T,57710,57990,57510,57870,940
1678.T,299.8,299.8,296.6,298.8,1398650
1679.T,65170,65220,65170,65220,70
167A.T,3165,3170,3105,3115,130400
1680.T,8194,8194,8130,8148,1037
1681.T,3409,3418,3371,3373,6062
1684.T,2844.5,2844.5,2626,2739,560
1686.T,3099,3099,3036,3089,40
1689.T,730,731,718,724,48371
168A.T,1090,1090,1080,1081,1000
1690.T,2527,2527,2411,2490,1030
1691.T,15315,15315,15025,15025,10
1692.T,690.2,691,660,680,3800
1693.T,8803,8895,8790,8800,10600
1694.T,2255,2293,2250,2250,90
1695.T,3561,3695,3555,3688,4888
1698.T,4356,4362,4328,4337,52235
1699.T,655.1,663.7,651.2,659.9,87120
170A.T,3140,3140,3076,3076,398
1711.T,244,246,243,243,31400
1716.T,1395,1395,1381,1382,13800
1717.T,935,937,932,937,7000
1718.T,7150,7150,7140,7140,800
1719.T,1901,1922.5,1893,1911,596400
171A.T,2167,2167,2167,2167,0
1720.T,1176,1191,1168,1182,184000
1721.T,5394,5498,5379,5459,335800
1723.T,2537,2549,2453,2453,339700
1724.T,724,724,717,717,1800
172A.T,2234,2234,2234,2234,0
1736.T,2441,2441,2403,2403,4700
173A.T,1554,1559,1512,1515,2000
1758.T,2558,2558,2475,2510,3900
175A.T,659,661,643,648,7200
1762.T,4120,4170,4095,4095,34700
1764.T,2731,2750,2730,2740,500
1766.T,13690,13780,13600,13730,11400
1768.T,1031,1033,1027,1027,1700
1770.T,2121,2150,2121,2127,1200
1773.T,92,92,86,87,14000
177A.T,840,841,835,835,2500
1780.T,1489,1495,1482,1492,17200
1783.T,59,68,57,67,10201700
1786.T,355,357,353,355,412500
1787.T,5630,5630,5630,5630,300
1788.T,4065,4065,4040,4040,400
178A.T,1617,1629,1607,1629,30353
1793.T,2087,2098,2080,2080,800
1795.T,5710,5710,5710,5710,0
1798.T,1064,1079,1064,1064,2000
1799.T,3320,3365,3285,3320,15700
179A.T,240.8,240.8,239.9,239.9,417760
1801.T,12900,13350,12710,13145,1090300
1802.T,3013,3097,2997.5,3050,2626000
1803.T,2400,2501,2388,2456,3794000
1807.T,1947,1947,1947,1947,100
1808.T,2833,2833,2800,2800,1043900
180A.T,276.3,276.3,271,271.5,307630
1810.T,1443,1452,1430,1443,28400
1811.T,7650,7670,7590,7590,2200
1812.T,4984,5175,4960,5062,2340800
1813.T,2866,2893,2835,2848,52400
1814.T,3620,3630,3580,3580,59500
1815.T,4495,4565,4455,4490,92300
181A.T,511.2,512.5,511.2,512.5,210
1820.T,5590,5646,5555,5634,108700
1822.T,825,828,820,827,173000
1826.T,1090,1098,1085,1086,1600
1827.T,1354,1354,1342,1342,800
1828.T,2550,2553,2500,2500,9800
182A.T,480.9,480.9,469.3,469.4,8340
1833.T,5740,5840,5710,5790,141500
1835.T,3965,3975,3940,3940,58900
183A.T,430.1,430.1,429.1,429.1,400
1840.T,260,262,258,260,27100
1844.T,474,475,471,471,51500
1847.T,3435,3435,3390,3400,16500
1848.T,759,765,755,755,15800
184A.T,324,324,322,323,1600
1850.T,447,447,432,433,38500
1852.T,893,898,886,888,310500
1853.T,326,328,324,325,12500
185A.T,886,886,886,886,0
1860.T,1510,1527.5,1498,1513.5,938800
1861.T,1295,1307,1286,1300,835600
1866.T,1161,1163,1147,1147,4500
1867.T,2731,2731,2700,2723,1100
186A.T,1067,1102,1053,1054,2089200
1870.T,2130,2137,2119,2120,80400
1871.T,2190,2257,2180,2206,70600
1873.T,310,310,308,308,143100
1878.T,3255,3304,3247,3290,958500
1879.T,2296,2328,2273,2277,255300
1882.T,1613,1620,1606,1612,206300
1885.T,2138,2158,2101,2104,317300
1887.T,550,557,547,552,273200
1888.T,3705,3705,3610,3610,11600
188A.T,846,847,830,830,18870
1893.T,1462.5,1485,1450.5,1456,1908700
1897.T,3310,3310,3310,3310,300
1898.T,1490,1499,1479,1492,188800
1899.T,4530,4640,4500,4590,54700
189A.T,1028,1028,1028,1028,300
1904.T,5060,5110,5060,5060,7200
1905.T,1461,1461,1459,1459,1300
1909.T,16278046720,16278046720,16278046720,16278046720,0
190A.T,70,74,70,73,450600
1911.T,1266,1283.5,1255,1272.5,5469900
1914.T,825,830,809,809,23200
1921.T,1856,1872,1813,1813,20400
1925.T,4626,4659,4608,4639,1097300
1926.T,3815,3880,3790,3865,120500
1928.T,3328,3331,3298,3302,2274500
1929.T,1210,1223,1205,1214,151900
192A.T,1269,1280,1269,1270,1300
1930.T,1599,1613,1586,1586,49600
1934.T,2648,2663,2619,2622,96100
1938.T,2560,2603,2520,2583,94900
1939.T,2309,2349,2252,2317,123700
1941.T,5210,5250,5180,5200,77000
1942.T,5700,5762,5636,5636,567000
1944.T,7120,7218,7034,7123,529300
1945.T,2150,2188,2130,2130,148300
1946.T,2255,2287,2229,2238,163500
1948.T,11420,11420,11420,11420,2400
194A.T,1853,1901,1820,1895,33200
1950.T,4065,4120,4040,4080,78500
1951.T,2604,2633,2598,2606.5,286200
1952.T,3230,3245,3170,3170,148600
1959.T,8150,8205,8050,8050,175200
195A.T,661,743,661,719,66300
1960.T,1723,1734,1693,1693,15900
1961.T,2472,2474,2420,2420,276300
1963.T,2364.5,2430,2352.5,2367,963400
1964.T,3980,4000,3920,3920,17700
1965.T,7210,7280,7060,7060,57100
1966.T,1738,1738,1732,1732,2200
1967.T,2111,2115,2078,2083,13200
1968.T,2555,2594,2523,2552,152200
1969.T,4427,4465,4390,4390,548600
196A.T,350,362,341,343,221500
1972.T,1335,1335,1322,1324,21000
1975.T,3965,3990,3905,3905,39600
1976.T,1716,1733,1699,1724,78400
1979.T,3890,3890,3810,3810,151400
197A.T,505,507,501,504,154000
1980.T,2866,2870,2800,2800,542100
1981.T,1342,1343,1342,1343,200
1982.T,3120,3215,3090,3145,123700
198A.T,171,172,163,166,86100
1992.T,2936,2936,2936,2936,0
1994.T,619,619,606,606,15700
1997.T,3930,3975,3890,3975,1100
199A.T,1350,1350,1350,1350,0
2001.T,2910,2957,2897,2952,110100
2002.T,2005,2046,1992.5,2044.5,1079600
2003.T,1806,1820,1790,1812,15300
2004.T,3825,3835,3790,3825,42900
2009.T,1103,1103,1094,1098,8200
200A.T,4486,4599,4379,4385,1766834
2011.T,874.9,874.9,846.2,846.2,46090
2012.T,235.5,235.5,232.8,234.2,950970
2013.T,303,303,299.6,301.9,442120
2014.T,309.8,309.8,307.4,308.7,213890
2015.T,2050,2050,2038,2046,2146
2016.T,1737,1741,1737,1741,365
2017.T,1533,1535,1512,1534,16901
2018.T,1232,1232,1218,1222,246
2019.T,1012,1012,970,986,24350
201A.T,175.8,175.8,173,174.6,148860
2034.T,1860,1890,1810,1890,32713
2038.T,2339,2399,2304,2399,52610
2039.T,516,516,508,508,157292
203A.T,160,160,160,160,0
2042.T,8290,8290,8176,8176,101
2044.T,34450,34450,33980,34120,175
2045.T,19665,19665,19500,19540,10
2046.T,24100,24100,23505,23570,962
2047.T,3438,3438,3438,3438,101
204A.T,1250,1250,1250,1250,0
2050.T,32150,32150,32140,32140,35
2053.T,1991,2020,1990,2001,40900
2055.T,351,352,347,350,10200
205A.T,1640,1650,1627,1629,17300
2060.T,1446,1462,1436,1448,60200
2067.T,29265,29265,28280,28685,12
206A.T,180,180,176,179,74500
2070.T,16440,16535,16440,16535,451
2071.T,19745,19745,19745,19745,45
2072.T,22360,22360,22360,22360,0
2073.T,15480,15480,15480,15480,0
207A.T,1400,1400,1400,1400,0
2080.T,2108,2146,2084,2103,105425
2081.T,2182,2196,2165,2184,398
2082.T,1256,1256,1251,1251,166
2083.T,3970,3980,3888,3888,78310
2084.T,3896,3896,3832,3872,38508
2085.T,787,787,772,778,14910
2086.T,3069,3069,3069,3069,22
2087.T,3445,3445,3445,3445,0
2088.T,2665,2665,2663,2663,19418
2089.T,2877,2880,2877,2878,346361
208A.T,2896,2903,2872,2875,10300
2090.T,4285,4285,4285,4285,9
2091.T,4452,4452,4452,4452,12
2092.T,4496,4496,4496,4496,9
2093.T,5150,5150,5001,5106,657
2094.T,791,797,791,795,66605
2095.T,1177,1177,1173,1175,54733
2096.T,1011,1011,985,992,7070
2097.T,932,932,923,927,46536
2098.T,980,980,969,970,7260
209A.T,780,780,780,780,0
2108.T,5350,5370,5280,5290,25900
2109.T,3730,3800,3720,3790,45200
210A.T,1552,1552,1539,1547,30726
2112.T,471,474,464,465,36300
2114.T,688,690,681,681,16200
2117.T,2802,2825,2789,2823,23700
211A.T,3390,3395,3375,3395,1400
2120.T,225,226,223,224,713300
2121.T,3530,3540,3500,3525,191900
2122.T,1499,1500,1487,1500,5000
2124.T,966,974,953,968,409000
2127.T,650,650.2,640,640,5137200
212A.T,2971,3035,2931,2938,150000
2130.T,903,904,896,900,71100
2134.T,20,21,20,20,1777900
2136.T,1414,1414,1405,1410,800
2138.T,448,448,423,428,77800
2139.T,521,521,520,521,3000
213A.T,413.9,424.3,404.4,405.2,452910
2146.T,225,227,221,224,4161200
2148.T,1166,1168,1155,1156,41900
2152.T,1522,1522,1522,1522,100
2153.T,1838,1845,1821,1837,47900
2154.T,1965,1968,1937,1941,143100
2156.T,279,282,273,275,12500
2157.T,1001,1007,993,999,657800
2158.T,623,636,622,625,125100
215A.T,1619,1637,1585,1592,1249000
2160.T,2938,2999,2920,2936,1050900
2163.T,963,963,958,959,18000
2164.T,119,120,117,118,92800
2168.T,1603,1613,1588,1596,113600
2169.T,1733,1735,1728,1735,2200
216A.T,1250,1250,1250,1250,0
2170.T,657,664,651,656,222200
2173.T,718,726,710,718,15800
2175.T,2568,2586,2529,2532,411300
2179.T,828,836,828,834,600
217A.T,382,382,382,382,0
2180.T,1881844352,1883285248,1881844352,1881844352,0
2181.T,292.3,293,284.3,284.3,8455600
2183.T,204,204,202,204,84400
2185.T,1999,2000,1999,2000,1200
2186.T,905,905,902,903,5300
218A.T,1155,1197,1136,1180,160100
2193.T,127,129,127,129,226400
2195.T,369,379,361,361,71800
2198.T,779,779,775,777,12800
219A.T,2228,2370,2200,2300,402400
2201.T,2493,2509.5,2478,2504,320400
2204.T,3160,3165,3130,3165,9300
2206.T,5019,5101,5002,5081,135900
2207.T,3450,3535,3435,3520,50600
2208.T,3100,3120,3100,3100,1500
2209.T,2392,2399,2385,2391,15200
220A.T,947,955,944,944,1200
2211.T,2484,2509,2481,2505,19900
2212.T,3778,3891,3753,3889,879000
2215.T,613,627,613,620,24800
2216.T,1098,1106,1087,1097,46500
2217.T,1490,1492,1485,1488,20500
221A.T,1161,1197.5,1140.5,1145,113930
2220.T,1322,1349,1317,1342,147600
2221.T,3060,3075,3060,3070,3200
2222.T,2499,2500,2432.5,2462,1800000
2224.T,3710,3715,3705,3715,800
2226.T,4910,4910,4900,4900,1500
2229.T,3000,3065,2995.5,3059,316700
222A.T,60,60,60,60,0
2235.T,3567,3567,3519,3530,25384
2236.T,1450,1450,1430,1435,27172
2237.T,2463,2472,2403,2403,14237
2238.T,5269,5269,5222,5243,1721
2239.T,26950,26950,26725,26735,1085
223A.T,1771,1774,1760,1765,3182
2240.T,5280,5284,5270,5270,5395
2241.T,908.6,909,903.4,905.1,70050
2242.T,685.9,685.9,681.7,681.7,11750
2243.T,4311,4368,4302,4317,229165
2244.T,3485,3500,3469,3479,76412
2245.T,698,698.6,698,698.6,162100
2247.T,2253,2253,2223,2227,72781
2248.T,2780,2780,2765,2765,10532
2249.T,9438,9438,9330,9394,186
224A.T,1646,1646,1618,1618,8764
2250.T,371.7,373.9,370,370,350
2251.T,905.9,905.9,901.5,904.5,31620
2252.T,1408,1417,1408,1410,4143
2253.T,1323,1323,1303,1306,23526
2254.T,1051,1051,992,992,21732
2255.T,196.9,196.9,193.4,194.4,583990
2256.T,215,215,212,214,93920
2257.T,216,216,213,213.3,22430
2258.T,220.4,220.6,217.6,219,142170
2259.T,177.9,178.5,177.7,178.1,550330
2264.T,1116.5,1121.5,1106.5,1116.5,1116500
2266.T,1108,1113,1097,1109,74900
2267.T,2810,2843,2804.5,2828.5,804900
2268.T,4050,4080,4040,4075,13000
2269.T,4350,4422,4345,4406,747700
226A.T,600,600,600,600,0
2270.T,3740,3795,3715,3765,111300
227A.T,1230,1230,1230,1230,0
2281.T,2400,2427,2388,2427,149200
2282.T,6080,6221,6072,6209,616200
2286.T,908,910,902,902,13900
2288.T,2235,2263,2232,2254,107500
228A.T,1706,1706,1706,1706,0
2291.T,508,509,507,508,5300
2292.T,2770,2782,2750,2770,107100
2293.T,2710,2710,2703,2703,400
2294.T,2569,2579,2566,2570,6500
2296.T,5000,5070,4990,5070,123600
229A.T,760,760,760,760,0
2300.T,500,500,497,497,1500
2301.T,1691,1692,1655,1658,85100
2303.T,1384,1395,1370,1370,9300
2304.T,911,924,908,908,3800
2305.T,1830,1841,1824,1834,22000
2307.T,1049,1049,1035,1036,23900
2311.T,783,788,781,786,15500
2315.T,70,72,68,69,7076700
2317.T,435,437,432,434,723500
2321.T,142,142,139,139,65600
2323.T,326,358,325,331,188600
2325.T,4705,4760,4705,4725,12900
2326.T,4455,4520,4450,4450,80400
2327.T,3828,3855,3797,3831,170000
2329.T,498,500,497,498,46000
2330.T,120,160,118,130,32542000
2331.T,1186.5,1199.5,1181,1196.5,945500
2332.T,1700,1710,1680,1680,6100
2334.T,588,605,572,575,1015300
2335.T,1086,1091,1083,1088,46200
2337.T,392,395,389,391,783400
2338.T,160,164,128,128,3908600
233A.T,1809,1809,1785,1789,28717
2340.T,519,521,519,520,27400
2341.T,173,174,170,171,31400
2342.T,258,263,255,255,81300
2345.T,107,111,105,111,115300
2349.T,2465,2465,2465,2465,100
234A.T,1491,1491,1475,1475,78999
2351.T,350,350,340,340,13800
2353.T,269,272,267,269,1482800
2354.T,1409,1509,1401,1448,1154100
2359.T,2100,2114,2099,2102,9200
235A.T,1433,1435,1422,1426,28005
236A.T,437.6,439,437.6,438.3,321650
2370.T,25,25,24,25,122100
2371.T,3676,3711,3676,3691,136800
2373.T,414,419,412,418,4200
2375.T,223,229,221,229,57200
2376.T,770,770,770,770,100
2378.T,1042,1049,1041,1045,34300
2379.T,1800,1826,1792,1821,235100
237A.T,144,144,141.6,141.7,1195820
2384.T,4980,5070,4935,4975,54800
2385.T,220,221,218,218,18500
2388.T,33,33,32,32,120700
238A.T,123.5,123.5,121.2,121.4,398180
2391.T,1172,1176,1170,1170,6600
2393.T,4270,4270,4160,4160,1700
2395.T,1326,1339,1312,1330,108600
239A.T,450,450,450,450,0
2404.T,529,529,526,527,8500
2408.T,839,843,821,826,4800
2410.T,2866,2872,2852,2853,24700
2411.T,469,472,469,469,4300
2413.T,1707.5,1732,1674.5,1720.5,3277000
2415.T,1686,1692,1677,1685,2100
2418.T,605,610,599,602,106400
241A.T,419,419,416,416,2300
2424.T,596,596,595,595,1100
2425.T,667,667,640,663,6300
2428.T,631,634,630,630,23300
2429.T,2784,2784,2755,2755,33100
2432.T,2537,2626.5,2531,2610.5,1307700
2433.T,1307,1314,1294,1301.5,690900
2435.T,210,210,209,210,9400
2436.T,594,599,589,592,35000
2437.T,617,628,603,619,41300
2438.T,360,361,350,350,106300
243A.T,1122,1122,1122,1122,0
2440.T,123,124,122,123,161000
2445.T,397,398,395,395,72900
2449.T,1070,1097,1061,1077,11400
244A.T,1166,1166,1155,1155,600
2454.T,353,355,352,353,5100
2459.T,178,182,177,178,9500
245A.T,2537,2561,2504,2510,3600
2461.T,386,387,384,384,116900
2462.T,1510,1510,1501,1501,23300
2464.T,360,370,359,370,20700
2469.T,2837,2884,2830,2830,6600
246A.T,928,934,928,934,17700
2471.T,275,277,273,274,224900
2475.T,1765,1765,1748,1748,13600
2477.T,3260,3310,3185,3210,21100
2479.T,266,268,263,267,123300
247A.T,1041,1069,1034,1044,906200
2480.T,1770,1770,1751,1751,500
2481.T,686,687,684,685,1200
2483.T,2210,2210,2166,2166,5700
2484.T,154,155,149,152,553900
2485.T,449,450,448,449,28700
2488.T,1458,1458,1407,1410,35400
2489.T,423,425,408,411,289200
248A.T,813,813,806,813,1500
2491.T,476,477,466,466,89300
2492.T,699,716,691,703,3412300
2493.T,947,947,943,943,1000
2497.T,535,537,532,532,17500
2498.T,3195,3195,3165,3175,4600
2499.T,308,310,306,307,20000
249A.T,340,340,340,340,0
2501.T,1848,1876,1842,1876,950800
2502.T,1623,1633,1616,1633,5175700
2503.T,2853,2872.5,2841,2846.5,2414400
250A.T,1583,1592,1578,1590,30800
2510.T,800.2,800.7,797.6,798.3,1770
2511.T,1131,1131,1115,1121,1147890
2512.T,719.2,719.2,715,715,116140
2513.T,3520,3520,3474,3485,69405
2514.T,2045,2076,2035,2056,4825
2515.T,1609,1609,1569,1578,31692
2516.T,623.7,632.3,622.3,625.1,261620
2517.T,1078.5,1078.5,1065.5,1069.5,16620
2518.T,2456,2456,2418,2418,290
2519.T,1140,1140,1100,1123.5,7640
251A.T,256,256,256,256,0
2520.T,2357,2357,2320,2320,3807
2521.T,2173,2177,2167,2167,1537
2522.T,8631,8660,8573,8578,2693
2523.T,3200,3200,3200,3200,0
2524.T,4180,4203,4147,4147,152709
2525.T,66880,67210,66080,66080,53666
2526.T,37260,37460,37190,37190,26414
2527.T,1095,1095,1080,1085,46602
2528.T,1087,1087,1074,1081,9291
2529.T,2376,2376,2339,2339,12856
252A.T,2566,2566,2566,2566,0
2530.T,17070,17070,16970,17070,90
2531.T,2431,2458,2369.5,2435,372100
2533.T,450,463,447,461,108200
253A.T,1047,1063,1040,1050,13000
254A.T,1198,1208,1190,1194,12600
2552.T,1901,1910,1888,1895,28646
2553.T,2338,2369.5,2327,2339,5960
2554.T,738,738,736.8,738,5490
2555.T,1859.5,1859.5,1814,1859.5,39460
2556.T,1827.5,1827.5,1810,1818,35680
2557.T,4140,4158,4111,4111,960
2558.T,3410,3411,3392,3400,400717
2559.T,2943,2949,2911,2924,481925
255A.T,5320,5320,5070,5070,49300
2560.T,53020,53020,53020,53020,0
2561.T,1982,1993,1982,1993,4358
2562.T,3688,3699,3676,3699,3164
2563.T,406.4,407,405.5,405.7,256470
2564.T,3688,3688,3638,3638,9947
2565.T,875,878,870,873,181820
2566.T,1012,1012,994,1007,32218
2567.T,545,545,542,542,50
2568.T,7795,7827,7770,7815,163169
2569.T,4310,4332,4305,4315,5811
256A.T,2221,2246,2213,2213,220300
2573.T,4035,4060,4035,4055,1500
2579.T,3773,3824,3773,3806,423500
257A.T,3430,3474,3336,3474,88
2585.T,1545,1559,1471,1491,645100
2586.T,71,77,71,75,2038100
2587.T,4435,4461,4413,4434,556400
2588.T,3680,3700,3680,3690,600
258A.T,2042,2042,2034,2035,286
2590.T,2985,3055,2982,3035,88200
2593.T,3118,3220,3110,3200,470700
25935.T,1800,1804,1797,1804,17800
2594.T,2009,2027,2006,2026,69700
2597.T,1270,1318,1270,1318,16200
2602.T,2034,2067,2021,2061,247200
2607.T,4432,4454,4382,4396,229400
2612.T,2294,2347,2294,2295,41600
2613.T,2222,2236,2203,2225,62500
261A.T,2038,2040,2000,2000,19700
2620.T,357,357,354.7,356.6,1094920
2621.T,997,1001,996,996,291710
2622.T,1706,1706,1697,1697,380
2623.T,1924,1928,1924,1925,15892
2624.T,6626,6711,6580,6580,745501
2625.T,4101,4148,4078,4141,190925
2626.T,3296,3330,3287,3304,47226
2627.T,1571,1573,1569,1573,5
2628.T,3798,3798,3655,3683,5578
2629.T,3643,3659,3570,3570,3718
262A.T,1772,1777,1742,1749,193900
2630.T,16125,16150,16100,16100,5317
2631.T,32520,32660,32420,32500,12443
2632.T,17955,18060,17820,17820,8980
2633.T,550,555.5,547.2,551,550570
2634.T,3184,3186,3175,3175,14298
2636.T,4880,4896,4841,4841,23
2637.T,2646,2646,2550,2550,124873
2638.T,2680,2680,2566,2574,36248
2639.T,1694,1694,1679,1684,2903
263A.T,800,800,800,800,0
2640.T,4170,4238,4170,4204,49266
2641.T,4531,4531,4440,4498,1563
2642.T,54050,54050,54050,54050,0
2643.T,4316,4350,4316,4350,14
2644.T,3974,4067,3865,3920,777347
2645.T,3065,3088,3065,3065,40
2646.T,3825,3875,3733,3733,3096
2647.T,5775,5775,5580,5590,371
2648.T,3310,3310,3295,3295,61203
2649.T,585,585,574.2,574.2,530
264A.T,308,348,308,324,300500
2652.T,436,436,423,425,196300
2653.T,2801,2826,2800,2821,25600
2654.T,445,450,441,450,20600
2656.T,163,164,160,160,179600
2659.T,3335,3345,3290,3345,119000
265A.T,726,739,716,720,15300
2664.T,3760,3865,3760,3820,68800
2666.T,187,187,184,186,55600
2667.T,101,145,100,123,6346600
2668.T,1262,1262,1262,1262,100
2669.T,3950,3965,3935,3950,4100
266A.T,1350,1350,1350,1350,0
2670.T,2718,2744.5,2700,2710.5,662200
2673.T,112,113,111,111,25900
2674.T,2559,2621,2556,2583,42700
2676.T,2063,2063,2056,2056,8500
2678.T,1298,1299,1282,1288,221000
267A.T,1815,1815,1815,1815,0
2681.T,2352,2393,2346,2346,159000
2683.T,997,997,994,995,1900
2685.T,3250,3255,3150,3205,222900
2687.T,500,500,497,500,1700
2689.T,1927,1933,1922,1932,1900
268A.T,1704,1713,1607,1607,2150900
2693.T,281,285,278,280,40100
2694.T,72,73,72,72,80200
2695.T,1690,1744,1685,1739,912100
2698.T,3350,3385,3330,3365,23900
269A.T,2878,2970,2878,2890,8700
2700.T,1776,1781,1738,1738,12100
2702.T,8070,8280,8040,8260,460700
2705.T,9110,9180,8790,9060,34400
2708.T,1915,1915,1905,1905,200
271A.T,1500,1500,1500,1500,0
2721.T,107,107,104,105,88500
2722.T,359,361,358,361,3900
2726.T,1554,1585,1525,1544,1566600
2730.T,2488,2499,2476,2477,143700
2733.T,2665,2676,2655,2670,59200
2734.T,1195,1200,1188,1197,83500
2735.T,738,748,728,748,115900
2736.T,604,609,603,603,2100
2737.T,34100,34100,32000,32000,95100
273A.T,9820,9820,9700,9780,299
2742.T,3940,4000,3930,3980,23100
2747.T,3150,3150,3115,3115,200
2749.T,660,664,656,660,192100
274A.T,2287,2287,2258,2259,11300
2750.T,1355,1367,1353,1358,8200
2751.T,3785,3790,3765,3775,3900
2752.T,1147,1155,1144,1155,66000
2753.T,1380,1390,1375,1387,19600
2760.T,4150,4160,3955,3955,114900
2762.T,69,70,69,70,43100
2764.T,163,167,160,164,281900
2767.T,2460,2494,2426,2480,441200
2768.T,5821,5884,5721,5783,905200
2769.T,925,927,923,923,3000
276A.T,4035,4225,4000,4165,54500
2776.T,105,105,101,102,281700
2778.T,115,116,114,116,5400
277A.T,1880,1943,1880,1907,147600
2780.T,4865,4900,4730,4730,114600
2782.T,4780,4825,4645,4750,735700
2784.T,2284.5,2292.5,2267.5,2284.5,583800
2788.T,413,413,387,394,296600
2789.T,478,478,477,477,200
278A.T,20390,21490,20160,20280,4600400
2790.T,2112,2118,2111,2113,6500
2791.T,4645,4850,4640,4820,108100
2792.T,1442,1447,1434,1447,45800
2795.T,957,957,954,954,700
2796.T,505,505,503,503,1500
2798.T,3000,3015,2998,2998,1400
279A.T,1550,1550,1550,1550,0
2801.T,1716.5,1739.5,1716,1739,3239200
2802.T,5200,5232,5068,5068,2100600
2804.T,1848,1866,1843,1864,15200
2805.T,7350,7410,7220,7340,51800
2806.T,1923,1930,1920,1920,500
2809.T,4635,4697,4627,4677,209100
280A.T,1156,1195,1136,1136,31800
2810.T,3826,3867,3796,3854,217400
2811.T,2702,2745,2700,2736.5,202000
2813.T,3920,3925,3910,3910,1400
2814.T,2017.5,2017.5,1970,1990,5000
2815.T,5360,5430,5340,5410,63300
2816.T,1419,1421,1418,1418,2600
2818.T,1770,1770,1762,1762,1900
2819.T,2500,2515,2500,2500,10500
281A.T,422,429,419,420,26100
2820.T,6650,6850,6360,6570,28600
282A.T,2354,2401,2290,2300,129385
2831.T,3680,3690,3680,3690,300
2836.T,3277,3307,3277,3285,11
2837.T,4820,4820,4781,4803,3750
2838.T,8448,8448,8329,8340,4872
2839.T,4940,4940,4940,4940,105
283A.T,1320,1320,1308,1311,410
2840.T,2625,2634,2613,2631,106016
2841.T,1695,1707,1695,1698,14953
2842.T,12270,12270,12095,12180,9568
2843.T,3645,3645,3641,3641,8862
2844.T,5480,5480,5371,5399,4381
2845.T,3550,3569,3545,3545,11076
2846.T,2579,2579,2550,2550,3361
2847.T,2979,3023,2979,2998,360
2848.T,3065,3065,3061,3061,9
2849.T,5590,5590,5470,5482,9495
284A.T,2335,2335,2335,2335,0
2851.T,396.3,399.8,393,393,35680
2852.T,173.3,173.3,171.1,172.7,70930
2853.T,617,617,607,607,20
2854.T,2740,2753,2685,2685,64323
2855.T,926,928,919,921,22443
2856.T,646.8,646.8,643.7,644.3,130100
2857.T,618.4,619.3,618.4,618.6,69900
2858.T,1535,1540,1512,1530,227
2859.T,3225,3230,3211,3211,252
285A.T,58530,61040,57040,57410,34694700
2860.T,3255,3269,3255,3268,148
2861.T,5490,5490,5399,5419,246
2862.T,3826,3826,3826,3826,10
2864.T,1316,1316,1285,1285,685
2865.T,1260,1260,1249,1253,1075791
2866.T,967,967,946,954,106587
2867.T,1742,1742,1693,1694,469
2868.T,1117,1117,1109,1114,137175
2869.T,2944,2975,2930,2930,514682
286A.T,823,823,799,808,32400
2870.T,7599,7599,7488,7578,20336
2871.T,2098,2155,2095,2150,1235000
2872.T,1929,1931,1928,1928,2200
2874.T,2156,2218,2150,2198,86100
2875.T,10145,10185,10085,10105,480200
2876.T,479,485,479,481,3400
2877.T,751,752,751,752,200
287A.T,1165,1168,1138,1138,583400
2882.T,2017,2036,2015,2036,15000
2883.T,2039,2044,2038,2044,3200
2884.T,635,637,626,634,95300
288A.T,95,96,94,94,41400
2892.T,4595,4605,4565,4565,4700
2894.T,362,365,359,364,7400
2897.T,2937,2979.5,2908.5,2967.5,940900
2901.T,150,151,149,149,156200
2903.T,1615,1615,1593,1593,2700
2904.T,755,756,755,755,2200
2907.T,1526,1535,1525,1535,1300
2908.T,1608,1625,1601,1622,46300
290A.T,1464,1505,1453,1453,826700
2910.T,1416,1427,1401,1401,48500
2911.T,2246,2246,2246,2246,100
2914.T,6700,6718,6641,6660,3558500
2915.T,2050,2060,2036,2058,17400
2916.T,741,741,737,737,3400
2917.T,925,928,923,926,3500
2918.T,2739,2763,2724,2756,73000
291A.T,1995,2009,1990,2006,1300
2922.T,1986,1993,1981,1990,11800
2923.T,7980,8170,7930,7950,3300
2924.T,1921,1932,1910,1917,2900
2926.T,128,128,126,126,98100
2927.T,860,861,857,858,13600
2929.T,603,605,594,595,110200
292A.T,680,680,680,680,0
2930.T,132,132,129,130,288300
2931.T,345,348,342,347,598600
2932.T,1122,1122,1110,1110,5900
2933.T,1133,1133,1126,1128,65600
2934.T,2005,2020,2001,2003,1800
2935.T,1203,1205,1197,1202,21400
2936.T,274,275,270,273,18600
2937.T,1761,1764,1761,1764,1700
2938.T,1255,1259,1245,1246,37800
293A.T,950,950,950,950,0
294A.T,2949,2949,2949,2949,5
295A.T,9801,9840,9801,9801,28
2961.T,1540,1580,1525,1525,1200
2962.T,1574,1658,1552,1565,195200
296A.T,1136,1152,1134,1137,30800
2970.T,1085,1100,1080,1099,5700
2971.T,107200,108100,106900,107000,946
2972.T,105100,105700,104200,104700,1181
2975.T,1476,1483,1426,1430,320400
2978.T,343,343,334,342,4200
2979.T,100400,100400,99100,99200,3930
297A.T,213,215,212,214,26300
2980.T,2357,2383,2332,2337,214500
2981.T,2257,2257,2239,2240,2700
2982.T,434,435,425,425,212400
2983.T,1741,1756,1732,1732,29500
2984.T,759,760,750,750,3500
2986.T,2829,2844,2790,2803,165200
2989.T,95100,95600,94700,94800,1979
298A.T,360,383,352,370,15200
2990.T,262,262,262,262,0
2991.T,533,543,529,529,11000
2993.T,2220,2220,2210,2210,2200
2997.T,1324,1325,1324,1324,1000
2998.T,562,573,557,562,62900
2999.T,527,527,515,515,12900
299A.T,1280,1318,1280,1291,221200
3001.T,2892,2947,2890,2925,19600
3002.T,4095,4095,4050,4050,125800
3003.T,1734,1754.5,1728.5,1745.5,1485900
3004.T,2098,2098,2077,2089,2800
300A.T,3250,3255,3170,3185,7500
3010.T,189,190,187,188,200300
3011.T,144,144,142,144,5000
301A.T,550,550,550,550,0
3020.T,4560,4665,4530,4610,6600
3021.T,1596,1618,1590,1596,10300
3023.T,2025,2037,2008,2008,15500
3024.T,1168,1169,1163,1166,1000
3028.T,2311,2329,2300,2307,80200
302A.T,626,626,626,626,100
3030.T,855,860,852,858,9300
3031.T,671,671,661,668,52900
3034.T,2246,2277,2234,2270,80400
3035.T,776,776,771,771,6100
3036.T,3355,3380,3320,3330,90100
3038.T,3016,3133,3011,3108,3815600
303A.T,584,589,584,585,800
3040.T,2342,2359,2291,2291,78300
3041.T,407,409,407,408,2200
3042.T,296,297,294,295,4300
3045.T,1464,1465,1457,1457,500
3046.T,5720,5830,5650,5680,250700
3048.T,1738,1755.5,1709.5,1712.5,522400
304A.T,1950,1950,1950,1950,700
3050.T,1580,1594,1576,1592,141600
3053.T,202,204,201,202,123900
3054.T,372,375,362,363,27600
3058.T,710,710,704,704,600
3059.T,708,709,708,708,1400
305A.T,1146,1146,1146,1146,0
3063.T,1150,1155,1142,1150,28600
3064.T,1901.5,1965,1897.5,1963,2177600
3065.T,1588,1588,1587,1587,1100
3067.T,467,467,465,466,12300
3068.T,3070,3070,3050,3050,1100
3069.T,167,168,167,168,56500
3070.T,67,68,66,67,352500
3071.T,107,108,99,100,815300
3075.T,1660,1660,1650,1656,3500
3076.T,2986,3020,2970,2972,77100
3077.T,1287,1339,1255,1339,22800
307A.T,800,800,800,800,0
3080.T,811,815,811,811,1400
3082.T,980,984,979,979,5100
3083.T,1256,1286,1207,1243,436000
3086.T,2699,2699,2614.5,2614.5,1756100
3087.T,3270,3325,3240,3305,82800
3088.T,2575,2607.5,2567,2604,1108900
3089.T,1078,1082,1070,1073,3000
308A.T,1310,1310,1310,1310,0
3091.T,2805,2853,2791,2850,46600
3092.T,1127,1136.5,1124,1135,1689800
3093.T,1910,1939,1838,1850,278000
3096.T,1611,1614,1609,1609,1700
3097.T,5800,5970,5790,5890,201300
3099.T,3160,3198,3118,3118,2419400
309A.T,700,700,700,700,0
3101.T,1633,1640,1581,1581,508900
3103.T,1419,1471,1412,1412,6292600
3104.T,3320,3370,3280,3280,91200
3105.T,2249.5,2344,2215,2215,729500
3106.T,10970,11140,10810,10820,18900
3107.T,3715,3741,3683,3683,130900
3109.T,1050,1052,1043,1044,45300
310A.T,1440,1440,1440,1440,0
3110.T,3060,3075,2928,2935,4243900
3111.T,181,181,177,177,4900
3113.T,84,85,82,83,246000
3116.T,2285,2294.5,2201,2201,617700
3121.T,260,263,251,253,76500
3123.T,655,655,655,655,2100
312A.T,1542,1542,1542,1542,0
3131.T,6680,6780,6360,6360,39200
3132.T,3600,3626,3445,3445,685300
3133.T,63,66,62,62,622200
3134.T,310,313,304,305,42000
3135.T,1164,1179,1151,1167,6400
3137.T,205,205,204,204,7600
3138.T,1132,1132,1126,1132,3500
3139.T,3405,3425,3390,3410,20400
313A.T,260.1,260.1,257,258.1,42590
3140.T,1016,1020,1016,1017,4100
3143.T,739,741,718,718,28100
3148.T,3365,3420,3360,3405,65200
314A.T,322.2,322.9,320.1,320.2,2126400
3150.T,2450,2450,2415,2415,27800
3151.T,1600,1600,1581,1591,54600
3153.T,3125,3130,3020,3020,61200
3154.T,785,790,780,780,18600
3156.T,5370,5370,5050,5070,86800
3157.T,1452,1453,1431,1431,1600
3159.T,405,405,400,400,41400
315A.T,1975,1993,1942,1958,317025
3160.T,580,580,578,579,4000
3161.T,668,670,664,665,1100
3166.T,1466,1474,1466,1472,1000
3167.T,1318,1338,1310,1329,256400
3168.T,1288,1324,1267,1286,133000
3169.T,682,682,678,678,2400
316A.T,2658,2663,2641,2645,180459
3172.T,1120,1122,1119,1120,2400
3173.T,1480,1480,1451,1455,4200
3174.T,399,400,399,399,6100
3175.T,973,979,970,977,23400
3176.T,1141,1148,1113,1116,318400
3177.T,4220,4220,4200,4200,600
3178.T,1206,1209,1203,1203,13800
3179.T,1191,1195,1151,1154,188300
317A.T,1350,1350,1350,1350,0
3180.T,1646,1651,1622,1625,25300
3181.T,1060,1066,1050,1050,2700
3182.T,1618,1633,1611,1622,71600
3183.T,1259,1260,1253,1253,16700
3184.T,4155,4155,4155,4155,0
3185.T,150,150,148,149,46300
3186.T,3170,3210,3050,3050,562000
3187.T,366,370,364,364,13100
3189.T,111,111,102,104,554000
318A.T,341.5,342.6,337.5,342.5,1587840
3190.T,588,588,587,587,600
3191.T,2231,2250,2219,2245,101200
3192.T,279,282,277,280,19100
3193.T,1420,1451,1407,1441,119400
3195.T,711,712,693,700,24200
3196.T,1649,1658,1646,1658,59000
3197.T,3304,3434,3290,3420,1180400
3199.T,1315,1328,1309,1324,33100
319A.T,21820,22440,21300,21660,44600
3201.T,1966,1992,1959,1975,54500
3202.T,131,131,129,130,42600
3204.T,500,500,494,496,9600
3205.T,733,736,732,733,47900
320A.T,500,500,500,500,0
321A.T,785,785,785,785,0
3221.T,3250,3265,3250,3250,20400
3222.T,832,850,829,848,369400
3223.T,962,962,962,962,500
3224.T,700,700,695,699,1900
3226.T,117200,117600,116400,116600,6060
322A.T,765,765,765,765,0
3231.T,920.2,922.7,912.4,915.8,3201600
3232.T,600,600,588,588,179300
3234.T,126000,126300,124800,124800,5142
3236.T,288,290,285,285,46000
3237.T,94,95,93,94,116700
3238.T,392,392,385,385,39300
323A.T,374,374,369,373,7800
3241.T,598,601,598,601,1000
3242.T,524,526,522,522,30100
3245.T,1102,1102,1089,1089,368700
3246.T,687,688,684,684,2700
3248.T,893,893,887,889,500
3249.T,135800,136300,134700,135200,7817
324A.T,716,725,716,723,5600
3252.T,2860,2877,2837,2837,132500
325A.T,1771,1805,1744,1755,85600
3261.T,429,429,425,427,6400
3266.T,80,81,79,80,174100
3267.T,642,648,640,642,17500
3269.T,143700,144300,143100,143100,9155
326A.T,1620,1620,1620,1620,0
3276.T,2246,2248,2245,2246,134600
3277.T,817,822,812,819,10400
3279.T,132100,132100,130700,131100,7247
3280.T,942,942,934,934,1000
3281.T,133800,133800,132300,132300,17321
3282.T,97300,97700,96800,96900,7851
3283.T,84600,84900,83400,83400,22172
3284.T,1277,1290,1271,1279,347700
3286.T,887,892,887,889,2600
3287.T,239700,239700,236600,236600,1874
3288.T,7600,7685,7570,7596,323000
3289.T,1291,1304,1283.5,1295,3006800
328A.T,1369,1369,1355,1355,1187
3290.T,74100,74600,73600,74000,3417
3291.T,2280,2295,2255,2255,350500
3292.T,116300,116300,115100,115100,7639
3293.T,769,769,769,769,1200
3295.T,148200,148500,147200,147200,3973
3296.T,81200,81700,80800,80900,5222
3297.T,1179,1182,1176,1182,2000
3299.T,1692,1705,1685,1694,90900
329A.T,211.6,211.6,211.6,211.6,0
3300.T,1820,1837,1808,1811,46900
3302.T,3050,3055,3015,3030,36100
3306.T,706,725,700,718,21300
3309.T,71800,72300,71400,71700,17411
330A.T,572,572,550,555,15900
3315.T,100,102,99,100,12621400
3317.T,1481,1490,1481,1490,700
331A.T,490,490,487,487,1300
3320.T,1293,1307,1289,1298,15600
3321.T,1686,1690,1658,1658,24300
3323.T,95,97,93,93,498300
3326.T,650,656,650,651,700
3329.T,2144,2145,2139,2142,1200
332A.T,1149,1156,1133,1136,62600
3333.T,1292,1295,1284,1290,89000
333A.T,6240,6240,6240,6240,0
3349.T,6700,6847,6581,6818,533100
334A.T,1036,1066,1036,1050,1100
3350.T,261,264,244,244,34515000
3352.T,1781,1795,1781,1795,500
3353.T,2834,2834,2803,2803,1200
3355.T,1801,1801,1760,1760,47800
3358.T,96,97,94,96,48000
3359.T,529,532,526,528,34200
335A.T,320,325,320,325,19600
3360.T,2384.5,2399,2369,2385,197100
3361.T,895,895,895,895,200
336A.T,1520,1565,1337,1388,9445000
3370.T,488,494,487,489,9200
3371.T,2066,2072,2027,2027,35300
3372.T,220,221,220,220,12600
3374.T,4155,4210,3990,3990,43000
3375.T,1790,1790,1790,1790,0
3377.T,387,391,387,389,4000
3382.T,2039,2063,2031,2059.5,5347900
3386.T,1249,1254,1247,1248,1400
3387.T,758,778,755,775,1275900
3388.T,2106,2106,2063,2063,32300
338A.T,2527,2592,2375,2390,560300
3391.T,2291,2343.5,2280,2341,1141400
3392.T,818,818,812,812,5500
3393.T,3035,3035,3010,3020,28200
3395.T,2440,2461,2432,2457,72600
3396.T,864,865,862,865,2200
3397.T,4211,4322,4206,4322,370100
3399.T,4170,4250,4080,4115,131300
339A.T,910,923,903,903,11200
3401.T,1704,1707,1622,1622,675200
3402.T,1243,1244.5,1212.5,1212.5,3287800
3405.T,1808,1811.5,1761,1761,1299300
3407.T,1607.5,1608.5,1570.5,1570.5,3851400
3409.T,89,90,88,88,62300
340A.T,318,325,317,320,4500
3415.T,363,364,355,355,350000
3416.T,909,915,909,915,300
3417.T,1012,1013,1010,1012,5900
3418.T,1050,1053,1048,1048,11400
341A.T,2160,2346,2136,2226,202500
3420.T,1584,1584,1576,1577,600
3421.T,1722,1743,1712,1729,32400
3422.T,631,633,609,609,29500
3423.T,275,275,273,273,9700
3426.T,1300,1300,1300,1300,200
3431.T,1574,1590,1565,1575,65800
3433.T,2810,2831,2756,2756,303000
3434.T,1247,1248,1242,1244,2800
3435.T,1540,1559,1535,1535,6200
3436.T,3303,3330,3080,3083,10555000
3437.T,2685,2685,2661,2670,800
3439.T,673,676,671,671,1000
343A.T,1310,1314,1306,1307,5900
3440.T,868,868,862,862,8400
3441.T,2864,2908,2774,2775,54900
3443.T,1358,1374,1344,1347,147300
3444.T,1043,1065,1020,1020,99900
3445.T,5840,5960,5530,5530,166000
3446.T,1674,1686,1641,1647,22900
3447.T,1001,1007,994,994,50600
3449.T,4085,4140,3950,3965,126400
3451.T,127200,127500,126200,126600,913
3452.T,1472,1472,1449,1450,91100
3454.T,1254,1259,1246,1250,3600
3455.T,96600,96600,95400,95500,4370
3457.T,930,931,925,925,72100
3459.T,88500,88700,87900,87900,3427
345A.T,15640,15650,15455,15550,648
3461.T,629,629,620,620,10200
3462.T,144300,144400,143300,143500,11851
3463.T,111800,112000,110700,110800,806
3465.T,3270,3300,3250,3250,117000
3466.T,143400,143700,142200,142400,6400
3467.T,2851,2876,2763,2768,10900
3468.T,52300,52700,52100,52400,10285
3469.T,896,898,895,895,1300
346A.T,4949,4949,4870,4880,15050
3470.T,98200,98600,97700,97800,1939
3471.T,102800,103100,102100,102100,7326
3472.T,65700,66200,65300,65800,1623
3474.T,605,606,604,605,1500
3475.T,1485,1485,1445,1449,202400
3476.T,41000,41200,40800,41000,7951
3477.T,910,910,901,901,2000
3479.T,1882,1891,1872,1873,34200
347A.T,530,530,530,530,0
3481.T,112600,112900,111900,112000,4959
3482.T,2520,2542,2507,2520,63600
3484.T,1162,1168,1152,1157,4400
3486.T,1948,1948,1920,1926,111500
3487.T,135900,136400,134700,135100,2316
3488.T,102600,103300,102300,102800,1438
3489.T,818,818,797,797,65600
348A.T,300.2,300.2,293.7,293.7,59510
3490.T,3045,3090,3045,3065,2300
3491.T,1547,1568,1538,1541,181900
3492.T,79500,79500,78500,78500,5572
3494.T,454,458,450,456,5600
3495.T,2280,2280,2280,2280,0
3496.T,4820,4840,4690,4730,51700
3498.T,7350,7520,7290,7380,149000
349A.T,833,843.8,826.2,826.2,1320
3501.T,1175,1175,1158,1163,17800
350A.T,846,849,822,826,574100
3512.T,1031,1031,968,994,17900
3513.T,3545,3545,3415,3450,3300
351A.T,1760,1760,1760,1760,0
3521.T,157,157,156,157,13800
3524.T,1489,1493,1487,1487,1500
3529.T,988,999,982,993,11500
352A.T,537,546,532,539,3800
3536.T,127,128,127,127,18500
3537.T,1760,1760,1755,1755,400
3538.T,1012,1012,1006,1007,4400
3539.T,1345,1361,1333,1351,147400
3542.T,1524,1596,1520,1554,35800
3543.T,2860,2880,2850,2878,186200
3544.T,1249,1250,1248,1249,7600
3547.T,1895,1915,1887,1901,35100
3548.T,695,695,686,694,211400
3549.T,4079,4154,4062,4132,228500
354A.T,3362,3362,3294,3310,48875
3550.T,216,217,216,217,11900
3551.T,1605,1609,1559,1559,23200
3553.T,932,934,923,929,74000
3556.T,801,811,796,805,33800
3557.T,512,514,512,512,5300
3558.T,1793,1838,1775,1835,85700
3559.T,470,474,467,468,6400
355A.T,350,350,350,350,0
3560.T,4330,4330,4220,4220,4600
3561.T,1541,1541,1523,1526,68500
3562.T,1576,1576,1563,1567,8300
3563.T,5699,5838,5657,5657,1859100
3565.T,486,498,482,483,211100
3566.T,720,721,684,689,35100
3569.T,3390,3395,3265,3265,150200
356A.T,1535,1535,1513,1514,1344
3571.T,728,732,721,721,8600
3577.T,929,929,929,929,100
357A.T,6240,6240,6240,6240,0
3580.T,752,754,746,748,38100
3583.T,1350,1350,1350,1350,700
358A.T,310,310,310,310,0
3591.T,4125,4141,4072,4072,101100
3597.T,9100,9100,8910,8950,3500
3598.T,166,168,166,167,5800
359A.T,1600,1600,1600,1600,0
3600.T,1720,1720,1720,1720,0
3607.T,352,352,350,350,14700
3608.T,1243,1257,1235,1238,218700
360A.T,1066,1066,1066,1066,10
3611.T,2463,2463,2413,2413,28600
3612.T,1592,1600,1580,1580,225200
361A.T,1588,1588,1588,1588,0
3622.T,500,500,495,495,3100
3623.T,1283,1299,1272,1273,19700
3624.T,89,91,85,85,460400
3625.T,637,658,637,641,18500
3626.T,3860,3880,3807,3861,533300
3627.T,265,268,264,266,12000
3628.T,666,666,648,658,4800
362A.T,4950,4950,4950,4950,0
3632.T,413,414,408,411,439900
3633.T,2553,2580,2502,2525,16400
3634.T,586,590,586,590,800
3635.T,1623,1665.5,1617.5,1649.5,818800
3636.T,4910,4935,4840,4840,23100
3639.T,237,238,234,237,8300
363A.T,2720,2720,2685,2691,1210
3640.T,2771,2784,2756,2756,3500
3641.T,990,995,988,988,2900
3645.T,281,302,272,272,523500
3646.T,354,356,351,356,1500
3647.T,118,121,117,117,94300
3648.T,1071,1072,1063,1063,6600
3649.T,826,838,826,830,50200
364A.T,2447,2447,2401,2420,5750
3652.T,2527,2616,2482,2497,52200
3653.T,1305,1500,1246,1315,6579400
3656.T,181,185,171,172,4864600
3657.T,360,361,356,358,170800
3659.T,3042,3132,3036,3132,2712300
365A.T,785,789,783,788,17400
3660.T,518,522,508,508,902700
3661.T,808,823,805,813,420600
3662.T,921,947,919,937,108800
3663.T,1792,1802,1762,1768,203500
3664.T,24,25,24,24,42149400
3665.T,425,425,420,420,97200
3667.T,27,28,27,27,223600
3668.T,421,430,419,426,418700
366A.T,1181,1181,1140,1149,38200
3671.T,306,306,301,301,17000
3672.T,29,30,29,29,210600
3673.T,460,468,457,462,470500
3674.T,339,340,338,338,1300
3675.T,604,604,599,600,15700
3676.T,1057,1058,1057,1057,35000
3678.T,1260,1273,1254,1260,22500
3679.T,447,447,438,439,385100
367A.T,2900,2977,2864,2961,48600
3680.T,207,210,205,206,32000
3682.T,585,587,582,582,7400
3683.T,1121,1121,1108,1110,9100
3686.T,60,62,59,61,508900
3687.T,2196,2280,2165,2235,656900
368A.T,1415,1463,1412,1448,141200
3690.T,594,600,592,595,15500
3691.T,1864,1917,1862,1866,4200
3692.T,6190,6330,5960,5960,143800
3694.T,433,435,426,429,222700
3695.T,1613,1664,1613,1650,12000
3696.T,2210,2216,2119,2120,90300
3697.T,852.5,861.9,814.4,856.2,7032600
3698.T,1203,1214,1192,1200,8000
369A.T,2632,2632,2601,2607,7900
3708.T,2136,2136,2121,2122,51200
370A.T,1296,1296,1296,1296,0
3710.T,644,644,635,635,2500
3712.T,1093,1093,1091,1091,6200
3719.T,115,118,115,117,158200
371A.T,420,420,420,420,0
3723.T,2710,2710,2650,2660,7400
3726.T,402,404,399,403,13600
3727.T,173,173,167,170,101800
372A.T,5520,5560,5510,5540,3000
3733.T,12100,12110,11900,11940,4600
373A.T,1461,1475,1461,1461,1300
3741.T,3410,3410,3255,3260,84900
3744.T,454,458,452,456,5600
3747.T,422,440,422,423,39600
374A.T,240,240,240,240,0
3750.T,836,840,825,825,8700
3753.T,217,225,216,220,125800
3758.T,246,247,245,246,10300
375A.T,2125,2125,2125,2125,0
3760.T,715,719,712,712,3700
3762.T,2345,2350,2317,2333,115800
3763.T,2005,2010,1944,1944,47700
3765.T,2529,2554,2480,2484,291800
3766.T,1440,1443,1440,1443,2200
3768.T,556,561,553,554,2600
3769.T,8660,8703,8576,8679,265600
376A.T,4801,4801,4779,4786,27462
3771.T,1873,1884,1847,1852,89000
3772.T,1100,1104,1100,1100,13900
3773.T,1046,1046,1024,1024,32800
3774.T,3178,3218,3174,3213,326500
3776.T,249,249,242,245,205800
3777.T,46,47,46,46,218100
3778.T,3605,3880,3560,3700,1088900
3779.T,130,131,129,129,10000
3787.T,358,360,314,327,33800
3788.T,1965,1970,1930,1930,30000
378A.T,938,944,932,937,23300
3791.T,1032,1043,1031,1031,25200
3793.T,485,500,482,500,53900
3796.T,338,340,330,330,34100
3798.T,545,545,533,534,109900
3799.T,1132,1139,1127,1131,2400
379A.T,1353,1353,1316,1316,63
3800.T,1965,1979,1965,1979,1800
3802.T,505,505,502,502,1300
3803.T,628,628,611,624,8800
3804.T,480,482,469,472,4200
3807.T,87,89,87,87,365600
380A.T,929,933,905,907,16306
3810.T,171,182,170,174,527500
3815.T,430,430,428,429,3500
3816.T,1115,1115,1110,1110,600
3817.T,4815,4815,4760,4765,29400
381A.T,2066,2090,2066,2090,2404
3823.T,31,32,31,32,188800
3825.T,230,231,225,226,1020200
3826.T,494,499,492,494,12600
382A.T,1887,1887,1887,1887,6210
3834.T,608,611,604,607,59300
3835.T,429,431,427,429,23000
3836.T,1182,1208,1180,1205,68200
3837.T,1372,1395,1361,1380,74400
3839.T,635,638,634,634,2000
383A.T,2590,2590,2520,2549,1235
3840.T,61,64,60,62,363500
3841.T,1370,1370,1352,1364,1100
3842.T,1052,1054,1050,1050,1200
3843.T,1680,1688,1640,1651,46600
3844.T,1288,1299,1281,1290,178800
3845.T,292,294,284,293,86800
3848.T,843,843,840,840,800
3850.T,3755,3755,3570,3625,74900
3851.T,1515,1561,1471,1504,315900
3853.T,1121,1125,1100,1100,133800
3854.T,2186,2216,2151,2169,652200
3856.T,196,233,189,228,756300
3858.T,299,303,297,301,22900
385A.T,2450,2450,2450,2450,0
3861.T,870,874.3,864,870.2,2564900
3863.T,1291,1299,1271,1278,475900
3864.T,1186,1186,1151,1164,126100
3865.T,890,910,886,903,188300
386A.T,1255,1255,1251,1251,2100
3877.T,2202,2208,2191,2191,40900
3878.T,865,865,838,840,29600
387A.T,918,918,915,915,2000
3880.T,950,951,944,944,243600
3891.T,6740,6740,6130,6140,190500
3892.T,1598,1600,1576,1594,1500
3895.T,488,488,481,484,11000
3896.T,410,410,403,405,5000
389A.T,2380,2380,2380,2380,0
3900.T,646,665,641,657,40300
3901.T,1510,1561,1502,1539,111100
3903.T,268,275,264,266,294600
3904.T,430,431,425,426,11200
3905.T,1565,1584,1510,1514,1701600
3907.T,2038,2345,2035,2085,579600
3908.T,352,356,350,356,2100
3909.T,189,190,188,190,3600
3910.T,286,290,286,288,5400
3911.T,182,182,177,177,199500
3912.T,1138,1138,1125,1127,5700
3913.T,1086,1093,1080,1093,900
3914.T,2401,2401,2367,2377,15000
3915.T,2346,2393,2314,2314,102700
3916.T,932,942,925,938,76500
3917.T,475,484,475,484,18200
3918.T,1177,1180,1171,1171,3800
3920.T,995,1005,995,1004,6800
3921.T,1602,1616,1598,1613,11500
3922.T,2162,2190,2151,2186,28000
3923.T,1040,1056.5,1035,1046.5,1877500
3925.T,1300,1303,1290,1294,32300
3926.T,419,435,410,422,156100
3927.T,867,889,860,870,27900
3928.T,236,237,236,237,6200
3929.T,242,242,238,239,9000
392A.T,269.2,271.5,267.8,268.1,111870
3930.T,778,797,777,789,23900
3931.T,1505,1511,1504,1504,1800
3932.T,3565,3580,3480,3480,63500
3933.T,556,565,538,545,5100
3934.T,2280,2281,2280,2280,1700
3935.T,703,718,700,714,29700
3936.T,139,142,139,139,170800
3937.T,1170,1196,1157,1193,208800
3939.T,492,493,487,489,140500
393A.T,2000,2000,2000,2000,0
3940.T,130,131,129,130,225300
3941.T,1550,1550.5,1511,1515.5,949800
3943.T,1326,1326,1321,1321,600
3944.T,3245,3245,3245,3245,500
3945.T,2213,2213,2187,2187,1200
3946.T,4305,4315,4260,4260,55500
3947.T,2495,2495,2460,2488,2200
3948.T,1175,1177,1173,1175,1100
394A.T,529.3,529.3,529.3,529.3,0
3950.T,1442,1452,1426,1434,68100
3951.T,911,911,906,907,11700
3953.T,800,800,791,791,200
3954.T,3100,3100,3035,3035,800
3955.T,849,856,849,852,7000
3958.T,551,553,548,548,8400
395A.T,1099,1099,1077,1080,47450
3962.T,990,992,980,985,172100
3963.T,330,330,320,321,66900
3964.T,1352,1356,1325,1325,329000
3965.T,900,901,895,901,4000
3967.T,563,570,562,570,8600
3968.T,633,636,625,625,186000
3969.T,1410,1411,1405,1405,3800
396A.T,510,510,477.3,477.3,820
3970.T,848,852,848,848,1500
3974.T,673,674,671,673,1200
3976.T,589,605,572,594,22400
3979.T,435,436,429,429,7900
3981.T,1236,1236,1220,1220,4200
3983.T,1956,1966,1935,1935,45500
3984.T,1551,1565,1535,1535,89600
3985.T,191,193,190,190,6300
3986.T,474,477,470,471,6100
3987.T,662,689,660,666,40900
3988.T,553,560,552,559,1600
3989.T,1505,1510,1480,1498,159800
398A.T,1350,1350,1350,1350,0
3991.T,956,971,956,958,1100
3992.T,475,475,470,471,24100
3993.T,3090,3230,3055,3160,304800
3994.T,6209,6291,6020,6045,425600
3996.T,205,205,201,205,23200
3997.T,390,394,389,389,88600
3998.T,292,293,291,291,2100
399A.T,2366,2366,2330,2330,83086
4004.T,16260,16715,15675,15675,1948800
4005.T,588,593.1,567.6,568.1,12098500
4008.T,1476,1478,1428,1430,261800
4011.T,2528,2595,2503,2545,42900
4012.T,1738,1739,1720,1720,3100
4013.T,651,657,646,646,45400
4014.T,525,529,507,507,16100
4015.T,508,514,508,511,10700
4016.T,1048,1049,1045,1045,1500
4017.T,215,216,213,215,3100
4019.T,637,639,625,632,48500
401A.T,96000,96500,95200,95200,1741
4020.T,842,842,834,836,600
4021.T,7820,7931,7808,7822,387800
4022.T,2010,2030,1939,1939,583800
4023.T,4495,4500,4410,4410,210100
4025.T,5590,5790,5540,5600,23300
4026.T,1700,1700,1640,1642,52700
4027.T,2468,2474,2302,2302,63800
4028.T,3050,3050,2953,2953,189600
402A.T,552,568,541,552,2043800
4031.T,1104,1120,1103,1116,6700
403A.T,2415,2415,2415,2415,0
4040.T,3965,4000,3830,3830,9500
4041.T,3875,3890,3815,3830,90100
4042.T,2629.5,2633,2562.5,2562.5,1053600
4043.T,4021,4104,3921,3921,492700
4044.T,4430,4455,4220,4220,86000
4045.T,1835,1849,1786,1786,418600
4046.T,2028,2028,1939,1939,284500
4047.T,2184,2235,2134,2134,792400
404A.T,1259,1280,1220,1230,626
4051.T,5930,6030,5900,5950,31400
4052.T,850,933,827,890,6937700
4053.T,450,460,446,456,84200
4054.T,522,522,518,518,7000
4055.T,1701,1724,1676,1677,32800
4056.T,249,266,236,236,1111100
4057.T,356,356,347,354,9000
4058.T,2325,2350,2290,2300,29800
4059.T,396,399,393,393,4000
405A.T,3500,3500,3500,3500,0
4060.T,1229,1229,1209,1210,3700
4061.T,3269,3409,3219,3219,962400
4062.T,22000,22110,20725,20810,8496000
4063.T,5798,5806,5702,5702,7633800
4064.T,3510,3540,3445,3445,77900
4068.T,1796,1796,1771,1771,1000
4069.T,714,720,702,720,2900
406A.T,5450,5450,5450,5450,0
4071.T,2043,2043,1999,2037,272500
4072.T,3070,3105,3055,3055,20300
4073.T,490,494,485,489,3200
4074.T,800,801,800,801,1100
4075.T,1312,1340,1241,1282,210800
4076.T,2015,2015,1996,1996,1000
4078.T,3840,3840,3605,3615,359100
407A.T,935,940,932,932,7600
4082.T,2573,2660,2464,2464,774200
4088.T,3060,3140,2997,3015,1755500
408A.T,283.1,285.9,281.5,281.9,280470
4091.T,5460,5492,5366,5367,533600
4092.T,5300,5330,5100,5100,113300
4093.T,425,427,422,424,24900
4094.T,2285,2289,2271,2271,11700
4095.T,1730,1758,1727,1738,228500
4097.T,1188,1196,1177,1183,41400
4098.T,1016,1017,1006,1006,2900
4099.T,2170,2190,2073,2079,593700
409A.T,1186,1194,1181,1191,123600
4100.T,1623,1643,1585,1587,25600
4102.T,1446,1448,1445,1445,500
4107.T,4110,4120,3940,3940,203600
4109.T,5430,5430,5290,5290,62600
410A.T,1146,1146,1121,1121,8600
4112.T,2156,2180,2088,2094,57500
4113.T,798,799,786,786,19400
4114.T,2563,2563,2485,2491.5,939900
4116.T,1319,1319,1282,1284,130800
4118.T,6087,6087,5888,5901,207000
4119.T,5970,6000,5910,5910,3100
411A.T,370,370,370,370,0
4120.T,3130,3130,3130,3130,0
4124.T,2983,3045,2976,3045,600
4125.T,3840,3850,3755,3775,7900
412A.T,4565,4565,4480,4480,3410
413A.T,3935,3940,3771,3800,3385
414A.T,850,853,842,849,72400
4151.T,2390,2396,2349.5,2363,1329000
415A.T,5110,5150,5080,5150,500
4165.T,680,688,655,655,451800
4166.T,627,630,627,628,1200
4167.T,312,345,312,335,28100
4168.T,776,777,766,767,36800
4169.T,266,273,263,268,277800
416A.T,1287,1289,1285,1285,3800
4170.T,129,133,126,126,738000
4172.T,2325,2325,2300,2320,700
4174.T,889,889,869,872,7100
4175.T,2894,2894,2800,2867,12800
4176.T,274,275,272,272,35300
4177.T,1525,1551,1525,1525,1200
4178.T,536,537,526,529,1200
4179.T,352,363,352,363,35200
417A.T,1882.5,1926.5,1882.5,1924,221600
4180.T,1461,1501,1438,1473,1769400
4182.T,3895,3917,3735,3735,1309200
4183.T,2220,2223,2124.5,2124.5,1336400
4186.T,8331,8596,8104,8104,648600
4187.T,4365,4375,4120,4135,87200
4188.T,1216,1217,1159,1161.5,4322200
4189.T,3220,3225,3125,3150,211500
4192.T,285,289,284,288,52700
4193.T,2178,2178,2160,2172,2200
4194.T,8878,8975,8772,8920,143900
4196.T,2198,2198,2160,2165,14100
4197.T,2350,2350,2341,2341,300
4198.T,500,500,499,499,900
4199.T,815,827,810,817,7000
419A.T,2700,2700,2700,2700,0
4202.T,1442,1442,1395,1395,859200
4203.T,7085,7238,6900,6900,596800
4204.T,2532,2542,2504,2504,1169200
4205.T,2416.5,2437.5,2354,2354,1016100
4206.T,4205,4224,4160,4173,235900
4208.T,3450,3467,3392,3392,745700
4212.T,2943,2957,2919,2919,35500
4216.T,5910,5910,5700,5700,71100
4218.T,1919,1925,1910,1924,20300
421A.T,3835,3900,3775,3815,45700
4220.T,2431,2439,2364,2365,115200
4221.T,5530,5530,5360,5380,40400
4222.T,730,733,705,705,378600
4224.T,2117,2117,2086,2086,11600
4228.T,592,592,559,559,380400
4229.T,4220,4260,4185,4185,27500
422A.T,2450,2450,2450,2450,0
4231.T,1043,1053,1036,1036,18200
4234.T,1036,1045,1020,1025,22600
4235.T,685,685,673,673,18100
4237.T,355,355,350,350,23900
4238.T,1870,1886,1731,1860,321700
423A.T,324,325,321,322,30700
4240.T,317,317,315,315,2300
4241.T,670,670,652,660,5300
4242.T,1805,1805,1805,1805,100
4243.T,1038,1062,1021,1029,2400
4245.T,716,719,713,713,8600
4246.T,1109,1110,1062,1062,356100
4247.T,1395,1395,1395,1395,200
4248.T,880,883,879,879,3000
4249.T,2956,2962,2931,2933,45100
424A.T,336.7,341.7,335.2,340.7,842180
4251.T,1169,1169,1151,1151,143600
4255.T,3595,3595,3495,3515,4200
4256.T,1132,1142,1108,1120,5200
4258.T,4495,4830,4425,4730,84200
4259.T,870,878,850,850,1120500
425A.T,363.8,365,361.5,364.8,224340
4260.T,215,222,215,216,7800
4261.T,2970,2987,2961,2966,3700
4262.T,1387,1397,1387,1391,1500
4263.T,412,418,406,408,236600
4264.T,1453,1465,1443,1451,6300
4265.T,285,287,284,284,8600
426A.T,1212,1212,1192,1200,8836
4270.T,1881,1920,1877,1893,2800
4272.T,2057,2071.5,2013,2013,639100
4274.T,1090,1112,1086,1096,13900
4275.T,1951,1959,1883,1883,256100
4284.T,455,455,446,446,17500
4286.T,1260,1283,1246,1252,19600
4287.T,480,482,470,478,12100
4288.T,463,472,463,470,16400
428A.T,1560,1581,1525,1580,25700
4290.T,686,686,677,684,705200
4293.T,521,525,514,514,217900
4299.T,1231,1234,1215,1216,3200
429A.T,3955,4035,3755,3755,593700
4301.T,1887,1890,1867,1874,16000
4307.T,4957,4984,4911,4969,1724600
4308.T,358,359,353,354,23100
430A.T,2480,2480,2480,2480,0
4310.T,2500,2510,2471,2471,17700
4316.T,96,107,91,94,543800
4317.T,571,572,564,564,5700
4318.T,819,821,810,817,237000
431A.T,2758,2860,2715,2728,42200
4320.T,1647,1648,1646,1648,337900
4323.T,1881,1905,1862,1876,43300
4324.T,3600,3639,3568,3607,886700
4326.T,1984,1996,1953,1981,19800
432A.T,1450,1450,1450,1450,0
4331.T,739,744,739,742,79800
4334.T,397,398,392,395,13500
4335.T,1089,1094,1088,1088,900
4337.T,2680,2700,2664,2678,18500
433A.T,710,710,710,710,0
4341.T,908,914,907,911,1500
4343.T,2808,2843,2804,2836,52100
4344.T,112,113,110,111,1048400
4345.T,831,838,828,834,61100
4346.T,1060,1066,1040,1048,108500
4347.T,1650,1664,1632,1658,15900
434A.T,930,930,930,930,0
4350.T,486,494,484,490,58000
4351.T,869,869,859,859,1000
4356.T,1625,1634,1616,1616,1100
435A.T,2774,2774,2745,2745,159086
4360.T,970,988,965,966,4300
4361.T,1603,1603,1580,1580,3600
4362.T,2688,2688,2640,2640,19300
4365.T,23600,24750,23500,23900,1400
4366.T,450,453,438,438,55900
4368.T,2906,2943,2815,2815,725200
4369.T,3120,3160,3055,3055,387800
436A.T,1153,1155,1116,1139,55400
4370.T,389,392,380,382,52900
4371.T,1422,1484,1422,1479,30900
4372.T,1338,1339,1325,1325,5800
4373.T,1144,1159,1138,1140,1064300
4374.T,2446,2469,2440,2440,2900
4375.T,671,681,666,669,151700
4376.T,168,169,166,169,9800
4377.T,2341,2341,2279,2279,62000
4378.T,543,543,533,538,5300
4379.T,436,437,431,434,7900
437A.T,1024,1024,1024,1024,0
4380.T,686,689,686,689,3100
4381.T,285,292,265,265,211800
4382.T,752,788,750,764,132800
4385.T,4236,4284,4100,4100,2498800
4386.T,894,901,869,883,8100
4387.T,539,550,495,549,24600
4388.T,380,380,379,379,3300
4389.T,1104,1131,1101,1110,11700
438A.T,996,1015,985,1001,52100
4390.T,4090,4215,4090,4125,45900
4391.T,1150,1164,1150,1156,6100
4392.T,1026,1036,985,985,1772600
4393.T,5560,5780,5480,5640,49100
4394.T,658,674,629,629,52900
4395.T,741,775,741,763,32100
4396.T,1331,1359,1331,1332,62500
4397.T,409,409,398,399,31800
4398.T,1290,1295,1283,1286,1300
439A.T,5000,5000,5000,5000,0
4401.T,4542,4556,4369,4369,237700
4403.T,2601,2628,2590,2590,1756400
4404.T,2249,2252,2226,2233,14400
4406.T,243,246,242,242,329200
4409.T,788,788,783,784,2600
4410.T,1103,1103,1082,1082,72300
4412.T,1410,1423,1359,1365,15600
4413.T,2964,2965,2963,2964,194100
4414.T,1092,1094,1071,1081,13600
4415.T,1404,1404,1391,1393,6700
4416.T,420,432,415,427,6100
4417.T,4310,4360,4250,4270,70200
4418.T,1071,1125,1054,1095,367000
4419.T,1386,1409,1356,1385,362400
441A.T,275,285,269,269,64600
4420.T,825,826,821,824,546100
4421.T,944,950,943,944,4700
4422.T,608,621,595,595,88500
4424.T,336,342,336,337,22100
4425.T,1553,1609,1523,1546,410200
4426.T,163,163,163,163,0
4427.T,230,238,228,228,18300
4428.T,703,713,703,705,1100
4429.T,720,720,720,720,300
442A.T,967,974,960,974,2700
4430.T,1753,1762,1720,1724,17100
4431.T,3425,3505,3405,3420,53700
4432.T,3275,3275,3180,3195,95700
4433.T,846,848,841,844,40000
4434.T,2425,2476,2415,2444,44400
4436.T,415,416,413,415,12800
4437.T,730,758,725,758,6900
4438.T,261,261,255,258,10000
4439.T,792,799,792,796,1600
443A.T,1813,1822,1811,1815,18820
4440.T,1734,2014,1731,2014,2479900
4441.T,1500,1500,1435,1440,14400
4442.T,405,405,400,400,32500
4443.T,2030,2051,1972,1995,1767600
4444.T,951,959,946,946,2700
4445.T,1967,1989,1960,1970,4100
4446.T,836,849,830,845,14400
4447.T,505,505,494,497,17500
4448.T,356,378,356,367,231800
444A.T,1945,1945,1945,1945,0
4450.T,2342,2345,2341,2343,900
4452.T,3451,3451,3414,3443,2010000
445A.T,274,274,274,274,0
4461.T,13390,13510,12120,12130,253100
4462.T,2906,2935,2876,2877,23700
4463.T,2025,2025,1986,1986,11200
4464.T,3420,3420,3420,3420,100
4465.T,2406,2413,2397,2405,2400
446A.T,2185,2242,2142,2149,718600
4471.T,6100,6120,5790,5810,105300
4475.T,1561,1615,1558,1590,619500
4476.T,1095,1096,1084,1087,7200
4477.T,342,344,339,339,592900
4478.T,3770,3830,3665,3700,625800
4479.T,968,986,960,962,25100
447A.T,272,274.9,269.2,269.2,153510
4480.T,2422,2475,2389,2470,288500
4481.T,3315,3320,3285,3305,49500
4482.T,740,744,732,743,6000
4483.T,3550,3585,3480,3500,261600
4484.T,300,301,297,297,11800
4486.T,680,681,670,673,6800
4487.T,233,233,231,233,1500
4488.T,2210,2239,2191,2196,6100
448A.T,265.2,266.3,264,264,156330
4490.T,650,656,639,642,17200
4491.T,3380,3385,3340,3360,2900
4492.T,392,396,385,393,16400
4493.T,1800,1825,1781,1781,71600
4495.T,2029,2037,1995,2012,4200
4496.T,781,781,763,769,2300
4498.T,1270,1278,1260,1266,11200
4499.T,2456,2521,2423,2477,60200
449A.T,813.5,813.5,802.5,804.8,38450
4502.T,5750,5793,5722,5760,2467300
4503.T,2287,2293.5,2270.5,2280.5,3779100
4506.T,1608,1659,1583,1615,4013800
4507.T,2922.5,2925.5,2887.5,2897.5,2177900
450A.T,791.2,792.6,790.7,792.2,17700
4512.T,301,306,295,296,36500
4516.T,3412,3435,3384,3387,294700
4519.T,6544,6570,6503,6532,2083000
451A.T,292.4,292.4,286.8,288.8,53300
4521.T,3895,3915,3875,3905,63300
4523.T,4610,4661,4593,4652,866300
4524.T,2246,2246,2238,2244,1300
4526.T,3250,3285,3240,3270,71300
4527.T,2888,2900.5,2858,2876.5,691800
4528.T,2402,2437.5,2393,2424.5,1218900
452A.T,806.7,806.8,801.9,803.5,733670
4531.T,362,364,356,358,56800
4534.T,3200,3225,3175,3185,29600
4536.T,1778.5,1788,1760.5,1766.5,1156700
4538.T,2249,2260,2231,2239,12500
4539.T,1564,1565,1521,1565,7700
453A.T,736.2,736.4,731,732.8,197660
4540.T,3693,3697,3666,3684,604400
4543.T,2350,2360.5,2314,2326.5,3938300
4544.T,3460,3483,3440,3476,215200
4547.T,4000,4050,3990,4030,40600
4548.T,702,712,699,704,246200
4549.T,2265,2283,2250,2263,112000
4552.T,526,532,523,528,465800
4553.T,3550,3555,3465,3465,96500
4554.T,1745,1754,1734,1748,56700
4558.T,200,201,200,200,27900
4559.T,1986,1991,1977,1980,108600
455A.T,5970,5970,5970,5970,0
4563.T,39,40,38,38,3049600
4564.T,22,23,21,22,178166400
4565.T,1198,1256,1184,1234,2152700
4568.T,2730,2770,2726,2751,4917500
4569.T,1103,1111,1095,1103,179400
456A.T,1520,1539,1490,1502,286300
4570.T,1144,1192,1122,1156,293900
4571.T,101,103,100,100,407200
4572.T,430,470,428,448,383900
4574.T,253,254,251,252,48200
4575.T,772,783,751,767,230300
4576.T,88,89,87,87,159400
4577.T,1266,1285,1260,1272,73000
4578.T,11830,11855,11685,11800,778900
4579.T,554,561,548,550,71400
457A.T,4130,4130,4130,4130,0
4582.T,61,62,59,60,1127000
4583.T,98,107,94,97,6398300
4584.T,162,169,161,168,305000
4586.T,60,62,58,61,1371400
4587.T,1075.5,1112,1068,1096,829800
4588.T,4885,5640,4860,5450,2409900
458A.T,1387,1387,1387,1387,0
4591.T,85,86,84,84,289700
4592.T,939,964,933,949,947500
4593.T,289,290,282,282,1478600
4594.T,52,63,52,58,10000500
4595.T,1711,1712,1701,1708,58600
4596.T,66,66,64,64,450300
4597.T,29,30,28,29,92321700
4598.T,121,132,114,127,4844400
4599.T,329,337,323,330,325000
459A.T,10225,10225,10105,10150,14
460A.T,1020,1060,1020,1025,25000
4611.T,1534,1534,1513,1519,54700
4612.T,1124.5,1130,1112,1115,2459900
4613.T,2801.5,2815.5,2778.5,2808,1004100
4615.T,133,134,131,132,60000
4616.T,2429,2429,2415,2429,1200
4617.T,3600,3605,3490,3490,94400
4619.T,2700,2704,2640,2640,49800
461A.T,2702,2702,2577,2577,2412
4620.T,971,996,968,976,162100
4623.T,1848,1869,1811,1863,6200
4624.T,4050,4050,4000,4000,1500
4625.T,842,842,830,830,6300
4626.T,4720,4731,4710,4710,205600
4627.T,1860,1900,1848,1872,29000
4628.T,9780,9780,9600,9700,15400
4629.T,2400,2560,2400,2500,17200
462A.T,282,289,277,277,180500
4631.T,4811,4850,4608,4608,809000
4633.T,2569,2599,2484,2486,128400
4634.T,5000,5030,4905,4905,135100
4635.T,2200,2201,2124,2124,24400
463A.T,1005,1034,1002,1026,35900
4641.T,852,860,847,857,64100
4642.T,1408,1410,1408,1410,300
4644.T,1060,1060,1051,1051,15000
4645.T,437,437,433,433,1600
464A.T,1741,1792,1715,1720,883200
4650.T,271,272,270,270,3700
4651.T,272,275,271,271,103300
4657.T,465,470,465,470,3000
4658.T,1586,1595,1565,1565,153800
465A.T,1340,1347,1317,1340,40200
4661.T,3117,3188,3094,3188,6278600
4662.T,1625,1635,1618,1621,29700
4664.T,1074,1126,1062,1083,97200
4665.T,4611,4659,4597,4640,91700
4666.T,1971,2008,1961,1980,1022400
4667.T,3365,3565,3195,3400,1724100
4668.T,770,771,761,768,72700
466A.T,1020,1020,1004,1004,83204
4671.T,2930,2930,2880,2913,26800
4673.T,4820,4900,4780,4780,2800
4674.T,1850,1850,1774,1780,269100
4676.T,4076,4090,4039,4062,436700
4678.T,331,333,330,333,8200
4679.T,265,265,261,261,2600
467A.T,276.6,278,276.3,277.1,70
4680.T,1236.5,1251.5,1192,1198,2851800
4681.T,1779.5,1799.5,1772,1795,451600
4684.T,4872,4929,4859,4904,1719600
4685.T,2666,2694,2646,2646,13100
4686.T,4125,4230,4110,4220,85400
4687.T,1056,1079,1046,1075,79100
4689.T,521.3,531.3,518.1,526.9,12985400
468A.T,276.2,276.2,272.5,273.5,9030
4691.T,2315,2315,2167,2195,58400
4694.T,3585,3620,3570,3605,38800
469A.T,1620,1650,1620,1647,4200
4704.T,5764,5808,5714,5798,722000
4705.T,791,795,781,795,2700
4707.T,343,344,340,341,12600
4709.T,1050,1053,1044,1047,47000
470A.T,501,501,501,501,0
4712.T,827,827,816,825,11800
4714.T,206,210,204,210,867800
4716.T,9061,9101,8982,8982,177900
4718.T,2610,2643,2593,2632,24000
4719.T,3355,3355,3310,3310,9500
471A.T,1539,1549,1527,1537,162700
4720.T,246,248,244,244,3800
4722.T,2447,2449,2446,2446,562800
4725.T,1936,1946,1931,1936,30100
4728.T,654,658,651,657,3900
472A.T,551,553,534,535,162500
4732.T,1959,1961,1937,1947.5,931400
4733.T,8150,8290,8150,8222,121200
4735.T,300,300,297,299,6100
4736.T,581,581,573,579,2900
473A.T,1322,1342,1315,1315,26230
4743.T,1610,1610,1600,1602,85200
4746.T,7030,7030,6900,6980,53600
4750.T,560,561,557,561,800
4751.T,1253.5,1255.5,1237,1237,4430700
4752.T,1565,1565,1565,1565,0
4754.T,1500,1500,1490,1499,2500
4755.T,751,751,731.8,736,12107900
475A.T,688,698,670,677,6800
4760.T,1534,1534,1534,1534,100
4761.T,1429,1445,1429,1440,800
4762.T,2165,2185,2165,2172,1700
4763.T,1466,1470,1453,1453,39400
4765.T,627,629,623,623,157900
4766.T,211,212,210,211,2500
4767.T,387,387,383,386,68300
4768.T,3500,3533,3493,3512,1001400
4769.T,1158,1160,1147,1151,700
476A.T,1679,1680,1650,1680,800
4771.T,2652,2695,2623,2658,18500
4772.T,70,72,70,72,313000
4776.T,2970,3025,2916,3000,238400
4777.T,198,201,198,199,24700
477A.T,781,862,781,845,68600
4783.T,2662,2664,2624,2624,10200
4784.T,552,553,527,529,1758300
478A.T,819,819,803,808,43600
4792.T,1767,1768,1757,1762,17300
479A.T,1917,1953,1909,1943,27800
4800.T,1357,1357,1356,1357,26900
4801.T,2425,2433,2415,2433,9200
4809.T,2017,2025,2010,2016,15600
480A.T,957,963,918,920,29900
4811.T,912,914,892,893,13400
4812.T,2852,2857,2852,2853,1094200
4813.T,432,434,416,416,354300
4814.T,176,178,170,171,98100
4816.T,2982,3030,2968,3005,242200
4819.T,2195,2227,2163,2190,175400
481A.T,750,750,750,750,0
4820.T,586,586,574,581,126300
4825.T,2030,2031,2001,2015,329000
4826.T,530,533,524,524,173900
4828.T,1384,1402,1371,1391,154300
4829.T,108,110,108,109,223500
4832.T,1934,1934,1903,1905,12900
4833.T,58,58,54,54,2202100
4838.T,703,703,692,692,15700
4839.T,1012,1017,1010,1012,51800
483A.T,2162,2183,2161,2183,1600
4840.T,670,700,650,686,284700
4845.T,348,350,345,347,41000
4847.T,1374,1406,1374,1378,96200
4848.T,1815,1825,1802,1807,50500
4849.T,1599,1604,1562,1564,270500
484A.T,430,430,430,430,0
485A.T,1808,1936,1797,1825,4201800
486A.T,2187,2188,2173,2173,12118
4875.T,256,260,250,258,96900
487A.T,2072,2072,2029,2037,1720
4880.T,342,350,333,334,93600
4881.T,52,54,51,53,367900
4882.T,148,194,145,163,12927100
4883.T,35,36,35,36,341200
4884.T,424,433,419,429,32700
4885.T,901,904,895,895,4900
4886.T,2070,2096,2061,2090,46400
4887.T,1570,1610,1568,1595.5,951800
4888.T,369,395,365,390,560900
4889.T,1190,1227,1183,1212,182700
488A.T,792,797.8,791.7,792.5,109480
4890.T,299,300,285,286,40100
4891.T,108,115,107,111,958600
4892.T,615,618,603,611,28200
4893.T,146,148,142,146,95800
4894.T,5370,5550,5310,5420,56800
4896.T,816,825,806,815,10900
489A.T,894,894,865,873,502
4901.T,3228,3259,3197,3197,3959200
4902.T,626.1,633.3,582.4,587.8,5414500
490A.T,15750,15750,15750,15750,0
4911.T,3387,3406,3337,3350,1614100
4912.T,1799.5,1811.5,1778.5,1808.5,766800
4914.T,1290,1305,1281,1282,253100
4918.T,297,298,296,297,6900
4919.T,3100,3135,3080,3115,103800
491A.T,553,553,553,553,0
4920.T,1140,1140,1130,1130,800
4922.T,5670,5670,5583,5650,261100
4923.T,1220,1226,1206,1221,21700
4925.T,1740,1744,1739,1744,1300
4926.T,1247,1250,1247,1250,500
4927.T,1350,1350,1328,1344,501200
4928.T,4800,4830,4775,4810,75500
4929.T,742,742,739,739,1100
492A.T,972.3,972.3,967.7,967.9,50220
4931.T,2015,2026,2005,2022,27500
4932.T,777,845,777,821,123700
4933.T,1460,1460,1432,1434,48700
4934.T,596,600,596,596,9300
4935.T,203,214,202,202,196400
4936.T,318,319,317,317,22200
4937.T,2470,2478,2380,2380,5700
493A.T,995.2,996.7,994.6,994.6,250900
494A.T,988.2,988.2,983.6,983.8,240020
4951.T,1505,1513,1501,1509,23700
4956.T,1456,1461,1445,1452,47500
4958.T,3255,3260,3235,3235,39200
495A.T,968.3,968.5,968.3,968.5,240000
4960.T,616,621,581,586,89400
4966.T,19750,19750,18690,18690,41000
4967.T,5699,5922,5663,5913,433800
4968.T,2151,2152,2016,2016,170500
496A.T,940.1,945.9,940.1,945.3,340
4970.T,10550,10570,9880,9880,78400
4971.T,6480,6480,6110,6110,257100
4972.T,4035,4035,3640,3645,70200
4973.T,4750,4815,4730,4735,81400
4975.T,5570,5700,5520,5520,100200
4976.T,1700,1700,1570,1581,5300
4977.T,1202,1202,1195,1196,47800
4978.T,149,152,147,149,641100
4979.T,2951,2977,2905,2905,17100
497A.T,10575,10585,10575,10585,1500
4980.T,2974.5,2990,2779.5,2779.5,1220200
4985.T,4690,4700,4650,4700,48200
498A.T,8800,8806,8735,8792,267
4990.T,536,568,525,558,19100
4992.T,1983,1983,1895,1895,64900
4994.T,2809,2810,2723,2729,16900
4996.T,760,764,754,756,382600
4997.T,1238,1238,1200,1200,431200
4998.T,1180,1181,1171,1172,14900
499A.T,8282,8290,8225,8248,387
500A.T,3405,3425,3365,3415,4200
5010.T,286,293,282,284,84500
5011.T,2275,2322,2271,2306,61700
5013.T,2890,2896,2817,2819,54700
5015.T,1000,1003,1000,1001,3100
5016.T,3672,3910,3657,3726,28072300
5018.T,2365,2365,2291,2291,16500
5019.T,1504.5,1552,1495.5,1543,5964300
501A.T,1750,1750,1750,1750,0
5020.T,1361.5,1408.5,1357,1393.5,8479200
5021.T,4376,4463,4370,4435,471600
5025.T,586,591,586,591,300
5026.T,647,651,615,615,65100
5027.T,725,732,714,723,241200
5028.T,362,362,353,360,16600
5029.T,931,963,925,945,13100
502A.T,901.4,901.5,901.3,901.5,23450
5031.T,340,344,339,341,10600
5032.T,2970,2970,2924,2943,372500
5033.T,1146,1255,1146,1203,191800
5034.T,2300,2330,2286,2286,12600
5035.T,369,369,365,366,1400
5036.T,1501,1528,1496,1505,154800
5038.T,2194,2194,2145,2151,24600
503A.T,2290,2290,2290,2290,0
504A.T,565,577,551,574,86700
505A.T,1424,1424,1388,1388,16300
506A.T,1010,1010,1010,1010,0
5071.T,1389,1393,1381,1393,1200
5074.T,619,620,594,594,707100
5076.T,2765,2798,2748.5,2748.5,962100
50765.T,4631,4634,4630,4634,5700
5078.T,4720,4765,4720,4765,400
5079.T,2630,2630,2603,2606,2800
507A.T,2156,2156,2156,2156,0
509A.T,71200,71600,71000,71400,83
5101.T,7104,7152,6770,6809,999400
5105.T,3683,3686,3528,3528,2247800
5108.T,3861,3872,3794,3797,3838100
510A.T,1712,1712,1712,1712,0
5110.T,2056.5,2061,1981.5,1985,4191000
511A.T,11710,11710,11710,11710,0
5121.T,2700,2705,2646,2646,103600
5122.T,6200,6200,6040,6060,25400
5125.T,474,475,467,475,4200
5126.T,1401,1401,1401,1401,0
5129.T,279,283,268,270,135600
512A.T,1200,1200,1180,1180,1104
5131.T,118,121,118,120,61600
5132.T,2160,2180,2121,2121,24800
5133.T,299,301,298,298,40400
5134.T,478,487,475,477,14000
5136.T,1973,2007,1926,2001,33200
5137.T,307,315,304,309,278400
5138.T,461,461,460,460,200
5139.T,938,945,930,935,11400
513A.T,816,817,800,800,471231
5142.T,1815,1825,1758,1758,72100
514A.T,469,469,469,469,0
515A.T,500,500.3,500,500.3,22190
5161.T,3590,3590,3450,3460,166700
5162.T,803,806,800,806,1900
516A.T,2023,2330,1971,1990,210
517A.T,2391,2391,1972,1972,1806
5184.T,4120,4120,4075,4075,22800
5185.T,2000,2000,1960,1961,70000
5186.T,6900,6900,6570,6570,46300
5187.T,1150,1150,1115,1115,7100
5189.T,3530,3605,3465,3465,5500
518A.T,2119,2157,2063,2088,12518
5192.T,4365,4395,4265,4270,64600
5194.T,642,645,640,640,2600
5195.T,2445,2445,2382,2385,47900
5199.T,1985,1985,1985,1985,600
519A.T,507,507,497,500,5400
5201.T,5657,5658,5452,5452,1339700
5202.T,493,494,492,493,2652400
5204.T,3060,3075,3050,3050,3200
5208.T,2592,2632,2519,2519,241400
520A.T,495,546,428,473,2735400
5210.T,2934,2936,2890,2890,24200
5214.T,4761,4839,4686,4686,681600
5216.T,153,155,152,152,70900
5218.T,1730,1765,1625,1625,150200
521A.T,2023,2024,1997,2006,55067
522A.T,3020,3020,3020,3020,0
5232.T,5445,5601,5395,5497,181200
5233.T,4180,4225,4147,4150,409200
5237.T,1218,1231,1214,1214,11500
523A.T,1781,1862,1762,1771,136100
5240.T,202,205,196,197,201500
5242.T,2470,2610,2458,2556,17200
5243.T,3005,3020,2900,2910,189600
5244.T,175,177,174,175,100300
5246.T,818,842,815,821,290700
5247.T,559,563,553,553,2800
5248.T,506,510,502,502,9000
5249.T,1253,1253,1253,1253,0
524A.T,1988,1988,1988,1988,0
5250.T,1030,1060,1030,1045,1400
5252.T,800,850,800,830,92300
5253.T,1754,1754,1636,1667,2162700
5254.T,4055,4125,4015,4075,17400
5255.T,90,90,88,90,217300
5256.T,2753,2776,2711,2770,900
5257.T,2851,2852,2851,2851,600
5258.T,428,431,419,419,63500
525A.T,1663,1663,1663,1663,0
5261.T,7640,7640,7570,7570,4600
5262.T,1163,1164,1145,1145,173400
5268.T,919,919,877,877,21000
5269.T,368,368,361,361,147000
526A.T,2320,2320,2256,2265,554
5271.T,2192,2192,2191,2191,500
5273.T,2039,2039,1997,2000,29000
5279.T,1195,1204,1195,1195,2700
527A.T,1673,1673,1673,1673,0
5280.T,2222,2236,2220,2220,9200
5282.T,421,425,417,418,59900
5283.T,3170,3170,3165,3165,400
5284.T,2243,2244,2232,2238,4000
5285.T,1372,1383,1356,1367,22400
5287.T,882,883,861,861,7900
5288.T,1503,1503,1480,1480,235500
528A.T,1080,1080,1080,1080,0
5290.T,1176,1179,1163,1165,70300
5301.T,1850,1887,1812,1812,1163700
5302.T,5070,5080,4970,4970,40400
5304.T,2601,2601,2536,2549,20600
530A.T,1780,1790,1780,1790,32
5310.T,7130,7140,6800,6800,74900
531A.T,2351,2351,2296,2296,297
532A.T,2303,2306,2302,2302,31
5331.T,3555,3560,3460,3480,151000
5332.T,6000,6000,5804,5804,758200
5333.T,5251,5300,4985,5025,1020500
5334.T,7932,7937,7428,7444,1465600
5337.T,825,855,820,820,2900
533A.T,2226,2307,2218,2307,109
5341.T,144,148,142,146,36900
5344.T,58420,58420,56140,56140,120000
534A.T,2417,2417,2307,2313,1658
5351.T,2050,2050,2021,2021,78100
5355.T,668,668,663,665,5100
5356.T,1298,1298,1267,1270,6200
5357.T,1766,1766,1753,1753,24300
535A.T,2116,2116,2113,2113,44
5363.T,685,686,677,677,63300
5367.T,1390,1407,1325,1325,144400
5368.T,1025,1025,1005,1005,12500
536A.T,2205,2251,2198,2198,98
537A.T,1144,1144,1106,1106,598
5380.T,1230,1355,1230,1355,7100
5381.T,985,1014,953,955,324500
5384.T,3375,3460,3285,3285,278100
5388.T,1348,1352,1323,1323,4000
538A.T,4730,4730,4688,4688,1496
5391.T,1495,1509,1486,1486,9500
5393.T,3355,3382,3265,3265,264300
539A.T,4800,4800,4783,4783,56
5401.T,694.3,696,677.9,677.9,37487400
5406.T,2048,2050,2001,2001,1469800
5408.T,650,650,638,640,251100
540A.T,2110,2120,2068,2085,55376
5410.T,3145,3160,3095,3100,71300
5411.T,1856,1856.5,1817,1823.5,6555300
541A.T,1132,1132,1100,1109,230
5423.T,1696,1711,1685,1685,192300
542A.T,1051,1051,1047,1050,5500
543A.T,275,275,271,271,20543900
5440.T,2026,2026,1986,1986,76000
5444.T,12250,12310,12030,12030,114200
5445.T,2048,2059,2016,2016,56800
5446.T,1112,1112,1083,1090,2000
5449.T,2599,2625,2540,2550,32900
544A.T,340,340,328,330,848900
5451.T,1416,1416,1398,1398,150500
5458.T,1353,1356,1353,1356,600
545A.T,994,994,985,985,82600
5461.T,2144,2145,2124,2129,79800
5463.T,1757,1757.5,1728.5,1728.5,455100
5464.T,935,940,931,931,21700
546A.T,2463,2477,2364,2365,215100
5471.T,2383,2438.5,2333,2333,955000
547A.T,429,432,422,422,2230600
5480.T,5450,5450,5360,5360,53600
5482.T,3250,3265,3195,3205,236100
5484.T,4445,4445,4445,4445,0
548A.T,940,956,938,938,14900
5491.T,916,920,906,906,21400
549A.T,516,518,511,517,16500
550A.T,2183,2391,2183,2351,9900
551A.T,811,811,811,811,0
5527.T,749,750,740,740,12100
552A.T,2420,2420,2393,2406,3803
5532.T,3595,3600,3495,3495,10100
5533.T,2040,2040,2031,2031,300
5534.T,850,850,850,850,0
5535.T,299,299,284,286,397500
5537.T,3420,3455,3280,3290,67700
5541.T,2609,2623,2538,2539,139600
5542.T,925,936,922,926,4100
554A.T,1544,1544,1468,1490,11900
555A.T,2000,2000,2000,2000,0
5563.T,436,437,424,425,554100
556A.T,2312,2316,2249,2249,28100
5570.T,644,657,640,640,10800
5571.T,1020,1020,1020,1020,100
5572.T,2900,2963,2834,2834,52400
5574.T,2990,3095,2967,2968,158600
5575.T,1136,1149,1115,1120,15000
5576.T,3015,3025,3015,3020,1300
5578.T,888,893,872,880,24200
557A.T,2150,2150,2150,2150,0
5580.T,1591,1591,1568,1587,600
5581.T,193,193,193,193,0
5582.T,2101,2186,2093,2148,32900
5586.T,937,950,921,933,71600
5587.T,790,795,789,790,12200
5588.T,840,841,820,820,8200
5589.T,2990,2998,2956,2956,2900
558A.T,5750,5780,5500,5610,20600
5590.T,750,759,729,729,139500
5591.T,888,896,872,887,17600
5592.T,2660,2690,2644,2652,41600
5597.T,1454,1498,1406,1417,102100
5598.T,3200,3200,3200,3200,0
5599.T,1028,1028,995,995,9400
559A.T,1151,1162,1148,1157,7600
5602.T,1686,1686,1650,1656,294200
5603.T,1307,1319,1301,1301,3200
5609.T,914,915,907,912,8100
560A.T,1123,1123,1123,1123,0
5612.T,1600,1615,1592,1592,7000
5616.T,663,663,637,654,5900
5618.T,288,288,287,288,300
5619.T,857,857,857,857,0
561A.T,5000,5000,5000,5000,0
5620.T,2200,2200,2200,2200,0
5621.T,1588,1588,1530,1539,18200
5622.T,1200,1200,1200,1200,0
562A.T,1000,1000,1000,1000,0
5631.T,7313,7313,7050,7050,637500
5632.T,2311,2328,2244,2247,140200
563A.T,1030,1030,1018,1023,2164636
5644.T,7280,7310,7220,7230,8600
564A.T,1071,1071,1063,1063,403
5658.T,406,406,400,400,32900
5659.T,1412,1412,1372,1372,63500
565A.T,961,961,961,961,0
566A.T,2306,2306,2276,2276,47
567A.T,3000,3000,3000,3000,0
568A.T,167.7,168.8,166,166,121840
5695.T,3005,3005,3005,3005,0
5697.T,822,825,812,812,3500
5698.T,750,752,728,728,185200
5699.T,1590,1624,1590,1618,1600
569A.T,178,178.3,175.8,175.8,32320
5702.T,1846,1855,1780,1780,222900
5703.T,3000,3025,2930,2930,320500
5704.T,392,395,391,391,1700
5706.T,25700,26240,24905,24905,1154100
5707.T,1020,1056,993,995,706000
570A.T,903.1,903.1,901.5,901.7,48130
5711.T,5275,5352,5085,5107,1694500
5713.T,9999,10285,9767,9767,2275700
5714.T,9298,9365,9001,9001,370800
5715.T,4255,4360,4160,4180,245500
571A.T,499.7,500.4,498.5,498.5,351490
5721.T,56,57,54,55,1090700
5724.T,3225,3340,3100,3100,102200
5726.T,2657,2727,2648,2654,506600
5729.T,1774,1778,1719,1719,14400
572A.T,498.9,499.1,497.6,497.6,282190
573A.T,496,498.4,493.6,498,177350
5741.T,2265,2278,2210,2211,854100
5742.T,750,751,744,744,3300
574A.T,887,887,887,887,0
5753.T,2527,2539,2525,2530,1900
5757.T,5070,5120,4840,4890,13800
575A.T,1919,1922,1882,1882,71800
576A.T,995,1141,995,1120,60618
577A.T,250.4,252.7,248.7,248.7,10170
578A.T,257,257.9,254.3,254.3,27220
579A.T,1059,1059,1025,1025,5102
5801.T,3820,3931,3666,3666,16024900
5802.T,2161,2180.5,2071,2071,16687600
5803.T,5185,5387,5083,5083,34477000
5805.T,14030,14270,13610,13610,207400
580A.T,1023,1034,1010,1011,13985
5816.T,1460,1470,1440,1440,12200
5817.T,1090,1107,1061,1061,53400
5819.T,1755,1755,1736,1736,4500
581A.T,3515,3530,3380,3480,4109100
5820.T,826,851,826,840,53600
5821.T,3160,3160,3030,3030,43900
5830.T,3913,3974,3818,3818,1015300
5831.T,3602,3637,3560,3562,1672500
5832.T,3478,3512,3437,3438,445600
5834.T,2780,2845,2754,2809,68000
5838.T,6522,6607,6393,6523,821600
583A.T,2000,2000,2000,2000,0
5840.T,505,505,505,505,0
5842.T,3005,3085,2986,3035,59500
5843.T,2313,2367,2300,2334,9100
5844.T,4899,4949,4820,4820,728900
5845.T,1205,1217,1200,1200,52900
584A.T,2719,2848,2701,2728,146400
5851.T,2795,2795,2704,2704,114700
5852.T,692,692,673,673,121200
5857.T,3740,3835,3675,3675,514800
5858.T,1171,1180,1151,1165,2800
585A.T,1081,1083,1060,1060,742
5866.T,300,300,300,300,0
5867.T,1324,1324,1310,1310,900
5868.T,1058,1058,1051,1051,7800
5869.T,1270,1270,1252,1260,6800
586A.T,247.6,251.5,245.7,248.9,1145370
5870.T,904,904,884,884,2900
5871.T,1369,1410,1359,1380,9700
587A.T,110800,111150,110400,110700,264
5884.T,638,647,625,627,12800
5885.T,3505,3565,3435,3455,55600
5888.T,2882,2890,2856,2887,3300
5889.T,2642,2684,2623,2652,121200
5890.T,3500,3500,3500,3500,0
5891.T,1677,1699,1674,1688,3700
5892.T,2567,2567,2411,2411,97400
5893.T,510,510,510,510,0
589A.T,1341,1351,1327,1327,15300
5900.T,862,862,862,862,200
5901.T,4517,4553,4485,4508,234700
5902.T,2700,2710,2666,2666,21900
5905.T,1360,1361,1360,1361,600
5906.T,779,795,778,795,3200
5909.T,951,955,950,950,9400
590A.T,1321,1335,1270,1270,231900
5911.T,2955,2985,2941,2973,90800
5915.T,2480,2492,2439,2459,5000
5918.T,8040,8040,8000,8000,300
591A.T,255,255,255,255,0
5921.T,4430,4445,4400,4440,1700
5922.T,20590,20590,20150,20150,400
5923.T,1167,1180,1167,1172,1700
5928.T,290,290,288,288,5300
5929.T,3566,3571,3510,3510,435700
5930.T,1913,1924,1894,1894,89000
5932.T,647,649,641,641,74500
5933.T,1118,1123,1112,1116,28600
5936.T,923,923,916,917,2200
5938.T,1754.5,1755,1740,1744.5,1741100
5939.T,4765,4770,4740,4740,1900
593A.T,2533,2583,2273,2354,72167600
5940.T,757,762,752,752,9200
5941.T,2727,2728,2650,2699,3000
5942.T,635,635,625,629,59300
5943.T,2300,2301,2269,2269,54900
5945.T,2295,2295,2270,2270,3600
5946.T,2107,2114,2056,2056,44500
5947.T,3510,3517,3491,3491,246100
5949.T,1351,1352,1306,1306,175100
594A.T,430,430,430,430,0
5950.T,157,157,154,154,9000
5951.T,1194,1202,1170,1170,9200
5952.T,191,193,190,192,12300
5955.T,83,84,81,81,1301400
5956.T,572,574,572,572,1300
5957.T,767,771,760,760,85900
5958.T,4505,4505,4485,4490,800
5959.T,947,948,939,939,63900
595A.T,452,452,452,452,0
5962.T,2080,2080,2074,2074,400
5965.T,1227,1227,1199,1201,18600
5966.T,2647,2700,2647,2700,1500
5967.T,468,468,459,460,18500
5969.T,1206,1216,1192,1200,400
5970.T,2252,2252,2171,2173,146000
5971.T,8440,8700,8440,8700,1500
5973.T,613,617,613,614,600
5974.T,840,840,840,840,0
5975.T,3355,3365,3220,3220,86500
5976.T,1492,1492,1469,1469,62500
597A.T,1000,1000,1000,1000,0
5981.T,1870,1870,1803,1810,110100
5982.T,4135,4160,4120,4160,1700
5983.T,13450,13450,13120,13420,1500
5984.T,795,799,775,780,10200
5985.T,2171,2234,2111,2121,605500
5986.T,258,258,255,258,26100
5987.T,1649,1649,1640,1640,600
5988.T,1690,1695,1659,1663,83000
5989.T,1485,1485,1424,1426,212200
598A.T,1655,1758,1623,1638,294200
5990.T,1951,1951,1951,1951,300
5991.T,3358,3379,3261,3261,720300
5992.T,3675,3695,3660,3665,14500
5994.T,1055,1060,1023,1049,4800
5997.T,884,896,868,868,1800
5998.T,2741,2741,2649,2649,7300
599A.T,300,300,300,300,0
6005.T,3213,3227,3181,3184,278400
600A.T,1908,1908,1877,1878,518
6013.T,2999,3000,2961,2965,213800
6016.T,11300,11690,11150,11420,128200
6018.T,6200,6200,6200,6200,100
601A.T,378,378,378,378,0
6022.T,2898,2898,2898,2898,100
6023.T,3360,3390,3280,3280,156700
6027.T,5000,5090,4860,4955,236700
6029.T,185,186,185,186,2600
602A.T,560,560,560,560,0
6030.T,1681,1695,1650,1670,14300
6031.T,299,299,289,289,55900
6033.T,1698,1728,1692,1693,35400
6034.T,608,614,595,609,19400
6035.T,727,730,721,721,28900
6036.T,3545,3615,3505,3590,145700
6037.T,1080,1090,1071,1076,31500
6038.T,818,818,811,815,5800
6039.T,1011,1017,995,996,44700
603A.T,1098,1133,1074,1089,1525700
6040.T,465,465,460,462,13100
6042.T,3890,3920,3850,3915,500
6044.T,1867,1883,1864,1864,3100
6045.T,2202,2217,2154,2161,19000
6046.T,153,155,152,153,37100
6047.T,395,397,380,388,224700
6049.T,255,256,255,256,2800
604A.T,1187,1245,1127,1194,547000
6050.T,1804,1804,1795,1795,14600
6054.T,112,114,112,112,17300
6055.T,2230,2317,2196,2196,829000
6058.T,2026,2041,1971,2017,585800
6059.T,363,365,358,365,12600
605A.T,199.5,199.5,195.6,198,31080
6061.T,3155,3170,3100,3135,3700
6062.T,1410,1414,1393,1393,89400
6063.T,972,996,972,994,1200
6069.T,688,688,675,675,13900
606A.T,21250,21840,20305,21080,5720
6070.T,2544,2557,2520,2525,25000
6071.T,900,901,847,853,635600
6072.T,1049,1069,1030,1032,361800
6073.T,1527,1535,1521,1521,10000
6074.T,518,518,510,513,11000
6078.T,1553,1555,1535,1553,28000
607A.T,270,308,262,267,6857300
6080.T,4100,4120,4065,4075,43900
6081.T,160,160,154,157,123900
6082.T,1008,1009,1004,1008,22300
6083.T,1625,1626,1583,1595,51800
6085.T,205,211,167,170,8381500
6086.T,1015,1021,1001,1010,33900
6087.T,3585,3595,3585,3585,2700
6088.T,547,561,546,555,737200
6089.T,1149,1150,1138,1140,32500
608A.T,1475,1477,1454,1459,7734
6090.T,628,628,610,617,7700
6091.T,883,895,882,891,385700
6092.T,837,838,825,825,22300
6093.T,161,161,159,160,35700
6094.T,552,565,540,550,62200
6098.T,15910,16055,15615,15690,3086400
6099.T,723,727,717,722,60100
609A.T,1094,1109,1072,1092,33440
6101.T,5190,5210,4825,4850,379600
6103.T,4650,4690,4320,4320,457000
6104.T,4380,4415,4225,4225,112800
610A.T,1035,1038,1020,1020,51985
6113.T,2542.5,2548,2397,2397,1956300
6118.T,1257,1295,1255,1279,389800
611A.T,1002,1008,1002,1008,20
6125.T,4860,4895,4700,4700,36900
612A.T,10100,10100,10100,10100,0
6134.T,7088,7130,6690,6690,563000
6135.T,15360,15400,14780,14850,145400
6136.T,3600,3614,3420,3425,483500
6137.T,1557,1557,1524,1527,19500
6138.T,2025,2050,1971,1971,8500
613A.T,1912,1917,1910,1910,4540
6140.T,1185,1187,1134,1134,517600
6141.T,2900,2900,2755,2758,2170300
6143.T,1771,1774,1623,1623,614700
6144.T,2841,2850,2841,2850,400
6145.T,2465,2524,2444,2462,125500
6146.T,56720,57270,53890,53890,1419500
6147.T,196,237,193,193,354200
6149.T,2244,2244,2206,2217,7200
614A.T,1468,1468,1468,1468,0
6150.T,2804,2804,2784,2784,2000
6151.T,1744,1749,1717,1717,11400
6155.T,545,545,539,541,1700
6156.T,1873,1873,1845,1846,7400
6157.T,825,825,813,813,84700
6158.T,1030,1034,1020,1023,3300
6159.T,1910,1910,1885,1903,2300
615A.T,305,305,305,305,0
6161.T,1070,1070,1027,1051,18900
6165.T,554,554,537,537,46400
6166.T,679,691,662,662,140700
6167.T,1005,1013,978,978,58100
616A.T,568,568,568,568,0
6171.T,374,374,372,373,10000
6176.T,1167,1170,1120,1130,360300
6177.T,85,87,84,86,208000
6178.T,2484.5,2485,2443,2445,4244300
617A.T,2679,2679,2679,2679,0
6180.T,3845,3845,3845,3845,100
6181.T,94,94,92,92,30700
6182.T,515,519,512,512,18000
6183.T,1370,1373,1359,1359,187500
6184.T,565,575,564,570,84200
6185.T,366,367,366,367,2600
6186.T,377,377,373,375,3500
6189.T,1011,1019,1005,1019,12900
6190.T,334,334,319,319,13100
6191.T,778,798,771,785,115500
6193.T,1221,1221,1193,1193,6300
6194.T,851,853,839,841,159800
6195.T,202,203,201,202,14300
6196.T,1404,1412,1389,1394,319300
6198.T,207,207,204,204,1700
6199.T,1306,1332,1304,1319,9800
6200.T,716,718,711,716,238500
6203.T,2132,2312,1973,2148,18052800
6208.T,1690,1728,1666,1666,86200
6209.T,3905,3905,3800,3800,117200
6217.T,778,787,766,766,51000
6218.T,663,666,660,662,7000
6222.T,953,954,923,923,141700
6223.T,1972,1983,1926,1926,26600
6224.T,1222,1230,1201,1202,28500
6226.T,2205,2239,2181,2220,109800
6227.T,6540,6780,6430,6500,800300
6228.T,547,547,533,533,36100
6229.T,1517,1519,1494,1500,10600
6230.T,2161,2174,2160,2160,700
6231.T,12390,12520,11980,12060,16200
6232.T,1451,1459,1381,1381,1047400
6233.T,401,402,396,399,7100
6235.T,2591,2592,2450,2450,257400
6237.T,4020,4025,3770,3770,111200
6238.T,1415,1437,1410,1417,83100
6239.T,1460,1493,1418,1418,6600
6240.T,532,535,529,529,196000
6245.T,1940,1968,1851,1858,71000
6246.T,1838,1858,1836,1836,3600
6247.T,1700,1707,1687,1687,44600
6248.T,1712,1715,1710,1715,500
6249.T,2843,2844,2822,2839,2400
6250.T,4460,4460,4310,4310,133500
6254.T,3505,3510,3340,3340,468500
6255.T,656,668,635,638,189500
6257.T,1024,1024,1018,1018,12900
6258.T,3690,3775,3585,3585,438000
6262.T,522,523,513,514,88300
6264.T,1983,2019,1933,1933,409100
6265.T,3030,3085,3030,3085,600
6266.T,3635,3720,3475,3475,207100
6267.T,4040,4040,4040,4040,700
6268.T,4615,4636,4337,4337,1039500
6269.T,9722,9850,9451,9451,635600
6272.T,1545,1549,1500,1500,52900
6273.T,67680,68360,65650,65650,203400
6276.T,377,380,361,366,96800
6277.T,5470,5580,5440,5470,44300
6278.T,13700,13840,13000,13000,176200
6279.T,917,923,914,914,13300
6282.T,2890,2891,2842,2842,122800
6284.T,8620,8640,8280,8280,33900
6286.T,1527,1527,1495,1509,4500
6287.T,2750,2756,2682,2685,105400
6289.T,1841,1858,1840,1847,54300
6291.T,1336,1342,1324,1331,26000
6292.T,858,859,850,858,700
6294.T,1969,1970,1956,1959,15300
6298.T,1353,1364,1310,1310,150100
6301.T,7596,7675,7390,7390,2743700
6302.T,5915,5939,5587,5587,597400
6305.T,5980,6031,5750,5750,1267000
6306.T,998,998,982,985,93900
6307.T,495,498,488,498,16900
6309.T,2056,2056,2000,2000,101900
6310.T,2033,2033,1902,1902,249500
6315.T,2300,2301,2187,2187,2432600
6316.T,3000,3000,2903,2944,5800
6317.T,1790,1790,1728,1728,32700
6322.T,1592,1592,1592,1592,100
6323.T,3800,3877,3655,3655,874000
6324.T,5960,6030,5700,5700,1110000
6325.T,416,420,415,416,1100
6326.T,2893.5,2926.5,2782,2789.5,4492100
6327.T,3170,3240,3100,3100,138200
6328.T,2414,2414,2376,2376,63200
6330.T,2655,2837,2602,2714,9829900
6331.T,3315,3380,3235,3235,97700
6332.T,2828,2828,2738,2738,127000
6333.T,3400,3405,3360,3360,30700
6334.T,500,502,494,496,4000
6335.T,599,605,591,593,16500
6336.T,1922,1960,1862,1893,49600
6337.T,3630,3675,3470,3470,40400
6338.T,1675,1710,1662,1690,10800
6339.T,1192,1192,1151,1151,191300
6340.T,5300,5430,5140,5150,49100
6342.T,2935,2953,2903,2903,1600
6343.T,147,149,147,147,39600
6345.T,1460,1473,1444,1444,116100
6346.T,5670,5670,5670,5670,0
6347.T,251,251,247,248,7900
6349.T,1998,2007,1988,1989,179000
6351.T,2608,2614,2504,2504,54900
6356.T,1345,1345,1300,1301,80200
6357.T,2718,2779,2686,2686,66200
6358.T,2151,2159,2131,2131,17200
6360.T,4660,4660,4660,4660,100
6361.T,4623,4625,4397,4397,2928700
6363.T,3025,3025,2882,2882,216200
6364.T,2485,2507,2460,2465,48400
6365.T,5650,5650,5600,5640,600
6366.T,725,735,713,713,1301300
6367.T,20605,20715,20430,20460,733900
6368.T,12910,12960,12415,12415,168100
6369.T,2431,2467,2431,2443,62200
6370.T,7826,7847,7499,7499,505500
6371.T,2691,2712,2624,2624,114100
6376.T,3575,3585,3405,3405,449600
6378.T,1202,1210,1173,1173,100700
6379.T,2962,2997,2935,2972,117400
6380.T,4185,4235,4030,4035,26500
6381.T,1992,2004,1947,1952,103400
6382.T,1239,1239,1222,1222,13200
6383.T,5730,5747,5545,5545,1383200
6384.T,1710,1717,1672,1714,16900
6387.T,9000,9090,8540,8550,80300
6390.T,1331,1331,1311,1311,67600
6391.T,4735,4780,4690,4690,1100
6392.T,7930,7930,7930,7930,100
6393.T,3050,3050,3015,3050,700
6395.T,1419,1426,1360,1362,219000
6396.T,4495,4495,4425,4490,500
6400.T,289,289,281,281,34800
6402.T,1619,1619,1600,1609,1700
6405.T,1252,1254,1226,1229,21500
6407.T,5420,5440,5050,5050,407200
6408.T,4235,4250,4235,4250,800
6412.T,2156,2159,2138,2138,167900
6413.T,1072,1074,1048,1049,97100
6417.T,1981.5,2020.5,1975,2011.5,785000
6418.T,1226,1229,1183,1184,119900
6419.T,3190,3200,3165,3175,37100
6420.T,3525,3530,3480,3480,32800
6424.T,904,904,902,902,800
6425.T,733,738,710,710,249300
6428.T,325,325,323,323,7200
6430.T,2461,2467,2436,2438,44100
6432.T,7660,7740,7210,7240,288300
6433.T,1109,1148,1100,1100,50100
6436.T,3947,3958,3887,3888,169200
6440.T,725,734,705,710,374100
6444.T,188,189,184,186,83300
6445.T,1369,1369,1340,1340,27000
6448.T,4688,4699,4450,4450,913700
6454.T,1885,1907,1876,1876,189300
6455.T,2461,2473,2441,2454,60100
6457.T,4556,4558,4403,4403,138300
6458.T,1256,1259,1232,1232,182500
6459.T,1655,1667,1636,1638,69900
6460.T,3100,3165,3086,3132,604900
6463.T,1618,1618,1518,1521,147200
6464.T,360,364,342,342,349300
6465.T,5450,5466,5419,5450,280100
6466.T,3810,3810,3715,3715,5600
6467.T,341,343,340,341,4900
6469.T,2979,2994,2862,2869,40400
6470.T,1116,1116,1034,1042,299400
6471.T,1115,1118,1057,1060.5,4062600
6472.T,396,398,370,370,4372200
6473.T,2175,2178.5,2010.5,2010.5,1988700
6474.T,5530,5530,5200,5200,52900
6479.T,3433,3438,3326,3326,2695900
6480.T,1758,1759,1641,1644,870900
6481.T,6421,6423,6030,6050,1024600
6482.T,720,722,705,705,52700
6484.T,2225,2240,2225,2230,600
6485.T,1638,1646,1606,1610,22300
6486.T,3020,3035,2916,2916,164300
6488.T,1035,1055,1027,1035,19000
6490.T,9680,9720,9160,9160,74200
6492.T,14480,14890,14010,14150,10500
6493.T,495,495,481,482,123700
6494.T,96,99,96,96,303300
6495.T,113,113,111,111,172600
6496.T,5600,5600,5490,5490,900
6497.T,1469,1479,1465,1465,1500
6498.T,1940,1964,1892,1896,473400
6501.T,5300,5312,5187,5187,7749800
6503.T,5325,5325,5066,5066,6387400
6504.T,13385,13420,12710,12760,664600
6505.T,2455,2455,2400,2400,31000
6506.T,4640,4640,4456,4456,3240200
6507.T,12080,12180,11580,11580,143100
6508.T,11060,11150,10350,10410,256700
6513.T,1289,1289,1245,1245,34500
6516.T,5260,5260,5060,5070,100100
6517.T,4025,4055,3910,3910,66500
6518.T,1748,1750,1680,1685,26200
6521.T,3200,3305,3070,3120,196700
6522.T,1700,1734,1570,1611,2107700
6523.T,1364,1372,1288,1290,717100
6524.T,4800,4845,4615,4630,152300
6525.T,8935,9445,8778,8782,10271800
6526.T,2000,2014,1901.5,1901.5,4493300
6532.T,7400,7471,7315,7335,613600
6533.T,1149,1149,1123,1123,21500
6535.T,515,515,509,510,176100
6537.T,306,308,298,300,32700
6538.T,250,253,247,252,27500
6539.T,995,1003,992,997,43600
6540.T,1520,1520,1503,1503,21900
6543.T,1224,1224,1210,1221,2200
6544.T,1471.5,1494,1464.5,1473,508700
6545.T,802,818,800,800,8000
6546.T,1188,1188,1183,1183,500
6547.T,2180,2229,2168,2195,50900
6548.T,131,134,127,133,64700
6549.T,1135,1150,1115,1123,4200
6551.T,615,621,612,613,12100
6552.T,176,176,173,173,35300
6554.T,1116,1126,1110,1116,10500
6555.T,429,435,429,435,1800
6557.T,749,769,748,753,14700
6558.T,667,667,666,666,200
6560.T,1870,1870,1838,1838,16700
6561.T,840,846,839,841,7600
6562.T,975,984,957,961,47200
6563.T,458,458,450,454,10400
6564.T,1961,1989,1941,1941,53700
6566.T,1256,1256,1256,1256,0
6568.T,1245,1247,1241,1241,4400
6570.T,3970,4050,3515,3550,142600
6571.T,1291,1292,1281,1282,39400
6572.T,270,278,268,272,213500
6573.T,28,29,27,28,554400
6574.T,119,121,117,117,327600
6577.T,1962,1965,1952,1965,2700
6578.T,470,472,470,470,2100
6579.T,353,354,347,353,1100
6580.T,871,872,859,865,10600
6584.T,784,784,756,756,469600
6586.T,5275,5300,5201,5201,563800
6588.T,2940,2940,2801,2801,179700
6590.T,4040,4120,3910,3910,916600
6592.T,1751,1753,1677.5,1677.5,1144400
6594.T,2777,2793,2712,2722,4729900
6596.T,990,990,990,990,0
6597.T,3610,3705,3560,3615,52300
6599.T,3950,3950,3795,3810,9200
6612.T,600,600,599,599,800
6613.T,2004,2078,1932,1933,2657300
6614.T,874,900,864,864,8500
6615.T,244,244,236,236,51700
6616.T,1932,1952,1846,1848,130300
6617.T,6920,6960,6500,6500,92400
6619.T,168,169,161,161,2420500
6620.T,705,713,701,702,35000
6622.T,12770,12930,12090,12110,165400
6625.T,377,382,374,377,112300
6626.T,2488,2490,2360,2360,21800
6627.T,11280,11620,10600,10600,73400
6629.T,1014,1017,977,978,128400
6630.T,784,801,777,801,141100
6632.T,984,987.4,955.8,955.8,1602300
6633.T,318,318,315,316,8900
6634.T,71,75,71,72,206500
6635.T,665,668,651,651,16300
6637.T,4410,4450,4245,4245,40300
6638.T,1926,1944,1840,1840,79600
6643.T,5880,5880,5670,5670,4900
6644.T,1500,1500,1437,1437,291300
6645.T,6286,6350,5952,5980,1036600
6647.T,3400,3400,3385,3385,300
6648.T,1679,1680,1631,1639,28800
6651.T,4430,4435,4265,4265,65200
6652.T,3650,3650,3555,3555,106900
6653.T,2178,2188,2073,2073,102100
6654.T,1076,1080,1076,1077,3900
6656.T,840,840,814,814,32500
6658.T,452,454,446,446,40000
6659.T,52,54,50,51,5362500
6662.T,226,227,224,224,4000
6663.T,315,316,310,312,10000
6664.T,251,262,250,262,5400
6666.T,808,813,763,768,50400
6668.T,4035,4050,3800,3800,58800
6674.T,5193,5198,4981,4981,675200
6675.T,2171,2171,2150,2151,27000
6676.T,3105,3105,3045,3045,29200
6677.T,3270,3270,3175,3175,119800
6678.T,2035,2042,2022,2023,7200
6694.T,777,822,777,810,30500
6696.T,328,329,318,324,16800
6699.T,514,514,501,501,103200
6701.T,4571,4633,4563,4579,3811500
6702.T,3782,3797,3752,3775,3571100
6703.T,2754,2779,2636,2636,472500
6706.T,3270,3315,3220,3220,56900
6707.T,7082,7082,6771,6771,110200
6718.T,2862,2869,2849,2849,21900
6721.T,73,76,73,75,230300
6723.T,3411,3432,3243,3252,11569400
6724.T,3143,3149,2969.5,2972,1389800
6727.T,826,827,794,797,777100
6728.T,7299,7378,7030,7030,353300
6730.T,1191,1198,1134,1141,317500
6731.T,107,107,105,106,71200
6736.T,9100,9330,8930,9050,20900
6737.T,3125,3125,2997,2997,148900
6740.T,47,48,46,46,10595200
6741.T,1806,1809,1761,1762,165600
6742.T,1005,1014,953,960,276300
6743.T,1027,1027,1010,1010,9000
6744.T,4125,4125,4020,4020,87300
6745.T,1891,1911,1869,1869,97700
6748.T,789,789,774,774,15500
6750.T,2000,2013,1960,1977,158400
6752.T,4351,4369,4157,4164,6957900
6753.T,637,639.8,625.5,625.5,2549700
6754.T,3200,3229,3072,3085,888500
6757.T,882,882,866,881,2200
6758.T,3760,3768,3654,3654,17024000
6762.T,2940,2949,2771,2775,10293800
6763.T,2811,2820,2756,2756,19600
6768.T,790,794,754,754,1022400
6769.T,1217,1260,1192,1193,131600
6770.T,2249,2256,2069.5,2069.5,2834500
6771.T,678,679,663,663,4500
6772.T,1077,1077,1055,1074,500
6775.T,132,132,130,131,151200
6776.T,290,290,287,289,12600
6777.T,19600,20050,19010,19010,94000
6778.T,672,678,665,668,9000
6779.T,2672,2683,2491,2519,619500
6785.T,3170,3170,3035,3035,90700
6786.T,49,50,49,49,54700
6787.T,19900,19950,18700,18820,289400
6788.T,4935,4985,4925,4940,9100
6794.T,3005,3030,2892,2902,112200
6797.T,1232,1232,1212,1220,1400
6798.T,3270,3290,3180,3220,25800
6800.T,3860,3885,3700,3710,111400
6803.T,99,99,98,99,327200
6804.T,2621,2628,2542,2542,223100
6806.T,24910,24910,23695,23735,168100
6807.T,2500,2500,2433,2433,191300
6809.T,1750,1755,1714,1714,86500
6810.T,2544,2561,2461,2461,208100
6814.T,8000,8010,7590,7590,245300
6817.T,1209,1212,1170,1170,171500
6819.T,481,482,479,482,7300
6820.T,3490,3490,3375,3375,14500
6822.T,5000,5070,4995,5000,3700
6823.T,3295,3295,3205,3210,48900
6824.T,4235,4395,4235,4360,13500
6832.T,2378,2458,2331,2331,31000
6834.T,5440,5520,5090,5100,639000
6835.T,261,261,255,255,140700
6836.T,820,847,819,826,6000
6837.T,372,373,361,361,37300
6838.T,1547,1588,1504,1516,189000
6840.T,832,849,805,805,427900
6841.T,4650,4690,4503,4518,919100
6844.T,3050,3060,2907,2907,169200
6845.T,1476,1482.5,1451,1451,1271700
6848.T,869,869,864,866,3100
6849.T,1502.5,1502.5,1483.5,1490,475900
6850.T,1695,1700,1664,1664,26800
6853.T,763,763,751,751,15700
6855.T,6600,6920,6460,6480,605600
6856.T,22580,22755,21610,21610,168200
6857.T,34030,35690,33800,33800,9667100
6858.T,847,853,841,841,55000
6859.T,3975,4040,3890,3890,63200
6861.T,78500,79580,76760,76760,414600
6862.T,4560,4690,4335,4350,393200
6863.T,1007,1007,985,985,30600
6864.T,1600,1601,1552,1556,47400
6866.T,10300,10370,9960,9960,34100
6867.T,414,414,408,408,7300
6869.T,1880,1895,1840.5,1845,2407400
6870.T,2174,2194,2173,2187,1400
6871.T,12790,13140,12310,12310,830700
6874.T,2345,2347,2333,2333,2100
6875.T,11030,11230,10530,10530,99300
6877.T,5560,5560,5380,5380,22800
6882.T,1141,1146,1114,1114,39900
6888.T,500,500,497,500,4400
6890.T,9490,9690,9120,9130,858200
6894.T,2151,2175,2150,2150,700
6897.T,686,705,670,689,187200
6898.T,5560,5560,5400,5560,12600
6899.T,2332,2332,2285,2285,6800
6902.T,1916,1916,1879,1879,7404300
6904.T,630,630,604,613,45800
6905.T,1336,1338,1291,1291,112800
6907.T,795,798,758,767,21500
6908.T,2832,2854,2771,2771,114200
6912.T,2578,2593,2461,2461,11900
6914.T,3110,3135,3000,3000,151600
6915.T,3405,3410,3320,3330,9900
6918.T,3680,3735,3550,3550,54400
6919.T,1429,1429,1416,1417,11000
6920.T,35280,35910,34620,34910,2706800
6923.T,3633,3675,3449,3449,690000
6925.T,3750,3778,3612,3623,239600
6926.T,192,195,192,195,10800
6927.T,990,992,982,982,37700
6928.T,3010,3030,2922,2922,61700
6929.T,3715,3720,3610,3610,97800
6932.T,2518,2518,2477,2487,41300
6941.T,7610,7720,7210,7210,223800
6942.T,1444,1444,1438,1439,4700
6943.T,5540,5540,5440,5440,200
6946.T,6500,6590,6110,6110,277100
6947.T,4845,4875,4755,4760,36500
6951.T,7005,7022,6805,6829,289600
6952.T,2279,2299.5,2100.5,2108.5,2360800
6954.T,6000,6003,5793,5797,4422000
6955.T,415,415,401,401,54300
6958.T,750,760,708,716,1431400
6960.T,11950,12200,11850,11860,51800
6961.T,10410,10440,9730,9740,145700
6962.T,759,760,734,734,194900
6963.T,5200,5205,4875,4875,2717800
6964.T,692,692,690,690,3100
6965.T,2330,2332.5,2225,2225,2237000
6966.T,952,953,903,903,2132400
6969.T,1018,1023,977,980,31400
6971.T,3492,3509,3397,3397,3963700
6976.T,9674,9674,9046,9046,25782200
6977.T,1400,1400,1384,1390,900
6981.T,7399,7399,7023,7023,19810700
6982.T,579,588,578,588,500
6986.T,785,798,755,755,621000
6988.T,3344,3347,3179,3179,3124800
6989.T,2454,2454,2367,2368,11500
6993.T,85,86,85,85,698100
6994.T,1201,1206,1143,1143,106900
6995.T,3140,3145,3040,3040,109600
6996.T,2653,2653,2474,2474,808200
6997.T,2822,2844,2628,2628,901100
6998.T,3660,3780,3425,3425,136400
6999.T,2234,2236,2109,2109,561900
7003.T,4450,4512,4404,4404,1566100
7004.T,1183,1190,1142,1142,1150000
7011.T,3764,3779,3708,3708,12514100
7012.T,2441.5,2453.5,2382,2385.5,15026900
7013.T,2650.5,2683,2617,2642,9969900
7014.T,5060,5070,4865,4865,1613900
7018.T,13780,13850,13150,13370,16900
7021.T,2187,2224,2187,2224,200
7022.T,343,354,341,349,98100
7030.T,983,983,975,975,4900
7031.T,692,692,691,691,400
7033.T,1584,1608,1573,1597,50200
7034.T,343,344,340,341,20900
7035.T,231,232,228,228,34000
7036.T,661,661,661,661,400
7037.T,803,813,803,813,4700
7038.T,584,588,582,582,19000
7039.T,1364,1371,1355,1371,11700
7040.T,978,979,971,972,1500
7041.T,355,355,355,355,500
7042.T,672,673,661,671,1900
7043.T,934,942,926,937,2000
7044.T,508,512,503,505,15300
7046.T,1357,1372,1350,1351,1200
7047.T,2176,2220,2152,2160,136400
7048.T,162,165,158,158,175300
7049.T,790,790,786,786,11200
7050.T,1391,1396,1364,1365,16500
7057.T,935,936,922,922,1100
7058.T,2969,2969,2932,2969,2300
7059.T,934,934,921,921,108600
7060.T,599,599,576,584,21000
7061.T,472,475,468,468,58700
7062.T,686,690,674,685,7100
7063.T,84,84,81,84,231600
7064.T,986,1025,974,1008,7100
7065.T,963,970,960,966,7700
7066.T,468,479,461,464,29200
7067.T,1055,1055,1050,1052,300
7068.T,598,599,593,595,23300
7069.T,534,542,515,529,23600
7071.T,389,395,384,392,248200
7072.T,1110,1125,1110,1118,3900
7073.T,2310,2387,2310,2387,400
7074.T,192,192,190,190,1300
7075.T,1036,1119,1016,1090,58000
7077.T,985,990,985,989,600
7078.T,344,346,343,343,14700
7079.T,2547,2575,2547,2575,300
7080.T,906,906,867,888,22800
7081.T,1290,1290,1282,1286,6400
7082.T,1407,1407,1406,1406,4500
7083.T,1115,1116,1107,1107,2300
7084.T,2995,2995,2938,2985,5000
7085.T,918,920,904,905,234100
7087.T,1435,1437,1430,1433,4000
7089.T,1441,1441,1405,1409,25800
7090.T,956,956,954,956,1400
7091.T,1274,1279,1260,1273,9600
7093.T,602,602,592,600,3100
7094.T,1876,1877,1835,1835,43400
7095.T,1260,1263,1241,1246,51200
7096.T,756,764,756,756,2300
7097.T,2754,2755,2748,2749,1600
7102.T,3600,3630,3530,3530,33300
7110.T,2040,2045,2030,2045,1200
7111.T,520,521,518,518,1600
7112.T,696,700,695,696,1300
7114.T,778,782,775,775,3100
7115.T,1498,1498,1465,1473,6300
7119.T,1959,2019,1959,2016,31700
7120.T,1001,1002,996,996,5100
7122.T,2458,2458,2402,2402,2300
7126.T,1445,1445,1436,1444,1500
7127.T,709,711,706,711,7100
7128.T,2780,2835,2780,2797,69700
7129.T,1179,1179,1175,1176,1800
7130.T,2817,2841,2810,2827,68800
7131.T,3795,3825,3765,3765,2900
7133.T,1305,1310,1301,1310,3700
7134.T,1398,1445,1381,1415,20800
7135.T,181,181,180,181,14600
7137.T,1200,1200,1200,1200,0
7138.T,148,152,146,147,462200
7139.T,4700,4700,4700,4700,0
7140.T,800,802,800,802,200
7148.T,1714,1737,1699,1717,533400
7150.T,524,533,516,516,17800
7157.T,1409,1431,1401,1415,325800
7161.T,614,614,597,598,107600
7162.T,304,305,291,291,119600
7164.T,3150,3168,3140,3162,211000
7167.T,1689,1700.5,1668,1672.5,1925500
7170.T,330,330,330,330,0
7172.T,2121,2125,2094,2102,124300
7173.T,1690,1708,1670,1670,938000
7175.T,1950,1974,1937,1937,6600
7176.T,757,757,757,757,0
7177.T,1161,1177,1149,1160,174300
7180.T,1599.5,1616.5,1576,1585.5,962900
7181.T,1713.5,1747.5,1700.5,1728.5,1651900
7182.T,3290,3353,3257,3280,4396700
7183.T,254,254,254,254,28100
7184.T,3355,3385,3265,3265,120500
7185.T,3940,3945,3920,3945,5500
7186.T,1910,1929.5,1889,1891.5,3029400
7187.T,1345,1345,1331,1332,52600
7189.T,4869,4949,4815,4815,384700
7191.T,1140,1149,1138,1146,9900
7192.T,676,683,670,679,34400
7196.T,745,747,743,746,3500
7198.T,830,842,824,840,142300
7199.T,2118,2137,2106,2111,144400
7201.T,313.3,313.8,302.5,302.5,64149700
7202.T,2200,2200.5,2129.5,2129.5,3139800
7203.T,3040,3040,2968.5,2968.5,30560900
7208.T,1303,1319,1301,1301,1000
7211.T,363.7,364,345.9,345.9,14425300
7212.T,741,746,723,734,32600
7213.T,671,672,658,658,25100
7214.T,1121,1122,1114,1114,800
7215.T,425,425,423,423,400
7217.T,454,454,450,452,1500
7218.T,1191,1191,1144,1144,4300
7219.T,2500,2500,2480,2480,1000
7220.T,2966,2967,2679,2684,1738600
7222.T,909,925,896,901,127500
7224.T,1951,1952,1889,1889,180000
7226.T,2294,2296,2270,2270,283600
7228.T,4050,4055,4020,4020,3300
7231.T,3060,3070,3010,3030,46700
7235.T,1567,1567,1515,1518,44100
7236.T,1528,1531,1470,1470,605400
7238.T,106,107,103,103,6362900
7239.T,2370,2377,2293,2294,102400
7240.T,3035,3050,2926,2926,559700
7241.T,1111,1111,1077,1079,468700
7242.T,4775,4785,4650,4655,76200
7244.T,588,588,561,563,283500
7245.T,1188,1189,1140,1140,425300
7246.T,1035,1035,993,993,479100
7247.T,375,375,360,365,92100
7254.T,831,840,814,814,16300
7255.T,504,509,500,502,19500
7256.T,443,443,425,425,112000
7259.T,2270,2277,2171,2171,2116600
7261.T,1145.5,1146,1098.5,1098.5,12911600
7264.T,1357,1357,1346,1346,2200
7265.T,3700,3710,3700,3705,400
7266.T,1009,1009,985,985,43800
7267.T,1660,1664,1608.5,1610.5,18733000
7269.T,2017,2026,1980,1980,6260800
7270.T,2597,2598.5,2539.5,2539.5,5270400
7271.T,810,813,803,803,79200
7272.T,1808.5,1824,1729.5,1739.5,9224200
7273.T,610,610,601,609,23800
7276.T,2683.5,2686,2559,2559,861400
7277.T,348,348,339,341,38900
7278.T,6070,6070,5910,5910,380900
7279.T,2571,2571,2400,2400,190000
7280.T,1336,1336,1283,1285,196300
7282.T,5384,5384,5053,5053,975300
7283.T,2300,2300,2214,2214,141300
7284.T,1161,1163,1161,1161,600
7287.T,2798,2805,2570,2570,371500
7291.T,465,465,457,459,36900
7292.T,6950,6960,6750,6850,6600
7294.T,904,904,886,886,60800
7296.T,4130,4130,3970,3970,134800
7297.T,873,873,864,864,300
7299.T,1851,1858,1800,1804,12300
7305.T,2785,2800,2758,2782,50100
7309.T,18625,18815,18450,18450,296500
7313.T,1840.5,1847.5,1795.5,1795.5,454400
7314.T,1332,1332,1325,1331,1200
7318.T,1390,1393,1353,1353,57200
7320.T,1458,1470,1431,1431,22500
7322.T,2128,2144,2090,2093,181400
7325.T,696,708,696,696,3300
7326.T,2147,2188,2133,2169,20700
7327.T,2627,2650,2598,2599,621600
7337.T,2380,2388.5,2335.5,2335.5,431900
7343.T,1284,1284,1282,1282,900
7345.T,930,944,930,943,600
7347.T,797,799,794,797,3800
7350.T,7800,7870,7640,7640,64000
7351.T,456,465,456,461,10300
7352.T,325,330,324,324,37800
7353.T,530,533,525,528,6700
7354.T,420,430,401,403,614100
7356.T,117,128,115,115,224300
7357.T,1711,1722,1705,1705,2500
7358.T,1845,1862,1812,1812,20300
7359.T,275,283,275,281,36500
7360.T,638,643,636,643,700
7361.T,1196,1204,1196,1200,2300
7362.T,862,865,862,865,600
7363.T,1290,1293,1268,1293,1400
7366.T,1782,1818,1780,1780,43400
7367.T,331,331,328,329,1900
7368.T,1714,1715,1705,1709,1000
7369.T,403,476,386,386,184200
7370.T,717,720,715,715,800
7371.T,824,824,793,793,42900
7372.T,395,395,390,390,1500
7373.T,933,933,917,919,50400
7374.T,1522,1527,1522,1522,2000
7375.T,1202,1223,1195,1208,11100
7376.T,748,770,731,751,27800
7377.T,1709,1709,1702,1706,11000
7378.T,1575,1579,1551,1551,8600
7380.T,2620,2640,2561,2572,218300
7381.T,1298,1300,1262,1262,314000
7383.T,410,411,398,398,681400
7384.T,4975,5100,4930,4930,99500
7388.T,2323,2329,2312,2319,16500
7389.T,1922,1940,1883,1896,702000
7399.T,629,629,617,618,5000
7409.T,1558,1575,1509,1510,88200
7412.T,381,383,377,377,372100
7413.T,2672,2672,2670,2670,200
7414.T,1421,1422,1410,1410,33000
7416.T,684,684,682,682,1200
7417.T,1877,1888,1860,1860,1400
7419.T,1243,1251,1238,1242,533600
7421.T,1613,1623,1599,1619,70700
7422.T,425,430,404,405,22600
7425.T,1122,1130,1120,1120,2500
7426.T,601,605,598,598,3900
7427.T,832,834,828,828,2100
7433.T,5260,5260,5180,5190,70800
7434.T,1850,1850,1822,1826,1300
7435.T,1359,1363,1289,1289,77300
7438.T,1697,1727,1692,1719,53000
7442.T,484,484,480,480,4800
7443.T,665,670,664,670,600
7444.T,1980,1980,1980,1980,100
7446.T,4550,4550,4545,4545,300
7447.T,1669,1675,1660,1667,58200
7453.T,4209,4274,4131,4136,2456900
7456.T,7360,7540,7210,7210,136700
7458.T,1836,1836,1810,1829,195200
7459.T,2925,2937.5,2901,2932,344800
7460.T,1669,1669,1641,1650,10300
7461.T,478,478,472,474,700
7462.T,405,409,399,405,20700
7463.T,951,960,947,960,29800
7464.T,1523,1523,1523,1523,1200
7466.T,1450,1450,1436,1436,27800
7472.T,3940,3940,3875,3935,800
7475.T,2501,2509,2487,2500,14600
7476.T,2430,2469,2413.5,2469,84800
7477.T,1617,1617,1617,1617,0
7480.T,3380,3430,3355,3370,55300
7481.T,2613,2626,2601,2601,1100
7482.T,1496,1509,1489,1504,39000
7483.T,3005,3035,2993,3010,42400
7486.T,811,811,810,810,200
7487.T,1801,1815,1800,1814,8600
7490.T,2186,2187,2186,2187,400
7494.T,245,246,245,245,12700
7500.T,10020,10020,10020,10020,0
7501.T,1450,1450,1450,1450,0
7502.T,1704,1717,1696,1717,600
7504.T,4525,4570,4350,4400,75100
7505.T,2195,2200,2166,2169,11100
7506.T,1390,1390,1385,1385,1500
7508.T,1415,1426,1410,1424,38700
7509.T,4700,4700,4700,4700,0
7510.T,2760,2760,2682,2682,41200
7512.T,851,865,851,863,119900
7513.T,1444,1464,1400,1413,308300
7514.T,855,855,853,854,4200
7515.T,4650,4650,4650,4650,100
7516.T,4460,4490,4405,4410,52000
7520.T,2529,2536,2511,2525,11700
7521.T,2784,2784,2782,2782,800
7522.T,931,935,924,927,117000
7523.T,1877,1878,1877,1878,200
7524.T,176,176,175,176,8200
7525.T,3600,3600,3555,3560,18700
7527.T,52,54,52,52,1385400
7531.T,1301,1301,1295,1295,900
7532.T,769.5,780.3,767,777.7,13779200
7537.T,1813,1814,1726,1729,91700
7538.T,389,391,389,390,500
7539.T,817,820,813,814,8900
7544.T,555,558,550,554,3600
7545.T,1985,1998,1978,1995,130600
7550.T,11555,11910,11530,11825,466700
75505.T,4926,4926,4925,4925,1400
7551.T,748,748,726,726,90000
7552.T,3630,3775,3605,3750,158100
7554.T,1174,1189,1167,1189,37200
7555.T,750,750,746,746,2100
7561.T,710,715,708,710,8600
7562.T,3840,3840,3830,3840,1400
7564.T,5970,6060,5930,5990,424800
7565.T,8500,8500,8500,8500,200
7567.T,608,626,608,616,17600
7570.T,1405,1405,1393,1393,8500
7571.T,88,89,88,89,311200
7575.T,1501,1504,1488,1497,166500
7578.T,81,82,78,78,126900
7581.T,7270,7540,7270,7480,684700
7585.T,406,407,406,407,1400
7590.T,396,397,395,395,19500
7593.T,530,534,527,527,446500
7595.T,1290,1292,1279,1279,136400
7596.T,2324,2334,2316,2325,14200
7599.T,1250,1251,1231,1231,602600
7600.T,677,677,622,624,645500
7601.T,165,165,164,164,2400
7602.T,168,173,168,171,26000
7603.T,41,41,39,39,817500
7604.T,910,910,906,910,4600
7606.T,2380,2396,2345,2356,217400
7607.T,3035,3035,2988,2988,24500
7608.T,852,877,847,864,91800
7609.T,4085,4150,3865,3875,138800
7610.T,140,140,137,137,722100
7611.T,3015,3060,2995,3050,116700
7613.T,1591,1605,1511,1511,261100
7614.T,1552,1552,1545,1550,4400
7615.T,99,103,98,100,283900
7616.T,2066.5,2070,2037.5,2053.5,502500
7619.T,967,970,966,968,2700
7621.T,3410,3450,3410,3430,3900
7624.T,158,158,157,158,17200
7625.T,472,472,469,470,7600
7628.T,1157,1157,1126,1128,60900
7630.T,1076,1094,1073,1087,541500
7634.T,5040,5040,5030,5030,200
7636.T,802,802,796,796,3400
7637.T,3625,3705,3555,3555,29900
7638.T,1401,1403,1390,1392,23700
7640.T,195,198,195,195,10100
7643.T,1733,1734,1730,1732,1500
7646.T,1898,1907,1896,1907,2400
7649.T,1313.5,1324,1306,1323,1628800
7670.T,1226,1230,1222,1229,3500
7673.T,1699,1699,1692,1692,1900
7674.T,2634,2634,2626,2626,2600
7677.T,2750,2750,2750,2750,0
7678.T,3275,3330,3270,3295,22100
7679.T,1645,1666,1631,1661,50800
7680.T,3190,3190,3190,3190,0
7681.T,1000,1000,1000,1000,100
7682.T,3950,3950,3950,3950,100
7683.T,1408,1408,1401,1406,12300
7685.T,3130,3145,3045,3045,221100
7686.T,440,442,440,441,13500
7687.T,448,451,433,443,14700
7689.T,471,474,401,436,300000
7691.T,30,30,30,30,0
7692.T,81,81,80,81,129300
7694.T,603,603,552,556,134300
7695.T,915,923,910,923,6700
7698.T,2727,2742,2725,2742,1700
7699.T,681,730,681,730,2600
7701.T,3827,3846,3756,3766,1071200
7702.T,459,459,453,454,19700
7707.T,211,211,205,205,92000
7709.T,49,49,44,45,581000
7711.T,5250,5260,5000,5000,37200
7713.T,2390,2456,2370,2370,15600
7715.T,4110,4145,3905,3905,96000
7716.T,3105,3110,3020,3050,262300
7717.T,6000,6010,5590,5640,211000
7719.T,526,536,507,507,193700
7721.T,7260,7290,6920,6920,253600
7722.T,783,785,769,769,26200
7723.T,2850,2853,2825,2825,15500
7725.T,1755,1782,1711,1713,61600
7726.T,1404,1416,1383,1410,6000
7727.T,878,888,836,836,170100
7729.T,17370,17785,16685,16685,255600
7730.T,1480,1480,1444,1444,456100
7731.T,1852,1867,1816,1816,1524800
7733.T,1989,2008.5,1960,1965,2976200
7734.T,3375,3415,3285,3295,65300
7735.T,13505,13930,13265,13270,1533300
7740.T,1381,1389,1355,1355,485000
7741.T,24015,24170,23325,23325,976100
7743.T,792,793,792,792,371300
7744.T,2028,2030,1970,1970,236400
7745.T,2852,2874,2749,2750,71300
7746.T,800,836,793,826,910500
7747.T,3398,3403,3313,3313,1492400
7749.T,2965,2965,2922,2922,900
7751.T,4450,4486,4362,4362,3256300
7752.T,1645,1651,1567,1567,1837200
7760.T,2060,2190,2058,2083,201100
7762.T,2592,2593,2312,2320,2679300
7769.T,3900,3900,3850,3850,21000
7771.T,265,271,264,264,146200
7774.T,897,927,885,912,211400
7775.T,427,427,424,425,11900
7776.T,223,232,222,227,292800
7777.T,349,362,347,351,1654500
7779.T,229,231,225,227,825100
7780.T,1798,1804,1764,1764,261800
7781.T,865,874,865,874,25600
7782.T,496,496,489,491,3600
7791.T,830,830,829,829,300
7792.T,1480,1483,1478,1478,6400
7793.T,1506,1506,1500,1500,1200
7794.T,1030,1134,1017,1051,1488600
7795.T,225,225,218,223,119600
7800.T,1004,1010,985,985,16000
7803.T,448,452,434,447,991800
7804.T,2367,2380,2362,2380,1400
7805.T,712,719,712,713,12600
7806.T,8130,8490,8120,8230,158000
7807.T,849,856,849,856,1200
7808.T,2776,2776,2776,2776,0
7809.T,1325,1330,1323,1329,3600
7810.T,171,172,165,165,177600
7811.T,1969,1980,1961,1962,5600
7812.T,2101,2114,2010,2063,7300
7813.T,911,918,900,918,700
7814.T,627,627,620,622,5300
7815.T,349,350,341,341,2400
7818.T,1160,1171,1143,1146,75400
7819.T,1042,1045,1010,1011,26400
7820.T,706,707,704,705,40100
7821.T,1933,1965,1927,1953,83000
7822.T,258,258,256,257,15400
7823.T,831,831,818,820,39600
7826.T,10580,10920,10300,10430,911200
7827.T,1732,1747,1732,1747,900
7831.T,67,68,66,67,23100
7832.T,5343,5402,5290,5353,2614100
7833.T,683,683,673,673,1700
7836.T,77,78,77,77,11500
7837.T,336,340,336,340,1300
7839.T,2107,2110,2083,2087,273300
7840.T,1290,1298,1283,1296,19300
7841.T,1079,1085,1076,1076,18800
7844.T,506,515,503,512,142500
7846.T,2058.5,2070,2027,2027,289300
7847.T,633,638,632,636,1200
7849.T,3045,3045,3010,3010,2900
7850.T,816,816,808,811,5900
7856.T,2071,2110,1950,1998,743400
7857.T,1280,1280,1280,1280,1000
7859.T,283,290,274,274,223300
7860.T,1241,1253,1235,1249,92800
7863.T,955,956,955,956,300
7864.T,3270,3305,3235,3235,120700
7865.T,338,338,337,338,2300
7867.T,3579,3595,3523,3533,508800
7868.T,543,548,536,538,387500
7871.T,995,1010,995,1000,5800
7872.T,619,619,617,617,1600
7874.T,949,974,941,956,130800
7875.T,818,818,799,805,14200
7877.T,2246,2246,2240,2246,600
7878.T,1500,1500,1432,1432,4700
7879.T,670,673,670,673,7100
7883.T,401,404,401,404,5300
7885.T,1141,1142,1132,1142,3600
7886.T,574,593,562,593,7800
7887.T,1583,1583,1574,1581,1100
7888.T,901,903,883,888,165600
7893.T,1101,1107,1090,1103,72900
7896.T,509,509,507,507,700
7897.T,106,107,106,107,108000
7898.T,922,933,910,924,5500
7901.T,867,867,852,854,1900
7902.T,1128,1128,1119,1125,600
7906.T,2550,2557,2516,2531,305200
7908.T,240,240,235,236,109200
7911.T,5114,5209,5010,5020,1117600
7912.T,3055,3098,3025,3035,1132000
7914.T,1735,1745,1726,1730,40600
7915.T,1203,1204,1179,1180,417700
7916.T,1870,1880,1870,1880,400
7917.T,1250,1255,1222,1222,126000
7918.T,107,108,106,107,25600
7919.T,227,230,227,229,4500
7921.T,4090,4090,4035,4050,18100
7927.T,2278,2278,2248,2252,16300
7928.T,615,617,614,615,700
7931.T,3600,3650,3590,3595,23400
7932.T,11700,11720,11610,11610,4900
7936.T,4115,4163,4049,4049,3938900
7937.T,2616,2621,2580,2580,20200
7938.T,2133,2133,2117,2126,2500
7939.T,599,601,598,598,700
7942.T,2970,2970,2809,2817,67700
7943.T,3025,3025,2974,2974,70100
7944.T,3795,3795,3675,3675,123100
7946.T,360,362,358,358,2600
7947.T,2798,2818,2776,2813,137800
7949.T,2837,2850,2822,2823,32600
7951.T,1305,1311.5,1252.5,1252.5,2700000
7952.T,3435,3435,3265,3265,21400
7953.T,402,402,400,400,3200
7955.T,972,975,962,963,44400
7956.T,2063,2063,1955,1968,1232200
7957.T,2591,2601,2583,2593,2400
7962.T,795,799,794,794,25600
7963.T,1844,1845,1831,1831,1000
7965.T,1440,1452,1439,1448,128800
7966.T,5450,5500,5110,5110,4653400
7970.T,2203,2211,2150,2150,87300
7971.T,712,712,703,705,82700
7972.T,2510,2519,2485,2485,127800
7974.T,8767,8995,8749,8750,6871800
7975.T,1168,1175,1165,1168,1200
7976.T,3150,3165,3085,3090,58000
7979.T,2253,2279,2240,2240,72300
7980.T,839,846,834,835,18400
7981.T,3130,3130,3075,3075,69700
7983.T,1225,1225,1212,1212,1600
7984.T,925,927.5,912.9,912.9,824300
7986.T,1912,1912,1912,1912,100
7987.T,555,556,553,553,53600
7988.T,5030,5031,4917,4929,438200
7989.T,2660,2672,2649,2660,22500
7990.T,2385,2385,2358,2358,82700
7991.T,1077,1083,1069,1083,10300
7992.T,105,106,104,104,22100
7994.T,2370,2372,2350,2350,135600
7995.T,6510,6520,6260,6260,57200
7997.T,1089,1089,1085,1089,1100
8001.T,2239,2296.5,2223.5,2277,17555600
8002.T,5113,5191,5039,5080,3372500
8005.T,1778,1789,1773,1779,238000
8006.T,1546,1553,1473,1540,10800
8007.T,801,804,796,798,101300
8008.T,2106,2106,2072,2081,67700
8011.T,1387,1389,1326,1333,408300
8012.T,1134.5,1135,1109.5,1112.5,776000
8013.T,372,373,368,370,3400
8014.T,4235,4245,4110,4130,31600
8015.T,7577,7692,7451,7482,1823200
8016.T,712,716,708,708,685900
8018.T,839,849,833,844,25100
8020.T,2272,2288,2250.5,2251,349800
8022.T,4055,4100,4030,4045,143600
8023.T,1047,1059,1046,1046,4700
8025.T,1304,1312,1301,1301,1700
8029.T,2655,2672,2651,2653,8300
8030.T,3925,4000,3920,3920,7000
8031.T,5099,5165,5017,5093,5238600
8032.T,1220,1223,1208,1208,176300
8035.T,55390,56720,54000,54000,2386800
8037.T,4460,4460,4365,4365,41100
8039.T,3495,3515,3495,3495,3400
8040.T,1045,1045,1040,1040,600
8041.T,4670,4670,4610,4610,2500
8043.T,1494,1514,1480,1512,151100
8045.T,2099,2099,2072,2080,1000
8046.T,1005,1005,986,986,24200
8050.T,10680,10850,9230,9280,951700
8051.T,1910,1926,1886,1902,170800
8052.T,2915,2915,2878,2888,67300
8053.T,1854.5,1891,1838.5,1838.5,11093800
8056.T,4643,4696,4611,4657,462900
8057.T,2243,2255,2214,2224,188000
8058.T,4936,5001,4833,4927,7865200
8059.T,3650,3660,3595,3605,100600
8060.T,3575,3619,3558,3560,212500
8061.T,3060,3080,2945,2945,132800
8065.T,3520,3530,3285,3315,193600
8066.T,3545,3545,3450,3450,23100
8070.T,967,971,956,956,70500
8074.T,6370,6470,6370,6390,27700
8075.T,3080,3080,3040,3045,46100
8076.T,2132,2132,2100,2113,5500
8077.T,215,216,214,215,6100
8078.T,1917,1941,1911,1914,567900
8079.T,4485,4570,4470,4540,41400
8081.T,2478,2479,2441,2441,43500
8084.T,4685,4745,4645,4655,41200
8085.T,4225,4290,4225,4230,700
8086.T,1450,1460,1437,1460,767900
8088.T,2127.5,2146,2105.5,2129.5,796700
8089.T,2015,2015,2005,2005,700
8091.T,2415,2415,2377,2377,12700
8093.T,1789,1794,1774,1774,30600
8095.T,525,526,519,519,62100
8097.T,2404,2407,2358,2400,167200
8098.T,4430,4485,4430,4455,89100
8101.T,2655,2661,2610,2610,26500
8103.T,965,967,951,952,122200
8104.T,706,736,703,719,16400
8105.T,81,82,77,77,1704200
8107.T,31,31,30,31,80700
8111.T,2100,2115,2094,2107.5,501500
8113.T,961,968.4,952.8,966.5,4013100
8115.T,1314,1316,1307,1316,2500
8117.T,2192,2198,2139,2139,875800
8118.T,1180,1180,1180,1180,0
8119.T,791,792,787,787,1400
8123.T,1418,1418,1418,1418,200
8125.T,1965,1976,1954,1963,93600
8127.T,546,546,542,543,4200
8129.T,3940,3997,3933,3987,86000
8130.T,3170,3190,3165,3170,66000
8131.T,2438,2456,2416,2423,33500
8132.T,7350,7500,7280,7420,4700
8133.T,2262,2290,2240,2258,83600
8135.T,441,441,437,437,4500
8136.T,1255,1261,1229,1252,15212000
8137.T,4205,4230,4105,4110,35300
8138.T,4300,4300,4300,4300,0
8139.T,2205,2214,2166,2191,1500
8141.T,1567,1568,1567,1567,67000
8142.T,1421,1435,1413,1426,72500
8143.T,143,143,142,142,20700
8144.T,1260,1260,1260,1260,100
8147.T,1414,1414,1400,1409,900
8150.T,3250,3250,3180,3180,39800
8151.T,1894,1895,1860,1877,167900
8152.T,7270,7300,7220,7230,3300
8153.T,3895,3945,3850,3930,137800
8154.T,4890,4890,4710,4725,91200
8157.T,4185,4185,4100,4100,33400
8158.T,1340,1340,1305,1305,54800
8159.T,4025,4025,3910,3925,37300
8160.T,2459,2473,2450,2465,62800
8163.T,1515,1528,1510,1528,80800
8165.T,105,106,105,105,136600
8166.T,79,79,78,79,16000
8167.T,1377,1406,1365,1404,64300
8173.T,4215,4220,4095,4120,112200
8174.T,3040,3093,3036,3081,149800
8179.T,1323,1363,1317,1361,268200
8181.T,980,991,980,991,2300
8185.T,990,1005,985,999,208500
8194.T,2705,2754,2682,2738,214100
8198.T,3370,3410,3335,3410,18600
8200.T,2315,2353,2312,2343,71900
8202.T,148,149,147,148,51000
8203.T,750,753,747,750,53700
8207.T,302,303,301,301,23200
8214.T,1715,1719,1700,1707,124100
8217.T,788,799,785,799,83200
8218.T,3870,3905,3845,3885,90100
8219.T,760,765,756,759,346300
8225.T,3670,3670,3660,3660,200
8226.T,391,397,383,384,133000
8227.T,3250,3315,3240,3296,729600
8230.T,311,312,310,310,3900
8233.T,2185,2193.5,2113,2117,2290400
8237.T,2210,2241,2165,2237,221200
8242.T,2854,2873,2833.5,2855,223700
8244.T,1847,1861,1836,1854,29700
8247.T,326,328,320,326,10700
8252.T,2863,2912,2852.5,2898,967500
8253.T,4604,4664,4572,4574,680700
8254.T,243,251,243,249,34200
8255.T,1266,1288,1265,1281,114300
8260.T,382,382,376,376,8900
8267.T,1400,1425,1393,1422,9427800
8273.T,1012,1012,997,1002,359300
8275.T,1014,1017,1009,1009,12600
8276.T,2683,2700,2665,2689,75300
8278.T,2030,2068,2024,2068,111100
8281.T,1127,1128,1111,1114,96000
8282.T,1886,1889.5,1863.5,1863.5,498900
8285.T,778,781,772,773,38300
8291.T,548,548,545,546,34400
8301.T,21510,21510,21510,21510,100
8303.T,1574,1583.5,1548,1548,2446800
8304.T,3393,3427,3334,3381,1078600
8306.T,3662,3728,3627,3656,32906000
8308.T,2505,2537.5,2477,2491,9755500
8309.T,1767,1791,1752.5,1756.5,5675600
8316.T,6887,7045,6817,6928,10044400
8331.T,2781,2824.5,2751.5,2751.5,2036000
8334.T,2859,2909,2848,2859,589000
8336.T,2803,2803,2734,2734,221700
8337.T,2722,2757,2683,2684,65200
8338.T,766,766,739,739,1835800
8341.T,3950,3983,3885,3885,440500
8343.T,9140,9200,8950,9000,136700
8344.T,4650,4750,4610,4610,99400
8345.T,2572,2584,2510,2510,244800
8346.T,987,994,975,976,738400
8349.T,1691,1699,1652,1652,19600
8354.T,7856,7883,7730,7730,493500
8358.T,2939,2970,2905,2908,440700
8359.T,2760,2791.5,2727,2727,1545100
8360.T,7150,7270,7000,7000,110100
8361.T,8100,8160,7950,7950,160600
8362.T,7140,7420,7070,7190,109200
8364.T,3170,3220,3125,3165,26800
8365.T,2383,2398,2353,2356,7000
8366.T,2850,2867,2804,2806,470600
8367.T,1945,1952,1897,1897,461600
8368.T,2350,2373,2300,2300,517800
8370.T,5100,5160,5050,5050,144200
8377.T,8260,8332,8076,8076,384400
8381.T,2600,2621,2550,2550,387700
8383.T,1926,1934,1901,1901,27600
8386.T,3055,3095,3000,3000,245200
8387.T,3775,3830,3710,3745,123700
8388.T,9930,10000,9790,9830,76200
8392.T,2999,3040,2943,2952,164800
8393.T,2634,2679,2562,2562,169200
8395.T,6560,6620,6400,6400,52800
8399.T,3230,3245,3170,3170,115900
8410.T,335,339,332.1,337.3,2624200
8411.T,8600,8776,8506,8599,7136000
8416.T,1147,1147,1112,1112,40100
8418.T,3200,3213,3144,3144,423300
8421.T,192000,192600,191900,192200,84
8424.T,4420,4447,4405,4447,123000
8425.T,1360,1364,1351,1356,412900
8439.T,2681,2700,2661,2667,444300
8473.T,3362,3423,3320,3349,3192600
8508.T,757,783,751,752,1159500
8511.T,2481,2497,2457,2457,183400
8518.T,153,155,153,155,37400
8522.T,7120,7170,6980,6980,74300
8524.T,1320,1329,1294,1294,1254700
8537.T,3120,3170,3075,3090,40200
8541.T,3240,3280,3185,3185,84800
8542.T,1973,1973,1935,1935,17200
8544.T,2835,2873,2781,2781,206000
8550.T,1103,1105,1061,1061,500200
8551.T,8110,8280,7970,8070,49500
8558.T,1502,1508,1468,1468,130100
8562.T,391,391,381,381,336100
8563.T,1171,1172,1151,1157,54300
8566.T,6750,6870,6740,6820,34000
8570.T,1602,1617,1592,1600,471400
8572.T,480,485.8,479,484.1,969600
8584.T,3760,3765,3745,3750,61000
8585.T,852,854,846,847,519100
8591.T,6094,6152,6031,6031,3502400
8593.T,1390,1397.5,1381.5,1390.5,3060000
8595.T,2288,2291.5,2277.5,2280,319300
8596.T,1575,1575,1551,1551,35100
8600.T,1119,1128,1105,1105,376200
8601.T,1850,1875.5,1834.5,1834.5,3497400
8604.T,1650,1682,1638,1648.5,8712500
8609.T,1247,1265,1229,1231,641800
8613.T,1310,1323,1300,1304,203900
8614.T,728,749,723,736,607100
8616.T,893,902,885,885,777900
8617.T,617,624,601,601,17500
8622.T,978,998,957,957,381900
8624.T,1735,1788,1716,1724,121100
8628.T,1186,1226,1178,1206,1297200
8630.T,6682,6786,6647,6647,2084500
8697.T,2208,2244,2198,2203.5,3095000
8698.T,726,736,723,725,1050200
8699.T,1146,1150,1112,1112,21100
8700.T,2112,2115,2102,2102,1700
8704.T,1435,1451,1412,1418,119000
8705.T,223,223,221,221,39200
8706.T,1928,1962,1917,1930,150700
8707.T,4690,4780,4660,4660,98700
8708.T,1800,1826,1776,1790,134100
8713.T,2785,2807,2725,2725,68900
8714.T,1074,1083,1052,1052,638100
8715.T,1065,1065,1028,1031,322100
8725.T,5090,5147,5068,5078,2476500
8729.T,161.7,163.7,161.2,162.3,42373300
8737.T,620,620,614,617,28100
8739.T,2635,2647,2613,2613,75800
8742.T,581,590,579,590,8500
8746.T,123,125,112,112,406700
8747.T,2201,2258,2201,2237,4100
8750.T,1847.5,1871.5,1822.5,1822.5,5535800
8766.T,7799,7979,7755,7871,4357300
8769.T,504,505,496,496,31800
8771.T,1702,1725,1698,1718,142900
8772.T,891,902,891,898,3200
8783.T,51,54,51,53,1032600
8789.T,160,166,159,163,1396100
8793.T,4225,4230,4180,4185,19000
8795.T,4842,4920,4800,4817,1203000
8798.T,138,139,135,135,21800
8801.T,1482,1517,1480.5,1505.5,6718000
8802.T,3625,3720,3611,3660,3029900
8803.T,2349,2361,2342,2358,85400
8804.T,3328,3373,3310,3344,572900
8818.T,1102,1121,1097,1115,288400
8830.T,3174,3288,3162,3244,3533200
8835.T,801,803,795,800,14700
8836.T,27,28,26,27,33200
8841.T,991,1025,985,1009,89300
8844.T,1246,1253,1233,1241,47500
8848.T,639,656,635,650,935400
8850.T,4705,4715,4640,4680,40700
8860.T,746,747,738,738,45900
8864.T,965,980,963,976,104000
8869.T,826,829,823,824,56000
8871.T,3210,3240,3180,3200,101100
8876.T,2251,2261.5,2231.5,2247.5,464200
8877.T,5250,5250,5190,5200,20000
8881.T,658,664,657,659,153000
8887.T,368,369,366,366,23400
8891.T,2031,2031,1991,2006,3400
8892.T,1099,1110,1094,1100,135400
8894.T,21,22,20,20,750800
8897.T,449,452,444,444,732900
8898.T,1132,1136,1132,1133,3700
8904.T,826,828,825,825,13800
8908.T,889,894,884,884,1600
8912.T,161,162,158,159,62400
8914.T,908,908,897,898,39700
8917.T,1143,1145,1132,1138,14900
8918.T,11,11,10,11,333591800
8919.T,3570,3595,3530,3550,125200
8920.T,712,712,705,705,68000
8923.T,1715,1719,1699,1699,135500
8927.T,485,485,481,484,28700
8928.T,2303,2316,2293,2312,6500
8929.T,1394,1394,1378,1379,37600
8931.T,1334,1334,1325,1325,4900
8934.T,2419,2438,2401,2424,108000
8935.T,1998,1999,1963,1970,60600
8938.T,340,340,320,326,23000
8944.T,242,245,242,244,44600
8945.T,1094,1094,1081,1085,3500
8946.T,76,76,75,76,81200
8951.T,121600,122400,120800,121600,32224
8952.T,114400,115400,113600,114500,21566
8953.T,111800,112600,111100,111700,21923
8954.T,96000,96700,95400,95900,17091
8955.T,95800,95900,94900,94900,9669
8956.T,126100,126900,125400,126100,3837
8957.T,183000,184300,182300,183200,2128
8958.T,111100,112100,110500,111200,5816
8960.T,158000,158300,157000,157100,8612
8961.T,71100,71600,70800,70900,6428
8963.T,61600,62100,61000,61000,83121
8964.T,76500,76700,75800,75800,8935
8966.T,130800,131300,130300,130300,5348
8967.T,93600,94000,93100,93200,8435
8968.T,170900,172100,170000,170700,1944
8972.T,145900,146300,145200,145200,10861
8975.T,93200,93500,92400,92500,4203
8976.T,307000,307000,303500,304500,3335
8977.T,134900,136100,134300,134300,2175
8979.T,184900,185500,182000,182000,676
8984.T,115200,115700,114400,114400,10640
8985.T,83500,84600,83000,83700,19630
8986.T,93100,93400,92500,92500,5739
8987.T,134900,134900,133700,133700,3476
8995.T,2548,2548,2548,2548,56200
8996.T,1094,1100,1085,1085,1600
8999.T,564,569,561,567,38400
9001.T,2901.5,2915.5,2888,2903.5,526000
9003.T,2590,2617.5,2585,2615,199800
9005.T,1615.5,1652.5,1611,1649.5,3155200
9006.T,1545,1565.5,1545,1561.5,698000
9007.T,1760.5,1790.5,1753.5,1790.5,957100
9008.T,770,785.9,768,785.4,1279300
9009.T,1369.5,1389.5,1361,1389.5,1728600
9010.T,2550,2603,2543,2593,109900
9012.T,2107,2107,2104,2104,300
9017.T,2005,2005,2005,2005,0
9020.T,3463,3522,3447,3518,2848600
9021.T,2995,3012,2977,3012,1483100
9022.T,3773,3847,3753,3843,2058300
9023.T,1488,1529,1484,1529,2405100
9024.T,3558,3609,3535,3600,1027600
9025.T,2820,2880,2813,2855,89300
9028.T,3415,3430,3395,3400,8000
9029.T,1852,1859,1820,1840,8500
9031.T,3032,3089,3025,3080,161600
9033.T,635,636,632,635,4200
9034.T,1663,1679,1662,1662,3900
9036.T,1243,1245,1217,1230,3500
9037.T,1835,1840,1827,1833,75400
9039.T,2972,3000,2963,2992,51500
9041.T,3423,3438,3410,3425,408200
9042.T,4642,4717,4624,4709,478200
9044.T,3102,3150,3089,3133,311300
9045.T,3156,3196,3146,3183,233700
9046.T,2471,2487,2466,2473,5800
9048.T,1861.5,1883.5,1855.5,1878,521600
9049.T,6690,6710,6690,6710,300
9051.T,1320,1344,1320,1344,600
9052.T,1999,2019,1992,2009,29900
9057.T,3230,3250,3230,3250,300
9059.T,929,930,921,921,7200
9060.T,4150,4150,4150,4150,0
9063.T,4190,4190,4190,4190,200
9064.T,1913,1954.5,1912.5,1948.5,1004500
9065.T,8066,8129,8000,8000,111500
9068.T,7260,7300,7160,7280,20300
9069.T,2231.5,2235.5,2213.5,2217,253200
9072.T,5100,5170,5070,5112,126200
9073.T,1241,1245,1233,1233,1200
9074.T,5090,5090,5010,5010,600
9075.T,6130,6220,6130,6160,51400
9076.T,2692.5,2717.5,2667,2672.5,198800
9081.T,3985,4000,3965,3990,8700
9082.T,1945,2080,1945,2040,1400
9083.T,1995,1995,1990,1995,400
9087.T,2155,2220,2155,2215,2500
9090.T,896,908,888,902,390500
9101.T,7388,7453,7290,7290,2504100
9104.T,7110,7196,7072,7114,2091500
9107.T,3403,3449,3396,3427,2824800
9110.T,10490,10500,10480,10480,57400
9115.T,1090,1090,1066,1066,28100
9119.T,1745,1745,1703,1703,146100
9127.T,3335,3365,3310,3365,1900
9130.T,1640,1650,1605,1605,26100
9142.T,3524,3562,3518,3544,715600
9143.T,1460,1481,1453.5,1469.5,1868800
9145.T,585,590,579,589,12100
9147.T,5568,5584,5399,5399,1024600
9158.T,762,762,743,757,16100
9159.T,1968,1980,1936,1980,6600
9160.T,331,332,327,327,60900
9162.T,229,231,225,229,13100
9163.T,2340,2340,2321,2330,15400
9165.T,1703,1743,1703,1723,7800
9166.T,738,751,725,745,758200
9168.T,425,426,420,420,61100
9171.T,1494,1494,1454,1486,3800
9173.T,2804,2816,2804,2814,1700
9193.T,882,882,872,872,10200
9201.T,2990,3010,2976,3000,1381500
92015.T,10155,10190,10155,10170,1900
9202.T,2983.5,2993,2974.5,2991.5,1686700
92025.T,4780,4790,4775,4775,9100
9204.T,419,422,415,420,31100
9206.T,1960,1960,1941,1941,300
9211.T,1450,1456,1427,1427,71300
9212.T,262,270,262,265,126500
9213.T,1002,1039,1002,1039,7600
9214.T,1313,1313,1313,1313,0
9215.T,1003,1003,977,978,1800
9216.T,1644,1654,1641,1641,13900
9218.T,780,784,775,782,9900
9219.T,908,908,880,906,26100
9220.T,1300,1361,1300,1342,8900
9221.T,1195,1195,1181,1181,31500
9222.T,50,50,50,50,0
9223.T,437,437,433,434,7500
9225.T,970,974,970,974,700
9227.T,843,853,840,840,98500
9229.T,111,114,111,112,83400
9233.T,1163,1168,1156,1157,9400
9235.T,460,461,421,438,368600
9236.T,1435,1435,1420,1420,1100
9237.T,991,998,974,998,4100
9238.T,384,384,366,374,12500
9240.T,415,423,411,423,20700
9241.T,1280,1310,1280,1299,4300
9242.T,1943,1943,1936,1939,2800
9243.T,480,480,480,480,0
9244.T,1435,1448,1430,1440,4500
9245.T,1959,1959,1953,1953,2000
9246.T,1131,1131,1101,1102,2000
9247.T,1810,1861,1807,1810,286400
9248.T,1688,1688,1670,1670,15400
9249.T,1679,1683,1675,1678,5300
9250.T,984,1000,984,1000,200
9251.T,1530,1547,1525,1543,29800
9252.T,4025,4025,3975,3975,14400
9253.T,733,733,733,733,0
9254.T,1104,1112,1104,1112,400
9256.T,1049,1049,986,993,38800
9257.T,520,520,520,520,500
9258.T,307,308,307,308,200
9259.T,853,859,851,858,2300
9262.T,683,690,680,680,15000
9264.T,1603,1604,1594,1602,9900
9265.T,3560,3600,3560,3600,1200
9267.T,3575,3625,3550,3580,34200
9268.T,412,412,395,396,408800
9270.T,2030,2051,2006,2013,29700
9271.T,950,952,913,913,15900
9272.T,1424,1432,1419,1419,1900
9273.T,754,759,751,755,34500
9274.T,1080,1085,1053,1053,328700
9278.T,2825,2881,2765,2765,80000
9279.T,2305,2314,2276,2289,202000
9282.T,31750,33050,31000,31000,1111
9284.T,75700,75700,74500,75000,1470
9285.T,40000,40000,39350,39350,645
9286.T,45150,45350,44800,44800,4329
9301.T,1538.5,1549,1526,1536.5,949600
9302.T,3363,3390,3342,3342,214200
9303.T,4115,4155,4095,4135,63500
9304.T,2009,2052,1998,2040,115400
9305.T,2059,2065,2047,2064,48500
9306.T,2005,2009,1997,1997,4500
9307.T,980,980,962,963,6700
9308.T,2050,2056,2028,2034,60300
9310.T,1378,1378,1354,1363,72200
9311.T,7740,7740,7740,7740,0
9312.T,2889,2889,2841,2841,10500
9313.T,1034,1034,1030,1031,1500
9319.T,1777,1785,1760,1760,16100
9322.T,2447,2447,2417,2418,7800
9324.T,2557,2572,2552,2560,53400
9325.T,1074,1090,1059,1059,11200
9326.T,485,486,481,481,12300
9327.T,187,189,186,188,1300
9330.T,884,884,880,880,3400
9331.T,722,722,708,710,400
9332.T,673,673,661,662,106700
9335.T,1406,1406,1406,1406,0
9336.T,3740,3785,3720,3765,102600
9337.T,1456,1457,1430,1438,14600
9339.T,1434,1434,1432,1432,600
9340.T,810,847,795,799,54800
9341.T,620,620,611,612,61000
9342.T,993,994,984,984,1400
9343.T,792,794,778,780,66900
9344.T,1312,1318,1304,1309,7300
9345.T,598,599,594,599,1600
9346.T,1903,1904,1880,1900,5800
9347.T,2864,2928,2858,2919,110600
9348.T,415,417,410,410,539400
9351.T,1958,1958,1930,1931,2800
9353.T,2980,2981,2980,2980,400
9355.T,2211,2211,2211,2211,200
9360.T,2771,2771,2770,2770,200
9361.T,2040,2040,2040,2040,100
9362.T,3825,3825,3825,3825,300
9363.T,530,535,522,522,5300
9364.T,4852,4880,4841,4850,200100
9365.T,1640,1640,1640,1640,0
9366.T,1118,1119,1102,1104,5700
9367.T,2030,2035,2030,2030,700
9368.T,966,967,960,960,17700
9369.T,2974,2988,2949,2956,25200
9376.T,839,844,828,838,2900
9380.T,438,438,435,437,18200
9381.T,2307,2313,2301,2311,9500
9385.T,749,758,749,750,5100
9399.T,14,15,14,14,852983
9401.T,5835,5880,5815,5819,207200
9404.T,2960,3004,2956,2994,343500
9405.T,874,877,872,877,81100
9408.T,2622,2622,2622,2622,0
9409.T,3100,3110,3085,3090,121600
9412.T,2053,2071,2010,2010,987900
9413.T,3390,3395,3370,3375,48200
9414.T,903,907,901,906,17400
9416.T,1042,1052,1035,1048,250200
9417.T,334,340,334,339,5300
9418.T,1728,1741,1707,1740,509500
9419.T,295,296,292,292,9800
9421.T,515,515,514,515,3000
9423.T,104,105,104,105,91200
9424.T,120,123,118,121,3076600
9425.T,244,255,242,242,338000
9428.T,1475,1495,1475,1493,1300
9432.T,168,172.4,167.4,172,188185000
9433.T,2943,2994,2938,2990.5,5150700
9434.T,236.8,241.6,236.1,241,58397100
94345.T,3805,3805,3801,3801,1100
94346.T,7582,7583,7581,7581,2100
9435.T,38510,39300,38460,39000,64000
9436.T,4190,4195,4160,4165,124600
9438.T,579,586,576,582,31100
9439.T,225,230,225,225,4300
9441.T,2985,2986,2950,2950,3500
9444.T,270,316,267,279,145600
9445.T,533,533,533,533,700
9446.T,697,697,695,695,900
9449.T,3901,3921,3845,3859,211100
9450.T,772,782,772,778,15700
9466.T,244,246,242,243,5600
9467.T,1115,1115,1095,1108,175600
9468.T,3580,3645,3560,3621,215400
9470.T,1010,1025,1009,1024,199800
9474.T,905,906,900,906,125900
9475.T,543,543,538,538,2300
9476.T,990,991,990,991,200
9478.T,521,521,512,512,5800
9501.T,562.3,565,551.8,556.7,30973300
9502.T,2979,2999.5,2934.5,2978.5,1676000
9503.T,2950,2978,2927.5,2939.5,2687300
9504.T,1080,1082,1060,1074.5,1780500
9505.T,1072,1079.5,1055.5,1073.5,747600
9506.T,1388,1388,1362,1376.5,2924300
9507.T,2132.5,2143,2106,2139,1041200
9508.T,2170,2170,2132,2141,1299400
9509.T,1144.5,1145,1125.5,1131,1394400
9511.T,1195,1203,1186,1197,154600
9513.T,4118,4124,4064,4124,360600
9514.T,341,343,337,341,71900
9517.T,866,878,855,858,217900
9519.T,900,917,882,882,701000
9531.T,6123,6193,6086,6147,736200
9532.T,5716,5898,5689,5856,902100
9533.T,1265,1284.5,1257.5,1279.5,616300
9534.T,920,944,903,941,271600
9535.T,431,437,430,435,68300
9536.T,2495,2522,2476,2511,99500
9537.T,4300,4345,4300,4345,900
9539.T,1372,1372,1357,1359,700
9543.T,1316,1341,1308,1337,229700
9551.T,3155,3155,3095,3095,97500
9552.T,1145,1155,1085,1102,285000
9553.T,594,606,592,595,112800
9554.T,1750,1750,1725,1730,24400
9556.T,2401,2498,2365,2450,60700
9557.T,247,260,246,255,100900
9558.T,1996,1997,1980,1987,3500
9560.T,900,903,872,872,40800
9561.T,422,426,416,416,8700
9562.T,670,695,662,678,10200
9563.T,336,339,332,339,7500
9564.T,570,570,558,558,31900
9565.T,655,659,654,658,1200
9601.T,10800,11020,10740,11000,35200
9602.T,1560.5,1612,1552,1602,2179100
9603.T,1178,1223,1177,1210,883400
9605.T,5900,6030,5870,5990,62300
9610.T,122,139,121,122,1553000
9612.T,1201,1208,1196,1196,29900
9616.T,3239,3244,3182,3184,578500
9619.T,2681,2707,2678,2678,34900
9621.T,3170,3230,3155,3205,56200
9622.T,1415,1416,1406,1408,22500
9625.T,950,950,947,949,3300
9627.T,6010,6068,5950,5977,73500
9628.T,1309,1314,1296,1299,45000
9629.T,1525,1539,1514,1530,24800
9632.T,3585,3625,3555,3555,49100
9633.T,1917,1917,1905,1905,2400
9635.T,2590,2595,2552,2552,400
9636.T,4205,4335,4150,4210,13000
9639.T,2379,2379,2366,2366,5400
9640.T,1976,1979,1974,1975,1500
9644.T,750,755,748,752,49500
9647.T,6880,6880,6880,6880,0
9651.T,2035,2035,2003,2003,8700
9656.T,602,602,599,599,4200
9658.T,1075,1076,1065,1067,76800
9661.T,4265,4265,4185,4215,25800
9663.T,5060,5110,5060,5080,16400
9672.T,4900,4915,4865,4900,55500
9678.T,5400,5480,5340,5350,89000
9679.T,2321,2321,2300,2300,600
9682.T,1084,1099,1081,1091,353200
9684.T,2860,2894,2830.5,2866,850500
9685.T,582,582,575,575,1600
9686.T,1697,1724,1697,1700,1800
9687.T,4700,4720,4675,4675,1700
9691.T,5150,5150,5150,5150,0
9692.T,2350,2353,2303,2307,97000
9697.T,4298,4419,4256,4363,3533700
9698.T,1300,1302,1286,1302,4300
9699.T,4605,4630,4565,4565,66100
9701.T,4370,4370,4325,4360,600
9702.T,2340,2359,2328,2347,15100
9704.T,27,28,26,27,1199000
9706.T,5662,5690,5599,5599,873800
9708.T,970,972,963,967,209400
9709.T,1241,1250,1223,1223,12900
9713.T,916,918,914,914,5200
9715.T,3675,3675,3550,3570,136800
9716.T,1271,1271,1249,1249,210500
9720.T,6460,6460,6450,6450,200
9722.T,2897,2907,2817,2817,189200
9723.T,635,635,633,633,2000
9726.T,1901,1947,1901,1922,26500
9729.T,2455,2481,2449,2470,32000
9731.T,3410,3410,3370,3405,1700
9733.T,2316,2331,2306,2315,10300
9735.T,6260,6303,6205,6303,923100
9739.T,2670,2676,2653,2653,12900
9740.T,2666,2700,2654,2674,16000
9742.T,2105,2105,2060,2070,19100
9743.T,1511,1520,1502,1504,286100
9744.T,3338,3355,3297,3298,293600
9746.T,4030,4090,4030,4075,50100
9753.T,1416,1427,1406,1407,3000
9755.T,2844,2859,2820,2848,49600
9757.T,1165,1172,1159,1172,294300
9759.T,2785,2816.5,2778,2808,152000
9760.T,119,121,118,120,61200
9761.T,2452,2455,2431,2455,5200
9763.T,1292,1308,1282,1282,20400
9765.T,1175,1183,1168,1175,11700
9766.T,20680,21100,20600,20985,368600
9767.T,1612,1657,1612,1649,1000
9768.T,3810,3860,3780,3790,6900
9769.T,2587,2591,2565,2565,14900
9778.T,5500,5500,5500,5500,100
9780.T,1121,1158,1120,1126,11000
9782.T,3515,3515,3450,3450,62400
9788.T,517,518,515,515,40700
9790.T,2969,2980,2951,2970,39800
9791.T,1188,1188,1188,1188,0
9793.T,3695,3710,3630,3630,106300
9795.T,2300,2303,2288,2290,14300
9799.T,964,964,952,952,1500
9812.T,244,248,241,242,14900
9816.T,250,252,247,247,2600
9818.T,1536,1553,1536,1551,500
9820.T,3820,3820,3780,3780,600
9823.T,1012,1022,1008,1018,65800
9824.T,7810,8080,7730,7910,94500
9827.T,645,645,632,632,18100
9828.T,3350,3380,3320,3360,69400
9830.T,2379,2381,2337,2337,55500
9831.T,699.7,704.5,693,693,2646800
9832.T,1561,1569,1558,1563,198800
9835.T,510,511,506,510,4000
9837.T,1784,1784,1761,1761,40300
9842.T,1863,1890,1858,1881,210300
9843.T,3309,3435,3298,3392,6271000
9845.T,1391,1398,1364,1364,9000
9846.T,984,987,980,983,11200
9849.T,4520,4520,4520,4520,100
9850.T,988,993,986,986,36500
9853.T,908,908,907,907,500
9854.T,291,291,285,285,41500
9856.T,1220,1220,1209,1211,26100
9857.T,2629,2629,2603,2603,600
9861.T,3795,3833,3774,3824,242400
9867.T,10630,10630,10630,10630,100
9869.T,6590,6760,6590,6730,23700
9872.T,960,960,958,960,1500
9876.T,221,223,219,222,17700
9878.T,411,415,411,412,9700
9880.T,3450,3475,3275,3275,191100
9882.T,1753,1754,1742,1745,207500
9885.T,331,332,331,331,13300
9887.T,5290,5400,5270,5380,62900
9888.T,1289,1290,1234,1234,72100
9889.T,1624,1628,1592,1592,146900
9890.T,1444,1451,1415,1418,9600
9895.T,1288,1288,1276,1276,300
9896.T,1439,1446,1427,1427,36200
9900.T,1093,1113,1080,1109,178200
9902.T,3060,3080,3020,3025,37400
9903.T,896,896,895,895,1100
9904.T,245,246,243,246,13200
9906.T,4395,4400,4360,4390,3600
9908.T,2922,2939,2835,2835,21600
9913.T,3640,3670,3535,3670,7500
9928.T,2015,2054,2006,2010,47700
9929.T,470,476,470,471,1300
9930.T,404,404,399,403,3600
9932.T,1302,1302,1281,1281,20200
9934.T,3016,3064,2988.5,2988.5,133000
9936.T,2937,2975,2917,2971,253600
9941.T,1225,1264,1220,1236,17100
9946.T,1795,1818,1787,1817,118300
9948.T,3655,3745,3655,3720,84400
9950.T,3445,3445,3435,3445,2700
9955.T,2820,2821,2808,2809,1600
9956.T,3195,3235,3175,3225,128300
9959.T,962,962,954,954,19300
9960.T,4085,4165,4025,4090,69600
9962.T,3696,3703,3530,3534,913600
9969.T,238,238,237,238,1800
9972.T,279,280,279,279,2700
9973.T,20,21,19,20,2054600
9974.T,6680,6840,6680,6800,20900
9976.T,1061,1061,1061,1061,0
9978.T,44,45,44,45,36100
9979.T,1042,1056,1037,1055,62100
9980.T,95,97,95,95,80500
9982.T,2601,2666,2601,2642,3900
9983.T,68510,69750,68510,68730,738200
9984.T,6125,6745,6111,6556,110691100
9986.T,2488,2500,2479,2488,1700
9987.T,5082,5188,5082,5187,162700
9989.T,3719,3738,3703,3731,471500
9990.T,751,753,748,752,67300
9991.T,1785,1796,1772,1776,36400
9993.T,1155,1155,1150,1151,8500
9994.T,2053,2056,2041,2044,9600
