symbol,open,high,low,close,volume
1301.T,4625,4700,4625,4700,22100
1305.T,4234,4280,4217,4271,22800
1306.T,418.6,423.7,417.4,423.3,19467220
1308.T,4139,4182,4122,4176,630564
1309.T,54090,54090,53030,53030,6
130A.T,426,432,411,425,17200
1311.T,2080,2132,2080,2125,8222
1319.T,748,748,748,748,1000
131A.T,1737,1737,1737,1737,0
1320.T,65110,65670,64720,65590,22845
1321.T,65300,65890,64900,65860,293863
1322.T,11455,11455,11200,11450,131
1325.T,297,297,291,293.7,34550
1326.T,60970,61440,60920,61210,7978
1328.T,15705,15830,15695,15765,10860
1329.T,6520,6594,6495,6592,695122
132A.T,220,220,220,220,0
1330.T,65440,65960,65000,65880,27854
1332.T,1180,1207,1175,1204.5,1918800
1333.T,1275,1292,1273.5,1292,330600
133A.T,1040,1048,1039,1048,41233
1343.T,1886,1903,1886,1896.5,953950
1345.T,1761,1780,1761,1775,12296
1346.T,65310,65900,64910,65900,29029
1348.T,4169,4217,4159,4208,66461
1349.T,17200,17200,17070,17070,93
134A.T,1500,1500,1500,1500,0
1356.T,109.7,110.2,106.9,107,3985010
1357.T,3015,3036,2950,2954,6514066
1358.T,119200,121800,118250,121700,6300
135A.T,4325,4445,4265,4430,50900
1360.T,73.9,74.5,72.4,72.5,128973030
1364.T,3676,3734,3676,3731,5495
1365.T,3857,3945,3828,3936,353627
1366.T,76,77,74,74,1796151
1367.T,2964,3031,2944,3029,25247
1368.T,158,160,155,157,27880
1369.T,63500,63950,63090,63950,2592
1375.T,1170,1178,1170,1172,23800
1376.T,1543,1570,1543,1563,11900
1377.T,4395,4395,4360,4380,69000
1379.T,2080,2100,2062,2083,72500
137A.T,712,712,712,712,100
1380.T,998,998,998,998,600
1381.T,3615,3620,3600,3605,1900
1382.T,890,890,879,887,500
1383.T,2992,3020,2983,3005,1200
1384.T,2153,2190,2140,2185,7200
138A.T,3090,3090,3090,3090,0
1397.T,63820,64250,63490,64190,7440
1398.T,1779,1805.5,1779,1805.5,247530
1399.T,3180,3221,3180,3217,3865
139A.T,3350,3350,3350,3350,0
1401.T,1312,1316,1301,1308,2400
1407.T,2185,2282,2160,2274,386100
140A.T,2154,2154,2053,2053,49
1414.T,1252,1265,1244.5,1264.5,842900
1417.T,3530,3545,3502,3534,149400
1418.T,575,587,575,583,30200
1419.T,2860,2919,2860,2917,98300
141A.T,3900,3980,3895,3920,410200
1420.T,630,633,629,631,12500
1429.T,785,794,783,794,56300
142A.T,830,838,827,831,3800
1430.T,1018,1026,1017,1021,16100
1431.T,650,656,650,653,9000
1433.T,1199,1212,1177,1189,127900
1434.T,1540,1596,1537,1588,29900
1435.T,171,176,171,173,250000
1436.T,1657,1778,1639,1767,98500
1438.T,2265,2284,2220,2265,2400
143A.T,698,739,698,726,900
1443.T,268,275,267,275,38900
1444.T,2671,2671,2666,2666,800
1446.T,537,540,537,540,2500
1447.T,361,364,349,349,44700
144A.T,450,450,450,450,0
1450.T,1461,1478,1455,1474,4700
1456.T,1318,1325,1306,1307,67066
1457.T,1798,1798,1775,1775,28978
1458.T,74620,76330,74050,76300,115696
1459.T,122,123,119,119,4320338
145A.T,891,897,870,892,10000
1466.T,206,206,201,202,497
1469.T,194.7,194.7,187.5,188.5,184890
146A.T,3465,3570,3405,3565,40500
1472.T,80,80,77,78,1922
1473.T,4091,4137,4080,4137,2430
1474.T,36650,36920,36650,36850,154
1475.T,412,417,410.7,416.9,1787270
1476.T,1809,1824,1809,1817,69544
1477.T,3273,3361,3273,3357,9821
1478.T,5324,5403,5324,5400,20220
1479.T,49500,49500,49500,49500,0
147A.T,958,987,951,983,60400
1480.T,39560,39560,39560,39560,0
1481.T,3853,3913,3853,3891,63
1482.T,1514,1514,1509,1512,38301
1483.T,3736,3850,3736,3850,171
1484.T,3758,3867,3758,3863,260
1485.T,53550,53550,53550,53550,0
1486.T,22500,22535,22415,22535,979
1487.T,11565,11565,11540,11545,178
1488.T,1795,1812,1795,1808,56356
1489.T,3528,3568,3525,3561,487997
148A.T,1690,1700,1690,1691,600
1490.T,7970,7970,7970,7970,0
1491.T,703,705,695,699,22300
1493.T,25000,25330,25000,25330,19
1494.T,43410,43800,43270,43630,4135
1495.T,10665,10840,10665,10840,355
1496.T,1610,1610,1605,1607,6007
1497.T,1720,1722,1720,1721,5604
1498.T,31720,32230,31720,32230,7
1499.T,9480,9480,9380,9380,20
149A.T,785,805,780,798,5000
150A.T,780,795,747,773,115800
1514.T,630,640,628,635,183500
1515.T,3215,3390,3205,3330,455800
1518.T,2220,2234,2205,2233,386100
151A.T,634,634,624,628,3400
152A.T,1186,1186,1186,1186,0
153A.T,1619,1680,1585,1649,120900
1540.T,19930,20040,19910,19990,150648
1541.T,7963,8058,7703,8051,34497
1542.T,28330,28570,28260,28440,38440
1543.T,57200,57800,56990,57740,207
1545.T,224.6,225.7,224.3,225.5,1778680
1546.T,78490,78680,78050,78050,381
1547.T,12700,12785,12685,12785,6993
154A.T,6610,6610,6610,6610,0
1550.T,7755,7831,7755,7828,6377
1551.T,7278,7285,7278,7278,70
1554.T,6597,6611,6565,6611,3663
1555.T,2216,2240,2216,2236,967
1557.T,117200,118000,116750,117600,1533
1559.T,4668,4668,4599,4600,199
155A.T,802,826,796,823,29100
1560.T,6205,6205,6121,6122,364
1563.T,2355,2442,2355,2442,9648
1566.T,51680,51730,51500,51660,674
1568.T,957.3,981.5,952.6,980.5,1912990
1569.T,750.7,751.2,742,742.3,155800
156A.T,841,869,841,869,34300
1570.T,62650,63940,62020,63920,2338752
1571.T,311,312,307,308,2190821
1572.T,6568,6572,6436,6572,750
1573.T,8154,8165,8115,8123,490
1577.T,59840,60270,59610,60270,3143
1578.T,5041,5090,5010,5090,5425
1579.T,675,690.7,669.9,689.4,16766200
157A.T,739,739,712,732,9400
1580.T,822.6,825.9,814.3,814.4,344720
1585.T,2608,2608,2608,2608,10
1586.T,3078,3078,3014,3024,33
158A.T,2227,2227,2227,2227,0
1591.T,36290,36660,36120,36630,488
1592.T,3324,3369,3316,3369,3519
1593.T,36870,37540,36870,37450,7925
1595.T,1805,1811,1802,1804,4539
1596.T,3000,3000,3000,3000,0
1597.T,1790,1802,1786,1798,31511
1599.T,36930,36990,36900,36940,66
159A.T,725,729.8,723.1,729.1,2640
1605.T,4047,4081,3944,3980,6083800
160A.T,1921,1970,1921,1938,17300
1615.T,769.5,782.2,762.9,781.1,4218820
1617.T,46500,47540,46500,47540,511
1618.T,37670,38480,37400,37450,755
1619.T,43490,44110,43490,44050,192
161A.T,1125,1125,1125,1125,0
1620.T,35720,35720,35230,35620,247
1621.T,28860,29745,28805,29745,615
1622.T,33890,34420,33890,34260,1006
1623.T,61720,61800,60350,61430,1133
1624.T,79510,80640,79090,80340,102
1625.T,60130,61470,60000,61080,342
1626.T,47980,48800,47980,48700,348
1627.T,12705,13115,12705,12915,6599
1628.T,21935,22390,21935,22345,319
1629.T,279.2,284.5,279.1,282.8,1465420
162A.T,16055,16275,16040,16275,35
1630.T,35330,36780,35310,36620,334
1631.T,41750,42300,41250,42300,8000
1632.T,43080,44180,43080,44180,1876
1633.T,47750,48870,47750,48590,136
163A.T,17870,18045,17570,17925,7030
164A.T,1980,1980,1980,1980,0
1651.T,3291,3341,3291,3341,29174
1652.T,4980,4984,4980,4983,4220
1653.T,5036,5043,5036,5043,20
1654.T,3340,3340,3340,3340,0
1655.T,841.5,846.6,841.2,846.5,842680
1656.T,295,295.6,293.8,295.6,179450
1657.T,7020,7030,6999,7030,534
1658.T,4210,4226,4176,4204,32778
1659.T,3678,3701,3673,3693,6085
1660.T,10250,10375,10250,10350,1285
1662.T,1946,1985,1923,1933,1325600
1663.T,1932,1967,1920,1922,132600
166A.T,1057,1073,1052,1073,262500
1671.T,6131,6203,6119,6144,353742
1673.T,8949,8949,8885,8941,2810
1674.T,24750,25185,24750,25040,364
1675.T,18745,18745,17975,18290,116
1676.T,41110,41830,41110,41830,21
1677.T,57480,57480,57360,57360,50
1678.T,290.7,291.6,290.2,290.8,444240
1679.T,64470,64470,64470,64470,290
167A.T,3170,3205,3155,3200,98200
1680.T,8070,8070,8005,8059,2626
1681.T,3275,3295,3251,3280,4158
1684.T,2645,2695,2645,2695,40
1686.T,3030,3030,3015,3025,60
1689.T,707,715,706,714,90951
168A.T,1079,1092,1032,1084,5200
1690.T,2653,2690,2653,2660.5,950
1691.T,16730,16730,15900,16075,26
1692.T,660,677,660,677,800
1693.T,8543,8543,8456,8486,13950
1694.T,2219,2219,2175,2175,370
1695.T,3488,3501,3430,3479,15536
1698.T,4293,4390,4293,4390,25669
1699.T,699.4,704.5,694.8,697,1283860
170A.T,3099,3099,3092,3092,9
1711.T,247,248,245,245,20100
1716.T,1365,1377,1360,1376,12400
1717.T,931,935,927,930,23200
1718.T,7080,7090,7080,7090,400
1719.T,1872.5,1892.5,1867,1888.5,505900
171A.T,2167,2167,2167,2167,0
1720.T,1179,1209,1176,1205,345900
1721.T,5438,5484,5372,5441,340300
1723.T,2480,2503,2443,2503,152800
1724.T,709,709,702,703,4000
172A.T,2234,2234,2234,2234,0
1736.T,2376,2423,2376,2401,3000
173A.T,1555,1569,1553,1569,600
1758.T,2378,2400,2361,2400,5000
175A.T,633,633,621,621,500
1762.T,4085,4135,4065,4100,24000
1764.T,2689,2689,2680,2689,300
1766.T,13190,13310,12840,13070,39600
1768.T,1027,1031,1022,1023,3200
1770.T,2250,2250,2152,2179,1300
1773.T,87,87,85,85,12000
177A.T,835,844,830,841,2000
1780.T,1480,1497,1480,1487,21400
1783.T,80,80,67,77,12836300
1786.T,348,352,348,350,203400
1787.T,5610,5610,5610,5610,100
1788.T,4080,4085,4080,4085,300
178A.T,1570,1581,1570,1580,10261
1793.T,2076,2091,2069,2091,1200
1795.T,5800,5850,5700,5700,1100
1798.T,1050,1060,1047,1047,700
1799.T,3250,3320,3250,3305,16200
179A.T,236.8,236.8,235.2,235.8,23110
1801.T,12465,12535,12350,12425,1677400
1802.T,3046,3076,3021,3071,1903200
1803.T,2375.5,2407,2366,2378,2283200
1807.T,1950,1950,1939,1939,1400
1808.T,2718,2770.5,2713.5,2751,964900
180A.T,268,268.5,267.5,268.2,42770
1810.T,1428,1452,1423,1452,27000
1811.T,7480,7550,7450,7490,1600
1812.T,4858,4979,4852,4943,1385600
1813.T,2880,2945,2872,2945,87100
1814.T,3500,3545,3495,3535,36000
1815.T,4435,4485,4425,4455,43000
181A.T,513.4,513.7,513,513.7,70
1820.T,5500,5561,5500,5548,71800
1822.T,825,832,825,830,141900
1826.T,1070,1076,1070,1076,3800
1827.T,1300,1321,1290,1321,2100
1828.T,2473,2479,2440,2450,4800
182A.T,472.6,472.6,463.6,464.3,5160
1833.T,5690,5710,5670,5690,85300
1835.T,3860,3910,3845,3900,52800
183A.T,421.3,421.3,421.3,421.3,0
1840.T,260,262,256,256,42300
1844.T,431,457,428,454,337700
1847.T,3310,3355,3310,3355,12900
1848.T,764,764,755,762,9700
184A.T,325,337,325,332,6600
1850.T,432,434,425,434,76000
1852.T,872,884,871,884,290900
1853.T,322,323,320,323,31300
185A.T,886,886,886,886,0
1860.T,1486,1496.5,1474.5,1486.5,546200
1861.T,1287,1301,1281,1294,701000
1866.T,1124,1130,1113,1121,19900
1867.T,2691,2759,2675,2719,13200
186A.T,986,1034,971,1020,5162300
1870.T,2104,2136,2104,2134,62300
1871.T,2139,2153,2125,2153,89200
1873.T,302,305,302,305,41500
1878.T,3330,3367,3309,3352,1211000
1879.T,2230,2281,2228,2271,215600
1882.T,1587,1606,1587,1606,300900
1885.T,2061,2130,2057,2116,437600
1887.T,541,550,541,549,254900
1888.T,3590,3655,3590,3615,9500
188A.T,815,820,813,820,4717
1893.T,1443,1529,1440,1517.5,3070200
1897.T,3250,3250,3250,3250,200
1898.T,1473,1479,1467,1477,186100
1899.T,4515,4650,4470,4560,54300
189A.T,1052,1052,1037,1048,1700
1904.T,5100,5190,5100,5110,8900
1905.T,1450,1464,1450,1464,17000
1909.T,16280000512,16280000512,16280000512,16280000512,0
190A.T,68,69,67,69,212800
1911.T,1225,1259,1216.5,1259,5344500
1914.T,797,803,795,802,17800
1921.T,1881,1917,1872,1917,11000
1925.T,4650,4684,4631,4651,1139300
1926.T,3790,3835,3775,3830,114300
1928.T,3389,3412,3353,3366,2768300
1929.T,1198,1215,1196,1215,78500
192A.T,1295,1295,1271,1272,500
1930.T,1550,1572,1545,1568,27200
1934.T,2587,2622,2585,2620,96000
1938.T,2565,2594,2549,2570,62500
1939.T,2274,2280,2254,2257,61000
1941.T,5100,5150,5080,5130,61000
1942.T,5400,5490,5364,5463,630400
1944.T,6701,6845,6682,6785,373700
1945.T,2089,2153,2060,2140,166400
1946.T,2145,2185,2126,2166,159700
1948.T,11420,11420,11420,11420,2000
194A.T,1733,1773,1717,1758,22600
1950.T,3965,4035,3945,4025,68000
1951.T,2547.5,2573,2536,2568,500200
1952.T,3145,3170,3125,3155,79900
1959.T,7862,7893,7826,7869,142800
195A.T,666,704,664,700,16500
1960.T,1634,1661,1631,1643,10800
1961.T,2349,2439,2347,2432,657200
1963.T,2332,2381.5,2309,2343.5,1176600
1964.T,3805,3875,3795,3850,14500
1965.T,6900,7100,6900,6980,54300
1966.T,1730,1735,1720,1721,4000
1967.T,2089,2114,2089,2108,16000
1968.T,2513,2535,2503,2527,68500
1969.T,4400,4426,4364,4418,241300
196A.T,317,322,310,320,69200
1972.T,1302,1310,1293,1310,17100
1975.T,3740,3795,3700,3780,53400
1976.T,1685,1707,1682,1706,46600
1979.T,3705,3750,3690,3750,156300
197A.T,502,514,502,513,422300
1980.T,2635,2720,2631,2715,523200
1981.T,1326,1332,1321,1324,3700
1982.T,3030,3095,3020,3060,56500
198A.T,161,162,160,162,12700
1992.T,2986,2986,2986,2986,100
1994.T,620,622,619,622,1200
1997.T,3980,3980,3980,3980,0
199A.T,1350,1350,1350,1350,0
2001.T,2996,3035,2987,3010,203900
2002.T,2057,2087,2053,2077,1009800
2003.T,1858,1884,1858,1881,18100
2004.T,3950,3980,3910,3945,50700
2009.T,1093,1108,1093,1108,12900
200A.T,3988,4115,3966,4098,2013276
2011.T,846.5,855.5,844.2,854.7,19890
2012.T,234.5,234.8,233.8,234.7,63070
2013.T,300.9,303.6,300.9,303.6,315370
2014.T,306.8,308.8,306.5,308.8,95700
2015.T,2026,2028,2019,2028,1653
2016.T,1717,1719,1717,1719,335
2017.T,1492,1511,1488,1511,43429
2018.T,1210,1227,1210,1227,1018
2019.T,975,984,966,976,8879
201A.T,170.9,171.5,170.8,171.2,111620
2034.T,1920,1946,1916,1940,30207
2038.T,2630,2664,2583,2610,92516
2039.T,484,488,478,487,360445
203A.T,160,160,160,160,0
2042.T,8090,8100,8090,8100,3
2044.T,33560,33560,33230,33230,159
2045.T,19000,19005,19000,19005,3
2046.T,22215,22610,22200,22610,711
2047.T,3380,3380,3380,3380,1
204A.T,1250,1250,1250,1250,0
2050.T,31390,31740,31390,31740,4
2053.T,2021,2061,2019,2057,70100
2055.T,341,343,338,343,8400
205A.T,1625,1652,1625,1652,16400
2060.T,1455,1474,1455,1470,49200
2067.T,27850,27850,27850,27850,3
206A.T,160,166,158,166,75200
2070.T,16560,16560,16560,16560,2
2071.T,19210,19210,19210,19210,0
2072.T,22360,22360,22360,22360,0
2073.T,15510,15510,15510,15510,0
207A.T,1400,1400,1400,1400,0
2080.T,2055,2068,2040,2061,36563
2081.T,2175,2196,2128,2196,7324
2082.T,1218,1233,1218,1233,60
2083.T,3848,3911,3840,3911,1941
2084.T,3827,3868,3816,3861,1926
2085.T,779.4,790,779.4,790,6600
2086.T,3035,3035,3035,3035,1
2087.T,3394,3394,3390,3390,656
2088.T,2635,2635,2634,2634,6
2089.T,2836,2836,2820,2821,3
208A.T,2903,2903,2880,2890,5200
2090.T,4294,4294,4231,4231,6
2091.T,4478,4478,4414,4414,5
2092.T,4436,4436,4436,4436,4
2093.T,5143,5143,5108,5119,260
2094.T,799,799,794,794,1463
2095.T,1153,1156,1152,1155,11624
2096.T,1000,1000,985,990,1276
2097.T,935,935,919,922,608
2098.T,965,970,960,970,1621
209A.T,780,780,780,780,0
2108.T,5180,5210,5070,5130,39500
2109.T,3810,3845,3785,3815,43900
210A.T,1540,1553,1538,1553,6004
2112.T,462,467,461,464,15400
2114.T,675,678,671,675,13200
2117.T,2815,2838,2814,2832,12200
211A.T,3310,3320,3270,3300,17100
2120.T,227,234,227,233,760000
2121.T,3720,3810,3715,3785,442400
2122.T,1451,1469,1451,1468,4300
2124.T,964,1019,964,1015,567900
2127.T,629.6,646.8,627.9,644.5,4071500
212A.T,2800,2833,2769,2769,268100
2130.T,876,903,875,903,54800
2134.T,20,20,19,19,1640400
2136.T,1410,1440,1410,1437,400
2138.T,419,435,417,435,8600
2139.T,519,519,515,517,2000
213A.T,368.2,379.8,366.5,377.3,730020
2146.T,221,229,219,229,5860600
2148.T,1141,1163,1140,1160,45700
2152.T,1498,1514,1498,1505,500
2153.T,1810,1848,1810,1846,33200
2154.T,1949,1997,1946,1990,143600
2156.T,277,280,276,277,7800
2157.T,979,1003,979,1001,439200
2158.T,606,613,602,608,141000
215A.T,1295,1389,1265,1380,4860100
2160.T,2863,2952,2822,2928,872100
2163.T,938,954,938,949,26500
2164.T,113,116,113,114,21800
2168.T,1523,1569,1517,1567,150700
2169.T,1717,1730,1717,1729,1800
216A.T,1250,1250,1250,1250,0
2170.T,642,666,635,664,244400
2173.T,706,706,697,701,11400
2175.T,2613,2709,2596,2673,483800
2179.T,825,825,820,821,1800
217A.T,382,382,382,382,0
2180.T,1886167168,1886167168,1886167168,1886167168,0
2181.T,284.5,297.3,284,297.3,8594800
2183.T,204,205,203,204,14400
2185.T,1943,1997,1943,1980,1000
2186.T,901,902,898,901,3200
218A.T,1075,1137,1050,1135,203000
2193.T,128,130,127,128,142900
2195.T,352,363,350,360,23400
2198.T,775,787,775,779,24300
219A.T,2260,2464,2240,2442,549300
2201.T,2468.5,2492,2458.5,2486,359600
2204.T,3115,3145,3100,3125,15800
2206.T,5024,5044,4988,5031,96100
2207.T,3395,3430,3375,3415,32900
2208.T,3120,3135,3100,3135,1900
2209.T,2362,2370,2355,2366,19000
220A.T,923,953,923,951,5600
2211.T,2510,2520,2500,2517,27100
2212.T,3903,3963,3862,3889,731500
2215.T,612,620,612,620,4100
2216.T,1073,1089,1073,1087,60100
2217.T,1476,1484,1476,1483,22000
221A.T,1048.5,1072,1031.5,1067,154150
2220.T,1355,1379,1352,1361,224900
2221.T,3035,3070,3035,3055,1900
2222.T,2546,2575,2541,2573,680900
2224.T,3700,3715,3685,3710,1800
2226.T,4915,4935,4915,4935,2500
2229.T,3040,3065,3030,3031,234100
222A.T,60,60,60,60,0
2235.T,3499,3515,3489,3515,64
2236.T,1412,1420,1409,1420,49147
2237.T,2406,2407,2395,2400,6855
2238.T,5288,5296,5286,5293,1314
2239.T,26120,26245,26120,26180,497
223A.T,1744,1744,1725,1733,4814
2240.T,5343,5343,5336,5338,2093
2241.T,895.4,901.9,895.4,901,1730
2242.T,679.6,679.6,675.1,676.2,140
2243.T,4170,4211,4170,4200,393964
2244.T,3423,3443,3423,3435,37952
2245.T,684,684,684,684,10
2247.T,2201,2208,2193,2208,3968
2248.T,2725,2729,2725,2725,6298
2249.T,9625,9625,9513,9550,904
224A.T,1580,1581,1500,1539,38140
2250.T,370.3,370.3,365.2,367.5,770
2251.T,912.4,913.2,910,913.2,5630
2252.T,1385,1387,1376,1386,10636
2253.T,1319,1319,1309,1318,23234
2254.T,961,984,960,981,58111
2255.T,190.2,191.7,190.2,191.7,260410
2256.T,211,211.5,210.5,211.5,107600
2257.T,212.4,212.6,211.7,212.6,20280
2258.T,216.2,217.8,216.2,217.6,57650
2259.T,176,176,175.7,175.7,590
2264.T,1106,1135,1106,1135,2819000
2266.T,1106,1113,1102,1110,50300
2267.T,2859,2892,2848.5,2887,917600
2268.T,4065,4070,4060,4065,5500
2269.T,4295,4349,4259,4322,691000
226A.T,600,600,600,600,0
2270.T,3765,3785,3725,3770,160200
227A.T,1230,1230,1230,1230,0
2281.T,2398,2423,2398,2415,164100
2282.T,6311,6336,6252,6294,501100
2286.T,890,900,887,890,22500
2288.T,2258,2288,2257,2288,162100
228A.T,1681,1692,1675,1687,1100
2291.T,510,510,509,510,900
2292.T,2730,2779,2718,2779,122100
2293.T,2690,2690,2686,2686,1500
2294.T,2491,2510,2475,2475,33100
2296.T,5000,5050,5000,5040,114500
229A.T,760,760,760,760,0
2300.T,498,500,498,499,1700
2301.T,1630,1694,1620,1681,103700
2303.T,1350,1375,1350,1367,8500
2304.T,904,904,897,903,6600
2305.T,1831,1866,1831,1860,21300
2307.T,1032,1057,1031,1057,43700
2311.T,787,792,785,785,7100
2315.T,66,66,63,63,6341900
2317.T,433,443,430,443,1077900
2321.T,160,160,146,151,1195400
2323.T,332,335,326,334,12700
2325.T,4535,4625,4535,4565,23200
2326.T,4500,4790,4500,4780,185100
2327.T,3904,3980,3904,3964,171900
2329.T,496,499,495,497,32900
2330.T,102,104,91,95,1764500
2331.T,1236.5,1251,1228.5,1241,1148400
2332.T,1650,1673,1641,1657,3900
2334.T,554,584,554,584,482500
2335.T,1095,1098,1088,1098,22900
2337.T,401,405,399,401,750300
2338.T,118,120,118,118,97000
233A.T,1754,1763,1752,1762,23659
2340.T,522,528,521,528,57700
2341.T,172,172,171,172,6300
2342.T,260,260,253,255,38900
2345.T,109,110,106,106,85400
2349.T,2432,2450,2432,2448,500
234A.T,1481,1496,1481,1490,238
2351.T,352,352,337,337,4800
2353.T,270,282,269,271,5266600
2354.T,1299,1310,1263,1294,472000
2359.T,2073,2112,2073,2104,10900
235A.T,1420,1440,1420,1440,49396
236A.T,435.8,436.5,435.8,436.5,52470
2370.T,25,25,24,24,188500
2371.T,3820,3861,3818,3850,169900
2373.T,455,457,426,447,150700
2375.T,200,200,198,199,127100
2376.T,758,791,758,790,2000
2378.T,1048,1050,1044,1047,23700
2379.T,1808,1837,1806,1837,246100
237A.T,140,140,138.8,139.6,771710
2384.T,4830,4875,4830,4875,33300
2385.T,213,215,212,213,21100
2388.T,33,34,32,34,56500
238A.T,121,121,118.2,118.4,987530
2391.T,1173,1189,1171,1178,11900
2393.T,4205,4340,4205,4330,8300
2395.T,1311,1334,1303,1329,232700
239A.T,450,450,450,450,0
2404.T,523,524,523,523,6000
2408.T,810,819,804,817,2400
2410.T,2830,2855,2822,2852,36100
2411.T,466,471,466,471,8200
2413.T,1719,1752,1707.5,1748.5,2960000
2415.T,1626,1646,1616,1629,3200
2418.T,584,598,583,596,51500
241A.T,415,423,415,423,4700
2424.T,595,600,595,598,6300
2425.T,680,680,669,674,2300
2428.T,621,628,621,626,14900
2429.T,2724,2832,2724,2826,48600
2432.T,2521,2566,2500.5,2552,1173100
2433.T,1276,1327,1251,1325.5,1044700
2435.T,208,208,206,208,6400
2436.T,564,571,560,565,23700
2437.T,607,618,601,613,22000
2438.T,330,339,330,339,29200
243A.T,1122,1122,1122,1122,0
2440.T,120,122,119,122,104800
2445.T,390,394,390,393,33000
2449.T,1050,1074,1050,1074,2500
244A.T,1150,1179,1149,1179,500
2454.T,352,354,351,354,4200
2459.T,173,178,173,178,29400
245A.T,2486,2529,2486,2514,1600
2461.T,382,386,382,386,80900
2462.T,1501,1514,1501,1514,18300
2464.T,363,367,363,367,1000
2469.T,2811,2849,2781,2826,8400
246A.T,924,934,924,927,1300
2471.T,263,277,262,277,404000
2475.T,1733,1755,1733,1748,7800
2477.T,3160,3285,3160,3265,9600
2479.T,259,268,258,268,65500
247A.T,1020,1045,985,1019,902400
2480.T,1758,1814,1758,1779,1200
2481.T,686,687,686,687,400
2483.T,2151,2218,2151,2218,2500
2484.T,156,165,155,162,507300
2485.T,445,449,444,449,29900
2488.T,1407,1430,1396,1426,12300
2489.T,400,412,398,410,185600
248A.T,809,809,806,806,500
2491.T,462,478,462,478,77500
2492.T,724,729,702,714,3382400
2493.T,945,945,943,945,2000
2497.T,525,533,525,532,15800
2498.T,3090,3135,3090,3125,6000
2499.T,306,308,306,308,5400
249A.T,340,340,340,340,0
2501.T,1853,1875,1848,1865,898800
2502.T,1602,1622,1599,1613.5,4720200
2503.T,2778,2826.5,2767,2821,2605100
250A.T,1576,1588,1576,1587,22300
2510.T,790.9,796.2,790.8,793.9,135390
2511.T,1115,1115,1108.5,1113.5,108490
2512.T,719.7,719.7,709.9,710.1,8740
2513.T,3465,3465,3435,3457,2934
2514.T,2002,2020,2002,2013,145
2515.T,1563,1572,1558,1572,18596
2516.T,609,624.6,606.1,624.6,380740
2517.T,1071,1071,1063.5,1066,1280
2518.T,2400,2416,2399,2415,24
2519.T,1115.5,1123,1115.5,1116,3030
251A.T,256,256,256,256,0
2520.T,2273,2281,2258,2279,1290
2521.T,2152,2156,2148,2156,78313
2522.T,8382,8382,8300,8360,3124
2523.T,3200,3200,3200,3200,0
2524.T,4116,4151,4116,4150,100365
2525.T,63570,64090,63250,64020,16270
2526.T,36420,37080,36420,37000,14058
2527.T,1075,1085,1075,1082,35118
2528.T,1049,1061,1049,1058,4979
2529.T,2337,2371,2337,2359,12327
252A.T,2566,2566,2566,2566,0
2530.T,17185,17185,16720,16805,37
2531.T,2557.5,2604.5,2441.5,2481.5,616200
2533.T,464,472,462,466,68800
253A.T,1024,1054,1023,1048,13400
254A.T,1208,1211,1201,1201,12800
2552.T,1884,1901,1884,1898,10592
2553.T,2305.5,2350,2300,2349,2350
2554.T,735,735,731.4,731.7,1820
2555.T,1816.5,1823,1806.5,1820,12610
2556.T,1805.5,1823,1805,1822,7530
2557.T,4068,4108,4068,4105,6050
2558.T,3365,3382,3358,3379,184500
2559.T,2874,2894,2862,2894,222254
255A.T,4845,5060,4810,5020,57300
2560.T,52090,53090,52090,53090,3
2561.T,1980,1982,1973,1975,2627
2562.T,3625,3651,3625,3645,1630
2563.T,401.5,402.4,401.3,401.7,145780
2564.T,3605,3678,3605,3678,6838
2565.T,866,877,866,874,4822
2566.T,989,1001,989,998,2495
2567.T,514.9,537.1,514.9,537.1,15220
2568.T,7630,7667,7630,7660,13544
2569.T,4237,4238,4227,4230,5008
256A.T,2264,2310,2262,2285,320200
2573.T,4045,4070,4045,4070,3400
2579.T,3709,3764,3691,3764,797000
257A.T,3309,3311,3275,3310,152
2585.T,1346,1395,1341,1389,587600
2586.T,69,70,68,69,652500
2587.T,4500,4537,4491,4509,742300
2588.T,3565,3635,3565,3595,3200
258A.T,2025,2036,2025,2029,204
2590.T,3035,3045,2946,2960,104000
2593.T,3172,3210,3172,3181,310100
25935.T,1800,1803,1797,1801,11300
2594.T,2007,2008,1998,2004,55900
2597.T,1251,1273,1251,1268,10800
2602.T,2104,2125,2100,2113,242100
2607.T,4385,4563,4384,4549,456900
2612.T,2357,2419,2351,2419,25800
2613.T,2250,2274,2245,2263,60200
261A.T,1976,1990,1971,1972,16100
2620.T,356,356.4,354.4,356.3,44630
2621.T,981,985,979,981,203659
2622.T,1692,1692,1684,1684,411
2623.T,1920,1920,1908,1910,3030
2624.T,6333,6403,6311,6403,59508
2625.T,4031,4077,4022,4063,8646
2626.T,3220,3355,3220,3355,1274
2627.T,1560,1592,1560,1592,598
2628.T,3540,3650,3463,3610,3219
2629.T,3696,3701,3644,3694,1729
262A.T,1651,1749,1643,1749,242800
2630.T,16065,16065,15935,15950,56
2631.T,31830,32020,31820,31990,9979
2632.T,17625,17655,17610,17625,3597
2633.T,538.2,541.3,537.6,541.3,87680
2634.T,3130,3138,3130,3133,93725
2636.T,4675,4792,4675,4792,242
2637.T,2535,2535,2488,2532,479
2638.T,2505,2560,2503,2560,20732
2639.T,1710,1711,1665,1686,288
263A.T,800,800,800,800,0
2640.T,4200,4320,4200,4320,26374
2641.T,4415,4501,4415,4491,8346
2642.T,53250,53250,53250,53250,1
2643.T,4160,4249,4160,4249,30
2644.T,3578,3662,3526,3652,813269
2645.T,3007,3071,3007,3071,223
2646.T,3712,3713,3650,3690,2082
2647.T,5642,5642,5525,5539,1820
2648.T,3295,3295,3250,3256,11772
2649.T,568.5,568.5,566.3,566.3,1080
264A.T,328,368,328,347,383000
2652.T,425,444,421,438,236000
2653.T,2792,2802,2789,2795,12700
2654.T,435,435,427,429,11900
2656.T,153,159,153,157,128200
2659.T,3355,3425,3355,3425,197000
265A.T,746,794,740,743,53300
2664.T,3660,3690,3605,3620,97700
2666.T,187,189,185,188,64800
2667.T,107,110,107,109,132000
2668.T,1269,1270,1260,1270,1300
2669.T,3845,3900,3845,3900,3500
266A.T,1350,1350,1350,1350,0
2670.T,2677.5,2708,2650,2694.5,484600
2673.T,103,108,102,105,57000
2674.T,2507,2548,2507,2536,53000
2676.T,2050,2073,2044,2067,11200
2678.T,1200,1234,1199,1229,357000
267A.T,1815,1815,1815,1815,0
2681.T,2235,2280,2219,2270,146000
2683.T,995,995,993,993,1500
2685.T,3220,3230,3185,3200,163400
2687.T,493,496,491,493,3400
2689.T,1925,1977,1925,1963,1700
268A.T,1560,1602,1521,1593,1834000
2693.T,277,279,274,276,27200
2694.T,72,73,72,72,168600
2695.T,1652,1694,1647,1693,1029100
2698.T,3260,3285,3260,3260,9600
269A.T,2830,2862,2811,2815,3700
2700.T,1718,1726,1710,1712,8700
2702.T,8070,8120,7970,8100,473400
2705.T,8750,8880,8700,8810,12500
2708.T,1903,1904,1894,1896,600
271A.T,1500,1500,1500,1500,0
2721.T,106,107,103,106,62600
2722.T,362,363,362,363,4900
2726.T,1488,1516,1488,1507,689900
2730.T,2480,2506,2477,2501,231800
2733.T,2674,2710,2666,2708,120200
2734.T,1231,1252,1228,1242,101700
2735.T,721,736,717,725,24800
2736.T,603,604,598,603,2600
2737.T,33800,35000,33000,33600,124900
273A.T,9590,9658,9500,9654,209
2742.T,3910,4010,3910,4010,23700
2747.T,3135,3135,3135,3135,100
2749.T,647,653,645,651,279800
274A.T,2230,2249,2209,2239,14500
2750.T,1346,1365,1345,1351,3300
2751.T,3540,3605,3540,3575,8800
2752.T,1153,1157,1147,1152,57100
2753.T,1388,1405,1388,1401,23000
2760.T,3980,4080,3975,4035,61600
2762.T,64,65,63,65,229300
2764.T,169,171,167,171,216400
2767.T,2506,2613,2506,2613,496600
2768.T,5770,5840,5756,5810,954500
2769.T,925,925,922,922,2200
276A.T,4080,4150,4050,4110,17600
2776.T,104,115,99,101,1281600
2778.T,114,116,114,116,43100
277A.T,1765,1850,1735,1847,147000
2780.T,4325,4420,4285,4395,102500
2782.T,4715,4845,4715,4795,310800
2784.T,2314.5,2341,2312,2341,288200
2788.T,382,387,382,386,11100
2789.T,476,477,475,475,1500
278A.T,20600,21360,19580,20310,1498200
2790.T,2070,2075,2051,2070,17400
2791.T,4525,4700,4520,4700,67300
2792.T,1416,1444,1416,1440,64500
2795.T,950,951,948,948,1100
2796.T,505,508,501,507,7000
2798.T,2994,3000,2990,2993,1800
279A.T,1550,1550,1550,1550,0
2801.T,1687.5,1712,1680,1698,2915700
2802.T,4892,4922,4800,4920,3107100
2804.T,1849,1867,1849,1853,9800
2805.T,7450,7660,7320,7560,80100
2806.T,1926,1926,1901,1923,600
2809.T,4572,4586,4536,4570,338000
280A.T,1050,1073,1036,1062,18700
2810.T,3882,3938,3864,3922,245600
2811.T,2778,2789.5,2749.5,2763,267000
2813.T,3900,3945,3860,3920,1700
2814.T,1978,2009,1978,1986,5200
2815.T,5270,5320,5250,5310,85600
2816.T,1418,1420,1415,1415,3300
2818.T,1767,1769,1760,1760,1400
2819.T,2445,2486,2445,2463,7200
281A.T,420,420,397,403,173400
2820.T,6700,6790,6510,6570,17000
282A.T,2117,2162,2082,2157,373982
2831.T,3680,3680,3660,3680,400
2836.T,3257,3380,3257,3324,136
2837.T,4650,4817,4650,4817,2582
2838.T,8417,8417,8247,8266,657
2839.T,4901,4901,4868,4868,48
283A.T,1305,1314,1291,1314,51476
2840.T,2565,2578,2564,2578,96303
2841.T,1657,1666,1657,1663,7722
2842.T,12410,12410,12375,12390,4995
2843.T,3615,3615,3601,3601,101
2844.T,5300,5321,5281,5321,1695
2845.T,3485,3490,3479,3479,5202
2846.T,2538,2538,2525,2531,1943
2847.T,2959,2959,2945,2958,96
2848.T,2997,2997,2997,2997,0
2849.T,5469,5469,5430,5450,451
284A.T,2335,2335,2335,2335,0
2851.T,393.7,397.5,390.5,397.5,130
2852.T,171,172.5,171,172,95200
2853.T,604,604,604,604,10
2854.T,2597,2675,2587,2675,20348
2855.T,916,924,916,920,17
2856.T,642.5,642.5,638.8,639.6,58620
2857.T,610,615,610,614.7,250
2858.T,1500,1500,1456,1474,1684
2859.T,3165,3180,3165,3174,63477
285A.T,49500,51180,48730,50590,28534900
2860.T,3233,3233,3202,3202,732
2861.T,5414,5414,5312,5316,218
2862.T,3879,3879,3790,3790,2
2864.T,1303,1303,1273,1279,101
2865.T,1229,1234,1229,1234,261109
2866.T,933,937,931,936,49289
2867.T,1610,1650,1610,1640,682
2868.T,1099,1105,1099,1105,42457
2869.T,2825,2836,2819,2821,154504
286A.T,797,810,797,804,24100
2870.T,7850,7861,7813,7829,17228
2871.T,2200,2237,2189.5,2227,1470700
2872.T,1930,1931,1930,1931,500
2874.T,2201,2240,2167,2200,158600
2875.T,10020,10115,9969,10105,338500
2876.T,467,471,467,468,1000
2877.T,747,758,747,752,400
287A.T,1111,1120,1107,1116,365600
2882.T,2000,2019,2000,2014,15200
2883.T,2042,2046,2042,2046,2500
2884.T,614,624,610,621,62400
288A.T,92,94,92,93,32100
2892.T,4580,4600,4550,4600,1100
2894.T,364,365,359,364,3900
2897.T,2981.5,3035,2979.5,3006,1248000
2901.T,151,152,148,149,60500
2903.T,1647,1647,1610,1610,3800
2904.T,755,757,755,755,4400
2907.T,1533,1540,1530,1534,1700
2908.T,1617,1624,1610,1621,34900
290A.T,1394,1439,1390,1435,513700
2910.T,1371,1404,1371,1395,48000
2911.T,2260,2260,2251,2251,300
2914.T,6706,6770,6670,6763,2312100
2915.T,2042,2088,2042,2076,31300
2916.T,735,737,735,735,400
2917.T,926,927,922,924,2200
2918.T,2734,2748,2724,2744,57600
291A.T,1971,1999,1962,1965,1400
2922.T,1965,1981,1965,1977,12800
2923.T,7230,7270,7170,7240,3000
2924.T,1912,1924,1900,1906,3600
2926.T,122,124,121,122,134000
2927.T,856,859,853,858,29800
2929.T,717,725,677,691,1188100
292A.T,680,680,680,680,0
2930.T,126,132,126,132,414200
2931.T,339,348,339,346,536600
2932.T,1119,1119,1099,1099,10400
2933.T,1133,1133,1124,1126,51600
2934.T,1970,2006,1970,2001,1100
2935.T,1198,1210,1198,1210,17900
2936.T,280,280,271,274,33800
2937.T,1758,1768,1758,1758,2300
2938.T,1270,1274,1266,1268,37800
293A.T,950,950,950,950,0
294A.T,2880,2880,2880,2880,1
295A.T,9670,9670,9670,9670,12
2961.T,1555,1567,1555,1567,200
2962.T,1739,1823,1606,1818,282600
296A.T,1150,1219,1142,1183,253700
2970.T,1090,1100,1090,1100,3800
2971.T,106300,107500,106300,107400,885
2972.T,103100,104900,102900,104900,1128
2975.T,1339,1386,1336,1369,129400
2978.T,336,350,336,344,16700
2979.T,98700,99900,98700,99700,2233
297A.T,214,214,213,214,10700
2980.T,2219,2271,2208,2269,142600
2981.T,2261,2269,2241,2269,3800
2982.T,413,422,413,421,186700
2983.T,1653,1727,1638,1685,109000
2984.T,758,759,744,757,4100
2986.T,2782,2829,2775,2828,85300
2989.T,94000,95000,94000,95000,1351
298A.T,351,351,333,337,2400
2990.T,262,262,262,262,0
2991.T,534,540,520,530,52400
2993.T,2200,2200,2196,2196,200
2997.T,1323,1324,1323,1323,1900
2998.T,521,539,519,537,111600
2999.T,498,507,497,499,19400
299A.T,1200,1259,1200,1245,163700
3001.T,2880,2966,2860,2965,31800
3002.T,4010,4055,4010,4050,100800
3003.T,1759.5,1770,1751,1757.5,1152800
3004.T,2055,2067,2054,2067,2000
300A.T,3170,3170,3090,3105,27600
3010.T,188,189,187,188,142800
3011.T,141,142,140,142,5100
301A.T,550,550,550,550,0
3020.T,4725,4785,4670,4785,7100
3021.T,1570,1588,1570,1584,10500
3023.T,2015,2038,2008,2030,19000
3024.T,1179,1227,1175,1227,5100
3028.T,2289,2329,2286,2315,59500
302A.T,586,597,580,580,7000
3030.T,846,856,842,855,15800
3031.T,656,675,656,670,68000
3034.T,2206,2293,2205,2285,144500
3035.T,755,757,752,755,6500
3036.T,3280,3290,3205,3250,106300
3038.T,3083,3199,3065,3167,3928400
303A.T,583,583,570,571,2200
3040.T,2240,2330,2203,2323,124200
3041.T,408,411,406,410,1600
3042.T,293,300,292,300,20800
3045.T,1461,1464,1461,1464,300
3046.T,5630,5790,5620,5760,178500
3048.T,1721,1749.5,1713.5,1749.5,492500
304A.T,1950,1950,1932,1949,1000
3050.T,1597,1609,1593,1600,252600
3053.T,201,204,197,201,455400
3054.T,356,356,350,351,61100
3058.T,719,719,713,719,900
3059.T,711,712,710,712,1800
305A.T,1146,1146,1146,1146,0
3063.T,1146,1167,1140,1162,27600
3064.T,1937.5,2027,1925.5,1992.5,2801900
3065.T,1587,1590,1586,1590,1900
3067.T,466,470,466,468,7300
3068.T,3045,3060,3040,3040,600
3069.T,166,166,163,166,129600
3070.T,60,60,51,54,4154400
3071.T,101,102,101,102,64700
3075.T,1645,1656,1643,1652,4400
3076.T,2995,3025,2989,2996,91000
3077.T,1267,1284,1260,1268,15300
307A.T,800,800,800,800,0
3080.T,814,814,811,811,1100
3082.T,978,981,976,981,2800
3083.T,1240,1250,1223,1223,189300
3086.T,2622.5,2648.5,2571,2582.5,1099600
3087.T,3290,3325,3260,3285,100800
3088.T,2499.5,2572.5,2499.5,2560.5,1810400
3089.T,1077,1077,1043,1049,7800
308A.T,1310,1310,1310,1310,0
3091.T,2810,2861,2785,2807,57700
3092.T,1133,1151,1127,1145,2392200
3093.T,1837,1906,1837,1896,161600
3096.T,1602,1617,1602,1609,4100
3097.T,5470,5520,5400,5480,162300
3099.T,3155,3191,3118,3141,1571700
309A.T,700,700,700,700,0
3101.T,1609,1627,1596,1614,381900
3103.T,1445,1446,1380,1380,4112700
3104.T,3175,3215,3135,3195,100800
3105.T,2193.5,2260,2156,2241,732100
3106.T,10700,10790,10550,10790,25400
3107.T,3720,3775,3676,3773,397500
3109.T,1045,1049,1041,1046,31400
310A.T,1440,1440,1440,1440,0
3110.T,2749,2910,2689,2851,5386700
3111.T,173,175,173,175,5100
3113.T,83,84,82,84,159300
3116.T,2226.5,2246.5,2216,2238.5,364000
3121.T,247,255,247,250,77100
3123.T,645,651,645,650,900
312A.T,1542,1542,1542,1542,0
3131.T,6120,6280,5950,6250,77600
3132.T,3752,3827,3702,3760,1048500
3133.T,62,62,60,60,280600
3134.T,285,291,285,288,73900
3135.T,1159,1162,1146,1149,5900
3137.T,223,224,215,217,45900
3138.T,1124,1158,1119,1119,2900
3139.T,3370,3430,3370,3430,19100
313A.T,255.4,256.5,255.1,256.1,153380
3140.T,1015,1018,1015,1015,3700
3143.T,710,715,701,703,6800
3148.T,3330,3365,3320,3365,56300
314A.T,314.8,317.2,314.5,316,3170860
3150.T,2388,2440,2388,2440,30500
3151.T,1571,1613,1570,1609,69200
3153.T,2987,2997,2945,2967,96900
3154.T,760,766,760,765,23000
3156.T,5230,5280,5060,5140,75800
3157.T,1414,1427,1411,1426,2100
3159.T,393,395,380,381,302300
315A.T,1966,1995,1943,1992,92529
3160.T,580,580,579,580,2000
3161.T,666,671,659,666,15600
3166.T,1470,1470,1463,1463,1100
3167.T,1338,1364,1330,1359,554700
3168.T,1208,1297,1201,1290,74400
3169.T,676,676,672,672,5400
316A.T,2601,2615,2600,2612,171350
3172.T,1120,1125,1120,1122,1000
3173.T,1380,1395,1380,1382,5900
3174.T,398,398,396,397,15900
3175.T,976,978,976,978,10000
3176.T,1152,1160,1139,1146,312300
3177.T,4210,4310,4210,4270,2600
3178.T,1198,1208,1196,1208,14600
3179.T,1133,1182,1126,1180,71400
317A.T,1350,1350,1350,1350,0
3180.T,1511,1576,1511,1554,41600
3181.T,1028,1049,1027,1049,2900
3182.T,1572,1616,1569,1611,105300
3183.T,1242,1265,1242,1265,12600
3184.T,4155,4155,4155,4155,0
3185.T,142,142,115,115,586300
3186.T,2884,2941,2850,2931,473500
3187.T,429,471,395,410,1079900
3189.T,103,107,102,105,232700
318A.T,358,358.1,354.3,356.1,953260
3190.T,587,588,585,585,800
3191.T,2265,2282,2250,2279,80500
3192.T,266,272,266,272,14800
3193.T,1282,1325,1260,1299,572300
3195.T,707,723,597,597,83000
3196.T,1620,1649,1620,1647,45500
3197.T,3310,3353,3288,3322,783100
3199.T,1311,1315,1305,1315,29400
319A.T,18800,20000,18390,19940,47600
3201.T,2012,2025,1975,1991,66400
3202.T,129,130,128,130,29600
3204.T,500,503,496,503,10800
3205.T,730,734,723,732,61000
320A.T,500,500,500,500,0
321A.T,785,785,785,785,0
3221.T,3210,3230,3205,3215,30800
3222.T,855,865,850,865,445200
3223.T,950,964,950,964,1300
3224.T,699,699,698,698,700
3226.T,116400,117200,116100,117200,5368
322A.T,765,765,765,765,0
3231.T,909.8,917.5,904.8,917.5,2911400
3232.T,591,600,591,598,130600
3234.T,124200,125400,124200,124700,3610
3236.T,275,279,274,277,87300
3237.T,96,96,94,95,70100
3238.T,384,384,381,382,13600
323A.T,370,373,370,370,2400
3241.T,587,588,571,584,3900
3242.T,517,524,517,524,49100
3245.T,1082,1091,1076,1089,242500
3246.T,693,693,689,691,4900
3248.T,884,889,884,889,200
3249.T,136400,138000,136200,136800,5395
324A.T,700,723,700,719,23000
3252.T,2748,2789,2744,2788,152600
325A.T,1739,1818,1735,1817,200100
3261.T,415,423,415,423,3800
3266.T,79,80,79,79,19200
3267.T,625,626,618,626,10900
3269.T,143000,144100,143000,143500,4873
326A.T,1620,1620,1620,1620,0
3276.T,2248,2249,2225,2230,39100
3277.T,814,847,814,838,31200
3279.T,130600,131800,130600,131200,3457
3280.T,926,935,926,929,14600
3281.T,132500,134000,132500,133400,6240
3282.T,97500,98100,97200,97500,3977
3283.T,84000,85000,83800,84300,10526
3284.T,1255,1291,1255,1282,394700
3286.T,885,885,880,881,2500
3287.T,233400,236900,233400,236700,1440
3288.T,7565,7714,7550,7683,298400
3289.T,1296.5,1304.5,1288.5,1293,1552000
328A.T,1365,1374,1365,1366,16724
3290.T,73400,75000,73300,75000,4122
3291.T,2249,2266.5,2238.5,2260.5,387600
3292.T,114100,115100,114000,115000,6295
3293.T,765,765,764,764,2600
3295.T,147200,148700,147100,147700,1546
3296.T,80100,81100,80100,80600,3928
3297.T,1172,1174,1170,1170,800
3299.T,1683,1705,1682,1700,80300
329A.T,211.6,211.6,211.6,211.6,0
3300.T,1819,1844,1818,1844,47600
3302.T,3040,3050,3000,3040,26200
3306.T,701,712,693,711,18000
3309.T,71200,71900,71200,71800,8637
330A.T,576,576,547,554,9800
3315.T,102,102,99,99,11455700
3317.T,1489,1490,1487,1487,500
331A.T,487,488,487,488,500
3320.T,1293,1310,1293,1306,10100
3321.T,1627,1674,1627,1674,17600
3323.T,91,93,90,93,356600
3326.T,652,653,651,652,1300
3329.T,2141,2145,2139,2141,1000
332A.T,1102,1144,1100,1138,49200
3333.T,1290,1309,1281,1309,92700
333A.T,6240,6240,6240,6240,0
3349.T,6533,6704,6533,6698,416200
334A.T,1070,1100,1070,1099,4300
3350.T,248,251,239,247,17035500
3352.T,1780,1800,1780,1800,600
3353.T,2786,2813,2786,2789,1200
3355.T,1730,1739,1717,1739,22700
3358.T,93,95,93,95,54700
3359.T,519,521,517,521,20800
335A.T,320,322,319,322,5300
3360.T,2440,2488,2437.5,2455,236600
3361.T,906,910,902,903,13200
336A.T,1430,1513,1305,1363,2715300
3370.T,492,492,465,465,73800
3371.T,2100,2124,2081,2119,79300
3372.T,220,221,220,221,15200
3374.T,3830,3875,3760,3830,21900
3375.T,1750,1790,1750,1750,300
3377.T,380,382,380,381,1900
3382.T,2027.5,2048,2010,2037.5,6602100
3386.T,1243,1243,1243,1243,700
3387.T,761,779,761,774,799900
3388.T,2060,2079,2052,2079,18400
338A.T,3315,3500,2931,3115,2119800
3391.T,2262.5,2301.5,2251,2284,1791200
3392.T,800,810,800,804,12000
3393.T,3035,3070,3025,3070,33200
3395.T,2459,2485,2452,2485,85300
3396.T,863,863,859,862,2100
3397.T,4350,4410,4322,4349,389900
3399.T,3850,3915,3615,3690,388900
339A.T,905,905,891,904,9200
3401.T,1645,1669,1626.5,1664.5,457800
3402.T,1230,1238.5,1217.5,1232.5,2270300
3405.T,1780.5,1791.5,1761,1784,1143200
3407.T,1546,1566.5,1530,1555,3534600
3409.T,87,87,84,87,58000
340A.T,320,328,320,328,4700
3415.T,340,346,338,346,287400
3416.T,902,917,902,917,300
3417.T,989,1005,989,1000,6300
3418.T,1045,1074,1045,1050,31600
341A.T,2217,2285,2191,2272,67100
3420.T,1552,1555,1552,1555,1900
3421.T,1630,1641,1595,1619,73800
3422.T,605,606,599,599,13700
3423.T,273,274,273,273,1300
3426.T,1280,1280,1280,1280,100
3431.T,1550,1569,1550,1568,41100
3433.T,2727,2786,2702,2777,187000
3434.T,1244,1245,1241,1243,2000
3435.T,1536,1560,1536,1536,2500
3436.T,2809,2892,2754.5,2866,10592300
3437.T,2633,2646,2633,2633,700
3439.T,679,686,679,686,400
343A.T,1277,1309,1277,1309,5100
3440.T,859,859,853,857,6800
3441.T,2758,2758,2635,2695,140900
3443.T,1374,1400,1374,1400,145800
3444.T,1222,1294,1080,1148,6493400
3445.T,4990,5320,4965,5280,218400
3446.T,1604,1634,1577,1614,13200
3447.T,1004,1013,1003,1009,13700
3449.T,4025,4060,3805,3865,138100
3451.T,127000,128400,127000,128300,670
3452.T,1414,1431,1414,1429,38400
3454.T,1264,1270,1258,1258,2000
3455.T,95000,96300,95000,96300,3383
3457.T,911,922,911,922,71600
3459.T,86900,87600,86900,87500,2296
345A.T,15570,15600,15545,15600,23
3461.T,617,620,616,616,6800
3462.T,142200,143900,141900,143700,7513
3463.T,110800,111900,110400,110700,1014
3465.T,3170,3255,3165,3240,124800
3466.T,141900,142900,141800,142700,3549
3467.T,2680,2757,2680,2689,7800
3468.T,52200,53000,52200,52900,4983
3469.T,890,895,890,890,2100
346A.T,4715,4718,4687,4692,4700
3470.T,97000,98000,97000,98000,1639
3471.T,101900,103200,101800,102600,4043
3472.T,65200,66600,65200,66600,1365
3474.T,600,600,595,595,1700
3475.T,1419,1441,1412,1418,147600
3476.T,41450,41800,41400,41700,7431
3477.T,898,904,898,904,1200
3479.T,1839,1904,1839,1900,54600
347A.T,530,530,530,530,0
3481.T,111800,113100,111800,112900,3585
3482.T,2486,2549,2467,2549,95800
3484.T,1151,1200,1149,1197,11100
3486.T,1930,2029,1930,2021,146600
3487.T,135500,137300,135500,136200,1631
3488.T,102500,104500,102500,104200,1288
3489.T,772,788,771,785,32900
348A.T,294,296.3,293,295.5,777710
3490.T,3040,3065,3030,3045,1300
3491.T,1417,1456,1413,1451,202100
3492.T,78100,79100,78100,79100,7385
3494.T,457,459,456,457,4200
3495.T,2310,2310,2280,2280,200
3496.T,4680,4840,4680,4795,33700
3498.T,7140,7200,7080,7200,185500
349A.T,788.1,810.9,788.1,809.1,40310
3501.T,1156,1177,1156,1171,12800
350A.T,700,700,680,696,1074500
3512.T,1020,1022,995,1013,11500
3513.T,3490,3540,3490,3510,3100
351A.T,1760,1760,1760,1760,0
3521.T,156,157,156,156,33700
3524.T,1489,1489,1478,1483,2200
3529.T,1016,1058,1014,1027,65300
352A.T,530,545,528,544,3500
3536.T,127,128,127,128,6500
3537.T,1747,1752,1747,1752,400
3538.T,998,1016,990,1012,27700
3539.T,1424,1458,1388,1448,528600
3542.T,1522,1529,1495,1513,13800
3543.T,2865,2903,2865,2882,191900
3544.T,1249,1253,1249,1249,7600
3547.T,1870,1908,1870,1902,30500
3548.T,669,673,666,671,129300
3549.T,4040,4124,4021,4083,237400
354A.T,3304,3342,3300,3342,47915
3550.T,216,217,214,216,16100
3551.T,1577,1608,1570,1588,5600
3553.T,917,924,915,924,21600
3556.T,776,790,776,781,22400
3557.T,510,512,510,512,2400
3558.T,1867,1918,1866,1918,99300
3559.T,445,450,437,450,5300
355A.T,350,350,350,350,0
3560.T,4225,4290,4225,4275,2400
3561.T,1483,1494,1478,1494,106300
3562.T,1559,1585,1553,1580,15600
3563.T,5000,5136,4977,5136,3345100
3565.T,473,497,468,490,271100
3566.T,709,709,696,698,6800
3569.T,3195,3245,3165,3230,144800
356A.T,1493,1509,1493,1505,42633
3571.T,723,723,716,722,1400
3577.T,923,930,921,921,600
357A.T,6240,6240,6240,6240,0
3580.T,740,755,740,752,61100
3583.T,1343,1345,1343,1345,800
358A.T,310,310,310,310,0
3591.T,3970,4009,3950,4002,115500
3597.T,8880,8980,8860,8920,1200
3598.T,168,168,166,166,5800
359A.T,1600,1600,1600,1600,0
3600.T,1720,1720,1720,1720,0
3607.T,355,359,352,358,18900
3608.T,1211,1234,1210,1230,184200
360A.T,1060,1060,1060,1060,0
3611.T,2370,2421,2363,2401,20400
3612.T,1562,1597,1562,1595,254100
361A.T,1588,1588,1588,1588,0
3622.T,487,493,487,493,1000
3623.T,1221,1269,1215,1261,34700
3624.T,88,98,87,93,4625800
3625.T,669,680,664,680,9300
3626.T,3984,4090,3968,4087,929200
3627.T,266,266,263,264,10100
3628.T,662,670,644,670,9700
362A.T,4950,4950,4950,4950,0
3632.T,411,424,411,422,441100
3633.T,2445,2524,2445,2499,10000
3634.T,588,593,587,587,1500
3635.T,1666,1701,1655.5,1690,838200
3636.T,4830,4930,4830,4930,44800
3639.T,232,233,231,231,800
363A.T,2664,2698,2645,2664,701
3640.T,2717,2774,2708,2774,3700
3641.T,997,999,992,999,9800
3645.T,267,267,257,258,32000
3646.T,349,349,344,347,3800
3647.T,117,120,116,118,54800
3648.T,1050,1058,1050,1058,1100
3649.T,845,875,834,875,61500
364A.T,2383,2391,2373,2390,3389
3652.T,2469,2583,2395,2528,44600
3653.T,1243,1244,1041,1079,866500
3656.T,172,176,172,174,1488800
3657.T,358,369,358,365,317400
3659.T,3115,3137,3066,3137,3274000
365A.T,770,780,768,778,24300
3660.T,470,486,467,484,931700
3661.T,781,810,779,809,447800
3662.T,925,947,924,947,59400
3663.T,1750,1820,1750,1815,105900
3664.T,25,26,24,25,33260400
3665.T,421,423,400,410,447500
3667.T,27,28,26,28,119300
3668.T,424,437,423,435,391200
366A.T,1129,1147,1125,1144,15900
3671.T,309,311,306,311,6700
3672.T,29,29,28,28,55300
3673.T,460,475,460,475,510800
3674.T,332,335,332,335,3000
3675.T,593,601,593,594,23200
3676.T,1058,1059,1058,1058,94000
3678.T,1226,1251,1226,1247,23800
3679.T,435,448,435,447,374100
367A.T,2768,2812,2768,2805,25300
3680.T,205,205,203,204,31700
3682.T,568,577,568,577,1800
3683.T,1100,1110,1093,1093,13300
3686.T,62,62,61,61,143100
3687.T,2135,2184,2125,2177,280500
368A.T,1397,1430,1397,1430,102700
3690.T,569,581,568,577,14400
3691.T,1755,1809,1725,1773,8300
3692.T,6530,7230,6380,6950,641400
3694.T,438,465,438,465,217800
3695.T,1582,1630,1582,1609,10600
3696.T,2110,2183,2110,2183,98900
3697.T,861.2,888.1,856.7,884.8,5023400
3698.T,1208,1238,1208,1238,8100
369A.T,2631,2635,2582,2633,11200
3708.T,2152,2160,2127,2147,35400
370A.T,1296,1296,1296,1296,0
3710.T,636,641,636,641,1900
3712.T,1057,1057,1009,1040,2200
3719.T,116,118,114,114,240800
371A.T,420,420,420,420,0
3723.T,2605,2714,2586,2707,15400
3726.T,401,401,399,399,24100
3727.T,163,167,162,165,52300
372A.T,5500,5560,5480,5540,2800
3733.T,11580,11920,11580,11910,3700
373A.T,1460,1464,1460,1460,1400
3741.T,3025,3075,3000,3060,41100
3744.T,455,459,455,458,2800
3747.T,399,406,399,405,18100
374A.T,240,240,240,240,0
3750.T,844,844,833,836,4300
3753.T,214,219,204,209,296100
3758.T,246,248,245,245,12700
375A.T,2125,2125,2125,2125,0
3760.T,679,697,679,697,7600
3762.T,2425,2467,2408,2457,219900
3763.T,2008,2020,1974,2007,78700
3765.T,2538,2581,2530,2564,196500
3766.T,1420,1445,1405,1435,6800
3768.T,552,558,552,553,1900
3769.T,8416,8645,8403,8586,270200
376A.T,4730,4731,4730,4731,20
3771.T,1872,1943,1871,1938,95500
3772.T,1101,1101,1088,1100,20700
3773.T,1048,1074,1047,1072,41200
3774.T,3358,3449,3350,3448,433800
3776.T,240,243,240,241,77000
3777.T,45,47,45,46,499800
3778.T,3595,3615,3525,3605,612300
3779.T,129,129,128,128,3100
3787.T,406,406,406,406,7800
3788.T,1870,1942,1870,1935,22000
378A.T,880,917,880,915,40500
3791.T,1025,1047,1025,1040,67200
3793.T,496,520,496,520,56000
3796.T,319,331,317,327,24900
3798.T,523,539,519,536,276900
3799.T,1129,1129,1122,1127,2600
379A.T,1302,1306,1275,1306,51
3800.T,1961,1962,1961,1962,300
3802.T,505,505,503,503,900
3803.T,609,618,601,607,10000
3804.T,459,467,457,457,7600
3807.T,88,89,87,89,281900
380A.T,872,885,869,885,31100
3810.T,179,190,170,183,1112900
3815.T,429,429,427,427,6400
3816.T,1109,1109,1104,1104,700
3817.T,4675,4760,4675,4760,28600
381A.T,2077,2081,2076,2081,6
3823.T,31,32,31,32,310400
3825.T,215,226,212,225,897100
3826.T,496,497,492,497,7600
382A.T,1880,1880,1871,1874,34
3834.T,602,607,600,607,49300
3835.T,429,433,426,432,56900
3836.T,1194,1212,1192,1212,64900
3837.T,1306,1353,1305,1345,98200
3839.T,608,624,608,622,9500
383A.T,2523,2532,2507,2532,745
3840.T,61,63,60,62,94400
3841.T,1310,1318,1301,1318,700
3842.T,1071,1130,1071,1127,18200
3843.T,1652,1725,1652,1718,35900
3844.T,1271,1326,1262,1325,502700
3845.T,313,326,309,323,146400
3848.T,841,844,836,836,700
3850.T,3730,3835,3715,3835,15000
3851.T,1438,1450,1366,1378,121500
3853.T,1050,1069,1038,1069,123000
3854.T,2128,2149,2108,2149,135800
3856.T,222,288,212,241,527000
3858.T,311,312,305,305,24500
385A.T,2450,2450,2450,2450,0
3861.T,875,877.9,869.8,872.8,2127100
3863.T,1305,1310,1295,1305,374500
3864.T,1162,1196,1160,1181,149700
3865.T,902,912,895,901,317000
386A.T,1251,1252,1250,1250,3600
3877.T,2199,2222,2191,2212,35600
3878.T,820,829,815,823,24600
387A.T,918,919,907,919,1400
3880.T,969,974,964,973,146400
3891.T,5980,6140,5930,6090,97800
3892.T,1548,1596,1545,1584,600
3895.T,464,468,460,464,26900
3896.T,420,420,412,415,7600
389A.T,2380,2380,2380,2380,0
3900.T,643,671,643,670,73400
3901.T,1474,1502,1461,1502,61700
3903.T,195,202,191,202,2775100
3904.T,417,421,417,420,7600
3905.T,1510,1511,1441,1483,1924800
3907.T,1996,1997,1810,1955,304500
3908.T,357,357,354,354,2800
3909.T,186,188,183,187,14800
3910.T,285,285,280,284,4100
3911.T,173,177,171,176,153100
3912.T,1126,1127,1124,1124,2600
3913.T,1151,1164,1140,1154,2700
3914.T,2390,2528,2390,2528,29200
3915.T,2211,2281,2208,2257,63500
3916.T,923,944,923,944,73000
3917.T,490,491,486,489,9700
3918.T,1156,1174,1156,1174,2600
3920.T,998,998,998,998,400
3921.T,1589,1619,1589,1610,19100
3922.T,2142,2213,2141,2213,24400
3923.T,1047.5,1097,1046,1097,2336400
3925.T,1272,1301,1272,1297,48800
3926.T,450,495,450,473,94900
3927.T,887,900,875,885,30800
3928.T,238,240,237,239,8100
3929.T,241,244,239,241,15700
392A.T,264.4,265.5,264.4,265,76320
3930.T,796,796,769,775,19300
3931.T,1500,1502,1499,1499,900
3932.T,3450,3610,3430,3590,79800
3933.T,541,548,540,543,4200
3934.T,2288,2309,2285,2309,3200
3935.T,712,725,712,725,30100
3936.T,134,134,128,130,460300
3937.T,1125,1184,1125,1170,41700
3939.T,488,493,483,493,115700
393A.T,2000,2000,2000,2000,0
3940.T,131,133,129,133,268000
3941.T,1499.5,1520,1483,1517,885700
3943.T,1311,1327,1311,1327,2600
3944.T,3210,3210,3210,3210,0
3945.T,2179,2182,2160,2160,1300
3946.T,4260,4320,4260,4300,42300
3947.T,2492,2492,2425,2450,2400
3948.T,1173,1175,1166,1173,1000
394A.T,519.3,519.3,519.3,519.3,0
3950.T,1449,1463,1443,1455,73900
3951.T,907,914,905,913,13700
3953.T,780,780,780,780,200
3954.T,2932,2932,2932,2932,0
3955.T,863,863,831,833,6400
3958.T,542,546,542,546,1600
395A.T,1080,1105,1072.5,1105,50020
3962.T,958,990,955,990,104100
3963.T,324,336,324,330,60200
3964.T,1255,1278,1255,1275,334300
3965.T,885,895,882,888,4000
3967.T,551,580,550,571,87900
3968.T,619,640,618,640,210200
3969.T,1408,1408,1401,1408,3900
396A.T,471,474.5,471,474.5,600
3970.T,839,841,830,836,1800
3974.T,666,675,662,671,8300
3976.T,571,610,571,592,39200
3979.T,457,457,451,455,9000
3981.T,1222,1240,1221,1221,3600
3983.T,1861,1901,1860,1900,41200
3984.T,1527,1548,1499,1548,68000
3985.T,194,194,193,194,6900
3986.T,470,477,469,471,2800
3987.T,610,630,610,630,8500
3988.T,555,577,531,560,45900
3989.T,1544,1545,1544,1544,816400
398A.T,1350,1350,1350,1350,0
3991.T,968,970,956,956,600
3992.T,464,475,464,473,48700
3993.T,3095,3210,3080,3195,206200
3994.T,6116,6404,6033,6365,744300
3996.T,204,204,199,201,20400
3997.T,388,407,384,403,208100
3998.T,294,294,288,292,5200
399A.T,2349,2371,2344,2366,30619
4004.T,12925,13505,12885,13440,3737600
4005.T,545.1,558.9,544.7,556,8932300
4008.T,1425,1434,1415,1434,109900
4011.T,2340,2461,2300,2388,54300
4012.T,1709,1738,1698,1706,4700
4013.T,635,647,633,644,30300
4014.T,515,515,465,470,260600
4015.T,498,511,495,510,17300
4016.T,1070,1084,1070,1075,2500
4017.T,214,215,211,212,3600
4019.T,613,624,607,623,17000
401A.T,94600,95400,94400,95300,1175
4020.T,835,835,815,817,2100
4021.T,7878,7897,7749,7834,419600
4022.T,1802,1818,1766,1791,758600
4023.T,4290,4365,4255,4365,186700
4025.T,5500,5550,5370,5410,33000
4026.T,1560,1576,1531,1541,84400
4027.T,2341,2355,2292,2307,46600
4028.T,2845,2895,2832,2877,213200
402A.T,502,512,495,511,889000
4031.T,1071,1081,1060,1074,10900
403A.T,2415,2415,2415,2415,0
4040.T,3790,3870,3770,3820,3600
4041.T,3850,3855,3795,3805,86700
4042.T,2565,2567,2541,2541,700500
4043.T,4023,4029,3964,4019,360600
4044.T,4280,4290,4220,4250,49500
4045.T,1787.5,1802,1774.5,1796,358200
4046.T,1929,1989,1921,1986,268100
4047.T,2058,2098,2040,2072,482200
404A.T,1200,1212,1190,1209,75795
4051.T,5830,5970,5790,5950,23800
4052.T,1163,1244,932,938,4446100
4053.T,455,461,448,460,104200
4054.T,519,522,517,522,6200
4055.T,1605,1635,1577,1635,30900
4056.T,211,213,206,208,279500
4057.T,349,349,348,348,700
4058.T,2231,2395,2229,2389,38100
4059.T,392,393,392,393,300
405A.T,3500,3500,3500,3500,0
4060.T,1218,1219,1197,1219,3800
4061.T,3235,3262,3166,3242,680800
4062.T,17605,19160,17215,19140,8612400
4063.T,5678,5750,5628,5750,5632400
4064.T,3415,3445,3355,3405,61100
4068.T,1764,1771,1726,1726,1600
4069.T,641,645,640,645,3000
406A.T,5450,5450,5450,5450,0
4071.T,2049,2118,2044,2106,192700
4072.T,3040,3085,3040,3060,23100
4073.T,462,464,460,464,4600
4074.T,770,778,765,768,2900
4075.T,1102,1164,1034,1155,228000
4076.T,1951,1954,1951,1954,300
4078.T,3500,3550,3465,3500,135600
407A.T,934,935,921,934,7900
4082.T,2412,2412,2337,2380,281300
4088.T,3000,3000,2951,2972,1166300
408A.T,275,275.9,271.4,273.5,767270
4091.T,5350,5462,5314,5455,512600
4092.T,5350,5350,5140,5260,123300
4093.T,420,422,419,421,11500
4094.T,2250,2260,2240,2260,11600
4095.T,1756,1758,1745,1752,164000
4097.T,1175,1195,1170,1195,63200
4098.T,991,1002,991,993,2300
4099.T,2081,2111,2058,2110,657600
409A.T,1188,1188,1163,1167,206900
4100.T,1588,1627,1555,1558,63700
4102.T,1446,1446,1428,1443,300
4107.T,3780,3880,3745,3865,122400
4109.T,5260,5300,5160,5180,49600
410A.T,1117,1136,1117,1130,7400
4112.T,2006,2040,2003,2040,45000
4113.T,790,799,784,795,11600
4114.T,2498,2508,2485,2504.5,703300
4116.T,1294,1299,1278,1287,131800
4118.T,5864,5914,5822,5905,140700
4119.T,5930,6100,5930,6010,1100
411A.T,370,370,370,370,0
4120.T,3000,3000,2962,2962,200
4124.T,2953,3010,2953,3005,700
4125.T,3535,3535,3450,3455,11900
412A.T,4306,4359,4223,4260,1578
413A.T,3770,3770,3705,3710,1261
414A.T,836,855,835,855,56500
4151.T,2198,2230.5,2183,2225.5,1283000
415A.T,5170,5350,5070,5350,3200
4165.T,629,647,628,638,243700
4166.T,619,622,618,622,2300
4167.T,319,331,319,323,11200
4168.T,753,776,753,776,36400
4169.T,237,246,230,244,400500
416A.T,1304,1335,1304,1320,19200
4170.T,122,123,116,120,607900
4172.T,2303,2372,2285,2357,5300
4174.T,1060,1100,983,1045,225200
4175.T,2786,2888,2786,2888,9400
4176.T,272,277,272,277,65100
4177.T,1471,1488,1458,1480,2700
4178.T,525,529,522,526,1800
4179.T,358,358,337,343,55700
417A.T,1918,1944.5,1907.5,1930.5,198500
4180.T,1438,1534,1421,1515,1503500
4182.T,3681,3692,3589,3686,2620900
4183.T,2097,2130,2074.5,2116.5,1601200
4186.T,7700,7965,7641,7906,821500
4187.T,3895,3975,3845,3950,99900
4188.T,1144,1154.5,1128,1147,3958600
4189.T,3190,3200,3160,3160,84700
4192.T,294,303,292,302,72800
4193.T,2146,2157,2146,2157,2200
4194.T,8100,8458,8026,8389,457500
4196.T,2159,2175,2131,2161,11400
4197.T,2382,2382,2360,2360,700
4198.T,497,500,497,500,1600
4199.T,801,833,796,800,5200
419A.T,2700,2700,2700,2700,0
4202.T,1380,1405.5,1376,1402,650200
4203.T,7458,7857,7376,7777,894400
4204.T,2486,2510.5,2468,2510.5,1154000
4205.T,2276,2338.5,2270,2319,836000
4206.T,4144,4174,4130,4162,141300
4208.T,3379,3420,3345,3409,606400
4212.T,2881,2977,2881,2974,80700
4216.T,6000,6060,5960,5970,60900
4218.T,1910,1920,1905,1918,23000
421A.T,3435,3665,3435,3665,53400
4220.T,2316,2323,2281,2319,107300
4221.T,5390,5430,5380,5400,15200
4222.T,638,673,629,672,565600
4224.T,2116,2128,2100,2120,3400
4228.T,560,565,554,561,154900
4229.T,4020,4130,3990,4105,17900
422A.T,2450,2450,2450,2450,0
4231.T,1020,1033,1014,1022,9900
4234.T,1000,1024,991,1008,28400
4235.T,667,672,667,670,6500
4237.T,333,335,328,333,26900
4238.T,1762,1796,1731,1771,84100
423A.T,319,321,317,318,32600
4240.T,308,314,308,313,1600
4241.T,650,660,642,647,6500
4242.T,1760,1760,1740,1756,2600
4243.T,1011,1011,981,994,4800
4245.T,697,715,697,715,12100
4246.T,1056,1070,1049,1066,188400
4247.T,1395,1406,1381,1406,800
4248.T,878,884,874,880,4200
4249.T,2810,2826,2764,2771,16300
424A.T,329.4,331.9,329.1,329.7,116210
4251.T,1144,1159,1139,1158,84500
4255.T,3520,3645,3520,3595,6000
4256.T,1130,1135,1116,1128,1800
4258.T,4960,5220,4890,5210,98800
4259.T,800,842,800,842,769800
425A.T,356.3,360,355.4,357.2,196280
4260.T,220,220,213,216,7600
4261.T,2961,2984,2953,2953,1200
4262.T,1395,1395,1386,1389,2000
4263.T,403,429,401,426,134600
4264.T,1367,1428,1365,1428,17300
4265.T,285,287,280,283,26000
426A.T,1177,1183,1177,1181,1419
4270.T,1874,1893,1865,1878,2900
4272.T,2018.5,2051.5,2017,2051.5,401300
4274.T,1232,1280,1101,1117,633100
4275.T,1939,1950,1905,1917,169100
4284.T,442,447,442,446,22300
4286.T,1243,1267,1243,1263,8000
4287.T,490,490,463,467,19000
4288.T,453,460,453,458,4600
428A.T,1549,1643,1540,1616,29600
4290.T,680,697,678,694,620800
4293.T,506,515,504,512,400800
4299.T,1219,1219,1198,1212,3400
429A.T,3685,3740,3610,3705,444500
4301.T,1830,1857,1830,1856,15300
4307.T,5033,5222,5020,5206,2603900
4308.T,353,355,353,355,10300
430A.T,2480,2480,2480,2480,0
4310.T,2434,2478,2434,2469,14100
4316.T,110,119,96,98,518500
4317.T,557,568,557,565,2700
4318.T,819,843,816,843,68600
431A.T,2611,2770,2611,2758,21900
4320.T,1646,1649,1646,1648,120500
4323.T,1852,1904,1851,1895,39800
4324.T,3603,3680,3586,3676,825700
4326.T,1967,1986,1956,1964,22900
432A.T,1450,1450,1450,1450,0
4331.T,743,750,743,744,45200
4334.T,378,383,376,383,11500
4335.T,1090,1094,1081,1086,1000
4337.T,2581,2622,2580,2617,19200
433A.T,710,710,710,710,0
4341.T,919,920,918,919,3500
4343.T,2713,2776,2713,2772,45800
4344.T,110,113,110,113,564200
4345.T,830,842,830,841,45000
4346.T,1067,1067,1016,1043,374300
4347.T,1793,1854,1777,1823,36200
434A.T,930,930,930,930,0
4350.T,500,503,488,500,53400
4351.T,863,863,850,855,2000
4356.T,1612,1612,1612,1612,0
435A.T,2762,2793,2758,2793,130370
4360.T,931,969,931,947,5500
4361.T,1555,1563,1551,1563,700
4362.T,2610,2637,2606,2637,18300
4365.T,25400,25400,25400,25400,200
4366.T,425,467,424,438,167900
4368.T,2706,2833,2695,2818,1033100
4369.T,2843,2882,2796,2874,737000
436A.T,1276,1332,1269,1318,147600
4370.T,416,451,396,422,355000
4371.T,1419,1469,1419,1469,11000
4372.T,1315,1315,1315,1315,300
4373.T,1115,1167,1115,1158,1516000
4374.T,2500,2521,2480,2481,3000
4375.T,644,658,644,652,95200
4376.T,165,172,163,166,90800
4377.T,2223,2319,2223,2319,39700
4378.T,495,495,458,462,92200
4379.T,424,440,420,440,58400
437A.T,1024,1024,1024,1024,0
4380.T,690,729,690,712,29900
4381.T,245,250,235,243,360800
4382.T,787,860,778,842,729700
4385.T,3814,3949,3780,3886,1548200
4386.T,876,877,876,877,600
4387.T,510,510,506,508,5200
4388.T,373,380,371,376,19700
4389.T,1098,1098,1024,1038,17800
438A.T,997,1059,997,1055,231800
4390.T,4005,4075,3905,4065,66000
4391.T,1138,1144,1137,1137,1300
4392.T,960,964,921,950,1217500
4393.T,5530,5790,5520,5790,33800
4394.T,630,680,627,677,32600
4395.T,585,585,565,578,52300
4396.T,1315,1358,1301,1352,73000
4397.T,387,403,387,403,44200
4398.T,1301,1339,1301,1338,5300
439A.T,5000,5000,5000,5000,0
4401.T,4330,4410,4272,4400,292200
4403.T,2597.5,2604.5,2581.5,2597.5,551900
4404.T,2208,2230,2198,2204,13600
4406.T,231,235,228,235,257200
4409.T,789,794,786,794,5700
4410.T,1055,1067,1049,1066,39400
4412.T,1326,1358,1326,1355,5400
4413.T,2965,2969,2963,2968,204900
4414.T,1061,1084,1061,1083,2100
4415.T,1368,1408,1368,1380,14100
4416.T,403,408,400,401,3700
4417.T,4445,4990,4435,4925,153300
4418.T,1011,1059,1007,1050,139600
4419.T,1338,1416,1332,1407,358000
441A.T,270,287,270,274,77500
4420.T,819,820,818,820,204300
4421.T,947,951,947,951,1200
4422.T,500,504,474,479,99100
4424.T,313,330,313,330,55900
4425.T,1406,1437,1388,1434,155000
4426.T,163,163,163,163,0
4427.T,235,248,231,243,61100
4428.T,709,709,705,709,2000
4429.T,748,771,716,750,14800
442A.T,971,980,970,976,3600
4430.T,1750,1773,1725,1760,19500
4431.T,3215,3345,3200,3345,122100
4432.T,3180,3290,3175,3270,82600
4433.T,849,857,845,857,28700
4434.T,2366,2422,2365,2415,35900
4436.T,413,419,413,414,11200
4437.T,727,741,722,722,5100
4438.T,252,252,247,249,10800
4439.T,773,776,767,776,1500
443A.T,1844,1844,1812,1812,9
4440.T,2324,2523,2132,2135,1453700
4441.T,1492,1571,1466,1557,22400
4442.T,405,405,401,404,42900
4443.T,2037,2119,2026,2110,1287600
4444.T,949,949,943,943,400
4445.T,1925,1946,1925,1946,600
4446.T,890,924,861,908,119100
4447.T,500,504,499,504,4700
4448.T,335,356,335,354,84500
444A.T,1945,1945,1945,1945,0
4450.T,2335,2335,2300,2329,1400
4452.T,3433,3470,3405,3455,2130400
445A.T,274,274,274,274,0
4461.T,11880,12060,11650,11850,215500
4462.T,2754,2807,2719,2774,34400
4463.T,1900,1922,1875,1914,28400
4464.T,4035,4045,4025,4045,41000
4465.T,2353,2360,2353,2360,1200
446A.T,1930,2043,1860,2012,1362700
4471.T,5900,5970,5810,5940,91000
4475.T,1670,1750,1665,1749,752400
4476.T,1070,1096,1070,1090,7600
4477.T,335,338,335,336,815500
4478.T,3840,3985,3825,3955,645900
4479.T,937,981,937,978,28500
447A.T,267,267.9,264.7,265.2,122240
4480.T,2360,2445,2350,2422,239700
4481.T,3175,3270,3175,3260,42200
4482.T,739,745,739,739,2400
4483.T,3470,3620,3470,3600,210700
4484.T,297,299,297,299,6500
4486.T,659,672,656,672,9100
4487.T,233,233,228,231,2700
4488.T,2067,2129,2067,2126,8500
448A.T,261.4,261.4,259.3,259.4,26430
4490.T,635,650,634,650,5700
4491.T,3320,3345,3320,3345,1000
4492.T,398,402,397,397,3800
4493.T,1757,1840,1753,1828,234400
4495.T,1990,2048,1990,2048,9700
4496.T,765,781,765,771,1800
4498.T,1055,1165,1046,1164,247500
4499.T,2226,2313,2220,2309,55800
449A.T,795,799.8,794.9,799.8,4850
4502.T,5650,5737,5640,5737,2846900
4503.T,2249.5,2292.5,2237,2292.5,4219300
4506.T,1520.5,1584,1497.5,1567.5,3597600
4507.T,2839.5,2862,2817.5,2854,1950100
450A.T,782.4,784.2,782.4,782.5,280
4512.T,290,297,290,297,35200
4516.T,3379,3398,3350,3398,292400
4519.T,6415,6442,6352,6414,1755500
451A.T,285,286.6,283.6,286.5,24550
4521.T,3840,3885,3835,3885,75600
4523.T,4690,4755,4671,4743,1043700
4524.T,2243,2245,2236,2238,1400
4526.T,3315,3335,3290,3315,91300
4527.T,2809.5,2881.5,2797.5,2871,1026500
4528.T,2341,2345,2307.5,2337.5,1240400
452A.T,792.8,798.1,791.3,797.7,271330
4531.T,344,355,344,355,27400
4534.T,3160,3235,3160,3225,28900
4536.T,1730.5,1751,1709,1743,882900
4538.T,2196,2219,2183,2195,18200
4539.T,1553,1553,1545,1550,1200
453A.T,720,724.2,720,723.5,126800
4540.T,3721,3789,3716,3789,508100
4543.T,2268,2313.5,2250.5,2262.5,6110900
4544.T,3400,3485,3375,3469,203000
4547.T,3980,4030,3980,4020,51800
4548.T,649,658,646,657,306300
4549.T,2216,2255,2216,2255,97900
4552.T,503,519,499,519,566100
4553.T,3470,3550,3440,3550,106400
4554.T,1724,1758,1718,1756,86500
4558.T,200,201,200,200,3800
4559.T,1995,2016,1988,2016,171500
455A.T,5970,5970,5970,5970,0
4563.T,36,37,36,36,753700
4564.T,22,23,22,22,168259100
4565.T,1191,1224,1177,1222,929900
4568.T,2722,2845.5,2722,2845.5,5951100
4569.T,1091,1124,1091,1123,171000
456A.T,1407,1474,1360,1394,1733000
4570.T,1100,1179,1093,1159,141000
4571.T,98,101,97,101,254500
4572.T,429,431,421,429,24900
4574.T,251,255,248,255,62000
4575.T,731,744,712,739,138800
4576.T,87,88,86,87,182400
4577.T,1258,1272,1253,1272,65200
4578.T,11305,11410,11120,11265,1151200
4579.T,538,566,538,560,84400
457A.T,4130,4130,4130,4130,0
4582.T,56,56,54,56,1196800
4583.T,85,88,83,87,1469600
4584.T,163,167,161,165,218800
4586.T,59,60,58,60,319700
4587.T,1037.5,1061,1028,1057,663500
4588.T,5820,6280,5420,6160,2308900
458A.T,1387,1387,1387,1387,0
4591.T,80,82,79,81,469500
4592.T,930,956,911,948,667800
4593.T,277,290,275,287,1514100
4594.T,57,59,57,58,903600
4595.T,1699,1710,1692,1710,30300
4596.T,65,66,64,66,847800
4597.T,28,29,28,29,60081200
4598.T,113,116,106,115,1034500
4599.T,183,187,170,182,1952700
459A.T,9983,9983,9952,9977,234
460A.T,1140,1140,1140,1140,3300
4611.T,1512,1531,1507,1530,48600
4612.T,1132.5,1132.5,1111,1127.5,2492800
4613.T,2862.5,2880,2855,2869,1154700
4615.T,131,131,129,131,26400
4616.T,2527,2527,2493,2500,1100
4617.T,3415,3455,3385,3435,147600
4619.T,2632,2634,2608,2625,14400
461A.T,2650,2668,2649,2668,140
4620.T,954,968,947,968,80500
4623.T,1823,1860,1823,1845,1800
4624.T,4050,4070,4000,4010,1300
4625.T,876,898,861,892,22400
4626.T,4716,4724,4715,4720,175900
4627.T,1928,1930,1886,1916,4500
4628.T,9730,9850,9660,9730,10300
4629.T,2500,2620,2500,2590,22100
462A.T,246,276,243,271,504100
4631.T,4525,4644,4514,4625,572900
4633.T,2528,2556,2515,2552,78500
4634.T,5010,5050,4940,5040,108900
4635.T,2045,2055,2008,2044,25100
463A.T,1003,1014,1002,1005,10000
4641.T,846,859,846,859,57700
4642.T,1405,1410,1401,1401,1600
4644.T,1055,1055,1051,1055,6700
4645.T,436,437,436,436,600
464A.T,1602,1668,1595,1649,1094000
4650.T,271,272,270,271,1200
4651.T,247,247,243,245,276100
4657.T,449,459,443,459,15300
4658.T,1526,1550,1525,1547,114700
465A.T,1334,1350,1334,1346,7553
4661.T,3129,3196,3096,3112,4998100
4662.T,1575,1611,1575,1610,21600
4664.T,1072,1146,1017,1146,146900
4665.T,4619,4673,4619,4660,77700
4666.T,1967.5,1995.5,1957.5,1986,731400
4667.T,3635,3850,3285,3365,695200
4668.T,759,767,759,765,48900
466A.T,996,1000,990,1000,28880
4671.T,2820,2864,2820,2857,8000
4673.T,4670,4740,4670,4720,1700
4674.T,1750,1807,1745,1798,151700
4676.T,4056,4109,4043,4108,382400
4678.T,327,332,327,329,5000
4679.T,263,263,261,262,1200
467A.T,274,274,273,273.1,180
4680.T,1158.5,1208,1155.5,1205.5,1498000
4681.T,1763,1789,1757,1786,304100
4684.T,5000,5089,4990,5084,2237500
4685.T,2602,2679,2602,2676,27200
4686.T,4260,4335,4240,4290,93500
4687.T,1043,1054,1037,1050,86000
4689.T,547.7,559.9,543.3,559,14959700
468A.T,269.1,269.9,268.4,269.2,2000
4691.T,2045,2100,2024,2096,55500
4694.T,3575,3615,3575,3615,57400
469A.T,1710,1724,1700,1706,8200
4704.T,5835,6097,5828,6069,1180800
4705.T,794,796,794,796,900
4707.T,337,341,336,339,7300
4709.T,1050,1074,1050,1073,39300
470A.T,501,501,501,501,0
4712.T,803,814,803,811,5900
4714.T,210,213,209,213,1097300
4716.T,9140,9413,9052,9363,322800
4718.T,2488,2565,2488,2565,36800
4719.T,3220,3280,3220,3270,13100
471A.T,1521,1535,1514,1535,155200
4720.T,245,245,243,243,2500
4722.T,2426,2427,2423,2426,467200
4725.T,1908,1930,1908,1920,35700
4728.T,642,652,642,652,3800
472A.T,529,548,526,547,132700
4732.T,1930.5,1942,1904.5,1924.5,1392600
4733.T,8257,8372,8208,8313,194700
4735.T,298,306,297,300,9100
4736.T,583,583,578,580,3400
473A.T,1270,1282,1263,1282,3361
4743.T,1609,1633,1605,1633,99500
4746.T,7120,7200,7110,7160,25300
4750.T,547,558,547,548,3100
4751.T,1239,1267.5,1237.5,1261.5,4940600
4752.T,1563,1590,1563,1590,700
4754.T,1498,1499,1497,1497,2700
4755.T,721,735.8,720,733.8,13448900
475A.T,700,725,686,725,14700
4760.T,1441,1445,1397,1425,6000
4761.T,1475,1496,1460,1494,15700
4762.T,2125,2136,2077,2091,1800
4763.T,1456,1484,1456,1484,27100
4765.T,614,627,611,625,426700
4766.T,207,209,207,208,4300
4767.T,380,382,377,380,62600
4768.T,3580,3635,3541,3619,1136900
4769.T,1153,1153,1123,1149,400
476A.T,1632,1641,1632,1641,400
4771.T,2659,2776,2659,2690,29400
4772.T,72,72,70,71,61800
4776.T,2936,3090,2929,3070,216100
4777.T,197,199,197,199,33600
477A.T,901,918,864,865,31400
4783.T,2547,2612,2511,2612,22200
4784.T,524,535,522,532,1229100
478A.T,746,767,738,767,33600
4792.T,1750,1774,1750,1771,12700
479A.T,1891,1959,1862,1953,54900
4800.T,1357,1358,1357,1357,4700
4801.T,2410,2430,2410,2413,10200
4809.T,1990,2015,1990,2011,8400
480A.T,910,942,910,932,11100
4811.T,856,891,856,866,35000
4812.T,2862,2864,2858,2864,657500
4813.T,385,413,383,394,914100
4814.T,170,172,164,166,69900
4816.T,3090,3140,3065,3105,376800
4819.T,2229,2343,2216,2338,245400
481A.T,750,750,750,750,0
4820.T,585,592,585,589,84300
4825.T,1982,1995,1978,1995,134100
4826.T,525,541,525,540,166800
4828.T,1325,1368,1323,1364,77200
4829.T,105,107,105,106,121200
4832.T,1906,1933,1901,1931,23000
4833.T,52,57,51,57,2160900
4838.T,715,723,708,716,45000
4839.T,1004,1008,1002,1004,99200
483A.T,2168,2168,2158,2158,1100
4840.T,650,700,649,697,102100
4845.T,344,348,344,346,21000
4847.T,1385,1414,1376,1408,71600
4848.T,1802,1866,1802,1860,52600
4849.T,1606,1653,1603,1648,348500
484A.T,430,430,430,430,0
485A.T,2103,2299,2080,2267,17655500
486A.T,2135,2156,2135,2145,5960
4875.T,279,291,273,291,115400
487A.T,2011,2011,1974,2006,1187
4880.T,316,324,316,324,39500
4881.T,50,51,50,51,51500
4882.T,164,172,163,170,1031600
4883.T,35,35,33,33,2880500
4884.T,427,455,423,450,114700
4885.T,866,875,860,860,15500
4886.T,2020,2083,2020,2082,34400
4887.T,1576,1622,1573,1619.5,1060600
4888.T,411,425,393,408,462000
4889.T,1153,1163,1107,1156,279400
488A.T,793,793.5,790.2,790.2,17250
4890.T,256,261,252,257,35700
4891.T,116,127,116,124,912800
4892.T,647,699,645,667,481100
4893.T,138,140,137,140,67900
4894.T,5360,5890,5310,5820,183600
4896.T,806,823,792,822,9500
489A.T,860,860,850,850,87
4901.T,3240,3261,3226,3260,2015700
4902.T,601,617.4,594.8,617.4,3673300
490A.T,15750,15750,15750,15750,0
4911.T,3419,3484,3384,3456,2489300
4912.T,1751,1769,1745.5,1765.5,677400
4914.T,1286,1294,1276,1291,101200
4918.T,296,297,296,296,3800
4919.T,3090,3155,3080,3155,105700
491A.T,548.4,548.4,548.4,548.4,0
4920.T,1120,1120,1120,1120,0
4922.T,5630,5687,5585,5660,238500
4923.T,1203,1225,1203,1224,29200
4925.T,1737,1737,1725,1735,1000
4926.T,1246,1250,1244,1245,1000
4927.T,1351.5,1365.5,1345.5,1365.5,344200
4928.T,4775,4810,4765,4810,70000
4929.T,740,740,738,740,1600
492A.T,971.1,971.1,964.5,964.9,2410
4931.T,2018,2032,2007,2032,45700
4932.T,811,823,802,818,15000
4933.T,1410,1448,1409,1444,37700
4934.T,610,617,606,610,15400
4935.T,192,196,191,192,141000
4936.T,311,314,310,313,39800
4937.T,2397,2435,2340,2434,6200
493A.T,990.6,990.6,990.6,990.6,20
494A.T,981.7,981.7,981.7,981.7,0
4951.T,1518,1523,1518,1521,20100
4956.T,1474,1478,1461,1474,47300
4958.T,3225,3280,3225,3275,81300
495A.T,965.4,965.4,965.4,965.4,0
4960.T,570,570,553,556,17100
4966.T,18010,19250,18000,18950,74900
4967.T,5800,5821,5738,5790,184200
4968.T,2062,2062,1997,2035,204700
496A.T,935.8,935.8,932.1,932.1,40080
4970.T,9600,9650,9140,9480,44300
4971.T,5820,6050,5750,6040,333900
4972.T,3715,3750,3665,3715,86600
4973.T,4650,4735,4610,4715,55800
4975.T,5660,5780,5590,5780,86200
4976.T,1669,1669,1629,1629,400
4977.T,1181,1185,1179,1181,15000
4978.T,136,138,135,137,303500
4979.T,2819,2921,2819,2866,14800
497A.T,10420,10450,10420,10450,280
4980.T,2860,2872.5,2789,2842,2221300
4985.T,4685,4720,4685,4710,57800
498A.T,8567,8609,8549,8605,72
4990.T,527,532,527,532,3800
4992.T,1834,1862,1818,1857,68000
4994.T,2736,2765,2727,2752,8700
4996.T,664,666,658,659,1417300
4997.T,1143,1149,1127,1147,477300
4998.T,1155,1164,1155,1164,5200
499A.T,7945,7945,7945,7945,1
500A.T,3500,3545,3490,3545,4900
5010.T,280,299,280,297,294500
5011.T,2275,2312,2275,2299,72900
5013.T,2825,2859,2813,2837,18800
5015.T,1004,1004,1000,1000,3500
5016.T,3572,3675,3520,3617,15808200
5018.T,2338,2338,2300,2314,7500
5019.T,1661,1698,1627,1638,4938400
501A.T,1750,1750,1750,1750,0
5020.T,1450,1477,1437.5,1438,7126600
5021.T,4542,4640,4511,4570,657400
5025.T,597,605,580,605,1800
5026.T,583,603,583,600,17200
5027.T,764,785,748,778,224600
5028.T,350,358,350,358,4500
5029.T,912,921,892,921,11000
502A.T,901.5,901.5,901.4,901.5,14630
5031.T,515,515,392,398,3754800
5032.T,3100,3265,3100,3240,747900
5033.T,1166,1195,1166,1173,44900
5034.T,2224,2312,2224,2303,12500
5035.T,368,368,364,366,1000
5036.T,1506,1540,1505,1539,107700
5038.T,2070,2105,2050,2105,18700
503A.T,2290,2290,2290,2290,0
504A.T,541,581,535,579,109100
505A.T,1351,1363,1345,1350,27300
506A.T,1010,1010,1010,1010,0
5071.T,1369,1374,1366,1367,700
5074.T,576,580,563,569,1074800
5076.T,2797,2849.5,2784,2849.5,1816300
50765.T,4633,4633,4633,4633,1200
5078.T,4700,4700,4700,4700,100
5079.T,2602,2624,2602,2603,5700
507A.T,2156,2156,2156,2156,0
509A.T,71500,72100,71400,72100,100
5101.T,6667,6746,6640,6673,789200
5105.T,3623,3734,3614,3711,1736200
5108.T,3768,3784,3722,3739,4106700
510A.T,1712,1712,1712,1712,0
5110.T,1995,2013,1978.5,2004.5,1367800
511A.T,11710,11710,11710,11710,0
5121.T,2669,2697,2645,2693,73500
5122.T,6210,6270,6150,6160,12400
5125.T,486,487,474,475,14500
5126.T,1410,1410,1410,1410,300
5129.T,265,275,263,266,97400
512A.T,1156,1156,1140,1140,889
5131.T,163,163,163,163,154700
5132.T,1815,1936,1802,1935,46800
5133.T,288,292,283,284,75300
5134.T,455,486,453,462,16100
5136.T,2000,2063,1994,2013,108000
5137.T,300,312,298,307,145000
5138.T,461,465,455,455,1700
5139.T,902,917,897,908,21700
513A.T,790,814,788,810,241683
5142.T,1756,1757,1725,1733,50100
514A.T,469,469,469,469,0
515A.T,500.3,500.3,500.3,500.3,260
5161.T,3505,3525,3455,3495,91800
5162.T,784,791,784,789,1000
516A.T,1978,2000,1978,1978,209
517A.T,1992,2000,1990,1995,61
5184.T,4105,4130,4080,4125,12200
5185.T,1954,1969,1942,1968,29800
5186.T,6580,6640,6570,6610,21500
5187.T,1139,1144,1128,1141,3100
5189.T,3440,3490,3440,3490,600
518A.T,2050,2106,2050,2106,6804
5192.T,4225,4290,4220,4270,64600
5194.T,637,641,636,638,2200
5195.T,2438,2468,2421,2429,58800
5199.T,1988,1988,1988,1988,200
519A.T,497,500,490,500,5300
5201.T,5513,5583,5485,5565,1102000
5202.T,495,496,495,495,655200
5204.T,3035,3075,2999,3040,9200
5208.T,2510,2553,2502,2519,111900
520A.T,496,538,470,472,1077900
5210.T,2856,2899,2848,2892,17000
5214.T,4740,4810,4681,4772,419800
5216.T,151,151,143,146,139000
5218.T,1621,1634,1522,1544,213100
521A.T,1938,1947,1930,1930,34880
522A.T,3020,3020,3020,3020,0
5232.T,5576,5639,5507,5592,149100
5233.T,4070,4134,4024,4084,344100
5237.T,1215,1228,1215,1225,5900
523A.T,1725,1760,1686,1754,67800
5240.T,183,186,177,185,225900
5242.T,2348,2610,2255,2461,11500
5243.T,2762,2889,2740,2888,122000
5244.T,173,179,172,176,158300
5246.T,790,816,780,815,425300
5247.T,554,555,543,554,3800
5248.T,509,514,493,501,63500
5249.T,1253,1253,1253,1253,0
524A.T,1988,1988,1988,1988,0
5250.T,1184,1200,1174,1200,4500
5252.T,890,900,861,900,10000
5253.T,1594,1670,1589,1662,791700
5254.T,4035,4200,4035,4170,11000
5255.T,86,86,83,85,115400
5256.T,2656,2753,2656,2753,1100
5257.T,2824,2894,2824,2894,2000
5258.T,408,431,407,427,68200
525A.T,1663,1663,1663,1663,0
5261.T,7570,7690,7560,7660,4000
5262.T,1143,1155,1129,1144,204600
5268.T,868,868,861,866,3700
5269.T,359,363,358,361,88700
526A.T,2100,2314,2100,2314,1595
5271.T,2180,2180,2180,2180,100
5273.T,2038,2067,2006,2049,41800
5279.T,1197,1200,1196,1200,3000
527A.T,1673,1673,1673,1673,0
5280.T,2194,2205,2192,2202,5100
5282.T,404,408,402,408,24900
5283.T,3100,3130,3085,3085,700
5284.T,2217,2217,2201,2213,4300
5285.T,1331,1346,1328,1338,15000
5287.T,925,925,875,901,89000
5288.T,1438,1450,1433,1444,146000
528A.T,1080,1080,1080,1080,0
5290.T,1187,1212,1187,1208,63400
5301.T,1953,1984.5,1923.5,1943,1716500
5302.T,5080,5080,4985,5000,67900
5304.T,2486,2522,2486,2499,9400
530A.T,1785,1785,1782,1782,22
5310.T,6930,6970,6810,6830,104100
531A.T,2322,2322,2316,2322,10
532A.T,2332,2332,2311,2317,1344
5331.T,3495,3545,3440,3485,358400
5332.T,5653,5695,5582,5695,1510800
5333.T,4950,5070,4872,5050,1602800
5334.T,7055,7245,7016,7161,1137400
5337.T,825,833,825,833,7100
533A.T,2243,2243,2197,2207,40
5341.T,140,141,137,137,27000
5344.T,53510,53510,51700,52990,108600
534A.T,2264,2265,2264,2265,18
5351.T,2025,2052,2013,2052,95100
5355.T,658,660,657,659,4500
5356.T,1230,1255,1230,1236,4700
5357.T,1716,1733,1712,1724,28900
535A.T,2068,2068,2050,2050,2
5363.T,672,677,671,677,18000
5367.T,1340,1358,1313,1339,84500
5368.T,1009,1009,1001,1005,4600
536A.T,2173,2178,2173,2177,3
537A.T,1110,1110,1089,1094,155
5380.T,1500,1610,1400,1610,11800
5381.T,900,916,872,916,288500
5384.T,3095,3190,3050,3190,397800
5388.T,1300,1350,1300,1349,8600
538A.T,4658,4658,4658,4658,2
5391.T,1475,1493,1475,1493,5500
5393.T,3263,3290,3241,3268,420500
539A.T,4693,4736,4693,4736,1263
5401.T,685.9,688.9,681.2,684.1,18110700
5406.T,2030,2041,2018,2039,1230500
5408.T,637,639,632,639,70500
540A.T,2092,2119,2025,2110,93713
5410.T,3110,3110,3040,3045,61000
5411.T,1811.5,1831.5,1808,1829,3399300
541A.T,1130,1130,1080,1104.5,170
5423.T,1717,1789,1695,1755,697000
542A.T,1015,1045,1012,1045,4100
543A.T,267,274,264,274,18185300
5440.T,1960,1980,1950,1978,63600
5444.T,12160,12340,12035,12290,371600
5445.T,2013,2042,2010,2039,77700
5446.T,1090,1090,1077,1082,900
5449.T,2570,2610,2550,2610,15000
544A.T,323,331,321,331,372200
5451.T,1414,1421,1410,1418,177700
5458.T,1302,1306,1302,1305,12800
545A.T,990,1000,983,998,79200
5461.T,2155,2174,2140,2170,68100
5463.T,1717.5,1721,1699,1719.5,626100
5464.T,914,927,914,927,12700
546A.T,2360,2361,2291,2319,148000
5471.T,2263,2291,2239,2285.5,892800
547A.T,433,438,431,437,1772500
5480.T,5250,5340,5220,5340,50500
5482.T,3115,3140,3090,3125,104000
5484.T,4470,4470,4470,4470,300
548A.T,925,953,925,953,15200
5491.T,895,933,890,928,102000
549A.T,503,503,491,497,33300
550A.T,2175,2211,2170,2170,1300
551A.T,811,811,811,811,0
5527.T,722,738,722,735,11800
552A.T,2400,2400,2340,2347,6093
5532.T,3440,3490,3430,3465,17300
5533.T,2270,2290,2143,2199,3400
5534.T,850,850,850,850,0
5535.T,284,289,282,283,142200
5537.T,3030,3195,3020,3165,53900
5541.T,2626,2689,2606,2666,168400
5542.T,885,906,885,890,4800
554A.T,1544,1544,1499,1525,13200
555A.T,2000,2000,2000,2000,0
5563.T,413,418,410,413,606300
556A.T,2239,2344,2232,2309,46000
5570.T,622,636,621,625,7200
5571.T,1017,1022,1011,1014,1100
5572.T,2750,3100,2711,3030,328600
5574.T,2865,2934,2840,2884,90300
5575.T,1114,1130,1114,1123,2000
5576.T,3020,3025,2997,3010,800
5578.T,870,899,870,898,27300
557A.T,2150,2150,2150,2150,0
5580.T,1589,1589,1483,1546,1200
5581.T,193,193,193,193,0
5582.T,2049,2070,2026,2069,17400
5586.T,929,955,916,938,47700
5587.T,792,818,781,799,42300
5588.T,825,841,825,841,7800
5589.T,2840,2929,2840,2899,4900
558A.T,5570,5910,5560,5880,13200
5590.T,716,723,708,720,52100
5591.T,850,874,845,869,20800
5592.T,2592,2741,2579,2721,67600
5597.T,1352,1367,1328,1338,38700
5598.T,3200,3200,3200,3200,0
5599.T,1000,1048,995,1029,22900
559A.T,1177,1194,1168,1194,11900
5602.T,1614,1622,1600,1617,241000
5603.T,1300,1308,1293,1300,1700
5609.T,905,907,905,905,1800
560A.T,1123,1123,1123,1123,0
5612.T,1558,1579,1545,1575,4800
5616.T,662,666,652,652,1700
5618.T,281,282,280,281,1400
5619.T,838,854,838,854,500
561A.T,5000,5000,5000,5000,0
5620.T,2200,2200,2200,2200,0
5621.T,1500,1580,1500,1580,20600
5622.T,1200,1200,1200,1200,0
562A.T,1000,1000,1000,1000,0
5631.T,6997,7340,6964,7245,1284800
5632.T,2302,2370,2300,2364,98400
563A.T,990,994,989,992,1843483
5644.T,7210,7280,7210,7220,4100
564A.T,1049,1053,1049,1053,98
5658.T,397,402,397,402,25000
5659.T,1340,1356,1339,1354,33500
565A.T,961,961,961,961,0
566A.T,2278,2294,2228,2292,431
567A.T,3000,3000,3000,3000,0
568A.T,161.8,162.2,160.6,161.1,91100
5695.T,3000,3000,3000,3000,100
5697.T,796,815,796,815,1300
5698.T,710,729,701,729,133900
5699.T,1580,1619,1563,1619,3200
569A.T,173.6,174.3,172.3,173.9,32080
5702.T,1698,1738,1695,1713,194500
5703.T,2880,2906,2849,2899,257200
5704.T,387,393,385,393,2300
5706.T,22000,22885,21750,22825,1357000
5707.T,957,975,937,962,420700
570A.T,902.8,902.8,901.1,901.1,9800
5711.T,4943,5063,4902,5021,1366700
5713.T,9335,9668,9310,9544,1865300
5714.T,8750,8968,8703,8892,304100
5715.T,4000,4085,3965,4010,151500
571A.T,500.1,500.1,498.4,498.4,190
5721.T,54,54,51,53,991400
5724.T,3080,3095,2995,3040,51400
5726.T,2470,2505,2457,2463,337800
5729.T,1675,1686,1645,1678,11300
572A.T,498.6,498.6,498.6,498.6,200
573A.T,494.5,494.5,489.6,489.6,80990
5741.T,2162,2206,2148,2206,855400
5742.T,736,750,736,750,600
574A.T,887,887,887,887,0
5753.T,2443,2476,2443,2476,900
5757.T,4810,4850,4750,4750,5000
575A.T,1846,1887,1846,1882,49500
576A.T,850,850,825,846,31057
577A.T,245,245,240.9,242.1,2020
578A.T,249,249,245.6,245.9,10060
579A.T,1000,1026,1000,1023,5630
5801.T,3730,3920,3667,3845,22796400
5802.T,1998,2027,1983.5,2007.5,20175800
5803.T,4702,4874,4675,4834,35382300
5805.T,12700,13000,12600,12760,347200
580A.T,980,980,955,976,18479
5816.T,1446,1447,1436,1441,13700
5817.T,1035,1080,1021,1054,32300
5819.T,1730,1740,1720,1740,4400
581A.T,3170,3275,3110,3245,1288400
5820.T,870,870,825,841,73700
5821.T,3130,3130,3030,3030,33300
5830.T,3773,3903,3773,3883,1060000
5831.T,3550,3606,3522,3575,1137200
5832.T,3550,3654,3516,3649,600300
5834.T,2746,2777,2720,2761,41500
5838.T,6379,6564,6310,6517,735100
583A.T,2000,2000,2000,2000,0
5840.T,505,505,505,505,0
5842.T,2930,3010,2929,2964,57000
5843.T,2278,2318,2272,2318,5500
5844.T,4793,4900,4779,4900,625900
5845.T,1186,1200,1176,1200,19500
584A.T,2557,2575,2511,2532,84400
5851.T,2641,2678,2621,2666,109000
5852.T,665,669,661,666,75800
5857.T,3520,3590,3490,3585,335400
5858.T,1173,1173,1160,1160,3900
585A.T,1039,1058,1039,1058,140
5866.T,300,300,300,300,0
5867.T,1299,1300,1299,1300,700
5868.T,1064,1065,1024,1058,27500
5869.T,1264,1264,1251,1253,8700
586A.T,249.5,253.1,248.1,253.1,334220
5870.T,892,892,874,880,2200
5871.T,1373,1474,1360,1414,20700
587A.T,108450,108950,108450,108950,122
5884.T,600,624,600,623,10500
5885.T,3180,3180,3060,3080,34200
5888.T,2802,2851,2802,2851,6800
5889.T,2251,2287,2171,2280,779500
5890.T,3500,3500,3500,3500,0
5891.T,1712,1712,1685,1701,4600
5892.T,2636,2740,2626,2663,72400
5893.T,510,510,510,510,0
589A.T,1411,1438,1400,1438,51900
5900.T,875,916,875,916,3700
5901.T,4538,4546,4493,4516,227900
5902.T,2653,2704,2650,2704,14400
5905.T,1360,1374,1331,1374,3800
5906.T,771,777,769,771,4400
5909.T,940,953,940,948,8000
590A.T,1240,1301,1220,1291,196600
5911.T,2960,2977,2956,2969,73700
5915.T,2387,2414,2380,2414,900
5918.T,8000,8000,8000,8000,0
591A.T,255,255,255,255,0
5921.T,4415,4425,4415,4425,500
5922.T,20290,20290,20290,20290,0
5923.T,1187,1187,1176,1186,800
5928.T,290,290,285,287,16800
5929.T,3419,3451,3400,3438,659800
5930.T,1895,1903,1880,1893,69000
5932.T,649,654,648,653,55500
5933.T,1099,1110,1099,1106,15800
5936.T,902,910,902,907,1900
5938.T,1720,1734.5,1713.5,1734.5,1763500
5939.T,4695,4695,4670,4695,600
593A.T,2206,2207,2039,2138,6187800
5940.T,751,751,744,747,4800
5941.T,2714,2714,2699,2702,1100
5942.T,630,638,629,638,19300
5943.T,2228,2265,2228,2256,74800
5945.T,2267,2267,2242,2247,1800
5946.T,1992,2006,1986,2003,38600
5947.T,3469,3515,3455,3497,258500
5949.T,1279,1297,1276,1297,150900
594A.T,430,430,430,430,0
5950.T,152,152,149,149,4000
5951.T,1108,1135,1108,1135,2800
5952.T,189,190,187,189,3600
5955.T,82,82,81,81,584800
5956.T,575,578,574,578,2300
5957.T,743,750,740,747,53700
5958.T,4385,4435,4365,4380,3000
5959.T,930,938,930,937,116800
595A.T,452,452,452,452,0
5962.T,2075,2075,2075,2075,300
5965.T,1184,1197,1184,1193,4200
5966.T,2655,2704,2655,2704,3200
5967.T,458,458,437,449,43100
5969.T,1184,1184,1184,1184,0
5970.T,2170,2216,2170,2205,90200
5971.T,8490,8700,8400,8700,2200
5973.T,609,614,609,611,1600
5974.T,842,845,840,845,800
5975.T,3235,3265,3210,3265,79200
5976.T,1446,1460,1439,1458,49200
597A.T,1000,1000,1000,1000,0
5981.T,1780,1827,1773,1824,79000
5982.T,4150,4155,4130,4145,3600
5983.T,13580,14130,13580,14130,3800
5984.T,768,775,767,771,2300
5985.T,1981,2025,1893,2014,973700
5986.T,256,258,256,257,20800
5987.T,1620,1620,1620,1620,0
5988.T,1688,1693,1679,1690,59700
5989.T,1425,1455,1415,1448,111900
598A.T,1400,1444,1375,1426,65300
5990.T,1951,1951,1944,1950,1800
5991.T,3261,3272,3216,3256,696400
5992.T,3665,3685,3655,3675,15300
5994.T,1006,1019,1006,1019,3800
5997.T,876,876,876,876,100
5998.T,2557,2716,2548,2690,11100
599A.T,300,300,300,300,0
6005.T,3016,3080,3000,3079,285000
600A.T,1846,1854,1840,1854,229
6013.T,2922,2977,2904,2963,219500
6016.T,10670,11300,10450,11300,87600
6018.T,5790,5810,5580,5780,1900
601A.T,378,378,378,378,0
6022.T,2876,2890,2875,2890,600
6023.T,3140,3250,3110,3230,102800
6027.T,5450,5910,5380,5840,366900
6029.T,190,190,186,186,27400
602A.T,560,560,560,560,0
6030.T,1651,1789,1651,1780,33000
6031.T,268,275,256,274,41400
6033.T,1706,1770,1706,1755,27000
6034.T,591,592,576,592,12200
6035.T,709,715,708,715,13000
6036.T,3520,3630,3520,3600,117000
6037.T,1070,1111,1060,1109,165500
6038.T,820,837,816,837,8000
6039.T,980,1009,980,1008,22800
603A.T,853,875,819,870,1295400
6040.T,462,474,456,465,47100
6042.T,3820,3855,3820,3855,1800
6044.T,1826,1870,1819,1856,2000
6045.T,2050,2113,2050,2095,25300
6046.T,150,152,150,150,16000
6047.T,372,387,371,387,56600
6049.T,253,258,253,256,84600
604A.T,1205,1454,1201,1265,3749100
6050.T,1784,1793,1782,1784,11400
6054.T,112,112,109,110,12800
6055.T,2006,2045,1988,2044,560600
6058.T,1885,1957,1882,1942,274800
6059.T,362,369,361,369,28300
605A.T,193,195.8,190.8,191.4,32840
6061.T,3080,3105,3065,3095,2600
6062.T,1397,1426,1387,1422,75900
6063.T,987,995,987,995,300
6069.T,660,670,655,664,20200
606A.T,20030,20540,20030,20100,1456
6070.T,2472,2510,2472,2503,29900
6071.T,850,890,850,886,185700
6072.T,1088,1149,1082,1118,802400
6073.T,1531,1545,1531,1541,11900
6074.T,515,517,515,517,800
6078.T,1513,1546,1513,1540,19800
607A.T,235,241,228,240,725800
6080.T,4010,4095,3985,4075,77400
6081.T,154,155,141,145,2274700
6082.T,985,994,985,994,22800
6083.T,1530,1568,1513,1558,26700
6085.T,157,163,140,141,4764400
6086.T,1003,1016,991,1008,36700
6087.T,3535,3580,3535,3550,2200
6088.T,559,571,558,567,305100
6089.T,1122,1147,1122,1147,33100
608A.T,1462,1468,1455,1467,1867
6090.T,608,620,608,611,2500
6091.T,921,960,911,942,63400
6092.T,810,815,801,801,10800
6093.T,156,158,155,158,24500
6094.T,517,526,517,520,13500
6098.T,15900,16485,15830,16485,5294900
6099.T,710,718,710,716,67800
609A.T,1100,1110,1072,1098,14967
6101.T,4695,4795,4645,4785,323900
6103.T,4330,4415,4300,4360,373900
6104.T,4195,4265,4165,4235,185200
610A.T,999,1004,990,1001,70173
6113.T,2258.5,2318.5,2254,2314,4673000
6118.T,1235,1246,1219,1240,349300
611A.T,991,991,990.5,990.5,1010
6125.T,4510,4510,4390,4460,21100
612A.T,10040,10040,10040,10040,0
6134.T,6510,6694,6402,6694,592500
6135.T,14490,15130,14410,15050,166600
6136.T,3341,3413,3305,3400,258000
6137.T,1484,1500,1480,1483,9800
6138.T,1969,1969,1902,1920,6400
613A.T,1908,1910,1908,1910,303
6140.T,1078,1096,1068,1089,495700
6141.T,2714.5,2769.5,2709,2741,1107800
6143.T,1572,1620,1565,1595,374900
6144.T,2810,2816,2752,2815,5200
6145.T,2376,2451,2357,2435,101600
6146.T,50200,51910,49620,51430,1177200
6147.T,184,187,180,185,32900
6149.T,2155,2170,2140,2155,6700
614A.T,1468,1468,1468,1468,0
6150.T,2790,2800,2790,2790,1100
6151.T,1676,1708,1676,1708,11400
6155.T,535,539,532,539,11800
6156.T,1801,1851,1801,1818,50300
6157.T,802,814,799,812,75700
6158.T,1019,1035,1019,1031,6700
6159.T,1980,2296,1980,2296,23600
615A.T,305,305,305,305,0
6161.T,1034,1052,1032,1035,2600
6165.T,520,527,514,526,61200
6166.T,642,654,634,645,64300
6167.T,946,968,946,961,26300
616A.T,568,568,568,568,0
6171.T,372,373,371,372,6400
6176.T,1064,1088,1055,1085,221700
6177.T,86,86,83,84,103900
6178.T,2470,2520.5,2466,2507.5,4335400
617A.T,2679,2679,2679,2679,0
6180.T,3810,3810,3810,3810,0
6181.T,90,90,88,89,48000
6182.T,505,511,501,509,23800
6183.T,1347,1365,1346,1361,164100
6184.T,597,612,586,610,217500
6185.T,362,365,361,362,14700
6186.T,376,376,373,374,2400
6189.T,1008,1016,1001,1016,8200
6190.T,319,319,300,306,18200
6191.T,1723,1768,1592,1665,9105300
6193.T,1166,1169,1150,1168,8600
6194.T,864,865,856,863,162700
6195.T,201,203,200,201,40500
6196.T,1383,1416,1383,1416,392000
6198.T,203,203,199,201,2100
6199.T,1371,1439,1368,1431,23100
6200.T,705,719,704,718,370900
6203.T,2944,3080,2344,2344,18337800
6208.T,1972,1981,1729,1730,569200
6209.T,3820,3835,3790,3815,58400
6217.T,736,758,724,740,142900
6218.T,652,652,645,645,1000
6222.T,935,935,922,933,122200
6223.T,1927,1937,1892,1927,26900
6224.T,1176,1203,1164,1202,30000
6226.T,2123,2197,2121,2195,76000
6227.T,5400,5460,5120,5450,1437500
6228.T,530,532,515,521,28000
6229.T,1444,1470,1430,1466,17200
6230.T,2160,2164,2152,2164,600
6231.T,11780,11830,11670,11700,6600
6232.T,1286,1287,1250,1262,775100
6233.T,406,406,404,404,1600
6235.T,2311,2345,2286,2330,224900
6237.T,3835,3900,3750,3855,66800
6238.T,1440,1460,1427,1457,178500
6239.T,1420,1424,1401,1419,1300
6240.T,518,524,511,523,234600
6245.T,1796,1796,1753,1773,44800
6246.T,1818,1827,1805,1812,6000
6247.T,1657,1664,1620,1636,83100
6248.T,1712,1736,1712,1736,400
6249.T,2876,2891,2857,2877,4100
6250.T,4265,4370,4265,4370,82400
6254.T,3155,3235,3140,3225,403500
6255.T,656,668,655,665,132800
6257.T,1008,1028,1008,1013,26500
6258.T,3405,3485,3365,3435,194500
6262.T,524,529,520,527,38600
6264.T,1750,1803,1738,1788,549300
6265.T,3050,3050,3015,3015,400
6266.T,3190,3290,3145,3290,293700
6267.T,4025,4025,3965,4000,1700
6268.T,4300,4426,4261,4426,810300
6269.T,8845,9115,8695,9090,445100
6272.T,1498,1508,1492,1506,45700
6273.T,67160,67780,66570,67380,172400
6276.T,354,366,349,366,35800
6277.T,5580,5740,5560,5740,44600
6278.T,11930,12670,11930,12670,224600
6279.T,900,915,900,910,11200
6282.T,2851,2898,2835,2898,105300
6284.T,8350,8420,8260,8420,31200
6286.T,1480,1480,1452,1469,1700
6287.T,2629,2648,2620,2644,71500
6289.T,1861,1875,1839,1875,29200
6291.T,1298,1312,1292,1304,13700
6292.T,833,836,831,832,2300
6294.T,1950,1965,1950,1965,9800
6298.T,1204,1236,1200,1230,109800
6301.T,7114,7180,7071,7139,1684600
6302.T,5459,5619,5405,5564,469700
6305.T,5633,5689,5581,5651,818900
6306.T,985,997,981,996,56400
6307.T,463,470,462,469,2200
6309.T,2007,2026,1988,2017,103500
6310.T,1826,1873,1820,1857,70500
6315.T,2041,2110,2011,2105,2503000
6316.T,3000,3040,2980,3005,9900
6317.T,2107,2107,2107,2107,26700
6322.T,1582,1609,1578,1600,2500
6323.T,3333,3416,3262,3384,1162800
6324.T,5600,5870,5540,5830,681600
6325.T,419,419,417,417,3800
6326.T,2809.5,2821,2766.5,2773,3457500
6327.T,2799,2826,2751,2795,271200
6328.T,2259,2328,2258,2319,72700
6330.T,2636,2758,2572,2651,7356300
6331.T,3255,3290,3220,3275,84900
6332.T,2667,2701,2653,2655,129600
6333.T,3415,3460,3405,3445,21800
6334.T,482,496,482,488,1600
6335.T,577,580,566,578,24200
6336.T,1487,1500,1400,1412,399600
6337.T,3170,3230,3130,3180,40100
6338.T,1605,1628,1585,1585,10900
6339.T,1150,1160,1141,1160,188300
6340.T,5170,5270,5150,5200,33600
6342.T,2872,2872,2872,2872,200
6343.T,143,146,143,146,29500
6345.T,1432,1457,1427,1452,104100
6346.T,5590,5590,5590,5590,200
6347.T,245,246,242,245,4400
6349.T,1950,1975,1937,1945,96800
6351.T,2552,2553,2487,2511,45200
6356.T,1421,1513,1402,1513,1232100
6357.T,2640,2667,2622,2657,23000
6358.T,2131,2157,2131,2153,12200
6360.T,4695,4735,4625,4725,2200
6361.T,4107,4286,4083,4245,2403600
6363.T,2810,2850,2785,2842,163600
6364.T,2439,2469,2421,2453,55300
6365.T,5590,5590,5500,5500,400
6366.T,683,702,681,691,1420600
6367.T,20920,20960,20680,20690,657600
6368.T,11750,11940,11525,11875,249800
6369.T,2342,2352,2300,2347,106300
6370.T,7320,7458,7276,7422,635100
6371.T,2674,2679,2660,2675,102400
6376.T,3155,3260,3140,3200,621700
6378.T,1228,1235,1155,1183,918900
6379.T,2942,2942,2908,2937,269300
6380.T,3855,3885,3805,3880,5100
6381.T,1888,1899,1874,1886,73000
6382.T,1215,1226,1215,1226,4800
6383.T,5329,5470,5298,5448,1258200
6384.T,1712,1712,1691,1710,6800
6387.T,7690,8030,7540,8020,178100
6390.T,1328,1334,1315,1332,21100
6391.T,4620,4710,4610,4650,900
6392.T,7980,7990,7940,7940,700
6393.T,3045,3045,3025,3045,1500
6395.T,1354,1356,1322,1341,167700
6396.T,4565,4565,4565,4565,100
6400.T,290,290,286,288,14400
6402.T,1615,1615,1588,1603,1600
6405.T,1191,1205,1188,1204,29200
6407.T,4750,4955,4750,4955,641500
6408.T,4255,4255,4255,4255,300
6412.T,2190,2219,2181,2218,342800
6413.T,1011,1047,1011,1042,69100
6417.T,2079,2143.5,2067.5,2133,1190400
6418.T,1210,1234,1205,1229,86300
6419.T,3200,3235,3200,3235,69900
6420.T,3425,3445,3400,3425,28400
6424.T,896,896,891,894,1000
6425.T,734,744,725,729,138600
6428.T,328,328,322,328,6200
6430.T,2425,2480,2425,2480,35700
6432.T,7100,7250,7060,7210,167900
6433.T,1118,1322,1100,1204,538300
6436.T,3902,3915,3880,3906,171000
6440.T,714,719,706,712,146300
6444.T,175,179,174,179,32200
6445.T,1321,1346,1307,1342,27800
6448.T,4363,4450,4333,4435,1045000
6454.T,1899,1914,1862,1908,236000
6455.T,2460,2517,2460,2509,73200
6457.T,4284,4442,4244,4397,211800
6458.T,1225,1232,1221,1228,221400
6459.T,1625,1641,1620,1630,50300
6460.T,3236,3368,3212,3360,1721600
6463.T,1514,1527,1501,1526,94900
6464.T,329,337,326,336,239000
6465.T,5305,5345,5239,5344,327500
6466.T,3930,4420,3930,4285,183900
6467.T,339,344,339,344,15600
6469.T,2603,2695,2592,2671,62600
6470.T,1042,1068,1041,1064,55700
6471.T,1040,1054,1032.5,1042.5,2540700
6472.T,370,375.7,367.1,372,2158900
6473.T,1980,2010,1971,2000.5,1047000
6474.T,5140,5210,5100,5190,38600
6479.T,3432,3432,3341,3387,2166200
6480.T,1529,1593,1529,1581,541400
6481.T,5778,5905,5659,5879,1198300
6482.T,690,697,690,696,54100
6484.T,2226,2298,2226,2297,2000
6485.T,1595,1622,1595,1622,15000
6486.T,2969,3020,2966,2992,101700
6488.T,1043,1053,1037,1049,7100
6490.T,8650,8960,8650,8940,67100
6492.T,15100,16560,14540,16020,110500
6493.T,475,487,470,485,82500
6494.T,98,98,97,97,32000
6495.T,112,116,109,110,1263500
6496.T,5330,5430,5300,5400,1700
6497.T,1460,1490,1417,1430,18900
6498.T,1891,1929,1887,1917,256200
6501.T,5219,5387,5167,5325,9012800
6503.T,5000,5139,4964,5122,4591300
6504.T,12475,12650,12260,12650,537300
6505.T,2357,2385,2341,2381,37700
6506.T,4205,4325,4179,4299,2801200
6507.T,11030,11320,10940,11190,157600
6508.T,10150,10580,9980,10430,259100
6513.T,1255,1295,1252,1295,34700
6516.T,5090,5210,5080,5150,62000
6517.T,3995,4015,3975,3995,22400
6518.T,1600,1682,1597,1630,18000
6521.T,2953,3020,2930,2992,177100
6522.T,1428,1546,1366,1514,825700
6523.T,1220,1284,1216,1277,699400
6524.T,4765,4800,4670,4735,191700
6525.T,7886,8090,7620,8000,7807800
6526.T,1801.5,1867,1780.5,1859.5,4308200
6532.T,7421,7740,7421,7691,1239200
6533.T,1124,1135,1122,1134,6700
6535.T,494,496,487,495,281600
6537.T,293,295,291,293,11200
6538.T,249,251,245,249,53500
6539.T,990,998,989,996,27800
6540.T,1495,1506,1489,1506,16300
6543.T,1203,1203,1157,1187,4700
6544.T,1416,1494,1413,1492.5,863100
6545.T,800,808,792,792,4700
6546.T,1173,1184,1173,1174,1300
6547.T,2078,2140,2076,2131,41600
6548.T,129,138,127,132,247900
6549.T,1105,1130,1105,1108,3300
6551.T,606,622,606,620,11600
6552.T,172,172,169,171,10500
6554.T,1106,1120,1106,1112,6100
6555.T,422,428,422,428,400
6557.T,756,765,749,752,5500
6558.T,670,670,670,670,0
6560.T,1758,1800,1740,1800,16500
6561.T,811,819,805,805,11900
6562.T,976,988,972,985,23900
6563.T,468,477,457,462,7400
6564.T,1991,2050,1985,1993,48100
6566.T,1261,1269,1256,1269,300
6568.T,1242,1250,1240,1240,2100
6570.T,3260,3525,3260,3480,80500
6571.T,1268,1271,1260,1270,34300
6572.T,264,265,261,264,78500
6573.T,28,28,26,27,327000
6574.T,111,115,111,114,540200
6577.T,1388,1412,1380,1391,19600
6578.T,460,460,455,455,4700
6579.T,349,353,345,353,900
6580.T,857,876,857,873,5700
6584.T,771,778,766,777,278700
6586.T,5256,5270,5220,5248,671400
6588.T,2769,2816,2748,2816,128400
6590.T,3600,3675,3560,3640,1383300
6592.T,1667,1678.5,1644,1662.5,787600
6594.T,2658,2670,2617,2655,1784100
6596.T,990,990,990,990,0
6597.T,3435,3435,3370,3435,22600
6599.T,3835,3835,3615,3765,4200
6612.T,590,590,588,589,2600
6613.T,1903,1991,1874,1971,1182400
6614.T,876,876,860,865,2400
6615.T,240,242,238,241,26200
6616.T,1760,1793,1738,1777,75800
6617.T,6340,6580,6300,6550,63400
6619.T,150,150,144,145,1188800
6620.T,673,686,670,682,23000
6622.T,11460,11890,11370,11890,181200
6625.T,366,380,366,369,181100
6626.T,2274,2398,2264,2396,12700
6627.T,10300,10500,9780,10370,156100
6629.T,941,987,932,962,134000
6630.T,785,788,780,783,55500
6632.T,967.3,991.2,950,987.9,1604600
6633.T,317,317,315,317,7300
6634.T,71,71,69,70,151200
6635.T,659,680,655,669,21300
6637.T,4030,4235,4030,4235,14200
6638.T,1966,1974,1885,1920,125300
6643.T,5520,5590,5410,5470,2900
6644.T,1435,1452,1422,1452,345700
6645.T,5983,6021,5912,5994,991800
6647.T,3550,3550,3550,3550,100
6648.T,1620,1634,1613,1627,19800
6651.T,4300,4345,4280,4345,53500
6652.T,3550,3595,3530,3550,52100
6653.T,2035,2056,2013,2030,69700
6654.T,1076,1076,1072,1072,6600
6656.T,746,763,719,758,80000
6658.T,447,450,444,449,29000
6659.T,50,50,46,46,5003900
6662.T,221,226,218,226,3300
6663.T,305,307,304,306,17900
6664.T,264,267,259,267,3100
6666.T,790,794,770,790,42600
6668.T,3825,3835,3610,3665,118500
6674.T,4920,5100,4913,5100,904300
6675.T,2109,2164,2109,2145,32400
6676.T,3090,3220,3070,3155,72900
6677.T,3185,3195,3150,3185,65900
6678.T,2018,2043,2018,2041,11600
6694.T,811,852,811,844,11600
6696.T,321,321,306,312,40700
6699.T,489,493,485,493,48500
6701.T,4606,4854,4595,4849,7721300
6702.T,3819,4026,3819,4026,11327600
6703.T,2566,2631,2521,2595,381500
6706.T,3225,3310,3225,3295,22000
6707.T,6599,6735,6422,6659,142300
6718.T,2812,2832,2812,2825,18100
6721.T,74,74,72,73,246000
6723.T,3151,3196,3067,3176,9810200
6724.T,3075,3121,3050,3101,1477100
6727.T,799,823,794,821,498700
6728.T,6750,6895,6652,6869,458200
6730.T,1121,1144,1114,1139,76000
6731.T,103,104,99,100,181000
6736.T,9590,10390,9590,10370,40900
6737.T,3015,3060,2990,3050,158600
6740.T,47,47,46,46,4094600
6741.T,1740,1761,1728,1759,92700
6742.T,1009,1020,991,1003,230000
6743.T,1000,1023,987,1021,31600
6744.T,3950,4010,3920,4010,72400
6745.T,1859,1881,1835,1875,110000
6748.T,741,747,735,746,11200
6750.T,1966,2020,1951,2009,180500
6752.T,4130,4216,4083,4164,6787900
6753.T,687,697.5,677.2,688.5,4349400
6754.T,3103,3121,3037,3120,825700
6757.T,878,897,878,897,10700
6758.T,3672,3788,3662,3788,14565500
6762.T,2780,2841.5,2742.5,2816.5,6534400
6763.T,2728,2752,2725,2735,6700
6768.T,792,805,787,805,494400
6769.T,1120,1120,1088,1094,46400
6770.T,2206,2225.5,2176.5,2225.5,1086800
6771.T,665,665,654,665,6400
6772.T,1010,1048,1010,1039,11900
6775.T,126,126,123,125,73200
6776.T,282,286,281,284,8300
6777.T,18300,18700,18100,18460,100000
6778.T,605,628,605,626,21000
6779.T,2744,2906,2729,2835,1178100
6785.T,3010,3100,3010,3045,57900
6786.T,49,49,48,49,2900
6787.T,18000,19850,17940,19670,536200
6788.T,5000,5060,5000,5020,9300
6794.T,2975,3035,2971,3015,105100
6797.T,1217,1218,1204,1208,2600
6798.T,3160,3250,3150,3225,26100
6800.T,3895,4000,3880,3960,155400
6803.T,99,99,98,99,323900
6804.T,2510,2510,2466,2495,246800
6806.T,23940,24040,23550,23980,100300
6807.T,2509,2518,2470,2478,293400
6809.T,1717,1735,1708,1735,42800
6810.T,2490,2542,2477,2490,138400
6814.T,7000,7210,6920,7160,144700
6817.T,1186,1203,1176,1197,178500
6819.T,480,480,478,479,8600
6820.T,3530,3590,3500,3580,11600
6822.T,4960,5080,4960,5080,1800
6823.T,3160,3210,3160,3190,29300
6824.T,4235,4330,4205,4265,8700
6832.T,2352,2420,2302,2403,32900
6834.T,4800,4875,4670,4870,816800
6835.T,252,256,250,254,87300
6836.T,813,843,812,834,4800
6837.T,356,360,355,358,57300
6838.T,1498,1567,1454,1503,397200
6840.T,745,758,738,749,259100
6841.T,4561,4611,4514,4595,670500
6844.T,2829,2921,2820,2896,111900
6845.T,1444.5,1449,1426.5,1449,1205900
6848.T,863,868,861,866,8900
6849.T,1535.5,1563,1529,1558,890600
6850.T,1707,1735,1701,1721,20600
6853.T,759,770,759,767,26100
6855.T,6200,6340,6080,6310,523300
6856.T,21155,21655,20980,21550,247100
6857.T,30330,31360,30010,31080,8111300
6858.T,828,838,826,836,17000
6859.T,3780,3855,3755,3830,56200
6861.T,74870,76580,74620,75960,563400
6862.T,4105,4145,3865,4120,270900
6863.T,985,1000,980,983,32400
6864.T,1546,1563,1531,1553,13700
6866.T,9840,10020,9710,9950,15600
6867.T,403,406,402,406,3400
6869.T,1787,1821.5,1783.5,1821.5,2240300
6870.T,2084,2129,2084,2085,600
6871.T,12380,12480,11790,12180,1272300
6874.T,2340,2341,2333,2333,1600
6875.T,10440,10580,10290,10580,75200
6877.T,5190,5270,5180,5240,20000
6882.T,1112,1118,1093,1110,19000
6888.T,501,502,499,500,3600
6890.T,8170,8680,8110,8600,770600
6894.T,2145,2180,2145,2180,400
6897.T,643,647,640,641,14300
6898.T,5650,5650,4930,5400,11500
6899.T,2259,2282,2259,2273,3000
6902.T,1926,1932.5,1910.5,1911,5602500
6904.T,608,615,603,615,21000
6905.T,1280,1292,1266,1283,73500
6907.T,750,773,742,766,12100
6908.T,2750,2776,2740,2767,101300
6912.T,2433,2494,2426,2469,8500
6914.T,3025,3040,2991,3040,105900
6915.T,3375,3450,3375,3400,9100
6918.T,3485,3500,3405,3450,25300
6919.T,1420,1421,1417,1420,2100
6920.T,33330,34700,33200,34480,2861500
6923.T,3440,3453,3393,3447,488700
6925.T,3476,3530,3405,3522,323500
6926.T,193,196,192,192,5500
6927.T,967,978,960,972,34000
6928.T,2817,2866,2796,2851,43100
6929.T,3605,3645,3595,3635,88400
6932.T,2532,2587,2521,2585,27700
6941.T,7330,7440,7290,7380,223300
6942.T,1432,1439,1432,1436,2100
6943.T,5550,5550,5550,5550,0
6946.T,6240,6590,6240,6460,196800
6947.T,4700,4875,4700,4850,62800
6951.T,6755,6800,6602,6786,249000
6952.T,1971.5,2063,1951,2048.5,2018900
6954.T,5690,5795,5625,5776,3827900
6955.T,400,409,400,407,37800
6958.T,706,739,705,734,505700
6960.T,11600,11900,11600,11800,43000
6961.T,9430,9430,9180,9390,137100
6962.T,752,761,747,759,198000
6963.T,4437,4484,4345,4437,3497300
6964.T,691,697,688,688,1300
6965.T,2151.5,2169,2133,2156,2079100
6966.T,848,857,825,849,4420100
6969.T,994,1003,963,997,57100
6971.T,3519,3581,3503,3520,4002900
6976.T,8705,8785,8320,8714,25803500
6977.T,1363,1383,1363,1383,1000
6981.T,7000,7175,6806,7167,21152100
6982.T,583,583,583,583,100
6986.T,723,753,715,746,204900
6988.T,3219,3256,3181,3233,1963900
6989.T,2300,2333,2295,2330,2500
6993.T,85,87,84,87,1635100
6994.T,1121,1135,1105,1130,65300
6995.T,3120,3145,3105,3130,89700
6996.T,2494,2525,2434,2505,782100
6997.T,2525,2604,2504,2604,1178600
6998.T,3430,3460,3375,3405,48500
6999.T,2043,2128,2021,2112,451500
7003.T,4075,4232,4027,4206,1368100
7004.T,1150,1171,1142,1160,783000
7011.T,3689,3771,3682,3761,10108700
7012.T,2290,2363.5,2290,2351,9038600
7013.T,2620.5,2746.5,2616,2723,10161000
7014.T,4540,4765,4495,4750,1391100
7018.T,12600,13320,12370,13300,34800
7021.T,2215,2267,2215,2261,600
7022.T,346,356,341,355,78300
7030.T,950,962,950,960,2500
7031.T,703,722,689,692,900
7033.T,1533,1581,1527,1581,41700
7034.T,322,334,321,333,16800
7035.T,233,233,228,231,14600
7036.T,668,668,667,667,700
7037.T,802,805,798,798,7400
7038.T,574,582,574,578,10100
7039.T,1356,1377,1354,1371,6400
7040.T,970,970,970,970,0
7041.T,353,355,344,345,4700
7042.T,700,700,682,695,4200
7043.T,949,949,931,940,2500
7044.T,511,524,511,511,11000
7046.T,1365,1365,1330,1330,1400
7047.T,2066,2140,2052,2140,95700
7048.T,158,164,158,161,138500
7049.T,778,779,774,777,17700
7050.T,1385,1442,1384,1442,17700
7057.T,900,900,900,900,200
7058.T,3085,3110,3020,3095,4600
7059.T,896,920,894,920,91700
7060.T,581,588,574,586,7500
7061.T,522,522,494,499,155100
7062.T,679,680,679,680,700
7063.T,77,85,72,72,519700
7064.T,932,975,932,963,9600
7065.T,954,965,945,965,4800
7066.T,450,462,450,460,4500
7067.T,1040,1070,1040,1070,500
7068.T,590,605,590,604,22800
7069.T,500,508,489,495,25400
7071.T,389,396,387,392,220500
7072.T,1078,1078,1065,1076,7200
7073.T,2303,2383,2303,2383,3200
7074.T,184,186,184,186,2600
7075.T,948,1034,945,999,23200
7077.T,983,986,981,986,900
7078.T,343,343,336,340,28200
7079.T,2535,2566,2535,2538,800
7080.T,870,880,866,868,14800
7081.T,1284,1294,1280,1294,2700
7082.T,1407,1407,1406,1406,4500
7083.T,1105,1120,1105,1119,2000
7084.T,2800,2895,2800,2854,4900
7085.T,868,883,868,879,241100
7087.T,1420,1435,1420,1433,3900
7089.T,1356,1385,1356,1374,16400
7090.T,950,956,950,953,1000
7091.T,1251,1254,1239,1246,13300
7093.T,592,596,592,595,400
7094.T,1784,1845,1775,1834,34200
7095.T,1151,1200,1142,1196,87300
7096.T,749,749,747,748,2700
7097.T,2703,2720,2701,2712,9900
7102.T,3500,3555,3490,3530,20300
7110.T,2053,2083,2040,2065,10200
7111.T,495,504,495,498,4400
7112.T,695,698,691,695,2200
7114.T,785,790,783,786,2800
7115.T,1458,1466,1448,1455,14300
7119.T,2053,2100,2037,2086,28600
7120.T,995,1001,992,995,3600
7122.T,2333,2370,2333,2370,2000
7126.T,1476,1484,1456,1456,7900
7127.T,707,710,705,710,5000
7128.T,2815,2830,2801,2823,62400
7129.T,1199,1199,1184,1185,2400
7130.T,2760,2790,2756,2785,75200
7131.T,4130,4140,3705,3810,33800
7133.T,1309,1325,1309,1324,9000
7134.T,1372,1443,1372,1436,13200
7135.T,180,182,180,180,19300
7137.T,1200,1200,1200,1200,0
7138.T,141,160,140,156,1359800
7139.T,4700,4700,4700,4700,0
7140.T,801,801,800,800,400
7148.T,1687,1722,1687,1720,383700
7150.T,525,531,514,529,26500
7157.T,1398,1438,1398,1434,236700
7161.T,603,615,596,615,102400
7162.T,292,296,288,294,31200
7164.T,3147,3147,3123,3134,201100
7167.T,1688,1713,1664,1705,2664000
7170.T,330,330,330,330,0
7172.T,2069,2096,2068,2085,137700
7173.T,1650,1697,1648,1692,1586900
7175.T,1973,1988,1933,1949,4200
7176.T,757,757,757,757,0
7177.T,1156,1168,1140,1163,201500
7180.T,1604,1635,1592,1630,1006200
7181.T,1777.5,1806,1769.5,1788,1744600
7182.T,3247,3324,3235,3299,5134400
7183.T,254,254,254,254,71600
7184.T,3420,3575,3400,3475,181800
7185.T,3940,3945,3900,3935,13200
7186.T,1897,1932.5,1883,1932.5,3705600
7187.T,1305,1317,1305,1315,38900
7189.T,4867,4972,4840,4972,436300
7191.T,1158,1180,1150,1177,29000
7192.T,706,720,698,712,30000
7196.T,731,736,730,736,7500
7198.T,829,841,828,841,103100
7199.T,2050,2086,2027,2086,134500
7201.T,309.7,313.3,308.5,313.2,19305100
7202.T,2188,2207,2172.5,2195,1755700
7203.T,3026,3056,3014,3025,22994300
7208.T,1285,1304,1285,1287,2000
7211.T,368,369.4,361.3,362.3,5363400
7212.T,723,742,723,736,24000
7213.T,667,678,664,678,12100
7214.T,1115,1115,1100,1100,900
7215.T,427,427,415,427,6100
7217.T,446,446,438,442,6200
7218.T,1105,1118,1085,1092,2700
7219.T,2473,2473,2401,2434,3000
7220.T,2663,2728,2644,2700,1148100
7222.T,926,934,922,926,68900
7224.T,1904,1928,1897,1912,88600
7226.T,2265,2309,2263,2309,173200
7228.T,3965,3995,3900,3995,5100
7231.T,3015,3025,2983,3020,37900
7235.T,1543,1555,1537,1555,16000
7236.T,1420,1453,1413,1445,206500
7238.T,103,106,103,106,2681400
7239.T,2301,2328,2294,2324,50100
7240.T,2981,3035,2980,2994,335400
7241.T,1073,1087,1070,1087,319400
7242.T,4650,4650,4605,4640,56900
7244.T,550,555,548,554,75100
7245.T,1090,1100,1077,1087,354300
7246.T,988,999,985,997,160200
7247.T,364,370,362,368,46000
7254.T,812,821,811,811,2500
7255.T,503,505,503,505,2900
7256.T,421,438,419,435,92100
7259.T,2223,2237,2214,2236.5,1693400
7261.T,1135,1155,1132.5,1151,5156600
7264.T,1333,1334,1330,1334,1700
7265.T,3735,3735,3735,3735,0
7266.T,960,963,952,960,18400
7267.T,1637.5,1679,1637.5,1679,8714900
7269.T,2057,2069.5,2035.5,2045,4913700
7270.T,2618.5,2649.5,2601.5,2649,3128700
7271.T,801,810,798,806,37100
7272.T,1730,1770,1720.5,1758,4417400
7273.T,641,643,630,634,127200
7276.T,2582,2630,2574.5,2604,535800
7277.T,338,338,334,337,8800
7278.T,5820,5910,5780,5900,241500
7279.T,2450,2501,2445,2489,73800
7280.T,1303,1333,1298,1333,133300
7282.T,5085,5154,5061,5120,295500
7283.T,2103,2116,2067,2107,151200
7284.T,1160,1161,1160,1161,200
7287.T,2601,2702,2570,2672,234400
7291.T,457,464,455,464,16900
7292.T,6750,6750,6660,6670,1400
7294.T,883,889,878,889,27000
7296.T,4095,4145,4070,4140,140600
7297.T,857,869,857,857,900
7299.T,1760,1798,1759,1781,1700
7305.T,2737,2765,2722,2762,7100
7309.T,18170,18250,17810,17870,261100
7313.T,1814,1818.5,1805.5,1809,244100
7314.T,1320,1325,1318,1318,1300
7318.T,1275,1301,1264,1294,65100
7320.T,1376,1436,1368,1431,21300
7322.T,2030,2070,2000,2046,532800
7325.T,688,695,688,695,800
7326.T,2250,2276,2234,2269,26600
7327.T,2630,2678,2620,2660,994600
7337.T,2360,2405,2347,2394.5,400000
7343.T,1263,1266,1262,1262,900
7345.T,927,945,927,945,7000
7347.T,796,800,796,799,5300
7350.T,7750,7850,7640,7840,69700
7351.T,479,488,479,488,7400
7352.T,316,328,315,322,50100
7353.T,511,511,496,501,30100
7354.T,376,390,374,390,327100
7356.T,115,116,115,115,2000
7357.T,1708,1711,1687,1690,3100
7358.T,1765,1803,1746,1795,6300
7359.T,280,290,271,278,79500
7360.T,653,653,646,646,600
7361.T,1190,1197,1190,1197,2000
7362.T,851,870,851,870,1200
7363.T,1298,1298,1298,1298,300
7366.T,1803,1843,1800,1833,111800
7367.T,329,332,329,332,44100
7368.T,1672,1690,1672,1690,1000
7369.T,376,379,372,372,5200
7370.T,707,712,707,711,3000
7371.T,789,802,786,802,14500
7372.T,390,394,390,391,2300
7373.T,899,926,899,922,61100
7374.T,1530,1540,1515,1515,13800
7375.T,1187,1216,1156,1187,96300
7376.T,746,800,728,800,38600
7377.T,1692,1694,1690,1693,1700
7378.T,1506,1548,1493,1507,26400
7380.T,2611,2667,2602,2664,278800
7381.T,1278,1309,1271,1309,313200
7383.T,377,384,375,381,415700
7384.T,5050,5230,5040,5160,83800
7388.T,2300,2323,2293,2323,17700
7389.T,1949,1999,1921,1951,1416600
7399.T,619,619,613,613,1400
7409.T,1403,1454,1388,1439,81600
7412.T,362,367,361,361,362300
7413.T,2778,2860,2778,2860,2000
7414.T,1406,1419,1406,1417,32400
7416.T,684,686,681,685,2200
7417.T,1838,1866,1838,1863,5900
7419.T,1235,1257,1235,1255,332100
7421.T,1602,1615,1602,1615,55500
7422.T,405,405,392,402,7900
7425.T,1102,1102,1099,1100,1300
7426.T,597,597,592,593,1200
7427.T,824,830,824,824,1200
7433.T,5400,5450,5350,5420,79900
7434.T,1825,1825,1805,1805,300
7435.T,1241,1245,1220,1244,11500
7438.T,1710,1747,1710,1729,38400
7442.T,473,475,473,473,5200
7443.T,663,670,655,670,2300
7444.T,1990,2015,1990,2014,1000
7446.T,4520,4520,4520,4520,100
7447.T,1639,1654,1639,1648,48300
7453.T,4018,4086,4008,4055,2325900
7456.T,6690,6890,6670,6810,69400
7458.T,1858,1873.5,1845.5,1873.5,421500
7459.T,2903,2944.5,2886,2938.5,292000
7460.T,1647,1666,1646,1657,9900
7461.T,475,475,472,472,5400
7462.T,406,406,403,406,10100
7463.T,954,966,954,960,13600
7464.T,1504,1534,1502,1506,700
7466.T,1415,1424,1405,1412,24800
7472.T,3900,3900,3900,3900,200
7475.T,3770,3775,3765,3770,320900
7476.T,2481.5,2524,2480,2524,111100
7477.T,1569,1569,1539,1555,800
7480.T,3400,3485,3400,3420,45600
7481.T,2604,2605,2587,2602,1900
7482.T,1456,1501,1456,1501,41400
7483.T,3075,3105,3055,3080,58900
7486.T,796,802,785,802,700
7487.T,1820,1830,1815,1830,9300
7490.T,2185,2187,2185,2185,2400
7494.T,243,244,242,242,18800
7500.T,10020,10020,10020,10020,0
7501.T,1437,1437,1437,1437,100
7502.T,1703,1703,1703,1703,300
7504.T,4360,4435,4275,4350,51900
7505.T,2080,2098,2064,2098,18100
7506.T,1381,1388,1380,1388,500
7508.T,1417,1450,1417,1450,47400
7509.T,4700,4700,4700,4700,0
7510.T,2630,2665,2625,2665,50900
7512.T,860,868,858,866,116100
7513.T,1426,1451,1426,1450,202900
7514.T,850,854,850,850,6000
7515.T,4650,4650,4650,4650,0
7516.T,4525,4565,4515,4530,74900
7520.T,2498,2597,2498,2597,17200
7521.T,2799,2799,2799,2799,0
7522.T,904,913,904,910,159000
7523.T,1875,1875,1875,1875,300
7524.T,176,177,175,177,9000
7525.T,3510,3555,3510,3545,6400
7527.T,50,51,50,50,1319300
7531.T,1324,1324,1319,1319,200
7532.T,730.4,744.6,726.2,734.6,16889200
7537.T,1764,1780,1745,1762,63900
7538.T,388,396,388,396,4000
7539.T,807,810,807,808,6600
7544.T,550,555,547,554,5200
7545.T,1956,1969,1952,1959,126600
7550.T,11300,11475,11240,11475,402900
75505.T,4940,4940,4940,4940,100
7551.T,710,710,704,705,1000
7552.T,3775,3920,3775,3920,174000
7554.T,1156,1169,1156,1162,25500
7555.T,749,749,747,748,400
7561.T,702,713,700,711,12700
7562.T,3845,3850,3835,3835,4300
7564.T,5670,5730,5630,5630,282100
7565.T,8300,8300,8300,8300,100
7567.T,601,605,601,602,5000
7570.T,1394,1398,1378,1398,6400
7571.T,85,85,83,85,284700
7575.T,1525,1548,1525,1548,78700
7578.T,77,78,75,77,68800
7581.T,6790,6850,6710,6830,375700
7585.T,406,407,406,406,2100
7590.T,391,394,391,391,17900
7593.T,517,521,515,518,355400
7595.T,1250,1262,1242,1260,145100
7596.T,2316,2340,2316,2338,16300
7599.T,1203,1221,1198,1216,447800
7600.T,627,658,626,654,175400
7601.T,161,162,161,162,4600
7602.T,191,197,183,196,288100
7603.T,36,37,34,34,814100
7604.T,905,913,898,912,15200
7606.T,2315,2381,2306,2366,240400
7607.T,2965,3000,2953,3000,18900
7608.T,870,886,870,878,50700
7609.T,3940,3960,3840,3865,73800
7610.T,135,137,133,135,847200
7611.T,2984,3030,2972,3005,112000
7613.T,1496,1508,1478,1508,137300
7614.T,1550,1570,1550,1558,6700
7615.T,97,98,96,98,32100
7616.T,2055,2070,2025.5,2042.5,574700
7619.T,985,988,974,988,3000
7621.T,3415,3425,3400,3415,2200
7624.T,156,158,155,158,42400
7625.T,460,460,459,459,3600
7628.T,1130,1142,1126,1142,44900
7630.T,1091,1097,1076,1079,440300
7634.T,4960,5030,4960,5030,200
7636.T,793,796,793,793,2600
7637.T,3370,3385,3315,3330,26500
7638.T,1376,1390,1376,1384,8600
7640.T,188,189,185,186,13100
7643.T,1730,1730,1716,1716,4300
7646.T,1935,1949,1911,1949,8900
7649.T,1279.5,1298,1276,1297.5,2224100
7670.T,1184,1202,1170,1180,12100
7673.T,1658,1658,1658,1658,100
7674.T,2590,2628,2590,2601,3600
7677.T,2742,2742,2740,2740,200
7678.T,3355,3480,3340,3440,15800
7679.T,1620,1655,1620,1647,40600
7680.T,3190,3190,3190,3190,0
7681.T,995,1008,994,996,1700
7682.T,3920,3920,3920,3920,400
7683.T,1397,1409,1397,1407,12700
7685.T,2820,2895,2801,2880,527900
7686.T,436,438,435,438,17000
7687.T,448,458,448,458,5800
7689.T,342,343,328,342,24300
7691.T,30,30,30,30,0
7692.T,79,79,77,79,251300
7694.T,604,604,550,567,36200
7695.T,937,937,911,911,5300
7698.T,2801,2950,2801,2849,8400
7699.T,698,698,698,698,0
7701.T,3750,3867,3735,3841,1415800
7702.T,453,455,450,452,16800
7707.T,205,206,201,205,70800
7709.T,76,84,68,76,2405500
7711.T,5680,5680,5680,5680,64300
7713.T,2299,2340,2249,2316,21000
7715.T,3660,3845,3645,3800,76500
7716.T,2941,3030,2930,2997,206600
7717.T,5330,5430,5240,5390,187900
7719.T,532,561,510,554,2252500
7721.T,6540,6840,6490,6700,211300
7722.T,768,777,765,772,20800
7723.T,2829,2862,2806,2862,12800
7725.T,1660,1676,1639,1663,82000
7726.T,1390,1391,1340,1366,3700
7727.T,827,851,817,848,102000
7729.T,15855,16145,15540,16125,308900
7730.T,1435,1442,1417,1440,222500
7731.T,1725,1726,1682.5,1710,1791300
7733.T,1981.5,2000,1973.5,1986,3211000
7734.T,3380,3390,3320,3380,59900
7735.T,11800,12170,11660,12105,1647400
7740.T,1340,1342,1328,1330,201100
7741.T,22425,22550,22215,22430,1015800
7743.T,792,793,792,792,617500
7744.T,1950,1956,1935,1956,263400
7745.T,2791,2819,2772,2801,66700
7746.T,805,805,782,794,294300
7747.T,3145,3265,3130,3251,1458800
7749.T,2877,2930,2853,2881,9000
7751.T,4432,4454,4394,4450,2272700
7752.T,1596.5,1628,1585.5,1625,1874300
7760.T,1980,2004,1966,2003,56600
7762.T,2172,2288,2143,2273,2119000
7769.T,3800,3825,3775,3815,14100
7771.T,254,255,247,248,126100
7774.T,775,795,760,790,64800
7775.T,424,424,422,424,11800
7776.T,219,226,217,223,105000
7777.T,386,415,378,408,7758600
7779.T,230,231,226,228,594700
7780.T,1664,1716,1648,1708,219800
7781.T,889,890,880,885,11000
7782.T,494,494,488,489,1900
7791.T,832,835,829,835,3500
7792.T,1463,1470,1462,1469,8700
7793.T,1489,1492,1489,1490,800
7794.T,957,961,932,954,316500
7795.T,212,215,212,212,69300
7800.T,982,993,969,977,5000
7803.T,456,468,450,468,1640400
7804.T,2415,2415,2380,2404,1300
7805.T,713,714,711,712,1400
7806.T,7620,7860,7570,7820,94900
7807.T,858,860,848,860,3500
7808.T,2740,2747,2740,2740,5200
7809.T,1321,1328,1321,1323,2200
7810.T,160,182,157,161,1516500
7811.T,1937,1957,1937,1945,4000
7812.T,2090,2100,2090,2100,300
7813.T,912,923,906,906,1600
7814.T,596,600,596,598,6800
7815.T,322,340,321,337,3200
7818.T,1189,1195,1169,1193,157900
7819.T,999,1007,998,1001,12800
7820.T,700,702,697,701,44200
7821.T,1922,1940,1908,1925,78100
7822.T,253,254,250,252,51100
7823.T,816,826,816,823,35700
7826.T,10080,10450,9830,10190,554300
7827.T,1725,1729,1699,1713,2400
7831.T,67,67,65,66,26400
7832.T,5530,5678,5494,5617,3016600
7833.T,665,683,665,683,8000
7836.T,75,76,75,76,11900
7837.T,344,344,338,344,1400
7839.T,2069,2073,2046,2065,210000
7840.T,1295,1299,1286,1299,18600
7841.T,1064,1077,1064,1070,6600
7844.T,505,521,504,520,103900
7846.T,2051,2099,2046,2090,390700
7847.T,627,628,626,628,6000
7849.T,3000,3025,3000,3020,2500
7850.T,801,805,791,796,5300
7856.T,1996,2034,1996,2015,69000
7857.T,1280,1280,1280,1280,900
7859.T,274,283,274,281,74600
7860.T,1258,1276,1257,1271,116800
7863.T,944,944,944,944,0
7864.T,3260,3285,3240,3285,106000
7865.T,336,336,331,332,3800
7867.T,3648,3851,3648,3836,1020100
7868.T,508,520,507,515,219500
7871.T,1003,1016,989,1000,6600
7872.T,618,619,617,617,1700
7874.T,951,968,951,962,69500
7875.T,800,800,790,797,8300
7877.T,2189,2200,2189,2200,500
7878.T,1380,1380,1235,1266,75800
7879.T,671,674,671,674,6100
7883.T,399,401,395,401,7800
7885.T,1127,1140,1123,1140,9700
7886.T,595,595,594,595,300
7887.T,1570,1570,1550,1556,11900
7888.T,858,873,854,872,84600
7893.T,1078,1097,1075,1095,56200
7896.T,505,505,505,505,200
7897.T,105,106,105,105,63700
7898.T,919,925,892,925,20600
7901.T,852,853,822,830,2300
7902.T,1087,1087,1087,1087,1700
7906.T,2408,2444,2394,2413,315100
7908.T,235,239,233,239,120400
7911.T,4669,4728,4605,4672,1525600
7912.T,3035,3063,2983.5,3004,1634800
7914.T,1721,1754,1721,1753,48900
7915.T,1154,1172,1147,1171,184100
7916.T,1866,1927,1802,1900,25000
7917.T,1224,1224,1213,1219,69700
7918.T,107,108,106,108,30500
7919.T,226,226,223,224,6100
7921.T,4055,4125,4045,4125,20400
7927.T,2300,2322,2285,2322,20800
7928.T,611,613,610,613,1600
7931.T,3595,3725,3590,3725,29500
7932.T,11450,11620,11450,11480,6800
7936.T,3995,4100,3978,4071,4667600
7937.T,2555,2563,2533,2549,7700
7938.T,2106,2106,2102,2102,2200
7939.T,606,606,600,601,1100
7942.T,2851,2864,2824,2851,37100
7943.T,2970,3010,2965,2987,74500
7944.T,3650,3730,3645,3715,47100
7946.T,373,379,370,370,5700
7947.T,2819,2847,2800,2817,169900
7949.T,2801,2825,2786,2825,26500
7951.T,1238.5,1254,1226,1249.5,1401900
7952.T,3200,3270,3170,3245,13700
7953.T,398,399,397,399,3300
7955.T,944,951,932,951,23500
7956.T,1915,1963,1905.5,1953,991500
7957.T,2601,2601,2571,2582,2000
7962.T,785,793,785,793,23400
7963.T,1831,1845,1806,1824,2400
7965.T,1455,1472,1454,1471,76100
7966.T,5100,5250,5030,5250,537200
7970.T,2156,2200,2156,2185,85700
7971.T,692,701,692,700,45400
7972.T,2394,2459,2388,2459,175900
7974.T,8193,8318,8134,8268,9454300
7975.T,1152,1155,1140,1140,3000
7976.T,3245,3280,3220,3260,81200
7979.T,2158,2214,2158,2208,70200
7980.T,890,890,854,865,34300
7981.T,3050,3100,3030,3100,69500
7983.T,1198,1223,1190,1193,6500
7984.T,916.9,919,891.7,899.3,855100
7986.T,1905,1909,1905,1909,300
7987.T,555,561,554,561,30700
7988.T,4919,4941,4846,4899,213600
7989.T,2642,2670,2642,2665,20600
7990.T,2355,2386,2343,2371,61600
7991.T,1065,1068,1063,1066,5000
7992.T,103,104,102,102,14200
7994.T,2314,2342,2314,2337,398200
7995.T,6270,6530,6240,6380,39900
7997.T,1089,1090,1084,1089,1600
8001.T,2335,2373.5,2317.5,2340.5,18503600
8002.T,5100,5184,5076,5091,3816200
8005.T,1730,1761,1730,1759,169300
8006.T,1496,1496,1491,1491,300
8007.T,790,798,788,798,68000
8008.T,2058,2100,2058,2100,63500
8011.T,1338,1398,1317,1398,188800
8012.T,1135,1139,1120,1133.5,633600
8013.T,365,369,363,369,2400
8014.T,4165,4220,4165,4220,20400
8015.T,7556,7648,7480,7507,1499900
8016.T,702,714,702,713,404100
8018.T,830,842,830,842,28300
8020.T,2270.5,2296,2246,2287.5,471900
8022.T,3860,4005,3860,4005,221200
8023.T,1068,1069,1040,1057,12200
8025.T,1301,1315,1301,1315,300
8029.T,2614,2646,2614,2646,8600
8030.T,3905,3905,3895,3895,500
8031.T,5126,5224,5098,5164,6100800
8032.T,1238,1259,1237,1247,188000
8035.T,50460,51300,49540,50930,2717900
8037.T,4620,4790,4600,4780,117500
8039.T,3450,3470,3435,3445,4500
8040.T,1046,1049,1040,1049,500
8041.T,4600,4635,4600,4600,700
8043.T,1530,1545,1523,1535,163200
8045.T,2052,2060,2017,2059,1400
8046.T,971,977,962,970,13900
8050.T,8750,9410,8680,9250,523800
8051.T,1945,1972,1939,1969,242100
8052.T,2886,2920,2867,2920,101500
8053.T,1830,1837.5,1805,1810.5,6826000
8056.T,4804,4884,4798,4864,342500
8057.T,2133,2211,2108,2206,172600
8058.T,5040,5093,4980,4991,6559900
8059.T,3620,3650,3585,3610,79200
8060.T,3660,3734,3636,3734,239700
8061.T,2909,3000,2850,2942,130800
8065.T,3115,3150,2967,3020,447000
8066.T,3550,3625,3545,3555,18200
8070.T,970,989,970,986,76400
8074.T,6560,6590,6250,6400,55700
8075.T,3080,3115,3070,3080,34600
8076.T,2094,2128,2089,2128,5200
8077.T,213,214,210,211,30200
8078.T,1921,1932,1904,1927,391900
8079.T,4365,4405,4325,4395,79700
8081.T,2500,2528,2496,2514,43000
8084.T,4780,4850,4730,4755,35000
8085.T,4180,4200,4170,4170,1000
8086.T,1439,1448.5,1430,1446.5,630000
8088.T,2130,2155,2114,2124.5,521800
8089.T,2002,2010,1995,1998,1600
8091.T,2421,2422,2388,2395,9500
8093.T,1767,1779,1760,1770,24400
8095.T,507,514,505,514,50200
8097.T,2410,2455,2410,2444,92500
8098.T,4485,4525,4460,4505,81700
8101.T,2588,2625,2578,2617,28700
8103.T,970,977,962,976,95800
8104.T,722,722,711,713,8000
8105.T,77,77,73,76,788300
8107.T,30,31,30,30,63900
8111.T,2102,2139,2099.5,2139,500700
8113.T,962.5,972.4,956.9,972.4,4424500
8115.T,1310,1318,1300,1318,4000
8117.T,2048,2121,2047,2109,1291100
8118.T,1180,1180,1180,1180,400
8119.T,790,790,790,790,200
8123.T,1377,1377,1369,1369,2400
8125.T,1956,1970,1952,1964,114100
8127.T,531,535,531,531,4400
8129.T,3984,4023,3973,4005,85100
8130.T,3200,3210,3190,3205,87200
8131.T,2537,2616,2508,2589,48900
8132.T,7450,7570,7290,7420,5800
8133.T,2290,2315,2283,2310,73600
8135.T,432,432,428,430,4500
8136.T,1202.5,1238,1197.5,1236,21243800
8137.T,4320,4380,4285,4325,48800
8138.T,4175,4175,4175,4175,100
8139.T,2210,2210,2186,2186,400
8141.T,1564,1567,1564,1566,213300
8142.T,1371,1396,1359,1396,210100
8143.T,144,144,144,144,900
8144.T,1271,1272,1271,1272,500
8147.T,1418,1418,1400,1417,600
8150.T,3155,3230,3155,3210,31600
8151.T,1801,1828,1799,1812,180400
8152.T,7050,7290,7010,7290,1600
8153.T,3975,3990,3935,3970,266800
8154.T,4790,4830,4780,4825,119000
8157.T,4135,4165,4120,4165,23700
8158.T,1302,1308,1292,1302,39000
8159.T,4030,4050,3995,4025,17800
8160.T,2453,2489,2449,2466,57400
8163.T,1513,1535,1511,1535,135000
8165.T,101,102,101,101,166200
8166.T,78,79,78,78,53200
8167.T,1371,1417,1367,1415,131800
8173.T,4210,4265,4140,4180,167300
8174.T,3079,3101,3063,3085,215200
8179.T,1351,1371,1343,1354,315200
8181.T,987,987,981,985,1600
8185.T,985,998,983,997,97100
8194.T,2680,2721,2667,2715,236500
8198.T,3295,3335,3295,3335,9700
8200.T,2307,2336,2301,2326,59200
8202.T,148,148,147,148,48900
8203.T,749,756,749,751,37500
8207.T,302,302,301,301,15100
8214.T,1697,1721,1697,1714,174500
8217.T,798,804,796,802,66400
8218.T,3880,3935,3880,3935,109400
8219.T,759,767,757,765,415700
8225.T,3645,3645,3645,3645,200
8226.T,374,380,371,379,74800
8227.T,3200,3244,3183,3233,503300
8230.T,309,309,306,307,25600
8233.T,2127.5,2127.5,2085.5,2098,1216800
8237.T,2301,2363,2141,2226,475800
8242.T,2845,2904,2842.5,2859.5,308800
8244.T,1861,1889,1861,1878,29600
8247.T,320,326,320,320,3300
8252.T,2883.5,2910,2870.5,2896.5,807700
8253.T,4638,4694,4604,4674,618500
8254.T,287,296,286,295,95800
8255.T,1312,1345,1312,1339,191100
8260.T,393,393,385,385,6300
8267.T,1350,1382,1346.5,1366,8402400
8273.T,992,1002,984,991,459600
8275.T,1005,1014,1001,1014,20300
8276.T,2698,2734,2698,2722,73200
8278.T,2070,2109,2062,2098,89000
8281.T,1108,1130,1108,1126,161800
8282.T,1852,1881,1849.5,1881,839100
8285.T,798,803,788,797,43800
8291.T,549,550,544,549,49700
8301.T,21500,21800,21500,21800,200
8303.T,1579.5,1644,1577,1630,5379700
8304.T,3470,3561,3438,3544,1467400
8306.T,3660,3723,3627,3720,36515300
8308.T,2512,2559.5,2486,2545.5,8880800
8309.T,1785,1804,1757.5,1798.5,6672900
8316.T,6870,7031,6838,7030,10316500
8331.T,2708.5,2781.5,2700,2770.5,2962800
8334.T,2887.5,2941,2884,2928.5,841500
8336.T,2768,2837,2763,2837,202300
8337.T,2658,2709,2640,2694,62900
8338.T,720,752,713,745,1353900
8341.T,4043,4113,3994,4094,693200
8343.T,9300,9660,9280,9420,166600
8344.T,4850,5100,4840,4965,177500
8345.T,2635,2705,2602,2692,385600
8346.T,1004,1027,997,1016,630800
8349.T,1715,1715,1684,1709,34700
8354.T,7764,7887,7751,7837,654100
8358.T,2804,2878,2785,2864,897200
8359.T,2685,2741.5,2676,2733.5,810400
8360.T,7060,7370,7060,7350,120400
8361.T,8050,8340,8040,8200,119400
8362.T,7680,8000,7570,7650,183600
8364.T,3100,3190,3090,3150,27900
8365.T,2326,2350,2309,2315,4100
8366.T,2829,2918,2821,2907,426500
8367.T,1950,2007,1950,1988,466200
8368.T,2376,2469,2376,2439,747200
8370.T,5050,5160,5020,5160,147900
8377.T,8200,8409,8189,8341,252000
8381.T,2570,2626,2562,2599,365700
8383.T,1914,1971,1914,1961,19900
8386.T,3060,3145,3060,3110,182600
8387.T,4110,4250,4080,4150,242100
8388.T,10220,10590,10110,10340,150700
8392.T,3025,3125,3020,3080,186000
8393.T,2651,2745,2646,2711,227100
8395.T,6500,6750,6500,6700,53700
8399.T,3225,3335,3220,3315,201300
8410.T,339.2,345.6,337.8,345.6,4736100
8411.T,8560,8821,8515,8790,7786400
8416.T,1101,1122,1090,1113,28200
8418.T,3184,3271,3180,3250,390100
8421.T,191200,191900,191100,191900,99
8424.T,4460,4495,4454,4488,194700
8425.T,1354,1368,1352,1368,541500
8439.T,2638,2709.5,2637,2676.5,504700
8473.T,3262,3327,3220,3327,2494300
8508.T,752,765,749,757,576200
8511.T,2431,2447,2424,2440,114500
8518.T,155,155,153,154,20700
8522.T,7070,7260,7060,7170,81900
8524.T,1291,1330,1289,1323,1801000
8537.T,3125,3220,3105,3165,31700
8541.T,3295,3385,3265,3320,115300
8542.T,1920,1958,1911,1934,36700
8544.T,2805,2892,2804,2871,225200
8550.T,1063,1109,1057,1091,587600
8551.T,8420,8690,8420,8460,39200
8558.T,1460,1507,1451,1495,157700
8562.T,382,394,380,389,261600
8563.T,1177,1189,1163,1182,40900
8566.T,6890,6950,6870,6900,29500
8570.T,1631,1665,1628.5,1647.5,399800
8572.T,486.4,490.5,484.1,489.4,1096700
8584.T,3720,3745,3695,3735,80100
8585.T,853,868,850,861,531500
8591.T,6099,6175,6082,6152,2093200
8593.T,1392.5,1404.5,1386.5,1398.5,2799100
8595.T,2240,2257.5,2235,2250,243700
8596.T,1517,1548,1517,1537,15100
8600.T,1137,1164,1130,1154,530700
8601.T,1843,1873,1836,1873,3028300
8604.T,1658,1688,1653.5,1675,6329000
8609.T,1217,1230,1210,1225,245800
8613.T,1301,1301,1284,1298,221900
8614.T,711,716,708,712,328000
8616.T,885,896,883,895,590900
8617.T,606,620,606,614,6800
8622.T,944,948,926,939,349000
8624.T,1685,1720,1683,1713,90600
8628.T,1191,1216,1183,1215,882700
8630.T,6808,6968,6775,6968,1766400
8697.T,2220.5,2220.5,2173.5,2215.5,1919200
8698.T,715,725,710,725,1062800
8699.T,1120,1129,1113,1121,36800
8700.T,2100,2111,2100,2111,800
8704.T,1393,1407,1379,1398,44000
8705.T,222,225,222,224,63200
8706.T,1879,1892,1877,1887,71900
8707.T,4660,4695,4625,4695,73400
8708.T,1753,1769,1738,1750,83300
8713.T,2711,2840,2710,2776,53400
8714.T,1061,1093,1061,1087,690900
8715.T,1018,1031,1011,1031,265500
8725.T,5126,5219,5100,5207,2961000
8729.T,159.8,163.8,158.6,163.8,53785200
8737.T,609,616,609,614,30100
8739.T,2553,2605,2536,2598,163300
8742.T,590,608,590,608,9800
8746.T,115,115,108,110,178000
8747.T,2200,2209,2180,2202,1600
8750.T,1895.5,1915,1881,1915,6919000
8766.T,8030,8247,8000,8203,7493100
8769.T,492,504,484,504,30000
8771.T,1745,1769,1745,1769,116700
8772.T,900,909,890,907,10400
8783.T,51,52,50,51,375100
8789.T,158,161,156,160,1856000
8793.T,4175,4235,4175,4215,13500
8795.T,4936,5021,4922,5009,1154700
8798.T,130,140,130,136,37500
8801.T,1518.5,1526.5,1493.5,1496,7497100
8802.T,3647,3670,3621,3644,1843900
8803.T,2340,2351,2335,2344,144000
8804.T,3338,3348,3309,3338,452200
8818.T,1124,1125,1106,1110,460700
8830.T,3237,3259,3219,3226,1937900
8835.T,795,800,794,799,5400
8836.T,27,27,26,27,74900
8841.T,997,1008,987,1003,59900
8844.T,1225,1240,1207,1233,69600
8848.T,667,714,664,691,4453300
8850.T,4655,4720,4645,4705,33500
8860.T,729,741,725,741,60300
8864.T,937,954,937,951,47700
8869.T,800,809,797,806,62500
8871.T,3140,3195,3140,3180,27800
8876.T,2162,2172.5,2122.5,2160,446300
8877.T,5090,5210,5090,5190,20100
8881.T,650,657,649,655,76700
8887.T,358,364,358,359,75800
8891.T,2005,2015,1982,2015,3400
8892.T,1100,1113,1100,1110,113300
8894.T,20,21,20,21,140100
8897.T,439,446,439,445,492500
8898.T,1130,1132,1125,1128,1300
8904.T,816,820,815,817,14100
8908.T,872,881,872,881,6400
8912.T,157,158,156,156,57300
8914.T,858,877,854,877,43800
8917.T,1048,1063,1048,1061,37100
8918.T,10,11,10,10,288180100
8919.T,3410,3485,3385,3465,162400
8920.T,680,695,677,695,78400
8923.T,1680,1692,1673,1683,98200
8927.T,476,486,476,476,125500
8928.T,2287,2293,2282,2293,4300
8929.T,1335,1360,1326,1356,33900
8931.T,1309,1322,1308,1317,8300
8934.T,2338,2368,2321,2368,144600
8935.T,1929,1967,1929,1961,43400
8938.T,323,339,322,328,4700
8944.T,249,249,245,249,24200
8945.T,1082,1085,1080,1083,3600
8946.T,74,76,74,75,44500
8951.T,121800,123200,121600,122300,21975
8952.T,113900,115000,113900,114300,14309
8953.T,110800,112000,110300,111500,10832
8954.T,95200,96500,94900,95900,13202
8955.T,94700,95600,94500,95100,4517
8956.T,125600,126800,125600,126500,2115
8957.T,185000,186900,184700,185000,2295
8958.T,110700,112200,110700,111700,3864
8960.T,154600,156800,154500,155900,7082
8961.T,70800,71500,70800,71100,3054
8963.T,60700,61400,60600,61300,68319
8964.T,75500,76800,75500,76800,6394
8966.T,129300,130200,129200,130200,3429
8967.T,92500,93100,92300,92700,6334
8968.T,171400,173200,171400,173000,1175
8972.T,146100,147600,146100,147100,5585
8975.T,91600,92600,91500,92200,2293
8976.T,302500,305000,301500,304000,1421
8977.T,134700,135700,134300,134800,1406
8979.T,183300,185700,183300,185400,736
8984.T,114800,115800,114800,115600,5757
8985.T,83100,84200,83100,83900,20726
8986.T,92300,93000,92200,92600,7049
8987.T,133100,134500,133000,133600,1975
8995.T,2598,2879,2048,2048,866200
8996.T,1081,1085,1081,1085,200
8999.T,558,565,558,563,30300
9001.T,2976.5,3011,2970,2981,559500
9003.T,2657.5,2677.5,2627,2670,310200
9005.T,1681,1706,1674.5,1694.5,2407000
9006.T,1581.5,1586.5,1569.5,1572,685700
9007.T,1825,1851,1824.5,1832.5,1616400
9008.T,805,818.7,804.4,809.1,1687300
9009.T,1400,1426.5,1391.5,1400,1814100
9010.T,2591,2619,2585,2600,144300
9012.T,2092,2094,2092,2093,300
9017.T,1996,1996,1988,1988,300
9020.T,3578,3593,3551,3589,2286400
9021.T,3040,3094,3030,3067,2751000
9022.T,3835,3910,3805,3867,1640100
9023.T,1547,1560,1537,1549.5,1752400
9024.T,3577,3645,3577,3609,721400
9025.T,2920,2946,2885,2900,90600
9028.T,3350,3380,3320,3345,18900
9029.T,1806,1833,1790,1812,5600
9031.T,3149,3179,3115,3149,193700
9033.T,631,633,631,632,2000
9034.T,1663,1678,1648,1648,9600
9036.T,1232,1232,1227,1230,700
9037.T,1803,1817,1799,1817,76300
9039.T,2961,2993,2953,2990,85600
9041.T,3563,3593,3512,3546,629100
9042.T,4670,4725,4665,4684,537800
9044.T,3210,3232,3172,3190,364000
9045.T,3232,3294,3222,3278,291300
9046.T,2475,2485,2469,2473,4000
9048.T,1887,1898.5,1862,1895.5,599300
9049.T,6630,6630,6630,6630,200
9051.T,1320,1320,1320,1320,1000
9052.T,1987,2004,1987,1997,15800
9057.T,3200,3235,3165,3235,800
9059.T,927,927,924,924,1000
9060.T,4140,4140,4140,4140,0
9063.T,4120,4120,4120,4120,200
9064.T,1999,2022.5,1989.5,1999,945200
9065.T,7920,8045,7915,8027,245600
9068.T,7190,7270,7150,7220,21100
9069.T,2271,2286.5,2252.5,2278.5,260700
9072.T,5060,5168,5050,5140,113900
9073.T,1261,1261,1236,1256,600
9074.T,4985,5080,4930,4985,2900
9075.T,6110,6290,6110,6190,73600
9076.T,2701,2733,2691.5,2727.5,298900
9081.T,4050,4080,4010,4065,13700
9082.T,2465,2500,2370,2400,11000
9083.T,1981,1981,1974,1980,4500
9087.T,2150,2190,2150,2190,200
9090.T,892,908,888,905,429600
9101.T,7300,7434,7282,7337,2364400
9104.T,7050,7207,7020,7109,2626700
9107.T,3403,3477,3395,3429,3284600
9110.T,10480,10500,10480,10490,85800
9115.T,1100,1125,1056,1080,120900
9119.T,1739,1740,1717,1734,168700
9127.T,3375,3735,3375,3700,19400
9130.T,1793,1882,1678,1728,808600
9142.T,3550,3590,3536,3576,539100
9143.T,1490,1507,1482,1497.5,935300
9145.T,548,576,545,576,30800
9147.T,5413,5464,5398,5435,832300
9158.T,758,776,755,776,25400
9159.T,1939,1972,1939,1943,2400
9160.T,330,331,329,331,18300
9162.T,227,229,227,229,2000
9163.T,2328,2377,2324,2368,31300
9165.T,1746,1788,1746,1760,8600
9166.T,709,743,701,716,2455200
9168.T,413,423,413,421,48500
9171.T,1479,1481,1458,1475,1500
9173.T,2813,2820,2813,2820,700
9193.T,886,887,885,885,6800
9201.T,2990,3015,2984,2994,1716300
92015.T,10130,10150,10130,10150,2000
9202.T,2935,2973.5,2935,2973.5,1414100
92025.T,4778,4785,4770,4770,3800
9204.T,417,428,417,425,42300
9206.T,1947,1948,1933,1935,1400
9211.T,1394,1488,1393,1488,138000
9212.T,271,272,265,272,19600
9213.T,1052,1052,1052,1052,0
9214.T,1306,1307,1306,1307,2600
9215.T,998,1000,980,980,2900
9216.T,1621,1649,1621,1647,17600
9218.T,770,789,768,789,10700
9219.T,900,900,885,885,2400
9220.T,1311,1318,1292,1292,2100
9221.T,1174,1190,1165,1189,34000
9222.T,50,50,50,50,0
9223.T,418,427,417,426,9700
9225.T,963,987,963,974,3000
9227.T,826,832,818,820,79300
9229.T,113,115,111,115,96100
9233.T,1157,1160,1154,1158,8900
9235.T,416,416,393,409,100900
9236.T,1301,1387,1256,1325,6500
9237.T,999,1003,969,981,46300
9238.T,372,373,370,371,3400
9240.T,449,456,434,444,50100
9241.T,1284,1287,1267,1267,700
9242.T,1930,1968,1921,1963,9800
9243.T,480,480,480,480,0
9244.T,1400,1417,1397,1401,5200
9245.T,1945,1951,1944,1951,3300
9246.T,1100,1100,1100,1100,1500
9247.T,1777,1826,1774,1821,192800
9248.T,1679,1689,1672,1688,59100
9249.T,1632,1632,1618,1629,4900
9250.T,975,1000,975,1000,600
9251.T,1500,1513,1493,1512,43000
9252.T,4080,4165,4050,4150,11200
9253.T,728,728,728,728,0
9254.T,1100,1103,1100,1103,1200
9256.T,980,1016,980,1009,16400
9257.T,516,516,509,516,500
9258.T,291,291,291,291,100
9259.T,841,856,841,850,25400
9262.T,691,692,663,674,68100
9264.T,1575,1600,1575,1598,13900
9265.T,3645,3650,3645,3645,700
9267.T,3470,3525,3425,3445,54700
9268.T,394,401,391,398,159400
9270.T,1931,1996,1930,1984,25000
9271.T,912,924,905,908,9600
9272.T,1398,1434,1398,1434,4800
9273.T,740,751,737,750,46800
9274.T,1092,1100,1084,1087,240400
9278.T,2661,2705,2644,2686,91300
9279.T,2155,2194,2143,2179,320400
9282.T,31800,31950,31150,31150,384
9284.T,75000,76800,75000,76600,1351
9285.T,40000,40350,40000,40350,345
9286.T,44600,45400,44550,45400,1760
9301.T,1551,1557.5,1539,1553,601200
9302.T,3300,3347,3259,3347,189100
9303.T,4125,4160,4120,4160,76300
9304.T,2089,2120,2081,2116,107900
9305.T,2045,2077,2040,2076,64700
9306.T,1992,2007,1992,1993,1500
9307.T,927,940,923,938,5700
9308.T,2046,2162,2046,2142,101500
9310.T,1367,1391,1367,1382,100300
9311.T,8050,8050,8050,8050,0
9312.T,2821,2844,2821,2828,1700
9313.T,1055,1055,1055,1055,100
9319.T,1759,1798,1751,1787,22500
9322.T,2449,2460,2444,2460,12200
9324.T,2670,2750,2670,2732,126100
9325.T,1053,1059,1044,1055,6300
9326.T,469,475,469,474,5000
9327.T,190,190,182,187,14700
9330.T,890,890,889,889,800
9331.T,707,707,707,707,500
9332.T,656,673,655,673,64500
9335.T,1406,1406,1406,1406,0
9336.T,3750,3810,3725,3790,78800
9337.T,1405,1438,1403,1432,7500
9339.T,1431,1439,1428,1433,1100
9340.T,791,791,783,791,7300
9341.T,597,614,597,613,73200
9342.T,987,987,987,987,100
9343.T,792,796,785,789,51300
9344.T,1292,1347,1277,1332,13200
9345.T,593,596,592,592,500
9346.T,1840,1849,1830,1848,1300
9347.T,2943,2984,2933,2950,171600
9348.T,409,412,406,409,474700
9351.T,1932,1932,1892,1923,4100
9353.T,3035,3035,2981,2981,500
9355.T,2210,2210,2199,2199,200
9360.T,2767,2775,2731,2760,1300
9361.T,2040,2040,2040,2040,0
9362.T,3705,3705,3705,3705,0
9363.T,536,537,526,537,4300
9364.T,4838,4892,4823,4883,277500
9365.T,1622,1622,1605,1605,900
9366.T,1119,1128,1114,1128,300
9367.T,2067,2067,2050,2052,1600
9368.T,960,961,955,955,10400
9369.T,2924,2952,2916,2923,26300
9376.T,841,844,840,840,1900
9380.T,437,437,436,436,2800
9381.T,2312,2331,2310,2329,19100
9385.T,748,757,748,753,900
9399.T,14,14,13,14,218926
9401.T,5735,5818,5688,5818,234200
9404.T,2976,3004,2953,3004,551300
9405.T,853,861,851,856,119700
9408.T,2672,2672,2622,2622,200
9409.T,3150,3175,3135,3175,229000
9412.T,1907,1971,1895,1962,1297900
9413.T,3340,3395,3335,3395,58000
9414.T,908,920,907,919,102500
9416.T,1040,1066,1040,1066,372300
9417.T,333,334,325,329,4400
9418.T,1749,1792,1747,1788,822500
9419.T,301,302,298,298,12900
9421.T,518,518,516,517,1200
9423.T,104,105,104,104,121900
9424.T,119,121,118,121,1411800
9425.T,265,273,243,255,2008000
9428.T,1514,1514,1513,1513,700
9432.T,176.1,178.9,176,178.3,197564900
9433.T,3066,3095,3046,3070,6135200
9434.T,248,251.5,246.5,250.8,86409600
94345.T,3801,3805,3801,3804,1100
94346.T,7581,7581,7575,7580,1500
9435.T,37680,38430,37680,38430,50600
9436.T,4310,4375,4300,4350,126100
9438.T,576,595,576,595,16400
9439.T,220,220,219,220,6200
9441.T,2944,2950,2925,2926,1100
9444.T,257,260,257,257,5700
9445.T,535,537,533,537,1100
9446.T,685,685,685,685,800
9449.T,3816,3936,3816,3936,207700
9450.T,763,771,754,762,43100
9466.T,239,240,239,240,4800
9467.T,1090,1121,1090,1116,46100
9468.T,3639,3698,3634,3682,275800
9470.T,1049,1056,1046,1052,258900
9474.T,906,917,903,916,82800
9475.T,538,538,538,538,1900
9476.T,980,986,980,986,200
9478.T,516,518,516,517,4000
9501.T,534.6,552.4,529.6,538.1,30892200
9502.T,2940,3017,2845,2885,5968800
9503.T,2944.5,3045,2944,2998.5,4318100
9504.T,1084.5,1106,1080.5,1094.5,1936800
9505.T,1082,1110.5,1078.5,1108,867900
9506.T,1410.5,1445,1410,1421.5,4724000
9507.T,2151,2206,2144,2177,1311600
9508.T,2168,2204,2151.5,2174.5,2628500
9509.T,1108,1141.5,1101,1135.5,2198100
9511.T,1179,1200,1177,1192,228800
9513.T,4165,4242,4144,4199,450900
9514.T,327,336,324,331,88400
9517.T,822,834,817,831,187900
9519.T,876,899,869,877,551300
9531.T,6280,6454,6280,6386,909900
9532.T,6073,6189,6041,6112,980900
9533.T,1310,1338.5,1300,1325,685900
9534.T,925,931,914,929,274700
9535.T,443,450,441,449,109700
9536.T,2549,2586,2549,2586,103100
9537.T,4300,4300,4300,4300,600
9539.T,1335,1339,1333,1339,400
9543.T,1370,1387,1367,1377,137100
9551.T,3005,3050,2992,3050,103500
9552.T,996,1075,987,1070,395000
9553.T,610,612,603,610,50100
9554.T,1663,1715,1663,1698,23600
9556.T,2145,2234,2109,2197,200000
9557.T,262,262,257,261,23900
9558.T,1954,1981,1954,1964,2400
9560.T,847,884,847,881,17200
9561.T,421,423,418,418,3700
9562.T,696,697,674,692,5700
9563.T,333,335,331,331,3500
9564.T,555,567,546,565,47700
9565.T,657,657,649,654,1000
9601.T,11030,11160,11010,11020,66100
9602.T,1645.5,1662.5,1632.5,1644,3167300
9603.T,1140,1184,1115,1170,799600
9605.T,6100,6210,6080,6080,37100
9610.T,111,112,106,107,243400
9612.T,1178,1219,1175,1216,56000
9616.T,3089,3167,3078,3151,1095800
9619.T,2653,2688,2653,2679,34100
9621.T,3225,3245,3185,3220,43700
9622.T,1388,1419,1388,1410,57900
9625.T,930,933,919,922,3600
9627.T,5963,6068,5930,6021,97700
9628.T,1287,1335,1287,1325,85900
9629.T,1563,1589,1558,1578,20100
9632.T,3520,3545,3505,3535,10100
9633.T,1904,1913,1902,1903,5400
9635.T,2551,2596,2551,2596,800
9636.T,4200,4200,4185,4195,1200
9639.T,2363,2375,2355,2360,4100
9640.T,1968,1968,1932,1967,5500
9644.T,750,757,750,756,40800
9647.T,6630,6630,6630,6630,100
9651.T,1950,1955,1926,1934,14900
9656.T,600,600,598,599,5800
9658.T,1055,1078,1050,1077,74900
9661.T,4185,4205,4185,4195,8500
9663.T,4980,5050,4980,5040,20400
9672.T,4890,4955,4890,4945,50600
9678.T,5420,5440,5380,5430,87700
9679.T,2329,2329,2299,2321,1600
9682.T,1084,1103,1078,1094,366300
9684.T,2931,3014,2927,2987,1270600
9685.T,562,562,557,561,1700
9686.T,1728,1740,1728,1735,700
9687.T,4625,4685,4625,4645,2000
9691.T,5160,5160,5160,5160,200
9692.T,2120,2209,2110,2201,169100
9697.T,4278,4414,4265,4357,2640800
9698.T,1291,1301,1291,1301,200
9699.T,4555,4645,4545,4635,46100
9701.T,4370,4395,4370,4395,300
9702.T,2347,2423,2347,2422,14400
9704.T,27,28,27,27,109300
9706.T,5575,5590,5458,5476,705300
9708.T,937,953,935,950,156100
9709.T,1216,1231,1212,1231,6300
9713.T,918,922,915,915,5200
9715.T,3540,3590,3500,3585,121400
9716.T,1228,1239,1216,1239,282900
9720.T,6330,6330,6330,6330,100
9722.T,2734,2764,2699,2742,219800
9723.T,631,634,631,631,2200
9726.T,1873,1931,1873,1918,48300
9729.T,2547,2641,2536,2572,35200
9731.T,3385,3390,3370,3390,3000
9733.T,2285,2310,2285,2309,13900
9735.T,6419,6502,6402,6442,1191700
9739.T,2622,2664,2622,2660,17900
9740.T,2673,2680,2641,2660,15600
9742.T,2063,2113,2050,2113,20800
9743.T,1451,1470,1420,1469,784000
9744.T,3325,3407,3315,3407,503600
9746.T,4115,4135,4065,4115,63000
9753.T,1438,1438,1419,1419,4100
9755.T,2801,2836,2795,2818,60700
9757.T,1170,1180,1166,1180,227600
9759.T,2850,2897.5,2849.5,2895,244100
9760.T,119,121,118,118,30800
9761.T,2425,2455,2412,2453,3800
9763.T,1285,1292,1278,1285,9500
9765.T,1164,1180,1161,1171,20900
9766.T,21500,21780,21120,21560,436500
9767.T,1631,1631,1631,1631,300
9768.T,3770,3820,3750,3750,6500
9769.T,2542,2564,2538,2564,11900
9778.T,5510,5540,5510,5540,800
9780.T,1115,1123,1054,1095,14600
9782.T,3385,3445,3365,3440,40800
9788.T,513,518,513,517,29500
9790.T,2950,3025,2950,3025,28900
9791.T,1168,1175,1166,1166,1200
9793.T,3680,3755,3665,3735,119400
9795.T,2279,2301,2275,2301,18500
9799.T,929,940,928,940,3600
9812.T,240,241,240,241,2800
9816.T,254,258,251,253,3200
9818.T,1540,1550,1540,1540,1500
9820.T,3725,3795,3725,3760,400
9823.T,1015,1015,1000,1010,138600
9824.T,7700,7770,7610,7640,58000
9827.T,633,633,628,630,6100
9828.T,3400,3450,3400,3450,68200
9830.T,2388,2403,2372,2385,49300
9831.T,724.4,730.4,716.7,720.8,3546200
9832.T,1585,1611,1585,1611,399400
9835.T,508,508,506,507,700
9837.T,1770,1796,1770,1795,46300
9842.T,1873,1890,1871,1889,98700
9843.T,3250,3373,3244,3258,3320700
9845.T,1349,1363,1344,1351,1800
9846.T,979,982,978,980,10800
9849.T,4510,4510,4510,4510,0
9850.T,993,997,989,990,75900
9853.T,910,910,909,909,1200
9854.T,277,282,277,282,16500
9856.T,1213,1221,1211,1220,12100
9857.T,2580,2582,2580,2582,3200
9861.T,3812,3878,3796,3844,344800
9867.T,10690,10690,10690,10690,100
9869.T,6720,6850,6720,6820,21700
9872.T,949,949,942,943,1100
9876.T,215,215,213,214,17800
9878.T,414,418,413,418,9300
9880.T,3240,3370,3225,3370,160700
9882.T,1734,1761,1734,1759,184600
9885.T,332,333,330,332,5600
9887.T,5270,5360,5250,5300,36100
9888.T,1197,1235,1195,1230,47000
9889.T,1620,1675,1615,1668,195800
9890.T,1461,1488,1458,1488,6400
9895.T,1280,1283,1277,1277,300
9896.T,1369,1376,1361,1370,16400
9900.T,1160,1175,1151,1175,166800
9902.T,3165,3245,3160,3175,118100
9903.T,884,886,884,885,400
9904.T,243,246,242,243,14300
9906.T,4245,4245,4245,4245,100
9908.T,2812,2838,2788,2822,17500
9913.T,3620,3650,3585,3645,2500
9928.T,1991,2020,1987,2011,45100
9929.T,473,473,473,473,300
9930.T,403,404,401,402,2300
9932.T,1290,1302,1287,1296,15000
9934.T,3059,3090,3049,3079,167200
9936.T,2954,2986,2933,2986,410400
9941.T,1198,1198,1131,1168,44600
9946.T,1798,1805,1791,1791,42900
9948.T,3775,3805,3735,3785,98500
9950.T,3420,3430,3420,3430,4300
9955.T,2810,2820,2810,2820,1800
9956.T,3295,3345,3290,3345,233200
9959.T,952,952,933,940,16000
9960.T,4110,4135,4060,4115,81600
9962.T,3410,3501,3377,3482,975300
9969.T,235,236,235,236,1400
9972.T,275,275,266,271,15000
9973.T,20,21,20,20,618300
9974.T,6810,7010,6810,7010,37600
9976.T,1078,1085,1078,1085,1400
9978.T,44,45,44,44,122800
9979.T,1040,1051,1038,1048,45200
9980.T,94,95,94,94,65900
9982.T,2668,2733,2650,2709,3100
9983.T,67000,67330,66330,66760,754100
9984.T,5887,5953,5678,5839,66654500
9986.T,2506,2506,2488,2493,1900
9987.T,5213,5268,5210,5256,138300
9989.T,3705,3738,3703,3729,403200
9990.T,747,755,746,753,42900
9991.T,1782,1801,1780,1792,26700
9993.T,1151,1153,1150,1153,3500
9994.T,2029,2043,2021,2040,4600
