symbol,open,high,low,close,volume
1301.T,4610,4640,4590,4640,27000
1305.T,4250,4271,4230,4271,352430
1306.T,419.9,422.7,418.6,422.7,9426310
1308.T,4150,4171,4135,4168,1088972
1309.T,53070,53930,53060,53300,8
130A.T,424,436,421,436,7000
1311.T,2110,2120,2101,2119,51848
1319.T,748,748,748,748,0
131A.T,1737,1737,1737,1737,0
1320.T,66750,67300,66210,67300,24187
1321.T,66860,67500,66410,67500,207987
1322.T,11160,11250,11125,11160,137
1325.T,290,292.8,290,290,8110
1326.T,61880,62450,61810,62170,4696
1328.T,15935,16090,15925,16015,17393
1329.T,6698,6751,6645,6751,338613
132A.T,220,220,220,220,0
1330.T,66740,67730,66500,67730,24370
1332.T,1181,1184,1174,1182,1518800
1333.T,1265.5,1269.5,1259,1267.5,359700
133A.T,1041,1047,1041,1043,68897
1343.T,1899.5,1909.5,1895.5,1909.5,348090
1345.T,1788,1788,1773,1782,67808
1346.T,66960,67470,66420,67470,28643
1348.T,4192,4209,4167,4209,155466
1349.T,17150,17150,17150,17150,0
134A.T,1500,1500,1500,1500,0
1356.T,108.9,109.5,107.4,107.4,2841820
1357.T,2867,2904,2811,2811,6262255
1358.T,126050,127600,123950,127550,6135
135A.T,4610,4650,4420,4450,82000
1360.T,70.2,71.2,69.1,69.1,177456660
1364.T,3714,3714,3686,3714,10226
1365.T,4078,4143,4013,4143,214187
1366.T,72,74,71,71,1415613
1367.T,2982,3023,2960,3023,33575
1368.T,158,159,156,157,83043
1369.T,65050,65570,64530,65570,11672
1375.T,1169,1171,1162,1165,24800
1376.T,1551,1572,1551,1551,10800
1377.T,4305,4365,4280,4360,100300
1379.T,2064,2064,2043,2064,65300
137A.T,736,740,721,721,1200
1380.T,998,998,998,998,0
1381.T,3600,3600,3550,3585,15800
1382.T,880,889,880,889,1800
1383.T,2995,2999,2981,2999,1100
1384.T,2195,2200,2171,2185,17300
138A.T,3120,3120,3095,3095,700
1397.T,65330,65880,65000,65880,14762
1398.T,1796.5,1802,1790.5,1797,59410
1399.T,3185,3185,3166,3171,3887
139A.T,3350,3350,3350,3350,0
1401.T,1311,1321,1311,1316,700
1407.T,2307,2307,2240,2263,686800
140A.T,2037,2037,2037,2037,3
1414.T,1252,1257.5,1238.5,1245,1343200
1417.T,3522,3540,3485,3519,371300
1418.T,579,582,577,578,14600
1419.T,2865,2881,2859,2880,63200
141A.T,4100,4125,3940,3985,622000
1420.T,631,633,630,630,11100
1429.T,797,800,789,797,95400
142A.T,825,846,825,846,1800
1430.T,1031,1031,1018,1018,10000
1431.T,654,656,651,655,7900
1433.T,1176,1246,1168,1234,364600
1434.T,1611,1611,1574,1593,94000
1435.T,175,178,175,175,284800
1436.T,1716,1730,1636,1716,170000
1438.T,2280,2280,2266,2275,600
143A.T,709,739,709,739,1900
1443.T,273,273,267,271,30700
1444.T,2685,2685,2676,2676,700
1446.T,539,539,537,538,2100
1447.T,353,370,353,370,647700
144A.T,450,450,450,450,0
1450.T,1463,1463,1448,1450,2000
1456.T,1289,1296,1276,1276,62516
1457.T,1788,1797,1781,1781,4202
1458.T,78850,80170,77590,80170,107886
1459.T,116,117,113,113,4028409
145A.T,897,906,897,906,1900
1466.T,202,205,201,201,1167
1469.T,192.9,192.9,188,188,2880
146A.T,3770,3770,3590,3665,74700
1472.T,76,79,76,78,2781
1473.T,4112,4123,4093,4116,105210
1474.T,36780,36780,36650,36650,6
1475.T,413.3,415.5,411.6,415.5,10850400
1476.T,1824,1829,1817,1829,98255
1477.T,3323,3332,3314,3332,10885
1478.T,5276,5285,5230,5285,19324
1479.T,49500,49500,49500,49500,0
147A.T,970,976,942,972,335200
1480.T,40570,40570,39560,39560,24
1481.T,3850,3850,3820,3850,249
1482.T,1525,1526,1523,1524,25032
1483.T,3815,3815,3815,3815,0
1484.T,3728,3798,3728,3798,280
1485.T,54550,54550,54550,54550,0
1486.T,22685,22685,22610,22670,341
1487.T,11815,11815,11650,11660,109
1488.T,1808,1821,1803,1821,16660
1489.T,3488,3505,3474,3500,396936
148A.T,1681,1711,1681,1697,600
1490.T,7970,7970,7970,7970,0
1491.T,708,711,706,708,12400
1493.T,25140,25400,25140,25195,1265
1494.T,43530,43530,42980,43260,1383
1495.T,11185,11185,10890,11090,775
1496.T,1620,1624,1620,1624,22654
1497.T,1726,1730,1726,1730,8371
1498.T,32150,32150,32150,32150,3
1499.T,9400,9405,9380,9380,14
149A.T,778,810,778,810,6900
150A.T,697,803,696,785,661400
1514.T,663,667,637,643,263700
1515.T,3730,3780,3635,3655,526000
1518.T,2274,2288,2265,2275,233600
151A.T,640,646,637,639,5300
152A.T,1186,1186,1186,1186,0
153A.T,1522,1661,1491,1600,227300
1540.T,20250,20425,20215,20320,149662
1541.T,8425,8458,8370,8417,23125
1542.T,29890,30170,29745,30020,45998
1543.T,59450,60170,59450,59820,84
1545.T,228,229.9,227.2,229.9,1652100
1546.T,78230,78720,78230,78720,559
1547.T,12770,12795,12750,12790,20374
154A.T,6610,6610,6610,6610,0
1550.T,7900,7900,7846,7855,1519
1551.T,7129,7129,7129,7129,10
1554.T,6615,6640,6606,6636,871
1555.T,2280,2280,2235,2251,3233
1557.T,117700,118000,117250,118000,841
1559.T,4694,4694,4610,4639,80
155A.T,801,818,795,818,17200
1560.T,6249,6249,6200,6226,237
1563.T,2468,2468,2439,2454,16684
1566.T,52010,52020,51730,51740,491
1568.T,965.4,977.9,958.6,977.9,1453050
1569.T,747.7,750.3,744.5,744.5,7270
156A.T,848,860,848,849,24500
1570.T,65980,67170,65010,67170,2158611
1571.T,303,305,300,300,1114488
1572.T,6588,6588,6510,6523,610
1573.T,8153,8162,8122,8122,150
1577.T,58900,59410,58860,59250,2841
1578.T,5169,5205,5125,5205,4951
1579.T,713,726.2,702.2,726.2,13510240
157A.T,720,745,720,730,16600
1580.T,802.8,807.3,795,795,218720
1585.T,2637,2637,2602,2602,60
1586.T,3050,3050,3030,3031,69
158A.T,2227,2227,2227,2227,0
1591.T,36480,36720,36200,36720,16476
1592.T,3342,3346,3315,3345,2074
1593.T,37310,37310,37180,37270,3645
1595.T,1808,1821,1805,1821,129067
1596.T,3074,3074,3074,3074,0
1597.T,1806,1806,1794,1806,29545
1599.T,37110,37120,37010,37010,15
159A.T,725.5,728.3,722.6,727.9,3120
1605.T,3940,3986,3877,3877,6720500
160A.T,1952,1961,1940,1940,7400
1615.T,750.9,771.7,750.9,767.6,3763020
1617.T,46890,47230,46810,47230,237
1618.T,38000,38200,37500,37610,1418
1619.T,44700,44700,43890,44370,249
161A.T,1125,1125,1125,1125,0
1620.T,35710,36040,35580,36040,127
1621.T,29500,29500,29150,29230,1018
1622.T,33510,33830,33450,33790,72
1623.T,65330,65700,63540,65000,1284
1624.T,81540,81810,80540,81360,134
1625.T,62000,62240,61180,62240,229
1626.T,48310,49190,48300,49190,188
1627.T,13025,13050,12825,12925,4259
1628.T,21860,22075,21860,21870,230
1629.T,279.9,280.4,276.1,276.6,2008980
162A.T,16495,16495,16265,16385,483
1630.T,36230,36390,36130,36290,1824
1631.T,40770,41700,40620,41610,3893
1632.T,42110,42680,42110,42640,329
1633.T,48460,48460,48080,48250,365
163A.T,18905,18975,18600,18800,2481
164A.T,1980,1980,1980,1980,0
1651.T,3265,3274,3240,3270,17451
1652.T,5053,5053,5053,5053,0
1653.T,5125,5125,5125,5125,0
1654.T,3340,3340,3340,3340,0
1655.T,846,848,844.7,847,2206980
1656.T,296.5,297,296.2,296.9,126060
1657.T,7040,7047,7026,7038,394
1658.T,4330,4330,4280,4292,20616
1659.T,3689,3698,3683,3693,3942
1660.T,10420,10420,10340,10365,942
1662.T,1930,1950,1887,1890,1585600
1663.T,1995,2015,1960,1971,166300
166A.T,1070,1085,1060,1079,294400
1671.T,5854,5864,5760,5765,271342
1673.T,9359,9449,9345,9360,1540
1674.T,26390,26390,26120,26300,298
1675.T,19145,19145,18870,18895,112
1676.T,42500,42950,42500,42500,8
1677.T,57550,57610,57550,57610,60
1678.T,293,293.1,291,292.4,664550
1679.T,65220,65220,65220,65220,0
167A.T,3130,3160,3110,3160,113700
1680.T,8079,8079,8060,8070,106
1681.T,3351,3369,3340,3340,1748
1684.T,2739,2764.5,2640,2640,190
1686.T,3100,3100,3031,3031,190
1689.T,695,696,684,684,144853
168A.T,1075,1093,1075,1092,2200
1690.T,2592.5,2609,2550,2550,970
1691.T,15820,15820,15590,15590,32
1692.T,669.2,683.9,666,680.1,7600
1693.T,8938,8983,8921,8969,5910
1694.T,2283,2283,2254,2254,180
1695.T,3555,3555,3497,3500,7899
1698.T,4305,4336,4285,4336,23463
1699.T,678.5,679,669.7,670.5,1393650
170A.T,3077,3077,3046,3062,248
1711.T,246,248,245,247,14700
1716.T,1375,1383,1369,1378,19500
1717.T,935,937,934,937,3400
1718.T,7120,7130,7120,7130,300
1719.T,1900,1911.5,1877,1880,883100
171A.T,2167,2167,2167,2167,0
1720.T,1179,1188,1162,1186,292400
1721.T,5367,5463,5324,5357,644400
1723.T,2508,2535,2435,2511,171800
1724.T,718,718,718,718,900
172A.T,2234,2234,2234,2234,0
1736.T,2381,2404,2381,2400,1200
173A.T,1525,1529,1525,1525,300
1758.T,2501,2575,2481,2551,5300
175A.T,637,658,631,631,9400
1762.T,4100,4100,4035,4065,35400
1764.T,2719,2719,2676,2676,500
1766.T,13770,13770,13470,13530,16200
1768.T,1030,1031,1021,1023,2300
1770.T,2113,2228,2113,2228,6300
1773.T,89,91,86,86,16000
177A.T,831,835,828,828,4400
1780.T,1481,1488,1478,1481,20600
1783.T,74,75,61,71,8859400
1786.T,352,352,348,349,437000
1787.T,5630,5630,5630,5630,200
1788.T,4045,4060,4040,4060,300
178A.T,1601,1602,1594,1602,32501
1793.T,2080,2088,2070,2088,1200
1795.T,5700,5700,5700,5700,100
1798.T,1075,1075,1053,1060,1300
1799.T,3350,3350,3290,3300,20200
179A.T,240.9,240.9,238.3,240,9820
1801.T,12900,12905,12530,12595,943500
1802.T,3044,3080,2995,3025,3302800
1803.T,2459.5,2461.5,2364,2391.5,5841300
1807.T,1948,1948,1948,1948,300
1808.T,2791.5,2805.5,2738,2751.5,1098500
180A.T,269,270.9,268.6,270.9,978560
1810.T,1440,1444,1430,1439,27600
1811.T,7570,7580,7450,7570,800
1812.T,5005,5024,4944,4987,3120500
1813.T,2920,2955,2866,2917,114400
1814.T,3570,3570,3505,3515,73800
1815.T,4525,4565,4455,4480,67100
181A.T,512.4,512.7,511.9,512.7,52950
1820.T,5551,5609,5493,5501,142100
1822.T,825,827,820,820,156500
1826.T,1083,1086,1081,1082,1600
1827.T,1322,1352,1283,1313,11800
1828.T,2470,2473,2426,2446,8200
182A.T,477.4,477.4,466.4,467.8,107370
1833.T,5780,5790,5680,5700,182000
1835.T,3920,3940,3875,3895,96800
183A.T,429,429,429,429,100
1840.T,262,262,259,260,7700
1844.T,484,487,464,465,349700
1847.T,3350,3380,3300,3315,30200
1848.T,764,764,756,764,5600
184A.T,328,335,322,322,5400
1850.T,437,437,426,430,23300
1852.T,882,882,870,880,391300
1853.T,323,323,322,323,15400
185A.T,886,886,886,886,0
1860.T,1509.5,1521,1484,1487,800500
1861.T,1300,1302,1280,1292,1141200
1866.T,1160,1163,1146,1151,3800
1867.T,2706,2708,2651,2704,6900
186A.T,1037,1037,1007,1022,3301500
1870.T,2106,2115,2093,2114,95000
1871.T,2201,2220,2160,2164,122700
1873.T,303,305,303,303,52900
1878.T,3280,3293,3241,3283,1185000
1879.T,2278,2278,2244,2249,97700
1882.T,1597,1601,1585,1592,423000
1885.T,2099,2124,2055,2082,418400
1887.T,553,553,545,549,158600
1888.T,3555,3590,3495,3570,20500
188A.T,813,821,809,814,13904
1893.T,1481.5,1500,1453,1468,2430700
1897.T,3310,3315,3310,3315,700
1898.T,1480,1482,1473,1477,108100
1899.T,4565,4660,4540,4640,40600
189A.T,1034,1037,1033,1035,1500
1904.T,5040,5080,5030,5060,5800
1905.T,1457,1457,1440,1450,2000
1909.T,16256049152,16322041856,16256049152,16278046720,0
190A.T,70,71,68,69,462200
1911.T,1246,1257,1245.5,1254,4726300
1914.T,800,813,794,812,28800
1921.T,1876,1887,1838,1887,2200
1925.T,4601,4616,4571,4596,1570700
1926.T,3855,3870,3790,3805,131500
1928.T,3296,3372,3276,3372,3636400
1929.T,1215,1219,1203,1205,87600
192A.T,1282,1296,1272,1296,800
1930.T,1588,1590,1559,1567,62900
1934.T,2641,2649,2611,2620,132200
1938.T,2607,2621,2543,2568,46900
1939.T,2280,2300,2256,2290,87700
1941.T,5200,5220,5100,5150,86300
1942.T,5630,5630,5493,5567,907900
1944.T,7032,7080,6879,6887,553000
1945.T,2158,2166,2111,2123,97700
1946.T,2251,2284,2207,2239,173000
1948.T,11420,11420,11420,11420,100
194A.T,1850,1850,1791,1791,471800
1950.T,4120,4150,4045,4085,133300
1951.T,2558.5,2566,2525,2548,418500
1952.T,3150,3185,3125,3160,109600
1959.T,8051,8115,7939,7954,235000
195A.T,694,698,675,675,15600
1960.T,1664,1718,1659,1659,9400
1961.T,2420,2450,2362,2377,404600
1963.T,2411,2442,2356.5,2379.5,1803900
1964.T,3890,3890,3835,3845,26500
1965.T,7060,7150,6900,7000,65600
1966.T,1730,1738,1727,1738,1000
1967.T,2092,2111,2075,2100,10300
1968.T,2588,2597,2514,2519,113300
1969.T,4441,4479,4360,4441,593800
196A.T,332,334,322,322,69700
1972.T,1314,1314,1298,1307,40500
1975.T,3930,3970,3835,3875,94900
1976.T,1720,1730,1704,1716,54700
1979.T,3800,3825,3725,3745,201700
197A.T,503,505,500,503,81300
1980.T,2833,2873,2747,2754,602000
1981.T,1338,1338,1337,1337,500
1982.T,3195,3205,3075,3095,71800
198A.T,162,164,160,162,35500
1992.T,2986,2986,2986,2986,200
1994.T,610,630,607,630,25700
1997.T,3915,3980,3915,3980,1000
199A.T,1350,1350,1350,1350,0
2001.T,2945,2967,2939,2955,158800
2002.T,2037,2048.5,2017,2038,875000
2003.T,1821,1847,1820,1844,21900
2004.T,3825,3865,3805,3860,40700
2009.T,1098,1100,1094,1094,11200
200A.T,4362,4405,4285,4405,1205073
2011.T,847,847,837,841.7,60660
2012.T,233.7,234.1,233.6,233.9,164200
2013.T,300.5,301.4,300,301.4,148390
2014.T,306.2,307.2,305.7,307.2,34580
2015.T,2050,2050,2034,2040,2346
2016.T,1744,1744,1734,1739,80484
2017.T,1506,1511,1494,1511,47736
2018.T,1226,1226,1217,1219,8567
2019.T,984,985,962,981,14093
201A.T,171.4,171.6,170.6,171.6,86980
2034.T,1853,1896,1842,1866,17437
2038.T,2513,2536,2467,2473,171759
2039.T,500,504,496,504,423216
203A.T,160,160,160,160,0
2042.T,8231,8231,8005,8155,18
2044.T,33470,33700,33220,33670,958
2046.T,22990,23120,22810,22990,603
2047.T,3438,3468,3438,3468,304
204A.T,1250,1250,1250,1250,0
2050.T,31850,31850,31850,31850,1
2053.T,1992,2004,1978,2002,59600
2055.T,348,348,346,346,4800
205A.T,1620,1629,1619,1627,12200
2060.T,1440,1449,1431,1444,61800
206A.T,171,173,166,168,211300
2070.T,16285,16285,16285,16285,0
2071.T,19370,19370,19370,19370,75
2072.T,22360,22360,22360,22360,0
2073.T,15480,15480,15480,15480,0
207A.T,1400,1400,1400,1400,0
2080.T,2042,2052,2023,2050,88280
2081.T,2176,2176,2116,2121,10740
2082.T,1264,1264,1223,1223,23
2083.T,3852,3891,3838,3873,3323
2084.T,3831,3834,3797,3834,4553
2085.T,772.2,778,766.1,770,18040
2086.T,3046,3046,3046,3046,1
2087.T,3446,3446,3446,3446,0
2088.T,2640,2640,2633,2636,66434
2089.T,2858,2858,2858,2858,0
208A.T,2876,2882,2854,2881,8200
2090.T,4276,4276,4272,4272,3
2091.T,4432,4432,4432,4432,1
2092.T,4466,4466,4466,4466,1
2093.T,5132,5132,5105,5109,836
2094.T,795,795,791,793,220
2095.T,1165,1165,1161,1161,30
2096.T,995,998,989,998,594
2097.T,940,940,923,936,6895
2098.T,970,974,968,973,8449
209A.T,780,780,780,780,0
2108.T,5230,5260,5200,5250,25800
2109.T,3775,3805,3770,3795,39100
210A.T,1553,1553,1541,1547,16145
2112.T,468,469,463,464,18900
2114.T,684,684,672,673,28500
2117.T,2810,2821,2801,2818,16500
211A.T,3425,3425,3395,3420,4800
2120.T,226,234,225,233,684700
2121.T,3485,3615,3455,3605,363600
2122.T,1486,1487,1455,1456,9400
2124.T,951,965,950,961,268700
2127.T,623,625.3,616.3,625.3,6690000
212A.T,2901,2948,2873,2896,110900
2130.T,883,885,880,881,67400
2134.T,20,21,20,20,461300
2136.T,1409,1409,1409,1409,300
2138.T,425,432,413,426,57400
2139.T,522,522,510,520,3700
213A.T,401.3,406,395.9,404.8,480510
2146.T,223,224,220,224,3722200
2148.T,1142,1154,1135,1154,36800
2152.T,1514,1514,1513,1513,300
2153.T,1822,1832,1813,1832,42400
2154.T,1935,1943,1924,1936,204300
2156.T,273,273,273,273,100
2157.T,985,996,974,987,601100
2158.T,610,620,607,619,155500
215A.T,1528,1573,1519,1559,2347100
2160.T,2890,2943,2872,2927,757200
2163.T,953,970,921,935,359000
2164.T,114,117,114,116,53100
2168.T,1580,1580,1555,1572,139600
2169.T,1732,1735,1716,1730,3800
216A.T,1250,1250,1250,1250,0
2170.T,656,660,648,652,197200
2173.T,718,718,705,712,9100
2175.T,2540,2553,2425,2538,295300
2179.T,828,828,825,826,1000
217A.T,382,382,382,382,0
2180.T,1886167168,1886167168,1886167168,1886167168,0
2181.T,280.8,289.2,279.7,289.2,14046800
2183.T,203,204,203,204,4500
2185.T,1995,1995,1984,1984,1700
2186.T,904,904,899,900,1300
218A.T,1151,1160,1105,1150,213700
2193.T,127,129,127,127,181200
2195.T,346,358,346,351,34000
2198.T,772,785,760,769,97100
219A.T,2310,2363,2299,2312,246300
2201.T,2460,2474.5,2448.5,2455,372100
2204.T,3130,3145,3125,3130,7400
2206.T,4954,5010,4935,4998,171400
2207.T,3450,3450,3375,3410,52800
2208.T,3110,3145,3110,3145,3100
2209.T,2383,2383,2362,2369,17900
220A.T,947,947,913,936,8700
2211.T,2484,2495,2476,2494,17600
2212.T,3838,3890,3819,3877,598000
2215.T,623,623,615,619,7100
2216.T,1080,1080,1069,1076,53900
2217.T,1484,1487,1480,1483,31000
221A.T,1138,1144.5,1116,1143.5,25890
2220.T,1330,1340,1311,1340,141700
2221.T,3070,3070,3055,3060,2300
2222.T,2468,2540,2438,2540,858700
2224.T,3690,3700,3670,3700,2600
2226.T,4910,4920,4900,4905,900
2229.T,3016,3031,2999,3024,253600
222A.T,60,60,60,60,0
2235.T,3499,3503,3491,3502,799
2236.T,1416,1420,1415,1418,6381
2237.T,2429,2429,2416,2429,4470
2238.T,5266,5275,5265,5265,843
2239.T,26415,26480,26340,26390,1112
223A.T,1762,1763,1752,1755,50398
2240.T,5325,5325,5313,5313,235
2241.T,900,901.8,896.4,901.8,6580
2242.T,680.5,680.5,674.8,675.9,140
2243.T,4341,4346,4299,4324,120012
2244.T,3468,3471,3452,3465,44348
2245.T,690,690,686.3,686.3,190010
2247.T,2206,2210,2202,2210,13307
2248.T,2759,2759,2736,2740,47730
2249.T,9499,9499,9441,9447,8531
224A.T,1657,1657,1629,1629,3245
2250.T,366.9,366.9,364.9,366.7,2330
2251.T,905.9,908.5,903,903,47150
2252.T,1393,1393,1386,1390,27
2253.T,1303,1308,1303,1305,3075
2254.T,992,992,976,980,1194
2255.T,193,193.1,192.4,192.7,312290
2256.T,212,212.8,211.9,212.7,38660
2257.T,213.5,213.8,212.9,213.8,21540
2258.T,218.2,218.5,218,218.5,28700
2259.T,177.3,177.3,176.5,176.7,220500
2264.T,1097,1098,1079,1089,1552900
2266.T,1095,1097,1090,1096,42200
2267.T,2804.5,2834,2793.5,2829,1134500
2268.T,4055,4060,4050,4050,4200
2269.T,4311,4323,4253,4302,1059100
226A.T,600,600,600,600,0
2270.T,3695,3710,3665,3700,125500
227A.T,1230,1230,1230,1230,0
2281.T,2400,2406,2387,2390,169000
2282.T,6104,6169,6088,6143,583500
2286.T,890,894,884,894,11200
2288.T,2248,2261,2243,2253,113200
228A.T,1695,1695,1680,1681,900
2291.T,509,510,509,510,1400
2292.T,2740,2758,2721,2748,117400
2293.T,2701,2702,2701,2701,500
2294.T,2550,2550,2501,2501,49000
2296.T,4975,4990,4960,4960,111100
229A.T,760,760,760,760,0
2300.T,499,499,498,498,600
2301.T,1635,1653,1631,1653,68800
2303.T,1392,1392,1365,1365,8900
2304.T,904,904,904,904,200
2305.T,1818,1840,1812,1838,17800
2307.T,1008,1030,1005,1029,39600
2311.T,785,795,783,794,7000
2315.T,66,68,66,68,3333700
2317.T,423,429,421,428,615700
2321.T,220,234,192,197,13050700
2323.T,317,328,315,328,30300
2325.T,4665,4665,4600,4600,18000
2326.T,4345,4500,4340,4470,89700
2327.T,3780,3835,3751,3828,133300
2329.T,492,497,492,495,59800
2330.T,119,120,104,106,4034500
2331.T,1201.5,1211.5,1194,1207,1116200
2332.T,1682,1700,1680,1692,5800
2334.T,558,583,554,581,680900
2335.T,1080,1093,1078,1093,25200
2337.T,401,404,397,401,794800
2338.T,124,125,121,121,234800
233A.T,1744,1758,1743,1754,45385
2340.T,521,521,519,521,22900
2341.T,170,173,169,172,17500
2342.T,250,255,247,254,39000
2345.T,106,110,106,108,61100
2349.T,2465,2465,2465,2465,0
234A.T,1448,1473,1444,1473,21361
2351.T,331,331,330,330,2000
2353.T,268,268,261,261,1390600
2354.T,1370,1379,1347,1372,432200
2359.T,2061,2088,2050,2081,16100
235A.T,1405,1414,1402,1412,30645
236A.T,438.4,438.4,437.5,438.1,97270
2370.T,25,25,24,24,304500
2371.T,3710,3719,3695,3695,197800
2373.T,417,417,411,412,6300
2375.T,226,257,225,234,713300
2376.T,785,785,785,785,200
2378.T,1041,1046,1040,1046,25800
2379.T,1788,1817,1785,1809,165100
237A.T,141,141.4,140.6,141.4,627960
2384.T,4840,4850,4795,4840,61400
2385.T,212,217,212,213,14600
2388.T,33,34,33,34,47900
238A.T,120.6,120.7,120.1,120.7,383320
2391.T,1171,1173,1171,1173,2100
2393.T,4130,4275,4130,4270,3000
2395.T,1320,1324,1310,1322,137200
239A.T,450,450,450,450,0
2404.T,525,527,525,526,7500
2408.T,805,827,805,825,2600
2410.T,2825,2838,2804,2824,30600
2411.T,467,473,465,467,28100
2413.T,1626,1702,1624.5,1701,3747600
2415.T,1654,1662,1623,1624,3800
2418.T,595,597,590,597,55100
241A.T,415,417,415,415,4800
2424.T,595,597,595,596,1000
2425.T,672,672,665,670,1500
2428.T,624,627,622,625,31100
2429.T,2740,2755,2715,2755,42700
2432.T,2471.5,2513.5,2454,2509.5,871300
2433.T,1287,1312,1281.5,1308,987700
2435.T,210,210,208,208,6800
2436.T,563,569,558,558,32700
2437.T,620,626,615,621,14200
2438.T,330,333,328,333,61000
243A.T,1122,1122,1122,1122,0
2440.T,121,122,121,121,104000
2445.T,392,393,391,392,43100
2449.T,1060,1068,1059,1060,2900
244A.T,1160,1160,1160,1160,100
2454.T,354,354,351,351,2900
2459.T,178,179,178,179,6000
245A.T,2502,2520,2499,2499,3000
2461.T,383,387,381,386,96700
2462.T,1494,1499,1491,1495,16000
2464.T,366,378,363,376,9200
2469.T,2844,2857,2825,2825,6700
246A.T,924,934,924,927,5000
2471.T,268,271,267,271,161100
2475.T,1733,1748,1733,1746,9600
2477.T,3125,3255,3125,3220,8900
2479.T,267,267,263,263,87100
247A.T,1056,1060,1033,1040,895700
2480.T,1798,1799,1746,1799,2100
2481.T,685,688,685,686,300
2483.T,2150,2185,2150,2171,4100
2484.T,152,158,152,156,331800
2485.T,446,447,445,445,42500
2488.T,1416,1420,1380,1420,11600
2489.T,406,417,404,408,130900
248A.T,810,814,810,814,300
2491.T,458,462,456,460,49800
2492.T,706,725,702,714,2559900
2493.T,949,951,945,949,4300
2497.T,529,532,529,529,7200
2498.T,3120,3130,3105,3130,6700
2499.T,305,308,302,308,9300
249A.T,340,340,340,340,0
2501.T,1830.5,1855,1827,1844,1113000
2502.T,1601,1605,1586,1594,6449400
2503.T,2795,2804,2765,2791,3018100
250A.T,1581,1587,1578,1580,25900
2510.T,797.4,800,797.3,800,8050
2511.T,1115,1120,1115,1120,244020
2512.T,712.6,715.3,712.6,712.8,8320
2513.T,3456,3464,3453,3462,3469
2514.T,2031,2031,2022,2023,4119
2515.T,1570,1573,1567,1571,134745
2516.T,616.4,622.5,615.5,620.8,214380
2517.T,1066,1072,1066,1069.5,25820
2518.T,2390,2406,2390,2406,7
2519.T,1122,1123,1111,1123,1070
251A.T,256,256,256,256,0
2520.T,2330,2330,2315,2315,2914
2521.T,2159,2163,2157,2162,387
2522.T,8484,8508,8455,8500,3670
2523.T,3200,3200,3200,3200,0
2524.T,4109,4138,4109,4138,271981
2525.T,65100,65520,64950,65510,27889
2526.T,36760,36880,36710,36850,14928
2527.T,1084,1084,1083,1084,1857
2528.T,1060,1065,1059,1062,2043
2529.T,2332,2340,2326,2334,3308
252A.T,2566,2566,2566,2566,0
2530.T,17000,17055,16965,17055,6
2531.T,2464.5,2542.5,2464.5,2508.5,609000
2533.T,455,474,455,474,191600
253A.T,1035,1043,1031,1034,4900
254A.T,1198,1212,1194,1211,25400
2552.T,1910,1910,1894,1899,917
2553.T,2415,2415,2356.5,2385.5,7180
2554.T,735.1,736.8,735.1,736.8,170
2555.T,1821.5,1828.5,1819.5,1827,5620
2556.T,1818.5,1830,1814,1830,59880
2557.T,4083,4101,4074,4101,1810
2558.T,3376,3386,3372,3384,132184
2559.T,2900,2906,2892,2904,256256
255A.T,5000,5130,4930,5100,35800
2560.T,53090,53090,53090,53090,3
2561.T,1994,1994,1983,1990,3848
2562.T,3644,3654,3644,3654,3552
2563.T,403.4,404.3,402.8,404.3,265610
2564.T,3630,3632,3608,3632,602590
2565.T,876,880,872,880,1564
2566.T,1005,1005,998,1003,29181
2567.T,533.1,535.3,531,535,5400
2568.T,7751,7762,7729,7747,3078
2569.T,4310,4310,4280,4294,3923
256A.T,2210,2239,2192,2237,239500
2573.T,4055,4055,4035,4035,1700
2579.T,3721,3739,3693,3739,685300
257A.T,3372,3372,3286,3347,2547
2585.T,1414,1415,1373,1385,1008700
2586.T,72,73,71,72,551400
2587.T,4440,4473,4418,4456,1081900
2588.T,3650,3700,3620,3650,2900
258A.T,2035,2040,2030,2040,53
2590.T,3060,3065,3020,3045,55000
2593.T,3131,3154,3103,3141,328700
25935.T,1802,1802,1796,1802,10600
2594.T,2010,2017,2006,2016,64500
2597.T,1291,1291,1233,1241,26600
2602.T,2068,2085,2061,2079,321000
2607.T,4383,4413,4330,4381,215700
2612.T,2320,2422,2320,2394,41100
2613.T,2220,2237,2210,2234,41500
261A.T,2021,2021,1991,2003,20800
2620.T,355.7,357.7,355.5,356.1,44430
2621.T,992,994,991,993,145980
2622.T,1706,1706,1691,1699,169
2623.T,1924,1924,1915,1917,22552
2624.T,6507,6552,6455,6552,78392
2625.T,4049,4059,4029,4059,12537
2626.T,3238,3269,3237,3269,856
2627.T,1545,1550,1545,1550,206
2628.T,3675,3690,3600,3680,4472
2629.T,3575,3603,3541,3600,2184
262A.T,1716,1747,1702,1738,202700
2630.T,16015,16050,16000,16050,730
2631.T,32350,32400,32230,32360,6685
2632.T,17885,17955,17830,17955,792
2633.T,540.9,542.5,539.9,542.5,127340
2634.T,3145,3151,3145,3151,17319
2636.T,4772,4800,4755,4800,6
2637.T,2637,2637,2501,2586,4303
2638.T,2579,2598,2552,2598,56072
2639.T,1665,1665,1640,1655,1259
263A.T,800,800,800,800,0
2640.T,4103,4139,4084,4086,17299
2641.T,4435,4435,4379,4414,1034553
2642.T,53300,53300,53300,53300,0
2643.T,4280,4300,4260,4300,49
2644.T,3855,3888,3780,3878,359631
2645.T,3044,3049,3034,3045,94
2646.T,3883,3883,3790,3800,2096
2647.T,5575,5578,5566,5572,8400
2648.T,3290,3290,3284,3286,1238
2649.T,577.2,577.2,572.1,572.2,340
264A.T,331,362,329,339,272300
2652.T,422,432,419,431,68900
2653.T,2801,2809,2798,2802,11100
2654.T,430,433,420,433,15500
2656.T,158,159,157,157,116700
2659.T,3330,3340,3300,3320,181800
265A.T,791,866,764,808,511500
2664.T,3700,3750,3670,3725,79900
2666.T,186,187,186,187,52600
2667.T,110,118,107,114,565300
2668.T,1264,1269,1264,1269,400
2669.T,3910,3910,3850,3865,8600
266A.T,1350,1350,1350,1350,0
2670.T,2650.5,2675,2636,2657,446000
2673.T,107,112,107,108,40400
2674.T,2523,2556,2502,2524,54800
2676.T,2057,2065,2050,2059,14500
2678.T,1227,1233,1216,1226,305500
267A.T,1815,1815,1815,1815,0
2681.T,2231,2246,2202,2242,193000
2683.T,995,995,993,993,1500
2685.T,3165,3235,3135,3210,180400
2687.T,493,495,493,495,1900
2689.T,1934,1950,1934,1949,1300
268A.T,1645,1651,1564,1630,1985900
2693.T,285,285,280,281,17700
2694.T,72,73,72,72,116700
2695.T,1703,1716,1667,1675,532200
2698.T,3335,3335,3270,3280,14900
269A.T,2881,2920,2850,2887,8200
2700.T,1749,1749,1710,1715,8900
2702.T,8050,8100,7980,8100,468400
2705.T,8850,8940,8720,8840,19800
2708.T,1908,1908,1900,1900,2200
271A.T,1500,1500,1500,1500,0
2721.T,104,106,104,104,82700
2722.T,363,363,360,362,6400
2726.T,1500,1500,1467,1485,953700
2730.T,2435,2478,2425,2465,220400
2733.T,2655,2665,2636,2665,84700
2734.T,1214,1227,1211,1224,154700
2735.T,741,743,733,736,41000
2736.T,602,602,601,601,600
2737.T,33500,36250,33500,35750,148500
273A.T,9770,9770,9661,9666,161
2742.T,3940,3950,3890,3945,24800
2747.T,3120,3120,3120,3120,0
2749.T,651,651,641,648,200400
274A.T,2250,2263,2250,2263,2000
2750.T,1355,1362,1350,1350,5300
2751.T,3685,3685,3600,3660,18100
2752.T,1152,1155,1146,1149,56100
2753.T,1380,1385,1372,1381,20400
2760.T,4025,4110,3995,4110,87000
2762.T,68,68,66,67,190400
2764.T,162,164,161,161,75400
2767.T,2460,2488,2449,2478,309300
2768.T,5770,5805,5697,5745,1436500
2769.T,924,926,923,925,1800
276A.T,4070,4165,4040,4160,14800
2776.T,100,103,100,103,113000
2778.T,114,118,114,115,35100
277A.T,1838,1855,1816,1832,120200
2780.T,4510,4520,4400,4440,108700
2782.T,4770,4840,4730,4815,333300
2784.T,2292,2306,2292,2295,294100
2788.T,391,395,390,391,21300
2789.T,479,479,476,477,4000
278A.T,18900,19420,18770,19240,998200
2790.T,2113,2113,2095,2096,20100
2791.T,4680,4700,4630,4670,43600
2792.T,1424,1431,1417,1425,39400
2795.T,954,954,954,954,300
2796.T,507,507,505,505,1700
2798.T,3000,3005,2995,3005,1800
279A.T,1550,1550,1550,1550,0
2801.T,1677.5,1705,1675,1682.5,4512300
2802.T,5055,5067,4987,5035,2722600
2804.T,1848,1862,1847,1855,12900
2805.T,7460,7500,7240,7340,71500
2806.T,1904,1918,1904,1918,1000
2809.T,4660,4665,4585,4590,421800
280A.T,1089,1091,1066,1084,15700
2810.T,3839,3872,3817,3867,203900
2811.T,2737.5,2760,2724.5,2760,325400
2813.T,3900,3940,3900,3940,400
2814.T,1965,1980,1945,1962.5,2800
2815.T,5320,5330,5230,5250,99400
2816.T,1419,1420,1415,1417,1500
2818.T,1760,1767,1760,1766,1600
2819.T,2469,2475,2457,2459,9900
281A.T,417,423,414,420,43400
2820.T,6510,6570,6350,6440,17900
282A.T,2253,2300,2238,2300,109662
2831.T,3700,3700,3660,3660,1800
2836.T,3311,3311,3220,3261,34
2837.T,4708,4726,4665,4726,1489
2838.T,8310,8310,8310,8310,5
2839.T,4925,4925,4917,4920,2388
283A.T,1294,1294,1290,1292,338
2840.T,2602,2609,2594,2603,51539
2841.T,1690,1690,1682,1690,16669
2842.T,12180,12265,12180,12225,7435
2843.T,3634,3634,3622,3626,662
2844.T,5380,5380,5360,5369,9761
2845.T,3544,3544,3521,3530,1610
2846.T,2551,2551,2530,2537,953
2847.T,3020,3020,2959,2963,213
2848.T,3131,3131,3006,3025,33
2849.T,5420,5420,5366,5392,5
284A.T,2335,2335,2335,2335,0
2851.T,386.7,387,386.3,387,70
2852.T,171.9,172.7,171.7,172.3,11510
2853.T,608.6,608.6,607,607,200
2854.T,2650,2666,2625,2648,53987
2855.T,938,938,922,926,1053
2856.T,643.2,643.8,643.2,643.8,14250
2857.T,618.4,618.4,616.2,616.5,200050
2858.T,1510,1510,1482,1503,1605
2859.T,3175,3186,3174,3182,771
285A.T,56980,58220,55530,58090,28715100
2860.T,3235,3235,3214,3216,384
2861.T,5390,5390,5375,5379,31
2862.T,3799,3799,3799,3799,5
2864.T,1293,1293,1275,1279,102
2865.T,1235,1236,1231,1233,433886
2866.T,946,947,936,941,73570
2867.T,1684,1684,1654,1663,833
2868.T,1100,1102,1098,1102,49882
2869.T,2920,2923,2895,2923,57893
286A.T,814,814,789,798,30300
2870.T,7620,7669,7595,7610,16969
2871.T,2135.5,2152.5,2128,2152.5,1094400
2872.T,1928,1934,1927,1927,1400
2874.T,2188,2313,2188,2277,271600
2875.T,10010,10075,9883,10075,555300
2876.T,472,478,472,474,900
2877.T,752,752,747,747,2800
287A.T,1131,1132,1116,1128,402200
2882.T,2028,2028,2007,2011,15900
2883.T,2043,2047,2037,2040,2400
2884.T,622,631,621,624,87200
288A.T,95,95,93,93,20500
2892.T,4540,4595,4535,4595,2000
2894.T,363,365,361,362,4000
2897.T,2901,2908,2874,2901.5,1239000
2901.T,150,152,150,150,97500
2903.T,1615,1615,1587,1589,3300
2904.T,753,753,751,753,2400
2907.T,1529,1540,1529,1539,2700
2908.T,1607,1614,1602,1612,38800
290A.T,1466,1474,1430,1443,638200
2910.T,1381,1389,1376,1388,46300
2911.T,2262,2264,2262,2264,400
2914.T,6613,6653,6586,6614,2854700
2915.T,2032,2040,2018,2022,19900
2916.T,732,732,732,732,0
2917.T,924,924,921,922,1100
2918.T,2730,2749,2711,2741,73700
291A.T,1990,1990,1981,1981,1600
2922.T,1979,1983,1973,1975,11600
2923.T,8030,8040,7770,7770,5100
2924.T,1928,1932,1913,1913,1000
2926.T,127,128,124,125,170900
2927.T,860,860,857,859,10900
2929.T,611,626,611,622,127200
292A.T,680,680,680,680,0
2930.T,128,130,128,129,276500
2931.T,342,346,341,346,514500
2932.T,1110,1110,1100,1103,5600
2933.T,1125,1128,1122,1125,40300
2934.T,1963,1981,1961,1977,1400
2935.T,1190,1196,1190,1194,19200
2936.T,270,274,270,274,22300
2937.T,1768,1769,1755,1767,2100
2938.T,1276,1294,1260,1294,69800
293A.T,950,950,950,950,0
294A.T,2896,2909,2891,2909,120
295A.T,9815,9815,9810,9810,2
2961.T,1515,1515,1515,1515,400
2962.T,1665,1819,1627,1790,237100
296A.T,1124,1158,1119,1150,39600
2970.T,1095,1098,1089,1089,4400
2971.T,106800,107200,106700,106700,754
2972.T,104500,104700,103500,104200,1319
2975.T,1403,1405,1379,1383,137200
2978.T,339,340,339,339,2200
2979.T,99400,100500,98900,100500,1860
297A.T,214,214,212,213,25200
2980.T,2290,2302,2253,2268,347500
2981.T,2240,2260,2202,2240,2400
2982.T,420,422,415,420,146600
2983.T,1738,1763,1701,1737,82900
2984.T,754,767,753,758,2900
2986.T,2777,2805,2754,2803,84000
2989.T,94900,95000,94300,94700,1174
298A.T,368,368,334,351,8800
2990.T,262,262,262,262,0
2991.T,514,519,510,512,16100
2993.T,2210,2212,2210,2212,800
2997.T,1324,1324,1324,1324,1500
2998.T,552,556,532,532,92700
2999.T,506,511,506,507,10100
299A.T,1257,1262,1231,1232,523600
3001.T,2865,2904,2847,2904,21200
3002.T,4015,4035,3985,4025,200400
3003.T,1752,1755.5,1739,1740,1268600
3004.T,2070,2073,2060,2061,3300
300A.T,3150,3185,3145,3155,8900
3010.T,189,190,188,189,97000
3011.T,142,143,142,142,3300
301A.T,550,550,550,550,0
3020.T,4635,4640,4600,4640,1300
3021.T,1582,1592,1577,1586,4900
3023.T,2011,2022,2003,2014,17400
3024.T,1165,1169,1161,1169,800
3028.T,2272,2301,2270,2296,61800
302A.T,601,601,601,601,400
3030.T,855,860,851,854,5800
3031.T,652,657,652,652,32900
3034.T,2199,2234,2175,2218,110400
3035.T,771,771,767,767,6300
3036.T,3430,3450,3340,3385,102600
3038.T,3125,3149,3042,3071,2752200
303A.T,583,588,583,588,600
3040.T,2325,2372,2317,2354,82700
3041.T,411,412,409,412,1700
3042.T,291,294,291,293,3700
3045.T,1456,1458,1454,1458,900
3046.T,5580,5740,5550,5710,160200
3048.T,1680,1707,1668,1706.5,496700
304A.T,1959,1959,1946,1946,300
3050.T,1567,1581,1561,1580,273600
3053.T,201,203,200,201,205900
3054.T,355,369,355,369,24300
3058.T,710,711,705,711,800
3059.T,711,711,710,711,1400
305A.T,1146,1146,1146,1146,0
3063.T,1157,1179,1151,1178,35800
3064.T,1867.5,1896.5,1860.5,1896,1980200
3065.T,1588,1588,1587,1587,400
3067.T,469,469,466,466,8400
3068.T,3055,3065,3030,3045,1400
3069.T,166,167,166,167,85100
3070.T,67,69,66,69,578600
3071.T,102,102,100,101,71900
3075.T,1649,1652,1645,1645,1600
3076.T,2950,2994,2933,2981,80200
3077.T,1316,1316,1265,1265,6800
307A.T,800,800,800,800,0
3080.T,813,817,809,816,2500
3082.T,980,980,977,979,2000
3083.T,1255,1293,1250,1283,287500
3086.T,2570,2619,2552.5,2604,1254500
3087.T,3300,3320,3270,3310,84800
3088.T,2512,2532.5,2488.5,2489,1662100
3089.T,1067,1072,1056,1056,2700
308A.T,1310,1310,1310,1310,0
3091.T,2806,2821,2772,2791,75600
3092.T,1098.5,1108,1087.5,1107.5,2875100
3093.T,1828,1850,1825,1832,130700
3096.T,1608,1608,1600,1600,4700
3097.T,5700,5700,5550,5630,155600
3099.T,3078,3112,3059,3112,1939900
309A.T,700,700,700,700,0
3101.T,1609,1652,1596,1639,519400
3103.T,1441,1515,1424,1493,7114400
3104.T,3330,3330,3230,3310,92300
3105.T,2314.5,2333.5,2250,2265.5,724700
3106.T,10860,10970,10690,10750,18600
3107.T,3718,3748,3701,3730,257700
3109.T,1038,1046,1038,1046,17300
310A.T,1440,1440,1440,1440,0
3110.T,3000,3045,2888,2955,4467000
3111.T,181,182,178,179,4600
3113.T,86,87,84,87,302500
3116.T,2156,2207.5,2150,2196.5,871400
3121.T,252,262,249,260,50500
3123.T,650,650,649,649,5100
312A.T,1542,1542,1542,1542,0
3131.T,6350,6550,6330,6530,18200
3132.T,3516,3674,3495,3674,620300
3133.T,60,62,60,61,361800
3134.T,289,291,270,288,372700
3135.T,1146,1169,1135,1162,3500
3137.T,214,220,211,219,130400
3138.T,1130,1130,1130,1130,200
3139.T,3380,3415,3360,3415,27500
313A.T,257.4,257.4,256.3,256.8,37150
3140.T,1015,1018,1015,1015,4900
3143.T,713,721,710,721,3500
3148.T,3330,3335,3305,3315,57800
314A.T,319.7,323,319.2,323,1342300
3150.T,2400,2409,2384,2400,48300
3151.T,1580,1587,1573,1580,48600
3153.T,3035,3050,2996,3005,92700
3154.T,772,778,771,771,19300
3156.T,5050,5320,4975,5310,87300
3157.T,1425,1428,1425,1427,900
3159.T,399,404,399,402,50500
315A.T,1920,1966,1911,1952,136533
3160.T,580,581,578,580,7800
3161.T,664,668,662,665,3700
3166.T,1465,1471,1465,1466,2400
3167.T,1327,1330,1315,1325,339100
3168.T,1320,1323,1278,1307,84900
3169.T,675,680,671,672,3400
316A.T,2629,2635,2623,2633,81214
3172.T,1122,1122,1119,1119,1300
3173.T,1411,1431,1411,1416,4500
3174.T,399,400,398,400,9600
3175.T,978,979,976,979,10100
3176.T,1141,1153,1130,1145,248400
3177.T,4085,4160,4085,4160,600
3178.T,1195,1197,1193,1197,5800
3179.T,1135,1156,1132,1147,85200
317A.T,1350,1350,1350,1350,0
3180.T,1650,1700,1561,1600,282500
3181.T,1030,1043,1030,1033,2800
3182.T,1585,1600,1572,1577,71300
3183.T,1250,1255,1244,1250,16000
3184.T,4155,4155,4155,4155,0
3185.T,145,149,144,146,31300
3186.T,2900,2939,2860,2939,835200
3187.T,357,364,357,364,29300
3189.T,102,107,102,106,209000
318A.T,350.3,351.4,347.9,347.9,1073240
3190.T,582,586,582,582,1100
3191.T,2211,2259,2211,2252,167600
3192.T,283,283,273,277,23000
3193.T,1385,1385,1350,1364,143900
3195.T,704,704,683,696,21600
3196.T,1632,1642,1624,1628,72800
3197.T,3353,3359,3318,3342,775900
3199.T,1313,1315,1306,1310,31200
319A.T,20660,20680,19720,19970,57000
3201.T,1979,1999,1969,1995,65000
3202.T,129,130,129,130,10300
3204.T,501,501,499,499,1500
3205.T,726,731,726,729,51100
320A.T,500,500,500,500,0
321A.T,785,785,785,785,0
3221.T,3185,3215,3180,3200,22400
3222.T,841,843,835,840,279800
3223.T,968,969,968,969,500
3224.T,700,700,698,700,2500
3226.T,116500,117400,116300,117100,3270
322A.T,765,765,765,765,0
3231.T,915,916.7,907,907.5,3066900
3232.T,582,593,580,591,125700
3234.T,124900,125900,124900,125900,2696
3236.T,281,283,278,279,94200
3237.T,94,97,93,96,445600
3238.T,386,388,385,387,17300
323A.T,373,375,369,370,5700
3241.T,598,598,593,594,900
3242.T,520,520,517,520,24100
3245.T,1078,1079,1068,1075,201000
3246.T,685,688,682,683,17600
3248.T,893,894,886,886,3300
3249.T,136100,137600,135900,137100,8275
324A.T,708,712,703,705,13800
3252.T,2830,2840,2803,2812,112600
325A.T,1781,1799,1750,1777,142900
3261.T,429,429,422,423,2600
3266.T,79,80,79,79,4600
3267.T,630,633,624,625,21000
3269.T,143800,144900,143700,144500,5415
326A.T,1620,1620,1620,1620,0
3276.T,2246,2248,2246,2246,99300
3277.T,812,825,812,813,11600
3279.T,132000,132300,131500,131900,4676
3280.T,938,945,938,939,9600
3281.T,133100,134100,132900,133600,11042
3282.T,98200,98400,97800,98000,3597
3283.T,84300,85100,84200,85000,8825
3284.T,1252,1270,1250,1267,201300
3286.T,881,889,881,887,2600
3287.T,235500,235600,233900,235500,1209
3288.T,7529,7580,7474,7526,270600
3289.T,1295.5,1301.5,1285,1291,3099000
328A.T,1354,1354,1342,1349,8817
3290.T,74000,74700,73800,74300,2590
3291.T,2245,2249.5,2223,2232,445000
3292.T,115100,115400,114400,115400,4497
3293.T,773,773,768,768,1000
3295.T,147000,148200,147000,148000,2167
3296.T,80700,81500,80700,81200,3012
3297.T,1179,1179,1175,1175,1100
3299.T,1693,1705,1686,1705,56300
329A.T,211.6,211.6,211.6,211.6,0
3300.T,1810,1849,1803,1849,62400
3302.T,3045,3060,3020,3045,32300
3306.T,699,704,689,692,31600
3309.T,71900,72300,71800,72000,7647
330A.T,548,548,527,533,21800
3315.T,101,104,101,102,4249200
3317.T,1474,1489,1471,1489,1100
331A.T,485,489,485,485,4300
3320.T,1296,1309,1296,1302,2900
3321.T,1648,1664,1633,1659,27800
3323.T,92,93,91,93,203200
3326.T,651,652,648,652,4300
3329.T,2144,2144,2139,2140,600
332A.T,1113,1132,1113,1132,37500
3333.T,1275,1281,1270,1278,74400
333A.T,6240,6240,6240,6240,0
3349.T,6586,6639,6523,6586,319200
334A.T,1045,1047,1045,1046,600
3350.T,248,259,246,259,13659000
3352.T,1799,1799,1798,1798,1000
3353.T,2806,2807,2804,2804,500
3355.T,1742,1767,1742,1756,21900
3358.T,95,97,93,94,141700
3359.T,529,529,525,527,11000
335A.T,325,325,321,323,7400
3360.T,2379.5,2405.5,2373,2388,190700
3361.T,889,889,882,883,4700
336A.T,1414,1608,1376,1599,9599800
3370.T,491,492,486,487,6000
3371.T,2016,2038,2006,2018,28600
3372.T,220,221,220,221,8400
3374.T,4000,4065,3990,4045,9400
3375.T,1751,1751,1751,1751,100
3377.T,382,384,382,384,2800
3382.T,2016,2027.5,2002,2016,7172100
3386.T,1255,1255,1249,1254,800
3387.T,782,782,769,771,695000
3388.T,2055,2069,2041,2060,32800
338A.T,2650,2900,2650,2754,791500
3391.T,2322,2337,2275.5,2278.5,1147000
3392.T,810,810,803,803,15600
3393.T,2995,3020,2973,3020,25900
3395.T,2440,2452,2428,2448,72600
3396.T,867,867,857,867,2500
3397.T,4188,4215,4166,4204,360800
3399.T,4090,4090,3990,4050,91800
339A.T,891,910,891,904,8800
3401.T,1640,1654.5,1626.5,1652.5,565200
3402.T,1214,1232.5,1207,1229,4223200
3405.T,1778.5,1784,1757.5,1776,1250400
3407.T,1550,1566.5,1545,1566.5,3707100
3409.T,89,90,89,89,10900
340A.T,320,325,320,322,5700
3415.T,342,349,338,349,406600
3416.T,926,926,915,915,1600
3417.T,1001,1001,994,1000,8100
3418.T,1049,1057,1047,1052,21500
341A.T,2203,2259,2171,2183,39500
3420.T,1574,1574,1555,1562,4400
3421.T,1730,1736,1721,1722,12700
3422.T,602,609,602,606,29000
3423.T,272,275,272,275,4700
3426.T,1300,1300,1300,1300,100
3431.T,1558,1558,1539,1550,69000
3433.T,2760,2779,2730,2779,189300
3434.T,1246,1250,1241,1243,3600
3435.T,1517,1557,1517,1553,2200
3436.T,3080,3200,2968.5,3058,10656800
3437.T,2662,2662,2662,2662,100
3439.T,671,671,671,671,0
343A.T,1281,1301,1280,1284,4400
3440.T,866,866,855,855,14800
3441.T,2780,2908,2725,2872,48300
3443.T,1376,1396,1357,1386,256500
3444.T,1020,1034,1007,1025,71200
3445.T,5580,5650,5300,5470,190300
3446.T,1615,1650,1580,1643,14800
3447.T,998,1003,991,1003,23000
3449.T,4055,4130,4010,4100,63200
3451.T,126600,128200,126500,127700,752
3452.T,1437,1440,1425,1436,44200
3454.T,1259,1263,1250,1262,2300
3455.T,95500,96100,95000,96100,3315
3457.T,916,921,913,921,166900
3459.T,87800,88200,87300,88200,2147
345A.T,15400,15440,15375,15375,2666
3461.T,622,622,620,620,4200
3462.T,143700,144100,143200,144100,5368
3463.T,110600,111400,110200,110600,696
3465.T,3225,3250,3200,3220,122600
3466.T,143500,144000,143200,143300,3918
3467.T,2702,2738,2692,2699,8200
3468.T,52600,52900,52400,52900,4780
3469.T,893,896,891,891,2100
346A.T,4910,4910,4853,4900,6060
3470.T,97500,98200,97100,98200,2097
3471.T,102700,103000,102200,103000,5460
3472.T,66000,66000,65200,65600,1048
3474.T,602,603,601,601,1700
3475.T,1419,1447,1405,1427,127100
3476.T,41450,41750,41250,41550,5983
3477.T,907,908,892,892,3900
3479.T,1865,1889,1854,1860,22400
347A.T,530,530,530,530,0
3481.T,112400,112700,112000,112700,2651
3482.T,2499,2509,2472,2495,96400
3484.T,1149,1187,1149,1150,6000
3486.T,1947,1950,1908,1937,39100
3487.T,135900,137200,135800,137200,1779
3488.T,102700,103300,102700,102900,909
3489.T,789,789,779,783,62600
348A.T,296.3,296.3,293,294.8,34590
3490.T,3040,3070,3040,3060,400
3491.T,1471,1496,1452,1492,170700
3492.T,78400,79000,77900,78900,7948
3494.T,456,458,456,456,2300
3495.T,2281,2281,2281,2281,100
3496.T,4820,4840,4725,4795,48200
3498.T,7390,7560,7350,7370,197700
349A.T,839.7,839.7,802.7,802.7,820
3501.T,1165,1165,1152,1159,25500
350A.T,825,825,798,814,883400
3512.T,1050,1054,1027,1027,7800
3513.T,3420,3485,3400,3485,3100
351A.T,1760,1760,1760,1760,0
3521.T,156,157,156,156,17600
3524.T,1491,1491,1486,1486,400
3529.T,990,992,973,991,86000
352A.T,529,535,524,535,10700
3536.T,127,128,127,127,6100
3537.T,1760,1761,1759,1761,600
3538.T,1007,1011,1001,1001,6000
3539.T,1355,1355,1332,1340,108900
3542.T,1477,1528,1452,1508,23100
3543.T,2852,2857,2834,2847,206100
3544.T,1248,1251,1248,1249,8100
3547.T,1868,1885,1864,1885,13100
3548.T,680,680,676,677,189100
3549.T,4020,4049,3986,4026,229400
354A.T,3281,3297,3269,3297,47317
3550.T,215,217,215,217,8400
3551.T,1564,1572,1521,1564,16200
3553.T,924,925,917,920,25700
3556.T,799,799,788,790,36100
3557.T,512,513,510,510,5000
3558.T,1828,1852,1821,1850,68400
3559.T,457,459,449,457,2500
355A.T,350,350,350,350,0
3560.T,4305,4305,4305,4305,1000
3561.T,1500,1500,1481,1483,81500
3562.T,1558,1565,1554,1559,15700
3563.T,5437,5444,5219,5330,3090500
3565.T,477,493,477,490,267000
3566.T,689,711,689,711,5200
3569.T,3270,3285,3250,3250,147100
356A.T,1506,1508,1500,1508,387322
3571.T,721,723,716,718,5900
3577.T,925,925,925,925,200
357A.T,6240,6240,6240,6240,0
3580.T,740,753,740,751,69700
3583.T,1358,1358,1345,1345,500
358A.T,310,310,310,310,0
3591.T,3948,4003,3921,4002,131700
3597.T,8860,8900,8830,8870,1200
3598.T,166,170,166,168,14800
359A.T,1600,1600,1600,1600,0
3600.T,1720,1720,1720,1720,0
3607.T,353,356,352,352,15100
3608.T,1225,1231,1214,1231,148200
360A.T,1066,1066,1066,1066,0
3611.T,2375,2392,2345,2380,53800
3612.T,1568,1577,1553,1566,335400
361A.T,1588,1588,1588,1588,0
3622.T,493,497,493,497,700
3623.T,1227,1227,1198,1207,24400
3624.T,85,87,84,86,178100
3625.T,643,648,625,632,15800
3626.T,3761,3866,3749,3851,895400
3627.T,264,264,263,263,6800
3628.T,666,668,646,664,9500
362A.T,4950,4950,4950,4950,0
3632.T,403,411,403,410,1747600
3633.T,2457,2490,2445,2479,21400
3634.T,587,588,587,587,700
3635.T,1620,1633.5,1614,1633.5,692300
3636.T,4750,4780,4740,4765,34400
3639.T,230,233,230,232,2800
363A.T,2654,2661,2648,2661,710
3640.T,2710,2722,2700,2700,8000
3641.T,985,986,983,983,800
3645.T,270,270,266,267,46400
3646.T,352,352,345,347,10000
3647.T,119,119,116,117,92600
3648.T,1062,1075,1056,1075,4900
3649.T,815,833,806,833,74800
364A.T,2382,2398,2382,2398,5407
3652.T,2479,2560,2470,2556,23100
3653.T,1480,1600,1431,1490,6683500
3656.T,179,184,177,178,2412900
3657.T,350,361,350,359,138300
3659.T,3088,3116,3062,3116,2458300
365A.T,779,780,774,779,28700
3660.T,481,492,478,484,1185100
3661.T,781,790,779,789,447600
3662.T,927,929,920,923,43800
3663.T,1750,1777,1746,1761,130000
3664.T,24,25,24,25,43719900
3665.T,418,422,415,422,125500
3667.T,27,28,27,27,105000
3668.T,417,424,414,423,285600
366A.T,1125,1136,1113,1132,23100
3671.T,303,306,303,305,8200
3672.T,29,29,29,29,73500
3673.T,438,448,435,444,787100
3674.T,335,337,335,336,7400
3675.T,596,596,589,592,41900
3676.T,1058,1058,1057,1058,188200
3678.T,1240,1250,1240,1245,27000
3679.T,428,436,428,434,283800
367A.T,2864,2864,2807,2840,28800
3680.T,207,207,204,205,103700
3682.T,581,584,571,572,6800
3683.T,1112,1119,1093,1112,9300
3686.T,61,63,60,61,279200
3687.T,2215,2321,2215,2292,760300
368A.T,1429,1430,1397,1399,88600
3690.T,595,595,580,580,22900
3691.T,1844,1900,1813,1850,28000
3692.T,5950,6470,5850,6360,172300
3694.T,425,440,424,437,133600
3695.T,1617,1620,1603,1607,5900
3696.T,2061,2133,2057,2128,82300
3697.T,823.4,840.9,814.2,835.6,3689900
3698.T,1200,1217,1200,1203,2900
369A.T,2642,2642,2540,2565,10100
3708.T,2105,2127,2092,2127,51700
370A.T,1296,1296,1296,1296,0
3710.T,635,640,635,637,1400
3712.T,1070,1070,1055,1055,2900
3719.T,115,120,115,118,283700
371A.T,420,420,420,420,0
3723.T,2667,2670,2611,2640,7300
3726.T,402,402,400,400,4100
3727.T,170,170,162,165,125300
372A.T,5750,5750,5530,5550,13400
3733.T,11930,11970,11680,11810,4300
373A.T,1462,1470,1461,1470,900
3741.T,3150,3185,3125,3130,63500
3744.T,457,460,453,460,14900
3747.T,421,421,406,407,33800
374A.T,240,240,240,240,0
3750.T,836,840,835,835,3400
3753.T,220,227,216,223,292100
3758.T,244,245,244,245,10900
375A.T,2125,2125,2125,2125,0
3760.T,703,707,690,699,12900
3762.T,2314,2387,2304,2366,292000
3763.T,1977,2062,1946,2022,120800
3765.T,2450,2488,2417,2488,191300
3766.T,1420,1420,1420,1420,100
3768.T,552,557,552,552,1500
3769.T,8365,8444,8300,8442,264300
376A.T,4710,4771,4710,4769,12
3771.T,1836,1857,1820,1835,127800
3772.T,1095,1098,1095,1096,3300
3773.T,1028,1068,1028,1068,43200
3774.T,3200,3299,3189,3299,568800
3776.T,243,244,241,243,73500
3777.T,45,47,44,45,2465400
3778.T,3745,3885,3650,3885,847800
3779.T,128,130,128,128,4200
3787.T,319,327,315,325,8500
3788.T,1881,1892,1858,1888,26900
378A.T,903,914,901,908,89700
3791.T,1025,1057,1020,1032,24700
3793.T,500,518,498,515,122500
3796.T,317,323,315,317,24600
3798.T,521,524,514,523,195200
3799.T,1134,1134,1115,1115,4100
379A.T,1310,1314,1310,1314,7
3800.T,1979,1979,1960,1978,1300
3802.T,504,506,504,506,1200
3803.T,611,616,590,590,11700
3804.T,466,466,465,465,300
3807.T,88,90,87,89,269000
380A.T,899,899,876,879,26106
3810.T,172,176,172,175,172500
3815.T,428,429,427,428,3700
3816.T,1114,1114,1109,1109,800
3817.T,4690,4690,4620,4680,23600
381A.T,2132,2132,2082,2083,25016
3823.T,31,32,31,31,192500
3825.T,225,230,225,229,470000
3826.T,485,496,483,496,17400
382A.T,1900,1900,1886,1886,17
3834.T,599,607,598,606,47700
3835.T,425,430,423,426,36200
3836.T,1184,1208,1184,1202,79900
3837.T,1350,1356,1324,1331,101200
3839.T,631,635,630,635,900
383A.T,2530,2530,2513,2524,1991
3840.T,61,62,61,62,49700
3841.T,1335,1394,1316,1341,2600
3842.T,1054,1080,1050,1069,6600
3843.T,1674,1687,1655,1680,33300
3844.T,1252,1273,1252,1268,154800
3845.T,303,327,302,319,266300
3848.T,844,847,835,838,3900
3850.T,3665,3735,3665,3705,15900
3851.T,1487,1498,1396,1408,132500
3853.T,1060,1095,1059,1093,98800
3854.T,2082,2149,2080,2129,247000
3856.T,243,279,232,259,526800
3858.T,300,310,297,310,27300
385A.T,2450,2450,2450,2450,0
3861.T,855,860.7,851.6,859.9,2920600
3863.T,1287,1313,1282,1307,428700
3864.T,1166,1188,1161,1181,100500
3865.T,897,909,897,904,118400
386A.T,1252,1252,1251,1251,1000
3877.T,2197,2202,2180,2200,40300
3878.T,834,842,831,838,7100
387A.T,912,919,912,919,900
3880.T,941,951,939,951,183900
3891.T,6290,6430,6200,6400,105000
3892.T,1590,1600,1571,1574,4000
3895.T,480,506,478,484,70000
3896.T,406,411,402,411,13100
389A.T,2380,2380,2380,2380,0
3900.T,633,651,626,651,64800
3901.T,1484,1488,1466,1480,64700
3903.T,262,270,260,267,508000
3904.T,422,424,418,423,8400
3905.T,1521,1617,1516,1605,2231600
3907.T,2131,2243,2101,2238,277700
3908.T,357,357,354,356,5900
3909.T,188,189,187,189,4500
3910.T,286,286,283,286,3000
3911.T,172,175,171,174,149600
3912.T,1129,1141,1127,1128,5100
3913.T,1105,1150,1099,1149,6800
3914.T,2345,2384,2344,2384,7200
3915.T,2247,2340,2237,2336,72500
3916.T,923,941,921,940,76500
3917.T,469,483,469,478,8200
3918.T,1165,1173,1158,1158,5900
3920.T,1000,1000,993,993,400
3921.T,1576,1588,1565,1579,12400
3922.T,2149,2178,2142,2168,25100
3923.T,999.9,1039,995.1,1039,1438000
3925.T,1277,1282,1239,1282,65600
3926.T,426,468,426,457,108800
3927.T,871,895,866,889,16800
3928.T,239,242,238,241,3500
3929.T,238,241,238,239,18100
392A.T,269,269.1,267.5,269.1,49270
3930.T,778,795,778,795,5100
3931.T,1501,1501,1497,1497,900
3932.T,3380,3420,3335,3380,80500
3933.T,549,565,547,548,4700
3934.T,2271,2298,2271,2298,700
3935.T,717,730,715,726,24600
3936.T,136,138,134,137,162400
3937.T,1161,1178,1161,1170,13100
3939.T,486,487,482,486,82600
393A.T,2000,2000,2000,2000,0
3940.T,131,132,129,131,243800
3941.T,1522,1524.5,1507.5,1517.5,702300
3943.T,1320,1322,1316,1320,2200
3944.T,3210,3210,3210,3210,0
3945.T,2188,2188,2160,2172,1900
3946.T,4230,4315,4225,4310,38500
3947.T,2441,2479,2430,2479,3500
3948.T,1173,1175,1171,1171,1600
394A.T,519.3,519.3,519.3,519.3,0
3950.T,1439,1469,1439,1469,83300
3951.T,910,910,904,909,10900
3953.T,789,789,771,782,1600
3954.T,2970,3000,2970,3000,500
3955.T,860,860,852,857,4400
3958.T,545,548,542,545,10100
395A.T,1046,1084,1046,1084,27020
3962.T,960,970,956,970,110300
3963.T,312,326,312,324,47800
3964.T,1309,1313,1281,1281,436800
3965.T,895,895,886,887,4500
3967.T,570,570,563,563,5800
3968.T,611,615,601,613,136400
3969.T,1401,1406,1400,1402,3400
396A.T,498.9,498.9,475.2,476.5,1170
3970.T,845,849,841,849,900
3974.T,671,672,665,668,2200
3976.T,571,586,562,585,21900
3979.T,439,440,433,440,5600
3981.T,1215,1219,1205,1219,2000
3983.T,1904,1904,1835,1846,89200
3984.T,1531,1553,1527,1531,95000
3985.T,193,193,191,193,6800
3986.T,474,474,470,470,4700
3987.T,637,643,622,626,11800
3988.T,541,554,541,552,800
3989.T,1545,1546,1544,1545,3736300
398A.T,1350,1350,1350,1350,0
3991.T,967,968,943,966,8800
3992.T,465,470,463,467,69100
3993.T,3025,3180,3005,3180,240000
3994.T,5779,6077,5755,6051,360800
3996.T,201,203,199,203,30800
3997.T,390,393,386,393,37400
3998.T,291,295,290,295,2200
399A.T,2319,2329,2309,2329,64670
4004.T,16000,16070,15495,16005,1242100
4005.T,570,571.5,553.6,567.2,10406500
4008.T,1438,1439,1425,1435,132800
4011.T,2420,2456,2388,2456,26500
4012.T,1699,1716,1697,1716,2000
4013.T,638,638,629,638,21600
4014.T,536,558,531,557,46600
4015.T,507,510,502,509,18000
4016.T,1057,1057,1047,1050,1500
4017.T,214,215,204,213,13800
4019.T,618,623,611,622,25100
401A.T,95200,95500,94600,94700,1300
4020.T,835,835,834,834,900
4021.T,7886,7946,7835,7946,621200
4022.T,1933,1937,1860,1915,468800
4023.T,4440,4465,4295,4345,283900
4025.T,5550,5730,5450,5680,40300
4026.T,1650,1700,1516,1518,557700
4027.T,2360,2403,2339,2392,42800
4028.T,2970,2973,2923,2937,181800
402A.T,530,539,525,530,722100
4031.T,1100,1106,1085,1097,9300
403A.T,2415,2415,2415,2415,0
4040.T,3865,3875,3800,3835,6500
4041.T,3850,3850,3785,3810,77300
4042.T,2574.5,2585,2563.5,2581,817800
4043.T,3969,4052,3968,4052,408200
4044.T,4255,4265,4200,4210,66100
4045.T,1815,1819,1789.5,1805.5,251500
4046.T,2000,2015,1947,1968,301300
4047.T,2198,2261,2137,2204,537000
404A.T,1210,1213,1195,1200,4751
4051.T,5810,5890,5790,5830,29200
4052.T,1250,1340,1170,1340,9432200
4053.T,445,456,445,453,64300
4054.T,517,520,517,518,4000
4055.T,1656,1676,1651,1672,19600
4056.T,240,247,224,229,531200
4057.T,350,357,345,357,8300
4058.T,2251,2285,2222,2277,16800
4059.T,399,399,390,390,1500
405A.T,3500,3500,3500,3500,0
4060.T,1185,1198,1167,1198,9700
4061.T,3253,3335,3233,3312,802000
4062.T,21030,21280,20280,20680,8211600
4063.T,5705,5769,5690,5762,6121800
4064.T,3490,3550,3480,3550,57600
4068.T,1762,1784,1761,1761,800
4069.T,695,695,658,680,15700
406A.T,5450,5450,5450,5450,0
4071.T,2032,2065,2022,2042,170800
4072.T,3050,3105,3035,3095,41500
4073.T,471,473,460,473,10300
4074.T,791,804,777,804,2600
4075.T,1233,1233,1165,1165,144100
4076.T,1984,1990,1962,1962,700
4078.T,3645,3665,3590,3665,150700
407A.T,926,935,919,934,9700
4082.T,2481,2517,2400,2439,393100
4088.T,2948,3030,2937,2980,1443000
408A.T,286,286,282.4,285.3,117430
4091.T,5370,5529,5364,5450,801500
4092.T,5260,5600,5180,5600,213200
4093.T,421,423,421,421,12000
4094.T,2269,2269,2200,2251,22500
4095.T,1748,1750,1730,1741,157800
4097.T,1183,1183,1171,1181,44500
4098.T,1008,1009,1002,1004,2900
4099.T,2121,2215,2121,2185,1552400
409A.T,1178,1180,1171,1180,64800
4100.T,1604,1629,1595,1621,34400
4102.T,1441,1446,1440,1446,700
4107.T,4030,4030,3885,3940,181200
4109.T,5350,5370,5280,5370,27300
410A.T,1111,1126,1111,1120,9000
4112.T,2070,2103,2058,2080,44000
4113.T,784,799,780,798,16000
4114.T,2534,2540,2501,2519.5,645700
4116.T,1302,1309,1293,1306,72100
4118.T,5960,5971,5901,5931,189900
4119.T,5910,5970,5910,5970,200
411A.T,370,370,370,370,0
4120.T,3050,3050,3000,3000,500
4124.T,2995,3010,2995,3010,400
4125.T,3800,3800,3625,3630,14900
412A.T,4480,4480,4380,4405,2243
413A.T,3900,3905,3810,3830,583
414A.T,847,847,838,840,78200
4151.T,2224,2228.5,2186,2206,2262200
415A.T,5150,5160,5150,5160,700
4165.T,627,657,627,650,268600
4166.T,626,630,626,630,1300
4167.T,334,342,330,330,18100
4168.T,753,768,753,767,28100
4169.T,240,249,237,243,1087200
416A.T,1300,1305,1294,1305,12000
4170.T,122,130,122,126,375600
4172.T,2295,2295,2293,2293,500
4174.T,982,1018,923,1018,1249200
4175.T,2835,2882,2831,2882,2300
4176.T,272,278,270,277,44700
4177.T,1519,1520,1502,1502,700
4178.T,523,526,523,526,600
4179.T,368,368,356,360,22600
417A.T,1901,1910,1888,1893.5,186600
4180.T,1392,1452,1380,1435,1375500
4182.T,3829,3863,3757,3863,1226100
4183.T,2139,2145.5,2119,2143,1724800
4186.T,8377,8406,8194,8316,695600
4187.T,4155,4175,4075,4140,218000
4188.T,1170,1184.5,1161,1184.5,4515800
4189.T,3185,3200,3155,3175,87700
4192.T,295,305,286,301,98900
4193.T,2163,2169,2155,2155,3700
4194.T,8615,8838,8580,8794,268200
4196.T,2174,2180,2158,2175,6300
4197.T,2369,2369,2369,2369,200
4198.T,500,500,500,500,700
4199.T,809,818,809,810,1900
419A.T,2700,2700,2700,2700,0
4202.T,1398,1400,1388,1398.5,784900
4203.T,7510,7631,7364,7508,876400
4204.T,2485,2496.5,2453.5,2484.5,1175300
4205.T,2335,2354.5,2330.5,2352.5,780000
4206.T,4114,4133,4095,4112,148400
4208.T,3401,3416,3384,3408,498500
4212.T,2901,2907,2838,2867,47700
4216.T,5890,6070,5810,6010,57700
4218.T,1912,1917,1909,1916,21500
421A.T,3650,3770,3630,3705,47600
4220.T,2397,2397,2358,2371,62200
4221.T,5370,5380,5320,5380,28700
4222.T,690,690,675,677,369700
4224.T,2087,2109,2087,2099,4700
4228.T,572,577,563,575,122800
4229.T,4175,4270,4110,4120,21400
422A.T,2450,2450,2450,2450,0
4231.T,1033,1055,1029,1029,17100
4234.T,1032,1032,1007,1032,18200
4235.T,671,672,667,670,11400
4237.T,343,343,339,340,20100
4238.T,1790,1965,1785,1951,194900
423A.T,320,323,318,323,39400
4240.T,315,315,315,315,600
4241.T,670,671,649,655,25300
4242.T,1773,1773,1765,1766,500
4243.T,1013,1026,1010,1019,3900
4245.T,700,708,699,703,18800
4246.T,1052,1055,1040,1052,188500
4247.T,1395,1395,1395,1395,100
4248.T,879,879,875,877,6400
4249.T,2910,2925,2800,2835,38800
424A.T,336.5,337.7,333.8,335.7,82210
4251.T,1148,1159,1144,1157,77800
4255.T,3520,3525,3500,3520,2000
4256.T,1132,1132,1111,1129,1600
4258.T,4795,5230,4775,5180,130300
4259.T,806,833,796,833,845300
425A.T,360.9,364,360.5,362.9,76430
4260.T,212,214,210,212,11600
4261.T,2955,2993,2936,2959,10500
4262.T,1390,1390,1382,1386,4000
4263.T,402,406,397,404,153400
4264.T,1400,1408,1389,1395,35400
4265.T,280,285,280,282,13100
426A.T,1171,1181,1171,1180,17239
4270.T,1878,1892,1877,1877,900
4272.T,2030,2046,2014.5,2039,402100
4274.T,1080,1080,1057,1066,25700
4275.T,1959,1966,1920,1957,140000
4284.T,441,449,440,445,26200
4286.T,1238,1259,1227,1240,13200
4287.T,481,481,441,466,428600
4288.T,453,465,453,460,9800
428A.T,1577,1586,1557,1568,11700
4290.T,671,674,666,670,593200
4293.T,510,514,504,509,490400
4299.T,1207,1215,1203,1204,5600
429A.T,3860,3960,3800,3945,622800
4301.T,1831,1831,1810,1816,22100
4307.T,4789,4911,4753,4911,2074500
4308.T,354,354,352,354,21700
430A.T,2480,2480,2480,2480,0
4310.T,2443,2457,2440,2457,11600
4316.T,106,127,104,109,1126600
4317.T,567,570,556,567,9400
4318.T,809,817,806,817,57900
431A.T,2579,2661,2528,2654,52400
4320.T,1647,1648,1647,1647,109500
4323.T,1801,1849,1800,1843,35600
4324.T,3525,3588,3513,3587,959400
4326.T,1930,1952,1924,1937,22900
432A.T,1450,1450,1450,1450,0
4331.T,730,739,728,736,36000
4334.T,395,399,391,392,26400
4335.T,1088,1093,1080,1093,2300
4337.T,2622,2635,2610,2614,15900
433A.T,710,710,710,710,0
4341.T,912,920,906,920,1700
4343.T,2702,2737,2652,2724,55700
4344.T,110,112,109,110,721400
4345.T,829,829,822,826,51900
4346.T,1009,1019,994,1014,32600
4347.T,1656,1779,1656,1774,30100
434A.T,930,930,930,930,0
4350.T,475,490,472,488,76900
4351.T,864,864,864,864,9800
4356.T,1616,1636,1616,1636,200
435A.T,2725,2747,2716,2747,127769
4360.T,960,962,947,959,12200
4361.T,1577,1577,1554,1570,1300
4362.T,2627,2627,2596,2605,27600
4365.T,25810,25810,25000,25200,600
4366.T,438,446,434,444,51500
4368.T,2828,2888,2820,2871,699700
4369.T,3030,3080,2962,3040,355300
436A.T,1175,1175,1146,1161,33200
4370.T,454,477,426,436,309300
4371.T,1450,1467,1449,1459,6300
4372.T,1312,1326,1303,1325,6500
4373.T,1098,1127,1085,1127,1682200
4374.T,2558,2558,2475,2547,23000
4375.T,666,677,662,675,59200
4376.T,167,168,163,165,38700
4377.T,2246,2307,2235,2295,87900
4378.T,523,530,512,522,42000
4379.T,424,449,424,436,52400
437A.T,1024,1024,1024,1024,0
4380.T,687,692,684,692,4500
4381.T,255,258,235,238,302900
4382.T,760,778,760,764,44800
4385.T,3920,3969,3910,3921,1418600
4386.T,886,889,873,875,2000
4387.T,507,515,505,509,5400
4388.T,377,377,376,377,13400
4389.T,1110,1110,1068,1083,17600
438A.T,982,1000,979,994,38600
4390.T,4040,4135,4040,4120,31700
4391.T,1156,1163,1143,1163,7600
4392.T,980,1034,980,1025,1358900
4393.T,5430,5770,5430,5730,53300
4394.T,629,677,620,674,40800
4395.T,553,606,545,585,487300
4396.T,1305,1322,1295,1312,63200
4397.T,393,399,390,399,26400
4398.T,1284,1291,1284,1289,1000
439A.T,5000,5000,5000,5000,0
4401.T,4437,4451,4397,4435,186300
4403.T,2654,2654,2594.5,2620,1104500
4404.T,2220,2231,2208,2228,13300
4406.T,238,241,236,238,271500
4409.T,790,792,786,791,3400
4410.T,1071,1086,1071,1083,29700
4412.T,1320,1360,1320,1351,7100
4413.T,2963,2965,2963,2963,222900
4414.T,1090,1092,1075,1078,6300
4415.T,1362,1399,1340,1398,10300
4416.T,413,418,402,409,5400
4417.T,4320,4435,4275,4415,21300
4418.T,1048,1057,1030,1045,98700
4419.T,1332,1377,1328,1355,205300
441A.T,267,270,258,259,36700
4420.T,822,824,818,822,567400
4421.T,955,955,946,950,1700
4422.T,582,595,545,575,214300
4424.T,338,339,325,327,64100
4425.T,1511,1538,1432,1496,307000
4426.T,163,163,163,163,0
4427.T,227,232,217,220,21700
4428.T,712,712,703,709,1700
4429.T,712,719,712,712,1100
442A.T,967,969,967,969,900
4430.T,1710,1756,1701,1750,9500
4431.T,3280,3365,3225,3355,40300
4432.T,3095,3200,3070,3195,126200
4433.T,848,853,845,852,32700
4434.T,2388,2450,2371,2450,30100
4436.T,414,417,413,415,20300
4437.T,731,744,729,744,1300
4438.T,253,254,252,253,5200
4439.T,784,787,784,784,2000
443A.T,1815,1815,1815,1815,20
4440.T,2243,2570,2243,2570,1708600
4441.T,1451,1580,1425,1568,70600
4442.T,399,402,399,402,18600
4443.T,1952,1976,1937,1976,659700
4444.T,945,947,938,945,2200
4445.T,1970,1980,1949,1979,2200
4446.T,830,864,826,854,58900
4447.T,491,495,488,491,5900
4448.T,356,361,352,354,36400
444A.T,1945,1945,1945,1945,0
4450.T,2341,2341,2300,2322,3100
4452.T,3415,3439,3382,3439,2825600
445A.T,274,274,274,274,0
4461.T,13000,13580,12910,13220,169500
4462.T,2853,2874,2828,2860,19300
4463.T,1936,1950,1918,1933,13200
4464.T,3490,3490,3435,3440,300
4465.T,2422,2422,2340,2376,25200
446A.T,1984,2005,1909,1937,752900
4471.T,5950,5980,5880,5940,80300
4475.T,1654,1695,1614,1660,602400
4476.T,1071,1094,1071,1084,5600
4477.T,339,340,337,339,389800
4478.T,3690,3875,3690,3840,511700
4479.T,932,977,922,974,49100
447A.T,268.7,271,268.5,270.3,27040
4480.T,2418,2471,2371,2465,214100
4481.T,3210,3230,3155,3195,97700
4482.T,741,747,737,747,8600
4483.T,3505,3610,3480,3610,399300
4484.T,297,298,296,296,7600
4486.T,669,669,661,669,1200
4487.T,230,233,230,233,1700
4488.T,2117,2129,2104,2118,5400
448A.T,263.3,265.4,262.8,264.6,25620
4490.T,633,650,633,647,3700
4491.T,3370,3370,3300,3320,3800
4492.T,404,404,396,402,134800
4493.T,1760,1779,1749,1763,59700
4495.T,1975,2000,1967,1971,9300
4496.T,776,780,766,777,4500
4498.T,1225,1233,1212,1229,19100
4499.T,2300,2300,2225,2240,101600
449A.T,800.5,800.9,797.8,800.5,7240
4502.T,5615,5680,5572,5657,4493300
4503.T,2224.5,2239,2204,2227,5918400
4506.T,1523,1535.5,1501.5,1535.5,3795200
4507.T,2832,2846.5,2807.5,2831,2442700
450A.T,788.8,788.8,785.3,786.1,120
4512.T,293,295,288,290,11400
4516.T,3350,3374,3337,3359,397300
4519.T,6418,6450,6310,6418,3141500
451A.T,286.5,287,283.5,285,23430
4521.T,3860,3860,3825,3835,100500
4523.T,4599,4668,4592,4668,1345400
4524.T,2243,2243,2237,2237,700
4526.T,3270,3295,3255,3285,66700
4527.T,2817,2821.5,2778.5,2802.5,847900
4528.T,2351.5,2357.5,2335,2343.5,1150900
452A.T,796,798.4,794,798.4,533720
4531.T,353,356,352,353,21100
4534.T,3170,3190,3165,3175,33900
4536.T,1750,1750,1726.5,1745,945600
4538.T,2216,2231,2203,2209,12200
4539.T,1554,1555,1526,1555,500
453A.T,729.4,729.7,725.8,727.5,179120
4540.T,3647,3725,3647,3711,605900
4543.T,2218,2235,2200,2235,5919800
4544.T,3425,3429,3351,3388,232900
4547.T,3960,3970,3935,3960,63500
4548.T,700,702,696,696,179000
4549.T,2236,2247,2213,2237,91800
4552.T,522,525,515,521,378900
4553.T,3480,3535,3440,3535,107200
4554.T,1727,1737,1723,1731,52000
4558.T,200,201,200,200,6300
4559.T,1965,1982,1956,1982,169100
455A.T,5970,5970,5970,5970,0
4563.T,37,39,37,39,1110800
4564.T,22,23,22,22,160079800
4565.T,1215,1264,1198,1246,1456800
4568.T,2700,2709.5,2679,2709,4506100
4569.T,1093,1105,1090,1103,128500
456A.T,1472,1498,1406,1420,649400
4570.T,1144,1170,1132,1144,102700
4571.T,99,101,99,99,414600
4572.T,433,439,432,439,58700
4574.T,250,251,248,249,77100
4575.T,763,766,752,764,111200
4576.T,88,89,87,89,99600
4577.T,1240,1273,1238,1273,83300
4578.T,11660,11745,11410,11465,1377300
4579.T,550,553,543,553,50600
457A.T,4130,4130,4130,4130,0
4582.T,60,61,57,58,1160100
4583.T,92,97,89,94,2988700
4584.T,166,169,164,166,242100
4586.T,60,61,59,61,392000
4587.T,1063,1091,1057.5,1068,700600
4588.T,5770,5970,5580,5790,2257800
458A.T,1387,1387,1387,1387,0
4591.T,83,84,80,82,755800
4592.T,921,943,918,940,495600
4593.T,271,288,270,288,1251000
4594.T,58,59,56,57,626700
4595.T,1690,1703,1683,1703,74200
4596.T,70,75,66,67,9141300
4597.T,29,30,29,29,65678100
4598.T,122,125,114,116,3187200
4599.T,239,239,239,239,136500
459A.T,10055,10100,10010,10100,219
460A.T,1010,1012,981,985,15000
4611.T,1515,1525,1503,1519,42400
4612.T,1103.5,1120.5,1102,1114.5,2828900
4613.T,2792.5,2816,2784,2802.5,714400
4615.T,130,131,129,130,41800
4616.T,2443,2473,2443,2473,1100
4617.T,3480,3505,3445,3455,133500
4619.T,2602,2606,2578,2601,32000
461A.T,2589,2620,2579,2579,553
4620.T,960,975,960,969,75300
4623.T,1832,1835,1823,1835,3500
4624.T,3960,4085,3945,4000,3300
4625.T,823,854,820,854,7200
4626.T,4720,4720,4712,4719,275900
4627.T,1903,1912,1862,1910,8100
4628.T,9720,9900,9690,9890,18000
4629.T,2618,2619,2434,2531,13400
462A.T,273,284,270,282,124900
4631.T,4603,4665,4563,4645,797300
4633.T,2515,2533,2498,2531,106700
4634.T,5000,5050,4965,5000,151000
4635.T,2105,2113,2060,2093,32400
463A.T,1018,1018,1010,1010,10100
4641.T,848,853,843,849,70400
4642.T,1403,1449,1403,1437,5100
4644.T,1051,1054,1050,1052,5200
4645.T,436,436,436,436,500
464A.T,1681,1709,1615,1650,1474200
4650.T,270,272,268,271,2200
4651.T,271,271,270,270,130200
4657.T,464,467,461,464,2000
4658.T,1535,1544,1518,1529,147700
465A.T,1316,1320,1311,1318,2427
4661.T,3123,3188,3111,3173,5453000
4662.T,1600,1609,1591,1608,32700
4664.T,1187,1208,1136,1155,84700
4665.T,4611,4618,4567,4609,72100
4666.T,1950,1965.5,1931,1956.5,822200
4667.T,3695,3725,3315,3330,1106200
4668.T,763,767,757,766,54300
466A.T,1006,1006,992,998,58245
4671.T,2890,2890,2863,2867,10600
4673.T,4770,4815,4770,4810,900
4674.T,1740,1768,1738,1759,220500
4676.T,4012,4072,4000,4049,391400
4678.T,333,335,329,330,5600
4679.T,262,262,260,262,2700
467A.T,276,276,275.5,275.5,130
4680.T,1186,1224,1167.5,1224,2383000
4681.T,1755,1775.5,1744.5,1763,531800
4684.T,4769,4902,4761,4886,1836800
4685.T,2641,2662,2623,2633,19900
4686.T,4090,4240,4090,4225,64400
4687.T,1026,1038,1022,1029,70900
4689.T,514.1,526.3,510.8,526.3,18021500
468A.T,271,271,269.7,269.8,200
4691.T,2175,2175,2133,2146,32000
4694.T,3560,3565,3530,3545,55900
469A.T,1629,1697,1628,1689,4700
4704.T,5550,5751,5527,5718,1130700
4705.T,784,790,784,790,300
4707.T,341,341,335,338,12900
4709.T,1031,1042,1030,1038,32100
470A.T,501,501,501,501,0
4712.T,809,813,808,808,8900
4714.T,210,210,207,209,439900
4716.T,8778,8954,8724,8954,211500
4718.T,2510,2525,2502,2504,26300
4719.T,3270,3310,3250,3285,10900
471A.T,1529,1530,1516,1525,162600
4720.T,247,247,244,247,900
4722.T,2422,2427,2420,2422,744600
4725.T,1918,1928,1912,1922,47400
4728.T,650,653,650,650,1900
472A.T,526,533,521,527,54500
4732.T,1916,1925,1905,1905.5,1255300
4733.T,8010,8162,7960,8128,138400
4735.T,300,304,298,301,5400
4736.T,583,583,583,583,500
473A.T,1302,1308,1292,1308,2650
4743.T,1590,1608,1588,1604,93100
4746.T,6950,7130,6920,7130,32400
4750.T,558,558,553,555,5600
4751.T,1212.5,1237,1206.5,1235.5,4429300
4752.T,1570,1570,1570,1570,0
4754.T,1488,1488,1488,1488,200
4755.T,719.9,724.9,711.4,723.6,14147900
475A.T,677,697,677,697,14800
4760.T,1510,1518,1500,1500,3600
4761.T,1428,1439,1425,1425,2500
4762.T,2188,2199,2181,2199,2300
4763.T,1442,1469,1442,1469,25500
4765.T,616,617,608,611,284800
4766.T,209,210,208,210,3200
4767.T,377,381,376,380,52500
4768.T,3472,3501,3449,3489,1168000
4769.T,1146,1146,1146,1146,2400
476A.T,1651,1655,1650,1651,1600
4771.T,2650,2700,2631,2662,20200
4772.T,72,73,71,72,125700
4776.T,2864,2981,2859,2980,173300
4777.T,198,200,198,199,10600
477A.T,818,936,818,906,89900
4783.T,2595,2616,2565,2605,9200
4784.T,520,530,514,528,973500
478A.T,780,790,752,770,107300
4792.T,1743,1758,1740,1754,12800
479A.T,1886,1949,1822,1925,61600
4800.T,1357,1358,1357,1357,15500
4801.T,2407,2425,2401,2407,10100
4809.T,2001,2007,1998,2002,11100
480A.T,937,950,933,950,9700
4811.T,909,909,872,879,17500
4812.T,2855,2859,2854,2859,856800
4813.T,405,422,403,413,325600
4814.T,171,172,167,168,57900
4816.T,2955,2984,2937,2974,450500
4819.T,2191,2262,2191,2243,210000
481A.T,750,750,750,750,0
4820.T,573,584,571,582,65500
4825.T,1996,2005,1982,1995,96200
4826.T,519,530,516,527,160800
4828.T,1355,1384,1344,1376,84700
4829.T,106,108,106,108,154800
4832.T,1906,1930,1905,1911,5300
4833.T,54,55,52,54,1676600
4838.T,690,712,685,711,91000
4839.T,999,1004,999,1004,44400
483A.T,2161,2161,2160,2160,1800
4840.T,656,688,656,685,89800
4845.T,345,346,343,344,23400
4847.T,1365,1403,1357,1391,84900
4848.T,1775,1809,1771,1802,58200
4849.T,1539,1597,1530,1572,287900
484A.T,430,430,430,430,0
485A.T,2084,2166,1992,2075,10000800
486A.T,2170,2170,2150,2157,1114
4875.T,266,272,259,266,53600
487A.T,2032,2032,2005,2009,180
4880.T,323,327,321,324,81600
4881.T,53,54,51,52,233400
4882.T,154,161,154,160,593800
4883.T,37,50,37,43,31121900
4884.T,433,444,431,443,48400
4885.T,891,891,880,884,9800
4886.T,2048,2060,2036,2057,37700
4887.T,1581,1605,1562.5,1605,622400
4888.T,385,412,370,411,514100
4889.T,1190,1224,1186,1215,158400
488A.T,793.8,794.3,792.3,793.4,20780
4890.T,262,270,261,266,73600
4891.T,119,123,116,121,843400
4892.T,605,615,592,615,32000
4893.T,143,143,139,141,88300
4894.T,5290,5320,5220,5320,42700
4896.T,805,808,791,800,11500
489A.T,873,873,862,862,43
4901.T,3196,3233,3174,3232,3579800
4902.T,578.7,590.2,571.9,588.2,4016200
490A.T,15750,15750,15750,15750,0
4911.T,3302,3350,3267,3330,2988600
4912.T,1756,1761.5,1742.5,1744,1102800
4914.T,1280,1292,1276,1287,87400
4918.T,297,299,296,299,2500
4919.T,3105,3105,3050,3075,222400
491A.T,548.4,548.4,548.4,548.4,30
4920.T,1122,1122,1122,1122,400
4922.T,5502,5562,5445,5522,285600
4923.T,1216,1220,1211,1211,18600
4925.T,1736,1736,1720,1728,2800
4926.T,1250,1250,1245,1245,500
4927.T,1333.5,1346,1326.5,1341.5,587500
4928.T,4755,4780,4730,4745,95400
4929.T,741,741,739,739,1600
492A.T,973.4,973.4,966,967.6,190
4931.T,2010,2024,2007,2024,30800
4932.T,823,830,820,820,12200
4933.T,1406,1420,1403,1416,27400
4934.T,592,605,589,596,37300
4935.T,200,202,198,199,127000
4936.T,316,318,315,316,22000
4937.T,2467,2467,2409,2438,1200
493A.T,999.5,999.5,994,994,1560
494A.T,983.8,983.8,983.8,983.8,0
4951.T,1505,1510,1501,1503,18500
4956.T,1451,1458,1440,1455,60600
4958.T,3220,3240,3210,3225,53800
495A.T,974.5,974.5,965.4,965.4,20
4960.T,575,575,555,565,51000
4966.T,19250,19250,18780,19180,46400
4967.T,5735,5777,5682,5777,240000
4968.T,2123,2144,2083,2127,133500
496A.T,940.7,940.7,940.7,940.7,10
4970.T,10110,10190,9920,10100,126600
4971.T,6120,6160,5990,6140,242400
4972.T,3735,3900,3710,3850,39700
4973.T,4750,4790,4700,4785,39700
4975.T,5610,5740,5600,5720,87300
4976.T,1563,1563,1562,1562,200
4977.T,1188,1188,1180,1182,29600
4978.T,136,140,135,140,520700
4979.T,2873,2920,2865,2907,16100
497A.T,10435,10435,10340,10340,179
4980.T,2813.5,2844.5,2770,2815,987500
4985.T,4650,4675,4640,4655,48100
498A.T,8638,8651,8620,8644,105
4990.T,538,538,534,535,3300
4992.T,1902,1902,1877,1887,42500
4994.T,2678,2737,2668,2735,10700
4996.T,760,763,755,759,355800
4997.T,1188,1189,1161,1168,410900
4998.T,1163,1170,1163,1166,8000
499A.T,7950,7950,7917,7917,21
500A.T,3445,3500,3420,3500,2700
5010.T,283,290,281,286,106900
5011.T,2265,2290,2255,2285,44200
5013.T,2815,2856,2787,2856,28600
5015.T,1000,1002,999,999,4500
5016.T,3870,3938,3738,3812,16408600
5018.T,2320,2364,2297,2353,13300
5019.T,1698,1708.5,1629,1650.5,7459600
501A.T,1750,1750,1750,1750,0
5020.T,1477.5,1496,1456.5,1472,12119400
5021.T,4602,4640,4518,4562,1000800
5025.T,588,590,588,590,1400
5026.T,604,604,591,598,19700
5027.T,748,770,744,750,172200
5028.T,354,361,351,355,9000
5029.T,974,974,892,898,16500
502A.T,901.5,901.6,901.5,901.6,23930
5031.T,346,355,341,355,96500
5032.T,3130,3250,3090,3240,3324100
5033.T,1197,1216,1177,1188,60200
5034.T,2221,2288,2215,2266,11900
5035.T,367,367,361,361,1300
5036.T,1462,1487,1456,1487,116000
5038.T,2110,2123,2081,2082,24100
503A.T,2290,2290,2290,2290,0
504A.T,563,574,553,562,33600
505A.T,1362,1381,1359,1359,9300
506A.T,1010,1010,1010,1010,0
5071.T,1375,1375,1370,1370,300
5074.T,605,607,598,601,613000
5076.T,2812,2817,2750,2766,1667700
50765.T,4632,4640,4630,4640,2800
5078.T,4750,4750,4735,4735,200
5079.T,2605,2608,2605,2607,600
507A.T,2156,2156,2156,2156,0
509A.T,71500,71500,71100,71100,93
5101.T,6735,6795,6688,6792,750800
5105.T,3565,3740,3546,3687,3552700
5108.T,3730,3778,3721,3778,4329700
510A.T,1712,1712,1712,1712,0
5110.T,2000,2010,1979,2004,2668200
511A.T,11710,11710,11710,11710,0
5121.T,2690,2708,2653,2678,56700
5122.T,6090,6190,6070,6170,17900
5125.T,471,477,469,475,4500
5126.T,1410,1410,1410,1410,200
5129.T,263,266,258,260,87100
512A.T,1168,1168,1142,1147,941
5131.T,122,123,117,117,67500
5132.T,2021,2060,1832,1836,201000
5133.T,291,293,288,293,51300
5134.T,480,487,480,487,2600
5136.T,1927,2000,1927,1967,17800
5137.T,300,307,296,302,180500
5138.T,460,460,460,460,0
5139.T,930,931,920,925,4400
513A.T,803,810,789,799,550353
5142.T,1770,1789,1749,1785,56800
514A.T,469,469,469,469,0
515A.T,501,501,499,499,2850
5161.T,3440,3455,3390,3440,106300
5162.T,799,805,790,804,1500
516A.T,1995,2022,1993,1993,263
517A.T,2024,2024,1991,2003,245
5184.T,4040,4055,4020,4045,19800
5185.T,1946,1963,1936,1959,36100
5186.T,6500,6500,6420,6500,31600
5187.T,1134,1136,1131,1136,2100
5189.T,3495,3495,3435,3435,400
518A.T,2044,2068,2044,2059,12320
5192.T,4225,4225,4135,4160,91100
5194.T,638,640,634,635,3000
5195.T,2387,2391,2355,2379,48700
5199.T,1993,1993,1993,1993,200
519A.T,495,502,495,501,3400
5201.T,5521,5535,5470,5532,943900
5202.T,494,496,494,495,4999100
5204.T,3005,3020,3000,3020,3800
5208.T,2601,2621,2557,2589,129600
520A.T,445,526,445,515,2215400
5210.T,2860,2881,2851,2870,35900
5214.T,4652,4806,4640,4806,749900
5216.T,153,153,151,152,71200
5218.T,1550,1601,1525,1595,73500
521A.T,1968,1995,1968,1985,8374
522A.T,3020,3020,3020,3020,0
5232.T,5637,5652,5473,5552,209000
5233.T,4096,4173,4040,4058,650100
5237.T,1197,1211,1192,1193,1700
523A.T,1785,1849,1761,1849,66900
5240.T,198,200,194,199,130800
5242.T,2438,2438,2373,2373,3700
5243.T,2815,2890,2730,2861,192000
5244.T,176,176,173,175,192700
5246.T,830,847,824,824,235100
5247.T,546,555,546,555,2000
5248.T,512,512,506,512,9200
5249.T,1253,1253,1253,1253,0
524A.T,1988,1988,1988,1988,0
5250.T,1100,1136,1075,1098,5600
5252.T,865,880,865,880,13300
5253.T,1616,1673,1602,1641,1540700
5254.T,4165,4190,4110,4175,12500
5255.T,88,90,87,90,124900
5256.T,2772,2772,2700,2707,1300
5257.T,2851,2887,2851,2887,900
5258.T,410,421,410,420,37700
525A.T,1663,1663,1663,1663,0
5261.T,7590,7590,7530,7540,2400
5262.T,1151,1157,1131,1137,233800
5268.T,872,885,870,872,5800
5269.T,360,367,357,362,212300
526A.T,2200,2253,2200,2247,310
5271.T,2198,2228,2185,2228,1100
5273.T,1958,1970,1939,1965,52400
5279.T,1202,1206,1183,1206,5200
527A.T,1673,1673,1673,1673,0
5280.T,2211,2217,2192,2192,14100
5282.T,414,415,411,413,29200
5283.T,3135,3145,3135,3145,400
5284.T,2232,2240,2202,2212,9100
5285.T,1359,1361,1342,1349,13700
5287.T,1071,1159,913,975,1215300
5288.T,1460,1461,1441,1455,252100
528A.T,1080,1080,1080,1080,0
5290.T,1202,1215,1180,1201,144300
5301.T,1947.5,2000,1910,2000,2451400
5302.T,4925,5020,4915,5020,37500
5304.T,2537,2548,2518,2537,6200
530A.T,1786,1791,1786,1791,17015
5310.T,6950,7160,6810,7130,112800
531A.T,2297,2297,2270,2283,269
532A.T,2261,2277,2261,2276,7
5331.T,3490,3500,3400,3470,210700
5332.T,5733,5821,5715,5817,748000
5333.T,5057,5113,4940,5064,1346800
5334.T,7337,7357,7118,7242,1774100
5337.T,821,843,820,820,6800
533A.T,2208,2208,2205,2205,11
5341.T,141,143,139,140,25200
5344.T,57740,57740,55250,55800,95700
534A.T,2298,2304,2288,2291,62
5351.T,2012,2012,1989,2007,95800
5355.T,665,665,660,662,2900
5356.T,1268,1271,1252,1257,5700
5357.T,1739,1739,1721,1730,42500
535A.T,2078,2078,2078,2078,6
5363.T,675,681,671,679,39400
5367.T,1390,1430,1378,1412,168600
5368.T,1003,1003,999,1000,4900
536A.T,2182,2182,2175,2175,3
537A.T,1114,1114,1096,1099,237
5380.T,1380,1600,1380,1515,23700
5381.T,964,987,934,987,187600
5384.T,3315,3335,3240,3300,316100
5388.T,1346,1346,1319,1319,2400
538A.T,4697,4697,4697,4697,1
5391.T,1483,1490,1483,1484,3900
5393.T,3303,3310,3247,3308,401800
539A.T,4756,4764,4756,4763,16
5401.T,678.1,690.6,676.2,690.6,34091100
5406.T,2032,2041,2025,2029.5,1018900
5408.T,639,639,632,636,121500
540A.T,2045,2091,2043,2072,95436
5410.T,3085,3125,3075,3125,46100
5411.T,1820.5,1840.5,1818.5,1828,4272100
541A.T,1124.5,1124.5,1088,1088,340
5423.T,1707,1707,1682,1687,245700
542A.T,1035,1035,1025,1029,5200
543A.T,267,271,266,269,15260200
5440.T,1972,1990,1960,1977,70700
5444.T,12240,12240,12000,12125,73600
5445.T,2005,2012,1993,2009,72400
5446.T,1089,1089,1085,1087,700
5449.T,2530,2602,2530,2573,17800
544A.T,327,331,326,331,303100
5451.T,1405,1405,1387,1402,203700
5458.T,1325,1325,1303,1310,18300
545A.T,974,984,970,982,34400
5461.T,2123,2135,2105,2131,65200
5463.T,1731.5,1735.5,1720,1729.5,500900
5464.T,923,929,923,924,15300
546A.T,2300,2329,2282,2324,111000
5471.T,2392.5,2400,2340,2379,785300
547A.T,419,425,416,424,1902400
5480.T,5340,5340,5270,5340,41600
5482.T,3115,3120,3065,3115,184100
5484.T,4445,4445,4445,4445,0
548A.T,933,940,915,931,38800
5491.T,890,897,889,892,14500
549A.T,520,521,511,517,36500
550A.T,2203,2225,2200,2200,2600
551A.T,811,811,811,811,0
5527.T,726,731,722,728,9300
552A.T,2438,2438,2392,2410,3217
5532.T,3400,3470,3340,3445,11300
5533.T,2110,2169,2110,2166,2900
5534.T,850,850,850,850,0
5535.T,289,293,287,292,134600
5537.T,3275,3330,3190,3275,73900
5541.T,2666,2743,2618,2729,525200
5542.T,911,914,888,901,25700
554A.T,1500,1509,1498,1500,5500
555A.T,2000,2000,2000,2000,0
5563.T,424,428,419,426,422200
556A.T,2254,2279,2222,2266,11800
5570.T,630,644,630,635,7200
5571.T,998,1006,998,1006,400
5572.T,2805,2926,2750,2893,61700
5574.T,2950,3070,2935,3070,95500
5575.T,1121,1131,1102,1105,3000
5576.T,3000,3000,2970,2972,1100
5578.T,860,893,860,890,18300
557A.T,2150,2150,2150,2150,0
5580.T,1547,1593,1547,1549,1000
5581.T,193,193,193,193,0
5582.T,2150,2150,2071,2136,12300
5586.T,915,952,905,952,62200
5587.T,797,849,797,817,70700
5588.T,816,840,816,840,15400
5589.T,2850,2881,2816,2830,3500
558A.T,5680,5760,5530,5760,6700
5590.T,706,717,703,716,64700
5591.T,863,876,853,875,17200
5592.T,2618,2651,2612,2635,26700
5597.T,1386,1412,1376,1403,37300
5598.T,3200,3200,3200,3200,0
5599.T,993,1011,993,1011,4300
559A.T,1140,1157,1126,1149,14100
5602.T,1640,1649,1624,1644,185700
5603.T,1305,1316,1304,1304,1100
5609.T,909,912,906,908,4200
560A.T,1123,1123,1123,1123,0
5612.T,1585,1610,1580,1580,16300
5616.T,652,661,652,654,5500
5618.T,286,290,286,288,1900
5619.T,858,858,847,847,200
561A.T,5000,5000,5000,5000,0
5620.T,2200,2200,2200,2200,0
5621.T,1500,1549,1481,1536,23900
5622.T,1200,1200,1200,1200,0
562A.T,1000,1000,1000,1000,0
5631.T,7162,7186,6797,6836,1514200
5632.T,2266,2372,2248,2358,170700
563A.T,1004,1007,1002,1006,1344297
5644.T,7250,7270,7200,7220,6100
564A.T,1050,1051,1049,1050,258
5658.T,400,405,398,402,32600
5659.T,1358,1381,1351,1379,48700
565A.T,961,961,961,961,0
566A.T,2271,2271,2255,2268,116
567A.T,3000,3000,3000,3000,0
568A.T,169.3,170.7,168.9,169.9,78750
5695.T,3005,3005,3005,3005,0
5697.T,809,818,804,809,23300
5698.T,731,735,720,733,116900
5699.T,1600,1609,1599,1609,1000
569A.T,182.1,183.7,181.2,181.8,41190
5702.T,1806,1814,1751,1768,245300
5703.T,2970,2988,2945,2976,253800
5704.T,387,394,385,385,600
5706.T,26215,26245,24145,24705,2049400
5707.T,1042,1049,995,1006,537700
570A.T,902.9,902.9,901.2,901.4,10490
5711.T,5371,5392,5194,5255,1572800
5713.T,10275,10320,9987,10190,1973700
5714.T,9419,9500,9134,9263,465100
5715.T,4315,4350,4210,4265,230400
571A.T,500,500,498.4,498.4,1590
5721.T,53,56,53,56,552700
5724.T,3265,3295,3175,3250,48000
5726.T,2582,2588,2540,2545,1330600
5729.T,1701,1721,1677,1718,9400
572A.T,499,507,498,498,340
573A.T,498.6,498.6,493.6,495,125040
5741.T,2240,2250,2196,2230,712100
5742.T,740,755,740,746,2500
574A.T,887,887,887,887,0
5753.T,2525,2574,2500,2549,4000
5757.T,4820,4855,4785,4805,7200
575A.T,1887,1895,1871,1874,49600
576A.T,865,865,836,836,132014
577A.T,254.9,255.5,253.1,254.5,1910
578A.T,264,264,258.8,260,17110
579A.T,1074,1074,1048,1054,8461
5801.T,4012,4047,3863,4024,21595400
5802.T,2150,2172,2071,2111.5,19160700
5803.T,5393,5394,5125,5209,35034000
5805.T,14360,14490,13660,13870,304900
580A.T,1086,1086,1049,1059,9705
5816.T,1437,1442,1433,1441,8100
5817.T,1053,1078,1042,1076,18700
5819.T,1731,1731,1722,1722,8200
581A.T,3400,3425,3260,3330,2325100
5820.T,898,908,859,869,102300
5821.T,3075,3110,3045,3100,31500
5830.T,3721,3847,3716,3830,1229000
5831.T,3444,3549,3438,3535,2249000
5832.T,3419,3542,3419,3522,471600
5834.T,2793,2810,2775,2786,22400
5838.T,6436,6635,6362,6574,1216600
583A.T,2000,2000,2000,2000,0
5840.T,505,505,505,505,0
5842.T,2961,3010,2929,2994,46900
5843.T,2298,2301,2256,2276,33500
5844.T,4766,4925,4766,4893,1454200
5845.T,1178,1185,1175,1184,14100
584A.T,2681,2764,2677,2695,80200
5851.T,2679,2680,2618,2656,134400
5852.T,675,675,666,670,58800
5857.T,3720,3725,3660,3725,397500
5858.T,1150,1185,1150,1185,4700
585A.T,1080,1080,1049,1061,177
5866.T,300,300,300,300,0
5867.T,1281,1290,1281,1281,1200
5868.T,1051,1062,1044,1062,4500
5869.T,1251,1266,1250,1255,10200
586A.T,243,243.8,240.3,241,405980
5870.T,883,885,878,878,4100
5871.T,1421,1450,1398,1413,13600
587A.T,110200,110200,109700,110200,209
5884.T,610,617,589,601,25800
5885.T,3360,3380,3290,3335,21600
5888.T,2845,2845,2812,2816,1000
5889.T,2600,2627,2484,2516,276200
5890.T,3500,3500,3500,3500,0
5891.T,1682,1692,1680,1684,1600
5892.T,2701,2800,2632,2766,153300
5893.T,510,510,510,510,0
589A.T,1331,1355,1328,1355,10200
5900.T,880,880,875,875,200
5901.T,4490,4511,4457,4510,355000
5902.T,2650,2674,2641,2665,16900
5905.T,1373,1373,1373,1373,700
5906.T,801,801,792,792,5800
5909.T,940,948,940,941,8600
590A.T,1256,1267,1250,1251,177500
5911.T,2960,2965,2933,2942,103600
5915.T,2420,2420,2356,2419,4800
5918.T,8000,8000,8000,8000,0
591A.T,255,255,255,255,0
5921.T,4440,4440,4380,4380,500
5922.T,20200,20200,20000,20200,600
5923.T,1184,1184,1169,1175,900
5928.T,288,289,288,289,300
5929.T,3444,3445,3400,3400,552700
5930.T,1875,1875,1854,1862,87500
5932.T,639,649,639,649,66500
5933.T,1110,1113,1105,1110,20400
5936.T,912,912,904,906,3100
5938.T,1729,1733,1725.5,1727,1505000
5939.T,4710,4710,4710,4710,100
593A.T,2295,2336,2150,2250,12171400
5940.T,749,749,742,742,15000
5941.T,2719,2719,2693,2693,700
5942.T,634,637,631,635,16800
5943.T,2238,2249,2228,2246,77200
5945.T,2268,2270,2251,2270,1300
5946.T,2000,2015,1986,2013,52300
5947.T,3440,3459,3404,3458,311500
5949.T,1260,1272,1245,1270,305300
594A.T,430,430,430,430,0
5950.T,149,152,149,149,30900
5951.T,1127,1145,1100,1100,22400
5952.T,189,191,189,191,6200
5955.T,82,83,81,82,836100
5956.T,573,577,573,575,6100
5957.T,756,760,750,760,106100
5958.T,4460,4460,4400,4440,2300
5959.T,930,933,923,931,80800
595A.T,452,452,452,452,0
5962.T,2077,2077,2074,2074,300
5965.T,1199,1200,1179,1200,3700
5966.T,2700,2705,2700,2705,300
5967.T,456,459,455,455,6100
5969.T,1184,1184,1184,1184,100
5970.T,2164,2179,2133,2174,102800
5971.T,8690,8750,8690,8700,2700
5973.T,611,611,610,610,1200
5974.T,835,835,833,833,400
5975.T,3200,3250,3160,3200,84800
5976.T,1450,1461,1442,1458,72500
597A.T,1000,1000,1000,1000,0
5981.T,1810,1843,1797,1833,74800
5982.T,4135,4155,4115,4145,1900
5983.T,13500,13500,13250,13270,2700
5984.T,774,775,770,771,5000
5985.T,2155,2221,2150,2196,551600
5986.T,257,259,256,258,27000
5987.T,1620,1621,1620,1620,900
5988.T,1667,1674,1658,1664,53800
5989.T,1426,1428,1406,1428,121300
598A.T,1578,1578,1479,1500,122800
5990.T,1952,1955,1952,1955,400
5991.T,3315,3330,3243,3330,574900
5992.T,3675,3695,3605,3660,36800
5994.T,1016,1023,1007,1023,5600
5997.T,868,868,868,868,0
5998.T,2640,2676,2586,2642,6700
599A.T,300,300,300,300,0
6005.T,3084,3105,3030,3054,335900
600A.T,1873,1873,1850,1855,593
6013.T,2941,2967,2912,2963,205100
6016.T,11750,11820,11000,11170,140200
6018.T,5960,6060,5740,5890,3500
601A.T,378,378,378,378,0
6022.T,2950,2950,2920,2920,600
6023.T,3205,3220,3080,3115,128700
6027.T,5340,5500,5210,5350,239900
6029.T,186,187,184,186,10500
602A.T,560,560,560,560,0
6030.T,1689,1716,1662,1706,16100
6031.T,277,280,277,280,33300
6033.T,1699,1725,1684,1720,22100
6034.T,611,611,599,604,1800
6035.T,717,718,714,715,23200
6036.T,3610,3710,3575,3650,165400
6037.T,1073,1089,1071,1078,21000
6038.T,814,816,813,813,2500
6039.T,997,1007,987,998,44500
603A.T,1005,1015,923,941,2231100
6040.T,464,464,460,461,13000
6042.T,3915,3915,3915,3915,0
6044.T,1868,1891,1868,1882,4100
6045.T,2111,2123,2052,2112,19900
6046.T,154,155,153,154,19500
6047.T,380,383,379,381,39100
6049.T,254,254,246,252,22500
604A.T,1189,1260,1153,1221,444900
6050.T,1758,1765,1750,1762,12000
6054.T,112,114,110,110,38200
6055.T,2170,2206,2149,2177,627800
6058.T,1972,1976,1881,1887,415400
6059.T,362,366,362,366,9200
605A.T,197,197,193.3,196.8,70740
6061.T,3135,3135,3065,3080,3600
6062.T,1365,1373,1356,1360,69500
6063.T,998,1004,998,1004,600
6069.T,678,678,667,668,14200
606A.T,20985,21255,20650,20705,3313
6070.T,2485,2498,2470,2487,23400
6071.T,858,868,846,864,235000
6072.T,1060,1118,1051,1094,527800
6073.T,1520,1529,1519,1527,8600
6074.T,516,516,512,514,1300
6078.T,1532,1536,1518,1522,21500
607A.T,251,251,238,243,1249800
6080.T,4020,4080,3995,4070,60200
6081.T,152,155,150,152,115100
6082.T,996,997,991,991,23100
6083.T,1548,1566,1536,1560,38700
6085.T,169,172,156,167,3990900
6086.T,1006,1030,1006,1015,21000
6087.T,3555,3555,3520,3550,1500
6088.T,547,554,536,553,419600
6089.T,1122,1138,1122,1134,27000
608A.T,1463,1465,1457,1465,1495
6090.T,614,618,608,608,3900
6091.T,889,889,871,880,7900
6092.T,825,825,812,812,13000
6093.T,155,158,155,157,122300
6094.T,532,538,530,533,152700
6098.T,15705,15850,15335,15850,4943400
6099.T,709,712,706,712,56600
609A.T,1115,1116,1090,1099,13779
6101.T,4970,4970,4775,4875,380000
6103.T,4325,4340,4265,4305,473900
6104.T,4190,4250,4160,4245,164200
610A.T,1011,1021,1004,1021,67301
6113.T,2337,2390.5,2335,2378.5,2942800
6118.T,1262,1275,1244,1247,287800
611A.T,1002,1002,1000,1000,50
6125.T,4780,4810,4680,4695,15100
612A.T,10040,10040,10040,10040,0
6134.T,6938,6960,6740,6867,608900
6135.T,14780,14830,14450,14600,130300
6136.T,3467,3469,3388,3422,274000
6137.T,1525,1530,1491,1492,30200
6138.T,1966,2000,1964,1965,3700
613A.T,1917,1918,1915,1915,434
6140.T,1131,1142,1109,1122,496300
6141.T,2738,2775,2724.5,2765,1382500
6143.T,1669,1672,1632,1665,326500
6144.T,2882,2882,2832,2854,3200
6145.T,2435,2497,2416,2497,95300
6146.T,53420,54590,52930,53580,1624800
6147.T,216,229,193,198,144900
6149.T,2212,2233,2202,2227,5800
614A.T,1468,1468,1468,1468,0
6150.T,2817,2817,2782,2814,1000
6151.T,1700,1705,1686,1694,13500
6155.T,546,546,540,542,3000
6156.T,1821,1825,1812,1813,3900
6157.T,805,809,801,807,66100
6158.T,1014,1025,1013,1024,1300
6159.T,1890,1900,1865,1865,600
615A.T,305,305,305,305,0
6161.T,1045,1053,1040,1048,5300
6165.T,536,536,525,530,35900
6166.T,658,663,645,655,96500
6167.T,972,983,961,967,56100
616A.T,568,568,568,568,0
6171.T,375,377,372,373,13400
6176.T,1102,1109,1077,1089,141300
6177.T,84,86,83,84,116100
6178.T,2390.5,2437,2390.5,2432.5,3604700
617A.T,2679,2679,2679,2679,0
6180.T,3850,3850,3835,3840,400
6181.T,90,90,89,89,173700
6182.T,505,516,504,516,10100
6183.T,1343,1348,1325,1346,157900
6184.T,561,576,558,568,155000
6185.T,365,366,365,366,600
6186.T,376,377,375,375,700
6189.T,1001,1011,1000,1001,7300
6190.T,322,322,317,317,2800
6191.T,923,923,923,923,60900
6193.T,1202,1202,1164,1177,13300
6194.T,834,853,829,853,168800
6195.T,201,202,200,201,12500
6196.T,1397,1408,1387,1399,223300
6198.T,203,203,202,202,2200
6199.T,1308,1389,1308,1376,28300
6200.T,703,707,700,703,269600
6203.T,2290,2447,2224,2344,21731100
6208.T,1688,1690,1662,1664,22800
6209.T,3810,3810,3770,3800,85700
6217.T,767,777,745,754,47800
6218.T,659,663,657,663,3100
6222.T,921,933,915,928,122900
6223.T,1923,1947,1923,1942,11600
6224.T,1190,1194,1176,1190,12600
6226.T,2198,2231,2155,2200,88500
6227.T,6430,6580,6330,6400,386800
6228.T,518,533,510,529,19300
6229.T,1492,1492,1453,1454,29600
6230.T,2161,2161,2155,2160,1500
6231.T,11550,11690,11350,11530,22600
6232.T,1315,1343,1259,1304,1952800
6233.T,402,403,398,401,3600
6235.T,2489,2506,2422,2506,288400
6237.T,3795,3875,3770,3865,42700
6238.T,1391,1395,1374,1395,80800
6239.T,1393,1435,1393,1432,2800
6240.T,518,524,512,524,214700
6245.T,1807,1807,1760,1791,60600
6246.T,1818,1818,1797,1810,10500
6247.T,1697,1709,1675,1696,89700
6248.T,1747,1747,1747,1747,0
6249.T,2824,2864,2820,2864,2300
6250.T,4330,4395,4175,4235,149500
6254.T,3300,3365,3285,3355,321700
6255.T,645,660,641,659,556600
6257.T,1016,1016,1009,1012,40100
6258.T,3535,3565,3485,3530,219300
6262.T,513,516,509,511,46600
6264.T,1880,1918,1864,1891,381000
6265.T,3065,3065,3045,3065,1200
6266.T,3450,3520,3390,3515,204700
6267.T,4050,4080,4000,4000,500
6268.T,4480,4521,4431,4497,813700
6269.T,9690,9774,9334,9384,517500
6272.T,1498,1498,1484,1493,48300
6273.T,68890,68890,67290,67680,200200
6276.T,366,377,365,369,21300
6277.T,5500,5570,5420,5560,31400
6278.T,13600,13660,12820,13150,147900
6279.T,909,916,906,906,14700
6282.T,2847,2858,2826,2834,87700
6284.T,8370,8390,8280,8390,20800
6286.T,1496,1496,1486,1487,1200
6287.T,2683,2685,2628,2640,102800
6289.T,1878,1878,1840,1875,55500
6291.T,1322,1338,1317,1334,25500
6292.T,842,846,841,841,1100
6294.T,1957,1957,1940,1946,16600
6298.T,1260,1280,1244,1277,147600
6301.T,7385,7405,7268,7389,2416600
6302.T,5652,5715,5562,5611,681600
6305.T,5782,5783,5633,5681,1168300
6306.T,974,979,971,979,52500
6307.T,491,491,480,482,6200
6309.T,2011,2020,1984,2013,66000
6310.T,1894,1896,1844,1845,101200
6315.T,2175,2251,2164,2222,2391100
6316.T,2943,2949,2925,2948,1800
6317.T,1740,1743,1710,1729,28100
6322.T,1594,1596,1586,1586,2800
6323.T,3630,3665,3527,3649,1333100
6324.T,5750,6030,5750,5980,936100
6325.T,416,420,416,416,6000
6326.T,2815.5,2830.5,2785,2794.5,4075100
6327.T,3050,3120,3045,3100,83500
6328.T,2343,2357,2300,2319,55500
6330.T,2883,2926,2755,2839,7185800
6331.T,3245,3310,3190,3280,149800
6332.T,2738,2747,2682,2700,133300
6333.T,3495,3515,3360,3415,54600
6334.T,494,496,480,486,3600
6335.T,588,589,582,585,8200
6336.T,1865,1918,1865,1913,36900
6337.T,3360,3440,3360,3430,27700
6338.T,1670,1700,1661,1661,17400
6339.T,1145,1154,1130,1151,177600
6340.T,5280,5300,5210,5280,50400
6342.T,2864,2864,2863,2863,200
6343.T,147,148,146,147,23900
6345.T,1441,1449,1431,1449,108800
6346.T,5660,5660,5660,5660,100
6347.T,244,246,241,245,18200
6349.T,1950,1952,1918,1936,138300
6351.T,2566,2566,2515,2535,51700
6356.T,1284,1295,1261,1261,83300
6357.T,2715,2718,2650,2710,41000
6358.T,2123,2133,2119,2130,8900
6360.T,4605,4690,4605,4620,1500
6361.T,4307,4338,4247,4312,2880100
6363.T,2900,2900,2825,2846,202300
6364.T,2481,2481,2440,2459,43700
6365.T,5580,5580,5580,5580,100
6366.T,725,735,706,708,1757200
6367.T,20960,21105,20760,20850,1177400
6368.T,12330,12405,12105,12310,240900
6369.T,2451,2472,2430,2457,74100
6370.T,7500,7546,7371,7461,696200
6371.T,2628,2642,2598,2641,357000
6376.T,3490,3505,3320,3380,511700
6378.T,1165,1170,1151,1165,94100
6379.T,2969,2969,2931,2935,259200
6380.T,4030,4030,3930,3965,2900
6381.T,1922,1927,1892,1900,78100
6382.T,1219,1221,1215,1217,10100
6383.T,5609,5631,5438,5544,1506200
6384.T,1722,1727,1701,1727,5700
6387.T,8550,8670,8290,8550,73300
6390.T,1313,1320,1302,1315,54100
6391.T,4695,4715,4695,4715,1400
6392.T,7930,7930,7930,7930,200
6393.T,3050,3050,3020,3045,700
6395.T,1375,1383,1349,1358,236100
6396.T,4455,4565,4455,4565,300
6400.T,277,279,277,279,2700
6402.T,1600,1619,1594,1594,1600
6405.T,1208,1217,1193,1197,22400
6407.T,5240,5250,5080,5190,383400
6408.T,4250,4255,4235,4245,800
6412.T,2130,2162,2128,2149,243500
6413.T,1038,1045,1029,1039,97100
6417.T,1998,2039.5,1983.5,2037,1258800
6418.T,1185,1191,1179,1183,68200
6419.T,3165,3205,3165,3200,51500
6420.T,3435,3445,3405,3420,25500
6424.T,901,901,891,895,6700
6425.T,722,753,718,749,235400
6428.T,320,324,320,324,12500
6430.T,2411,2435,2409,2433,28100
6432.T,7250,7280,7160,7260,195900
6433.T,1150,1197,1150,1166,48100
6436.T,3827,3848,3805,3846,186900
6440.T,699,720,699,712,241900
6444.T,178,180,175,178,167900
6445.T,1351,1353,1333,1348,23100
6448.T,4416,4416,4303,4381,1301600
6454.T,1875,1893,1862,1878,252600
6455.T,2461,2465,2440,2459,61800
6457.T,4300,4300,4191,4237,210000
6458.T,1228,1235,1223,1231,154100
6459.T,1605,1618,1597,1613,61800
6460.T,3141,3215,3108,3152,1321900
6463.T,1516,1524,1504,1518,82600
6464.T,345,347,336,338,262600
6465.T,5324,5324,5217,5286,467600
6466.T,3735,3835,3700,3820,12700
6467.T,342,344,340,342,5000
6469.T,2814,2830,2683,2727,97100
6470.T,1039,1058,1026,1052,91800
6471.T,1051,1062,1047.5,1048.5,2868100
6472.T,369.4,372.5,365.4,370.3,4049100
6473.T,2025,2026,1988.5,2009.5,1471900
6474.T,5230,5230,5120,5200,68000
6479.T,3371,3384,3298,3377,2223100
6480.T,1646,1672,1616,1661,521100
6481.T,6027,6065,5905,6021,1219000
6482.T,698,698,689,697,92500
6484.T,2242,2244,2224,2244,3000
6485.T,1599,1604,1588,1600,27100
6486.T,2949,2952,2911,2942,117300
6488.T,1030,1043,1021,1043,6900
6490.T,9430,9490,9110,9300,85500
6492.T,14000,14200,13830,13870,9700
6493.T,474,478,471,476,34200
6494.T,97,98,96,98,96700
6495.T,109,110,108,110,125200
6496.T,5540,5540,5430,5430,1500
6497.T,1480,1482,1452,1480,3800
6498.T,1926,1940,1894,1925,357600
6501.T,5130,5182,5130,5182,7143900
6503.T,5134,5138,5045,5095,4696600
6504.T,13030,13090,12590,12855,687500
6505.T,2412,2425,2370,2384,36800
6506.T,4420,4437,4354,4432,3785700
6507.T,11860,11900,11350,11590,160500
6508.T,10670,10790,10400,10670,255100
6513.T,1250,1272,1245,1272,20200
6516.T,5190,5210,5060,5180,83400
6517.T,3970,3995,3950,3995,30300
6518.T,1661,1679,1643,1667,16900
6521.T,3160,3260,3150,3260,112800
6522.T,1499,1577,1487,1501,839500
6523.T,1257,1260,1233,1250,550200
6524.T,4905,5060,4850,5060,212200
6525.T,8932,9033,8601,8821,7776300
6526.T,1867,1881,1832,1877,6140300
6532.T,7200,7435,7191,7376,1200900
6533.T,1113,1122,1111,1117,16100
6535.T,510,514,460,486,1493300
6537.T,298,299,295,295,7300
6538.T,252,255,249,251,13800
6539.T,987,990,984,990,30200
6540.T,1515,1523,1500,1507,20600
6543.T,1226,1226,1211,1224,2300
6544.T,1459.5,1463,1429,1453,662600
6545.T,808,809,802,802,2900
6546.T,1185,1185,1173,1173,800
6547.T,2130,2187,2113,2124,30000
6548.T,119,149,118,127,1216300
6549.T,1132,1132,1103,1123,3600
6551.T,606,610,601,605,15100
6552.T,173,173,170,171,36200
6554.T,1125,1125,1115,1125,4500
6555.T,429,429,429,429,200
6557.T,735,752,732,742,19400
6558.T,660,662,658,658,600
6560.T,1772,1804,1769,1780,17500
6561.T,834,835,818,819,20600
6562.T,975,990,968,980,26600
6563.T,456,463,456,461,1200
6564.T,1930,2012,1918,1995,76300
6566.T,1262,1265,1261,1261,800
6568.T,1247,1252,1245,1252,5600
6570.T,3410,3660,3305,3585,57000
6571.T,1268,1269,1260,1260,43500
6572.T,264,268,264,267,62200
6573.T,27,28,27,27,131500
6574.T,111,113,111,112,212100
6577.T,1989,2080,1572,1572,97000
6578.T,467,467,456,466,6100
6579.T,350,354,350,354,600
6580.T,849,871,847,862,7800
6584.T,764,769,757,769,235400
6586.T,5171,5190,5102,5179,526100
6588.T,2783,2800,2757,2787,108500
6590.T,3920,3975,3830,3930,698600
6592.T,1683,1690,1639,1660.5,1052400
6594.T,2602,2749,2597,2737,5442500
6596.T,990,990,990,990,0
6597.T,3545,3605,3520,3565,27400
6599.T,3760,3835,3625,3835,2700
6612.T,599,599,587,592,7700
6613.T,1890,1980,1877,1969,1343100
6614.T,876,886,856,886,9000
6615.T,234,240,234,238,34100
6616.T,1851,1863,1808,1850,60400
6617.T,6650,6730,6540,6710,58100
6619.T,162,165,160,163,1794400
6620.T,685,686,675,685,43200
6622.T,12360,12390,11980,12140,189100
6625.T,376,377,371,372,134000
6626.T,2421,2421,2327,2327,7900
6627.T,11090,11290,10720,11200,62300
6629.T,969,984,958,984,111000
6630.T,790,795,786,792,54100
6632.T,963.8,976.5,955.7,975.8,1284200
6633.T,315,316,315,316,2800
6634.T,75,84,70,71,1352100
6635.T,652,657,650,656,9900
6637.T,4255,4310,4110,4110,27100
6638.T,1919,1982,1905,1933,213200
6643.T,5550,5550,5330,5470,2400
6644.T,1445,1453,1426,1453,360700
6645.T,5974,6097,5963,6030,1123400
6647.T,3550,3585,3480,3585,800
6648.T,1649,1649,1622,1636,23000
6651.T,4295,4360,4255,4355,80500
6652.T,3540,3595,3495,3580,91000
6653.T,2101,2116,2072,2109,142900
6654.T,1074,1079,1073,1077,4200
6656.T,803,816,785,797,47200
6658.T,442,447,442,446,26000
6659.T,50,50,49,50,3188500
6662.T,225,227,225,227,700
6663.T,310,311,303,308,22000
6664.T,264,265,262,263,7100
6666.T,800,843,790,830,60200
6668.T,3800,4240,3755,4200,126700
6674.T,5129,5154,5043,5137,547600
6675.T,2128,2128,2089,2089,31400
6676.T,3005,3050,2990,3035,24000
6677.T,3170,3230,3170,3225,71200
6678.T,2020,2028,2012,2020,6000
6694.T,830,853,805,834,24700
6696.T,315,325,293,298,81900
6699.T,500,501,497,498,55200
6701.T,4470,4587,4426,4587,5198400
6702.T,3716,3803,3664,3788,6626700
6703.T,2683,2687,2577,2612,764100
6706.T,3230,3280,3220,3275,25800
6707.T,6730,6798,6539,6765,104600
6718.T,2825,2828,2808,2810,18400
6721.T,72,74,72,73,90300
6723.T,3336,3336,3232,3320,7687100
6724.T,3000,3024,2966,3024,1554700
6727.T,790,795,780,790,502300
6728.T,6978,7019,6879,7019,391300
6730.T,1117,1125,1096,1106,119800
6731.T,104,105,102,105,98000
6736.T,9180,9350,9140,9190,25100
6737.T,3040,3045,2988,2988,164400
6740.T,46,47,46,47,3342100
6741.T,1757,1770,1736,1750,102900
6742.T,986,1024,975,1024,355500
6743.T,1014,1014,993,1010,13000
6744.T,3985,4035,3985,4020,62200
6745.T,1866,1900,1860,1877,149800
6748.T,767,767,758,764,34400
6750.T,1962,1966,1933,1955,162700
6752.T,4249,4403,4223,4292,10594500
6753.T,623.1,669.2,621,669.2,5612900
6754.T,3131,3195,3078,3189,946000
6757.T,874,879,874,877,1900
6758.T,3610,3640,3589,3640,11836100
6762.T,2845,2858.5,2785,2850.5,11413700
6763.T,2734,2734,2701,2734,10700
6768.T,779,807,775,792,898500
6769.T,1167,1167,1143,1155,36500
6770.T,2124,2195.5,2110.5,2174,1983200
6771.T,668,670,660,670,5600
6772.T,1045,1045,1032,1045,500
6775.T,130,131,128,128,196200
6776.T,287,287,280,285,16000
6777.T,20010,20200,19320,19880,108000
6778.T,651,665,643,643,21500
6779.T,2827,2940,2672,2897,1999500
6785.T,3020,3145,2985,3140,74500
6786.T,49,49,48,48,17900
6787.T,18750,19450,18690,19310,279500
6788.T,4945,5050,4945,5040,9900
6794.T,2859,2971,2851,2965,171400
6797.T,1225,1225,1211,1211,2400
6798.T,3160,3215,3150,3195,6100
6800.T,3810,3935,3770,3935,101300
6803.T,99,99,98,98,256200
6804.T,2525,2540,2495,2531,215500
6806.T,23885,24375,23760,24375,117800
6807.T,2388,2483,2352,2483,378300
6809.T,1708,1717,1694,1717,53300
6810.T,2570,2570,2483,2521,215300
6814.T,7550,7570,7200,7260,235600
6817.T,1180,1190,1171,1185,122700
6819.T,478,482,477,477,13800
6820.T,3375,3455,3375,3450,15700
6822.T,4970,5000,4970,5000,800
6823.T,3200,3220,3175,3205,27700
6824.T,4215,4295,4195,4275,6700
6832.T,2364,2417,2351,2376,39800
6834.T,5370,5520,5230,5440,494100
6835.T,254,258,251,255,183200
6836.T,824,836,823,823,1200
6837.T,363,366,363,364,16500
6838.T,1486,1546,1475,1546,169600
6840.T,790,829,787,829,192900
6841.T,4579,4638,4532,4638,1248100
6844.T,2959,2973,2925,2955,52800
6845.T,1446,1456,1436,1455.5,1100600
6848.T,862,865,862,865,2100
6849.T,1461,1489,1437.5,1482,851500
6850.T,1660,1721,1656,1714,31300
6853.T,751,761,751,761,10800
6855.T,6560,6770,6380,6760,430300
6856.T,22040,22150,21515,22100,165300
6857.T,32710,33920,32470,33920,9970300
6858.T,845,845,827,839,39200
6859.T,3920,3935,3865,3915,69800
6861.T,75540,77440,75330,76500,555000
6862.T,4445,4640,4445,4615,224500
6863.T,988,991,980,985,8600
6864.T,1569,1600,1561,1600,18200
6866.T,10100,10240,9980,10200,21100
6867.T,411,412,408,412,7500
6869.T,1800,1809.5,1758,1779,3137400
6870.T,2178,2178,2136,2136,3400
6871.T,12860,13700,12330,13620,1527800
6874.T,2346,2346,2333,2344,3400
6875.T,10680,10700,10430,10620,64600
6877.T,5410,5420,5350,5400,25000
6882.T,1104,1135,1095,1131,50000
6888.T,500,502,496,500,9400
6890.T,9350,9420,9010,9200,917900
6894.T,2136,2165,2135,2143,1100
6897.T,666,690,660,661,95400
6898.T,5640,5640,5020,5250,11300
6899.T,2292,2295,2264,2273,1600
6902.T,1863.5,1894,1859,1885,6994800
6904.T,604,605,578,604,30400
6905.T,1285,1301,1275,1295,175200
6907.T,769,776,751,769,14200
6908.T,2771,2777,2727,2777,126500
6912.T,2450,2499,2439,2499,5900
6914.T,3015,3085,3000,3075,187600
6915.T,3305,3350,3300,3350,10500
6918.T,3585,3620,3545,3595,20100
6919.T,1423,1427,1411,1411,8700
6920.T,35980,36430,35100,36320,4021300
6923.T,3427,3434,3383,3412,392900
6925.T,3615,3641,3518,3562,265200
6926.T,193,194,192,193,4800
6927.T,970,974,963,970,23100
6928.T,2956,2993,2914,2973,23700
6929.T,3610,3640,3595,3640,69700
6932.T,2510,2533,2485,2514,35300
6941.T,7530,7690,7350,7690,169900
6942.T,1441,1442,1432,1435,3800
6943.T,5550,5550,5550,5550,0
6946.T,6310,6380,6040,6120,185000
6947.T,4645,4735,4645,4715,41600
6951.T,7268,7292,7025,7231,303800
6952.T,2071,2074,2024,2061,1804200
6954.T,5748,5794,5706,5794,4887300
6955.T,404,405,400,403,48200
6958.T,725,733,716,732,444000
6960.T,11770,11790,11600,11670,46100
6961.T,9840,10200,9730,10160,102700
6962.T,731,814,727,804,1332200
6963.T,4881,4945,4709,4844,2862100
6964.T,690,690,687,690,6900
6965.T,2231,2245.5,2197,2233,2611900
6966.T,957,1014,905,940,20399300
6969.T,986,1004,981,996,15000
6971.T,3406,3469,3393,3469,5508300
6976.T,9056,9446,8971,9403,34224400
6977.T,1384,1412,1382,1386,2200
6981.T,7196,7571,7060,7525,22261900
6982.T,578,578,575,575,500
6986.T,726,763,716,735,389800
6988.T,3151,3196,3132,3196,3494600
6989.T,2339,2339,2307,2307,1600
6993.T,85,86,85,86,884200
6994.T,1150,1182,1147,1177,47900
6995.T,3040,3075,3020,3050,85700
6996.T,2540,2623,2480,2607,741600
6997.T,2766,2862,2665,2836,994200
6998.T,3470,3510,3385,3430,50400
6999.T,2120,2176,2076,2170,407700
7003.T,4385,4388,4233,4244,2047500
7004.T,1145,1153,1132,1142,806700
7011.T,3760,3784,3687,3723,14299000
7012.T,2373.5,2394.5,2306,2349,13956700
7013.T,2782.5,2809.5,2648.5,2663.5,15239800
7014.T,4825,4830,4620,4670,1665400
7018.T,13390,13480,12610,12900,20200
7021.T,2262,2270,2222,2251,1000
7022.T,349,356,349,354,61700
7030.T,971,973,961,961,18600
7031.T,667,725,667,720,3100
7033.T,1548,1565,1547,1558,38200
7034.T,338,338,326,328,55300
7035.T,228,229,225,228,14000
7036.T,671,674,664,666,2600
7037.T,804,805,801,802,12700
7038.T,581,584,578,579,14900
7039.T,1368,1368,1363,1364,2900
7040.T,976,976,975,975,800
7041.T,352,352,351,351,1600
7042.T,666,666,664,664,1100
7043.T,916,936,916,936,1100
7044.T,502,508,502,506,5300
7046.T,1367,1367,1350,1350,800
7047.T,2128,2140,2070,2071,182400
7048.T,155,162,153,156,284700
7049.T,786,788,784,788,15100
7050.T,1363,1404,1335,1354,24700
7057.T,920,920,897,914,2600
7058.T,2979,2979,2979,2979,100
7059.T,909,909,895,908,93100
7060.T,583,586,579,580,7600
7061.T,504,526,501,525,301900
7062.T,683,683,683,683,400
7063.T,80,82,79,79,146400
7064.T,925,965,901,959,46100
7065.T,962,963,952,963,14000
7066.T,451,456,443,446,13100
7067.T,1050,1050,1050,1050,800
7068.T,580,584,578,584,18100
7069.T,519,527,495,515,54300
7071.T,383,395,381,395,125800
7072.T,1124,1125,1080,1097,6100
7073.T,2316,2316,2316,2316,100
7074.T,189,189,187,187,2100
7075.T,1002,1079,1002,1046,32600
7077.T,986,998,986,998,1700
7078.T,343,348,341,342,5600
7079.T,2539,2569,2532,2561,3800
7080.T,873,875,860,860,9300
7081.T,1292,1295,1277,1277,1000
7082.T,1407,1407,1406,1406,4400
7083.T,1113,1119,1106,1115,2000
7084.T,2930,2985,2834,2834,5800
7085.T,887,890,874,885,319400
7087.T,1423,1450,1420,1430,3400
7089.T,1419,1419,1378,1385,47800
7090.T,950,953,937,953,1500
7091.T,1272,1272,1257,1257,6400
7093.T,590,590,590,590,1600
7094.T,1805,1839,1794,1837,22400
7095.T,1188,1226,1174,1216,93700
7096.T,752,752,748,750,1200
7097.T,2745,2745,2722,2743,5700
7102.T,3570,3595,3530,3580,27800
7110.T,2054,2055,2033,2039,1400
7111.T,511,512,504,506,4900
7112.T,695,696,695,695,900
7114.T,777,778,776,776,1200
7115.T,1464,1546,1464,1501,13000
7119.T,2005,2048,2000,2029,20900
7120.T,995,999,991,996,5800
7122.T,2314,2347,2311,2347,900
7126.T,1436,1444,1436,1444,2100
7127.T,710,710,705,707,6700
7128.T,2750,2790,2725,2784,39500
7129.T,1174,1180,1166,1178,2000
7130.T,2805,2808,2788,2794,58700
7131.T,3675,3725,3675,3725,1500
7133.T,1310,1311,1307,1309,3100
7134.T,1447,1447,1371,1409,17700
7135.T,181,182,180,180,27000
7137.T,1200,1200,1200,1200,0
7138.T,142,147,142,147,273400
7139.T,4700,4700,4700,4700,0
7140.T,797,802,797,802,1400
7148.T,1670,1691,1660,1687,477600
7150.T,510,519,504,514,15900
7157.T,1369,1429,1362,1426,326500
7161.T,582,596,580,593,84900
7162.T,295,296,290,293,26000
7164.T,3100,3126,3088,3120,302100
7167.T,1632,1671,1626,1664.5,2744400
7170.T,330,330,330,330,0
7172.T,2080,2100,2071,2094,118500
7173.T,1649,1695,1643,1685,891800
7175.T,1959,1990,1944,1975,9200
7176.T,757,757,757,757,0
7177.T,1147,1166,1144,1166,157800
7180.T,1572,1625,1568.5,1618,1390200
7181.T,1708.5,1732.5,1699,1731.5,1897700
7182.T,3222,3317,3210,3299,4898500
7183.T,254,254,254,254,215200
7184.T,3230,3370,3230,3345,140600
7185.T,3940,3940,3925,3930,4600
7186.T,1850,1904.5,1841,1892,3933700
7187.T,1316,1325,1308,1315,52400
7189.T,4735,4865,4727,4853,388400
7191.T,1126,1152,1124,1152,27500
7192.T,685,714,682,714,104000
7196.T,742,750,742,742,13700
7198.T,829,833,828,830,51200
7199.T,2032,2045,2011,2031,186200
7201.T,303.5,308.6,302.7,308.2,22342400
7202.T,2141.5,2180,2140,2180,2516900
7203.T,2960,2994,2945,2994,18691400
7208.T,1290,1303,1280,1302,3900
7211.T,354,361.5,351.5,360.3,7758200
7212.T,733,741,732,735,16500
7213.T,658,667,658,661,15700
7214.T,1112,1119,1109,1109,1400
7215.T,415,427,415,427,3700
7217.T,452,452,451,451,400
7218.T,1134,1138,1120,1120,3100
7219.T,2461,2480,2460,2465,1000
7220.T,2690,2728,2658,2717,820200
7222.T,911,919,905,913,65000
7224.T,1889,1899,1856,1890,162300
7226.T,2273,2279,2250,2275,254900
7228.T,4000,4030,3985,3985,1100
7231.T,3010,3030,2998,3025,33200
7235.T,1506,1533,1491,1522,17700
7236.T,1454,1461,1439,1454,284600
7238.T,103,105,103,103,3252500
7239.T,2285,2297,2260,2297,69500
7240.T,2948.5,2964,2921,2952.5,286000
7241.T,1060,1066,1051,1061,450200
7242.T,4640,4640,4575,4610,106900
7244.T,549,562,546,557,160300
7245.T,1110,1127,1099,1126,322900
7246.T,981,993,972,990,434200
7247.T,362,363,360,363,21500
7254.T,812,812,782,808,12700
7255.T,501,502,500,502,5000
7256.T,425,427,418,427,91700
7259.T,2140,2187.5,2139.5,2176.5,4343500
7261.T,1114,1131,1111.5,1121,5788600
7264.T,1333,1333,1333,1333,100
7265.T,3705,3735,3705,3735,200
7266.T,979,979,959,965,18000
7267.T,1613,1634.5,1604.5,1634.5,11149300
7269.T,1970,2016.5,1967,2011.5,6309400
7270.T,2520,2571.5,2519.5,2561,3838600
7271.T,800,807,792,806,61900
7272.T,1725,1761.5,1723,1761,6266500
7273.T,640,655,625,627,516300
7276.T,2571.5,2597.5,2566,2588,600900
7277.T,333,338,333,338,15500
7278.T,5880,5880,5800,5870,349400
7279.T,2443,2462,2415,2440,86700
7280.T,1253,1270,1245,1264,100900
7282.T,5042,5085,5022,5053,458700
7283.T,2152,2153,2107,2137,243400
7284.T,1164,1164,1164,1164,200
7287.T,2573,2580,2519,2576,163500
7291.T,459,459,453,453,17700
7292.T,6960,6960,6750,6820,4100
7294.T,878,882,873,882,36400
7296.T,4050,4090,4005,4065,151600
7297.T,873,873,861,863,1800
7299.T,1788,1810,1760,1760,5600
7305.T,2762,2767,2747,2747,11700
7309.T,18120,18265,17975,18145,235300
7313.T,1790,1796,1774,1792.5,326100
7314.T,1328,1328,1323,1323,400
7318.T,1340,1351,1317,1344,66800
7320.T,1415,1422,1402,1408,10000
7322.T,2077,2186,2077,2166,326900
7325.T,693,693,680,687,10100
7326.T,2169,2196,2157,2191,24500
7327.T,2550,2630,2547,2619,610700
7337.T,2300,2357,2300,2351,544000
7343.T,1273,1289,1270,1270,2400
7345.T,940,940,940,940,200
7347.T,792,798,792,793,3300
7350.T,7540,7840,7510,7800,78900
7351.T,473,489,473,479,11600
7352.T,319,323,317,323,20000
7353.T,522,530,522,526,19500
7354.T,392,400,383,395,304800
7356.T,115,118,114,116,17400
7357.T,1662,1699,1657,1695,7000
7358.T,1772,1823,1766,1796,17600
7359.T,271,278,267,275,34300
7360.T,650,657,640,645,1700
7361.T,1196,1199,1190,1199,4000
7362.T,867,869,867,869,200
7363.T,1282,1297,1280,1281,3900
7366.T,1734,1787,1734,1779,57100
7367.T,332,332,329,330,1800
7368.T,1695,1695,1695,1695,200
7369.T,372,392,372,379,8700
7370.T,717,717,715,715,1700
7371.T,797,798,789,792,4800
7372.T,390,393,390,391,8500
7373.T,907,909,893,908,84700
7374.T,1529,1529,1518,1527,5700
7375.T,1184,1204,1172,1177,29600
7376.T,759,776,751,759,16900
7377.T,1703,1710,1700,1710,1300
7378.T,1545,1578,1542,1560,9600
7380.T,2538,2655,2525,2639,443600
7381.T,1247,1303,1242,1294,340900
7383.T,383,390,379,390,854800
7384.T,4915,5070,4900,5030,96500
7388.T,2284,2305,2284,2290,18100
7389.T,1872,1960,1872,1950,881100
7399.T,615,616,615,616,1100
7409.T,1477,1477,1393,1415,175000
7412.T,372,373,369,369,329500
7413.T,2699,2770,2699,2700,1700
7414.T,1400,1408,1398,1407,54700
7416.T,682,683,682,683,600
7417.T,1837,1844,1836,1844,400
7419.T,1230,1235,1223,1233,684200
7421.T,1619,1626,1614,1618,77700
7422.T,395,396,395,395,1200
7425.T,1124,1124,1083,1109,3500
7426.T,600,601,600,600,1000
7427.T,825,830,822,829,4900
7433.T,5220,5260,5180,5250,66000
7434.T,1826,1826,1826,1826,100
7435.T,1276,1291,1252,1262,26400
7438.T,1720,1733,1700,1731,44400
7442.T,474,474,471,472,14900
7443.T,660,663,657,657,3600
7444.T,1984,1984,1968,1975,800
7446.T,4520,4520,4520,4520,200
7447.T,1645,1651,1636,1645,41700
7453.T,4025,4044,3912,3972,3712200
7456.T,7400,7450,7160,7180,143600
7458.T,1826.5,1843.5,1813,1839,262800
7459.T,2901.5,2909.5,2868,2884.5,321500
7460.T,1646,1663,1631,1660,5700
7461.T,477,480,477,480,400
7462.T,403,408,400,400,18800
7463.T,955,960,948,959,23900
7464.T,1520,1534,1514,1514,1500
7466.T,1432,1442,1421,1439,30200
7472.T,3910,3910,3910,3910,100
7475.T,3700,3700,3700,3700,79400
7476.T,2420.5,2474,2414.5,2463.5,121900
7477.T,1577,1577,1539,1539,600
7480.T,3400,3410,3360,3405,27200
7481.T,2619,2619,2600,2610,1900
7482.T,1500,1506,1488,1497,28200
7483.T,3045,3075,3030,3070,72400
7486.T,787,794,777,783,2400
7487.T,1817,1818,1811,1818,5600
7490.T,2187,2187,2186,2187,5100
7494.T,244,246,244,244,20500
7500.T,10020,10020,10020,10020,0
7501.T,1450,1450,1450,1450,0
7502.T,1717,1719,1717,1719,600
7504.T,4425,4575,4425,4520,25500
7505.T,2189,2222,2175,2185,59300
7506.T,1386,1390,1380,1381,1600
7508.T,1404,1414,1399,1412,51600
7509.T,4700,4700,4700,4700,400
7510.T,2634,2648,2611,2632,28900
7512.T,855,864,852,861,154500
7513.T,1407,1420,1392,1407,139800
7514.T,851,855,850,853,5200
7515.T,4650,4650,4650,4650,0
7516.T,4360,4385,4335,4380,62400
7520.T,2501,2526,2501,2501,18300
7521.T,2749,2800,2749,2799,1800
7522.T,915,921,913,913,107600
7523.T,1878,1878,1878,1878,11700
7524.T,175,185,175,178,44900
7525.T,3515,3540,3515,3530,9400
7527.T,51,53,51,53,1131100
7531.T,1300,1300,1300,1300,0
7532.T,745.4,750.6,739,748,14709700
7537.T,1750,1787,1747,1783,76300
7538.T,388,392,388,392,4300
7539.T,811,811,808,810,23600
7544.T,550,561,550,553,4000
7545.T,1933,1961,1928,1955,165300
7550.T,11565,11590,11285,11395,589300
75505.T,4915,4915,4915,4915,700
7551.T,711,719,711,711,2200
7552.T,3670,3740,3655,3690,140900
7554.T,1165,1168,1155,1160,43400
7555.T,746,748,746,748,400
7561.T,712,717,706,717,12700
7562.T,3845,3845,3840,3840,2100
7564.T,5820,5820,5680,5730,382300
7565.T,8500,8500,8500,8500,100
7567.T,610,618,605,605,7500
7570.T,1380,1385,1372,1377,5900
7571.T,87,88,86,87,285600
7575.T,1485,1522,1482,1517,179300
7578.T,80,81,77,79,64500
7581.T,7220,7230,6900,6960,411100
7585.T,408,408,406,407,1300
7590.T,397,397,392,392,23300
7593.T,523,523,511,512,558700
7595.T,1249,1255,1243,1249,129900
7596.T,2310,2312,2302,2311,15100
7599.T,1214,1218,1199,1214,1475100
7600.T,616,625,609,617,410100
7601.T,162,162,160,162,26200
7602.T,187,201,180,191,625500
7603.T,37,39,35,37,1097700
7604.T,911,912,908,908,4800
7606.T,2315,2328,2296,2320,191600
7607.T,2970,2992,2951,2985,20700
7608.T,870,886,862,879,92200
7609.T,3920,4040,3905,4040,93900
7610.T,136,137,135,137,471600
7611.T,3015,3020,2985,3000,111400
7613.T,1515,1515,1446,1488,216800
7614.T,1544,1552,1544,1552,2700
7615.T,99,99,96,97,153700
7616.T,2032,2054,2022,2048,367500
7619.T,968,969,967,969,700
7621.T,3430,3430,3420,3430,900
7624.T,154,156,154,155,32900
7625.T,469,469,466,466,7800
7628.T,1123,1131,1121,1124,37700
7630.T,1100,1105,1088,1095,372200
7634.T,4960,4960,4960,4960,100
7636.T,800,800,793,796,4100
7637.T,3560,3590,3505,3515,19000
7638.T,1381,1386,1370,1386,22600
7640.T,194,197,194,194,31200
7643.T,1739,1739,1720,1724,5300
7646.T,1910,1920,1904,1920,5100
7649.T,1287,1304.5,1282.5,1291,2724300
7670.T,1230,1230,1217,1228,800
7673.T,1686,1686,1675,1675,800
7674.T,2615,2615,2604,2604,1100
7677.T,2750,2750,2750,2750,0
7678.T,3155,3285,3120,3270,28300
7679.T,1634,1648,1632,1641,34200
7680.T,3190,3190,3190,3190,0
7681.T,981,981,981,981,100
7682.T,3985,3985,3920,3920,700
7683.T,1404,1408,1401,1406,13400
7685.T,2925,2978,2891,2899,427700
7686.T,439,440,437,439,36600
7687.T,444,449,442,449,7300
7689.T,434,491,391,399,197800
7691.T,30,30,30,30,0
7692.T,82,82,80,82,135300
7694.T,589,625,573,614,56200
7695.T,953,953,927,928,6800
7698.T,2749,2750,2740,2748,1200
7699.T,693,730,693,698,900
7701.T,3750,3759,3701,3758,1041900
7702.T,450,453,450,451,15800
7707.T,205,208,204,206,69100
7709.T,56,88,56,72,4646600
7711.T,5070,5140,4950,5030,35000
7713.T,2393,2420,2351,2395,18800
7715.T,3895,3945,3855,3915,46700
7716.T,3080,3100,2976,2986,320300
7717.T,5670,5780,5610,5770,112000
7719.T,492,495,481,486,120000
7721.T,6880,6900,6570,6590,341700
7722.T,769,769,761,768,6300
7723.T,2811,2852,2800,2835,23100
7725.T,1700,1750,1689,1750,38000
7726.T,1401,1416,1364,1399,10500
7727.T,823,831,814,823,46800
7729.T,16720,16915,16515,16860,236700
7730.T,1431,1439,1422,1439,398400
7731.T,1730,1733.5,1702.5,1721.5,1629800
7733.T,1916,1923.5,1896,1923.5,3920100
7734.T,3330,3390,3320,3390,56300
7735.T,12990,13130,12705,13040,1431600
7740.T,1337,1350,1331,1340,353200
7741.T,23005,23190,22855,23135,1049600
7743.T,792,793,792,792,136600
7744.T,1950,1984,1907,1964,578500
7745.T,2828,2853,2779,2853,92800
7746.T,827,829,807,825,307000
7747.T,3221,3253,3136,3235,1867900
7749.T,2940,2945,2917,2920,2300
7751.T,4311,4350,4289,4338,2698300
7752.T,1547.5,1561,1530,1557.5,1759500
7760.T,2028,2059,2000,2034,52000
7762.T,2228,2313,2221,2293,2168500
7769.T,3790,3795,3740,3790,24000
7771.T,264,265,260,260,124500
7774.T,830,830,800,817,105800
7775.T,424,426,422,424,22300
7776.T,224,227,221,227,110100
7777.T,349,350,339,342,2810800
7779.T,229,230,227,228,571300
7780.T,1715,1717,1685,1698,218100
7781.T,865,866,838,863,19900
7782.T,492,495,485,489,3100
7791.T,827,828,821,821,4100
7792.T,1475,1480,1475,1477,2100
7793.T,1496,1516,1496,1516,900
7794.T,1018,1018,995,1011,220400
7795.T,211,216,210,215,100100
7800.T,971,982,970,977,3500
7803.T,424,437,423,432,613100
7804.T,2420,2428,2389,2414,6800
7805.T,716,720,713,718,26700
7806.T,8230,8300,7880,7950,173300
7807.T,850,850,846,846,600
7808.T,2770,2770,2770,2770,100
7809.T,1320,1328,1320,1320,1800
7810.T,158,162,157,159,91000
7811.T,1964,1964,1946,1951,7000
7812.T,2060,2060,2050,2051,700
7813.T,906,931,906,925,900
7814.T,619,620,618,618,800
7815.T,337,337,331,335,3200
7818.T,1139,1164,1139,1158,127500
7819.T,1008,1017,1005,1005,10500
7820.T,700,702,697,701,61800
7821.T,1923,1961,1917,1938,87900
7822.T,256,256,254,256,42100
7823.T,812,826,812,818,36600
7826.T,11310,11420,10690,11140,660900
7827.T,1740,1740,1713,1713,2300
7831.T,66,67,66,66,14700
7832.T,5282,5312,5161,5236,3463100
7833.T,679,683,678,678,3000
7836.T,76,77,76,76,93200
7837.T,336,338,336,338,1300
7839.T,2075,2088,2053,2072,265400
7840.T,1288,1290,1283,1284,20100
7841.T,1084,1087,1049,1065,66100
7844.T,503,513,498,513,184500
7846.T,2031,2041,2017,2028,287900
7847.T,628,628,624,624,800
7849.T,3025,3030,3005,3010,800
7850.T,812,812,808,811,400
7856.T,1947,2016,1945,1997,206500
7857.T,1290,1290,1290,1290,400
7859.T,273,279,273,274,41900
7860.T,1228,1246,1224,1246,91400
7863.T,929,929,929,929,200
7864.T,3225,3255,3210,3255,214800
7865.T,336,336,335,335,600
7867.T,3511,3516,3466,3513,584100
7868.T,515,522,514,517,175900
7871.T,1010,1020,1010,1019,400
7872.T,615,616,614,615,1500
7874.T,940,957,940,954,59900
7875.T,796,804,791,801,16700
7877.T,2188,2188,2181,2181,800
7878.T,1519,1529,1477,1499,2900
7879.T,667,671,667,671,7200
7883.T,400,401,400,400,4400
7885.T,1138,1140,1126,1128,7800
7886.T,564,598,564,585,2500
7887.T,1581,1581,1581,1581,600
7888.T,869,870,860,865,97000
7893.T,1090,1091,1083,1084,38800
7896.T,507,507,507,507,300
7897.T,104,105,104,105,127200
7898.T,907,921,897,915,8100
7901.T,854,854,846,854,2200
7902.T,1117,1124,1101,1112,800
7906.T,2500,2529,2413,2419,709700
7908.T,233,237,233,236,103100
7911.T,5070,5125,5024,5078,1015700
7912.T,3103,3125,3054,3082,1219000
7914.T,1727,1749,1716,1741,59700
7915.T,1171,1177,1163,1176,207500
7916.T,1905,1905,1905,1905,0
7917.T,1236,1243,1223,1227,76700
7918.T,106,107,106,107,140000
7919.T,229,229,226,228,2100
7921.T,4010,4035,4000,4025,13100
7927.T,2242,2258,2242,2257,10000
7928.T,614,614,612,612,1400
7931.T,3590,3680,3585,3650,12300
7932.T,11530,11610,11470,11610,4300
7936.T,4030,4109,4002,4020,7153500
7937.T,2555,2562,2513,2551,15400
7938.T,2123,2148,2119,2119,1700
7939.T,603,603,600,602,800
7942.T,2866,2866,2829,2864,42200
7943.T,2930,2959,2900,2944,63500
7944.T,3640,3690,3640,3680,53900
7946.T,366,375,366,370,1800
7947.T,2796,2799,2753,2766,176200
7949.T,2801,2817,2782,2799,54100
7951.T,1221.5,1227,1205,1221,2528400
7952.T,3145,3260,3145,3235,14400
7953.T,398,399,396,399,5700
7955.T,955,955,942,949,53300
7956.T,1923.5,1937.5,1908.5,1937.5,1317900
7957.T,2552,2587,2552,2561,1700
7962.T,785,791,785,787,24200
7963.T,1801,1824,1801,1813,1000
7965.T,1450,1457,1435,1457,83800
7966.T,5250,5370,5200,5320,1039800
7970.T,2158,2205,2156,2200,93100
7971.T,701,704,698,703,61300
7972.T,2467,2467,2430,2457,167600
7974.T,8000,8148,7903,7989,15081200
7975.T,1180,1180,1169,1169,2100
7976.T,3120,3155,3085,3150,51700
7979.T,2180,2191,2139,2177,91300
7980.T,844,844,831,834,12000
7981.T,3040,3065,3020,3065,82200
7983.T,1217,1217,1204,1215,500
7984.T,907.6,922.4,905.5,911.3,1067900
7986.T,1900,1900,1900,1900,0
7987.T,550,555,548,552,50900
7988.T,4926,4971,4880,4898,306100
7989.T,2646,2659,2634,2654,25400
7990.T,2361,2386,2360,2385,57600
7991.T,1066,1083,1066,1080,2900
7992.T,104,104,103,104,18500
7994.T,2332,2344,2325,2333,213900
7995.T,6490,6550,6360,6450,36000
7997.T,1090,1090,1087,1087,900
8001.T,2289,2299.5,2258,2283,16511700
8002.T,5080,5082,4995,5019,4958800
8005.T,1750,1755,1736,1747,258300
8006.T,1530,1530,1441,1480,7200
8007.T,790,793,786,793,106000
8008.T,2068,2077,2044,2068,56500
8011.T,1304,1320,1291,1317,137700
8012.T,1139,1145,1131,1139,688000
8013.T,368,370,368,370,2700
8014.T,4155,4180,4135,4155,19600
8015.T,7400,7482,7290,7430,2791000
8016.T,702,704,699,702,902900
8018.T,830,836,829,830,32300
8020.T,2270,2292,2250,2280.5,571800
8022.T,4050,4075,3905,3910,317400
8023.T,1032,1072,1032,1053,26000
8025.T,1300,1300,1300,1300,200
8029.T,2639,2639,2617,2617,12900
8030.T,3930,3930,3900,3900,1500
8031.T,5144,5151,5072,5093,5770000
8032.T,1203,1220,1199,1220,177700
8035.T,54000,54040,51890,52810,3237900
8037.T,4465,4540,4405,4540,64100
8039.T,3500,3500,3475,3500,1000
8040.T,1048,1048,1046,1046,800
8041.T,4630,4635,4590,4600,3800
8043.T,1499,1514,1488,1513,131900
8045.T,2085,2085,2085,2085,500
8046.T,980,982,972,982,12900
8050.T,9340,9470,8980,9350,691200
8051.T,1900,1919,1887,1919,182200
8052.T,2879,2889,2862,2882,84900
8053.T,1807.5,1828.5,1795,1812,9425700
8056.T,4609,4719,4568,4719,409200
8057.T,2173,2176,2093,2095,157700
8058.T,5001,5045,4944,4987,7541100
8059.T,3625,3630,3585,3620,57400
8060.T,3509,3622,3489,3616,382400
8061.T,2969,2981,2886,2947,105000
8065.T,3300,3455,3255,3425,95500
8066.T,3480,3595,3480,3515,48400
8070.T,942,959,929,955,117000
8074.T,6370,6410,6260,6380,29700
8075.T,3055,3075,3020,3075,40000
8076.T,2104,2108,2076,2087,2600
8077.T,215,215,212,214,5600
8078.T,1921,1930,1890,1911,478100
8079.T,4510,4540,4510,4520,24300
8081.T,2420,2497,2420,2497,50400
8084.T,4665,4695,4605,4680,27700
8085.T,4205,4210,4200,4200,400
8086.T,1420,1446,1410.5,1446,1229600
8088.T,2186.5,2214,2142,2153.5,801100
8089.T,2000,2010,1992,2009,900
8091.T,2362,2390,2362,2375,6800
8093.T,1770,1775,1760,1775,41000
8095.T,515,516,512,515,63100
8097.T,2422,2434,2401,2409,172900
8098.T,4440,4475,4405,4450,119800
8101.T,2597,2607,2574,2589,26700
8103.T,960,965,952,964,85800
8104.T,710,716,708,708,4400
8105.T,78,80,77,79,793600
8107.T,30,31,30,30,38000
8111.T,2070,2095,2055.5,2081.5,531600
8113.T,941.7,950.8,932.7,945.2,5720800
8115.T,1306,1306,1305,1305,700
8117.T,2128,2134,2081,2095,364400
8118.T,1172,1180,1172,1180,1100
8119.T,793,793,793,793,2000
8123.T,1416,1416,1410,1410,800
8125.T,1936,1946,1928,1942,95100
8127.T,540,541,536,537,6300
8129.T,3934,3987,3934,3952,72600
8130.T,3160,3165,3145,3165,103900
8131.T,2384,2469,2384,2421,47600
8132.T,7470,7530,7390,7420,3200
8133.T,2301,2315,2224,2253,126900
8135.T,439,441,437,440,9000
8136.T,1175.5,1185,1155.5,1173.5,18779000
8137.T,4220,4315,4205,4315,39300
8138.T,4245,4245,4245,4245,0
8139.T,2198,2207,2178,2207,2200
8141.T,1567,1568,1567,1567,55100
8142.T,1421,1429,1412,1421,73800
8143.T,143,145,143,144,6400
8144.T,1260,1271,1260,1271,1200
8147.T,1430,1430,1400,1400,1000
8150.T,3150,3200,3140,3175,30800
8151.T,1855,1856,1804,1808,259100
8152.T,7160,7160,7140,7160,600
8153.T,3935,3955,3920,3940,168100
8154.T,4790,4815,4745,4785,97300
8157.T,4090,4135,4070,4130,26100
8158.T,1294,1322,1285,1322,40300
8159.T,3990,4015,3930,4015,21800
8160.T,2453,2468,2446,2455,68800
8163.T,1514,1525,1512,1525,91900
8165.T,103,105,103,103,163100
8166.T,79,79,78,79,18000
8167.T,1394,1408,1390,1400,70100
8173.T,4130,4215,4105,4190,140400
8174.T,3065,3083,3027,3043,249100
8179.T,1351,1363,1344,1349,252800
8181.T,990,993,979,993,10300
8185.T,984,990,978,987,79900
8194.T,2683,2684,2648,2660,210300
8198.T,3370,3370,3315,3340,12500
8200.T,2312,2312,2289,2312,79800
8202.T,147,149,147,149,82400
8203.T,750,759,747,756,56800
8207.T,302,302,301,301,22500
8214.T,1690,1702,1675,1701,185500
8217.T,791,799,789,798,62200
8218.T,3855,3865,3810,3855,74300
8219.T,745,757,741,754,850300
8225.T,3610,3610,3610,3610,100
8226.T,378,381,374,379,165200
8227.T,3219,3220,3188,3201,573900
8230.T,309,311,309,309,6300
8233.T,2081.5,2129.5,2069.5,2118.5,1724000
8237.T,2283,2327,2224,2269,251100
8242.T,2825,2851.5,2805,2842,292300
8244.T,1862,1877,1854,1873,26600
8247.T,321,326,320,325,2300
8252.T,2851.5,2864,2832.5,2862,1112600
8253.T,4520,4582,4502,4581,874300
8254.T,305,344,285,285,1700000
8255.T,1272,1280,1267,1273,116100
8260.T,383,396,381,396,2100
8267.T,1371,1379,1358,1363,10190600
8273.T,981,994,977,990,522100
8275.T,1003,1006,1001,1001,15700
8276.T,2670,2682,2650,2669,86100
8278.T,2045,2062,2040,2057,84300
8281.T,1096,1109,1095,1101,140900
8282.T,1822.5,1870.5,1820.5,1863.5,917200
8285.T,768,788,768,775,74500
8291.T,546,549,544,547,61300
8301.T,21520,21520,21520,21520,0
8303.T,1514.5,1576,1513,1576,2953700
8304.T,3340,3494,3321,3457,1445700
8306.T,3590,3681,3580,3662,36327100
8308.T,2415.5,2501.5,2405.5,2488.5,9814800
8309.T,1726.5,1760.5,1724.5,1757.5,8236700
8316.T,6790,6941,6770,6901,10054500
8331.T,2680,2749.5,2679,2728,4316000
8334.T,2799,2888,2790.5,2855.5,1084300
8336.T,2712,2803,2707,2803,226100
8337.T,2587,2690,2587,2672,84700
8338.T,711,737,709,728,1077500
8341.T,3867,3984,3845,3960,818400
8343.T,8930,9440,8930,9380,169100
8344.T,4555,4880,4555,4860,326500
8345.T,2500,2652,2500,2607,520200
8346.T,967,1005,967,1002,983100
8349.T,1634,1667,1627,1658,18900
8354.T,7594,7798,7587,7768,832500
8358.T,2841,2850,2786,2804,1153000
8359.T,2627,2733.5,2627,2719.5,1248800
8360.T,6900,7240,6900,7200,136400
8361.T,7870,8210,7870,8160,131300
8362.T,7010,7320,7010,7320,108100
8364.T,3015,3140,3015,3140,40500
8365.T,2296,2339,2296,2337,8000
8366.T,2775,2870,2774,2866,420300
8367.T,1890,1954,1888,1943,622600
8368.T,2281,2387,2281,2372,630600
8370.T,4960,5070,4955,5060,163300
8377.T,7914,8252,7914,8219,432600
8381.T,2513,2572,2510,2572,325800
8383.T,1850,1919,1850,1919,27600
8386.T,2972,3060,2970,3055,292900
8387.T,3755,4085,3755,4050,368000
8388.T,9710,10100,9710,9940,132000
8392.T,2915,3025,2911,3015,177300
8393.T,2577,2678,2571,2674,424000
8395.T,6350,6610,6310,6580,48700
8399.T,3125,3235,3105,3225,103500
8410.T,332.6,337,331.7,336.9,3193000
8411.T,8406,8673,8402,8606,7413600
8416.T,1081,1115,1081,1101,17100
8418.T,3115,3213,3111,3204,462900
8421.T,191600,191600,191100,191100,122
8424.T,4406,4437,4400,4415,156500
8425.T,1339,1353,1337,1348,417300
8439.T,2645,2660.5,2626,2641.5,534200
8473.T,3210,3295,3205,3290,3682700
8508.T,735,771,733,766,645200
8511.T,2417,2450,2416,2440,125700
8518.T,156,156,154,156,25800
8522.T,6880,7190,6880,7150,106500
8524.T,1251,1299,1251,1293,1474800
8537.T,3060,3125,3045,3120,25300
8541.T,3135,3300,3135,3265,154500
8542.T,1906,1932,1891,1907,15100
8544.T,2752,2870,2743,2862,295100
8550.T,1034,1074,1033,1074,376400
8551.T,8010,8340,8010,8280,44700
8558.T,1427,1480,1427,1470,83400
8562.T,368,380,368,380,215800
8563.T,1125,1161,1121,1160,78800
8566.T,6760,6830,6750,6810,22800
8570.T,1590,1638,1581,1631,774500
8572.T,477.5,480.3,476.4,479.8,1063300
8584.T,3705,3720,3685,3690,123100
8585.T,836,845,836,843,405000
8591.T,6026,6091,5995,6084,3070100
8593.T,1380,1388.5,1371.5,1380.5,3416900
8595.T,2250,2256.5,2234.5,2252,433300
8596.T,1535,1540,1525,1538,19400
8600.T,1091,1137,1091,1132,508900
8601.T,1807,1843,1798,1837,4332500
8604.T,1635,1668.5,1623.5,1666,8062600
8609.T,1215,1232,1209,1228,287800
8613.T,1292,1299,1277,1294,186700
8614.T,715,722,713,722,369000
8616.T,875,894,872,893,765300
8617.T,606,606,601,606,9500
8622.T,937,956,933,949,238600
8624.T,1696,1715,1687,1709,96400
8628.T,1190,1196,1179,1195,757200
8630.T,6569,6648,6533,6648,2065900
8697.T,2181,2226,2180,2226,2930200
8698.T,712,722,710,722,747800
8699.T,1122,1133,1109,1124,51000
8700.T,2116,2116,2091,2099,700
8704.T,1396,1417,1383,1403,48000
8705.T,220,224,219,222,79400
8706.T,1896,1902,1875,1894,138500
8707.T,4620,4660,4590,4650,73900
8708.T,1740,1748,1721,1732,152400
8713.T,2655,2748,2655,2738,44600
8714.T,1038,1076,1038,1075,820300
8715.T,1017,1023,1004,1018,331800
8725.T,4925,5000,4915,4964,3648000
8729.T,158,160.3,157.7,159,48742200
8737.T,613,616,613,615,17800
8739.T,2582,2595,2570,2588,138100
8742.T,600,649,600,628,27900
8746.T,125,133,122,126,970100
8747.T,2195,2218,2180,2182,6400
8750.T,1813.5,1833,1802.5,1833,7604300
8766.T,7711,7807,7711,7794,4859800
8769.T,503,504,489,492,72300
8771.T,1690,1730,1685,1730,234100
8772.T,900,900,891,898,4300
8783.T,52,55,52,53,599200
8789.T,160,163,160,162,759800
8793.T,4140,4180,4120,4175,17300
8795.T,4701,4869,4701,4842,2083500
8798.T,135,135,132,133,21900
8801.T,1489,1497.5,1475.5,1484,8822400
8802.T,3672,3697,3637,3642,3900000
8803.T,2340,2346,2316,2325,186700
8804.T,3321,3334,3283,3305,912300
8818.T,1116,1125,1115,1120,192000
8830.T,3262,3282,3197,3227,3602800
8835.T,797,797,794,797,3700
8836.T,27,27,26,27,16400
8841.T,990,1002,987,999,44000
8844.T,1221,1228,1216,1220,52400
8848.T,650,662,650,655,978500
8850.T,4645,4670,4615,4630,40300
8860.T,730,734,727,730,55500
8864.T,951,953,939,946,50900
8869.T,815,817,809,812,53400
8871.T,3150,3190,3120,3190,45900
8876.T,2197,2197,2117.5,2141,652000
8877.T,5100,5120,5050,5120,24400
8881.T,653,656,651,654,104500
8887.T,363,363,359,359,136600
8891.T,1982,1990,1969,1970,3400
8892.T,1101,1104,1092,1102,93600
8894.T,21,21,20,20,246500
8897.T,442,445,439,442,491100
8898.T,1130,1131,1122,1130,2900
8904.T,820,821,818,818,16700
8908.T,883,885,880,882,1500
8912.T,158,160,157,158,56500
8914.T,884,884,872,875,38700
8917.T,1080,1085,1048,1065,240500
8918.T,10,11,10,10,308471800
8919.T,3460,3460,3420,3445,191000
8920.T,685,687,678,686,95600
8923.T,1671,1687,1663,1680,234900
8927.T,477,483,477,479,45100
8928.T,2295,2302,2284,2284,8800
8929.T,1352,1352,1331,1335,41600
8931.T,1315,1321,1313,1314,1300
8934.T,2406,2413,2378,2378,160900
8935.T,1950,1956,1924,1940,38200
8938.T,330,336,328,334,600
8944.T,242,246,242,245,20500
8945.T,1082,1085,1081,1085,1000
8946.T,74,75,74,74,20100
8951.T,122000,123500,121500,123000,27147
8952.T,114700,115700,114500,115300,16802
8953.T,112300,113100,112000,112600,10740
8954.T,96000,97300,96000,96600,13826
8955.T,95100,95800,94900,95400,5673
8956.T,126300,127200,126300,126900,1861
8957.T,185100,186400,184900,185700,1845
8958.T,111400,111900,111000,111600,3402
8960.T,157400,157600,156800,157000,4578
8961.T,71300,71600,71100,71300,3315
8963.T,61700,61700,60900,61300,88592
8964.T,76100,76400,75900,76200,7229
8966.T,130200,130800,129800,130400,4840
8967.T,93800,93900,93000,93500,4392
8968.T,170400,173000,170400,172500,976
8972.T,146200,147100,145600,146800,7417
8975.T,92000,92700,91700,92600,4746
8976.T,304000,306000,303500,305500,1297
8977.T,135000,136400,134900,136000,1105
8979.T,183600,185700,183500,185400,462
8984.T,115400,115600,114800,115300,6328
8985.T,84100,84300,83300,83500,18777
8986.T,92700,93400,92300,93400,5516
8987.T,134100,134500,133500,134300,2499
8995.T,1918,2548,1861,2548,1074500
8996.T,1091,1098,1091,1098,1900
8999.T,560,560,556,560,58800
9001.T,2912,2943.5,2910,2933,537900
9003.T,2612,2619,2585,2603,280900
9005.T,1648.5,1675,1645.5,1668,2670100
9006.T,1559.5,1569,1553.5,1563,632000
9007.T,1790,1807.5,1789,1796,1225600
9008.T,790,797.7,788.1,792.8,1663600
9009.T,1397,1406,1384,1395,1950700
9010.T,2626,2677,2614,2648,258300
9012.T,2098,2113,2098,2113,300
9017.T,1996,1996,1990,1990,400
9020.T,3537,3561,3528,3531,2511300
9021.T,3015,3028,2996,2996,1778400
9022.T,3841,3869,3813,3834,1940100
9023.T,1526,1531.5,1518,1519,1529500
9024.T,3589,3634,3566,3566,793900
9025.T,2839,2889,2834,2863,78800
9028.T,3330,3360,3325,3330,16600
9029.T,1813,1821,1800,1821,7900
9031.T,3088,3108,3074,3098,205600
9033.T,633,637,630,635,14100
9034.T,1668,1668,1653,1668,1000
9036.T,1223,1237,1220,1237,1000
9037.T,1810,1820,1798,1803,118900
9039.T,2974,2985,2953,2965,67600
9041.T,3456,3477,3441,3473,606400
9042.T,4688,4700,4637,4648,623700
9044.T,3137,3159,3130,3144,394100
9045.T,3189,3217,3177,3211,239800
9046.T,2466,2481,2462,2464,6400
9048.T,1888,1888,1865,1873,626300
9049.T,6640,6640,6620,6620,500
9051.T,1310,1310,1310,1310,400
9052.T,1994,2001,1987,1991,48800
9057.T,3210,3245,3210,3245,900
9059.T,919,925,918,921,2500
9060.T,4140,4140,4140,4140,100
9063.T,4150,4180,4115,4180,400
9064.T,1926,1971,1923,1963,1188600
9065.T,8001,8100,7922,8004,187300
9068.T,7210,7250,7150,7190,21300
9069.T,2212,2239,2205,2234,233500
9072.T,5081,5133,5070,5115,115000
9073.T,1255,1284,1250,1260,1100
9074.T,5000,5000,4970,4970,400
9075.T,6000,6080,5950,6060,48700
9076.T,2642,2662,2621,2662,336600
9081.T,4015,4030,3965,4000,11000
9082.T,2537,2537,2537,2537,3100
9083.T,1973,1990,1973,1990,1600
9087.T,2300,2300,2245,2250,3800
9090.T,881,895,880,885,304400
9101.T,7175,7343,7135,7198,2203600
9104.T,7007,7136,6949,6980,2340300
9107.T,3313,3389,3278,3300,4493600
9110.T,10500,10500,10480,10480,73000
9115.T,1040,1070,1036,1041,39100
9119.T,1703,1713,1683,1712,269000
9127.T,3355,3425,3355,3380,1700
9130.T,1570,1579,1564,1572,19600
9142.T,3539,3572,3537,3550,626900
9143.T,1459.5,1469.5,1454,1464,1406700
9145.T,580,585,558,564,19000
9147.T,5327,5328,5227,5328,1138200
9158.T,746,760,742,758,16600
9159.T,1952,1960,1937,1956,3800
9160.T,327,332,327,332,16400
9162.T,229,230,228,230,2100
9163.T,2310,2337,2307,2337,11200
9165.T,1743,1757,1733,1752,3700
9166.T,733,737,723,731,470900
9168.T,412,420,411,420,28600
9171.T,1475,1475,1455,1455,2800
9173.T,2815,2824,2815,2822,1200
9193.T,867,869,865,865,2900
9201.T,3025,3035,2976,2992,2490100
92015.T,10170,10170,10145,10145,1000
9202.T,2970,2986,2952.5,2963.5,2948500
92025.T,4780,4780,4772,4780,4100
9204.T,425,431,422,431,116700
9206.T,1934,1989,1932,1989,1500
9211.T,1400,1437,1392,1437,64400
9212.T,276,276,266,273,33700
9213.T,1052,1052,1052,1052,0
9214.T,1300,1300,1300,1300,1200
9215.T,997,999,993,993,600
9216.T,1630,1646,1630,1646,10800
9218.T,775,781,772,776,5900
9219.T,906,906,881,882,8500
9220.T,1364,1364,1308,1310,6700
9221.T,1165,1165,1151,1154,43300
9222.T,50,50,50,50,0
9223.T,433,433,430,431,3100
9225.T,973,974,969,974,500
9227.T,826,827,812,826,76900
9229.T,115,118,111,114,252600
9233.T,1156,1163,1156,1157,5000
9235.T,420,421,408,411,82600
9236.T,1365,1420,1350,1420,6600
9237.T,985,996,967,979,10200
9238.T,370,375,370,373,1300
9240.T,425,433,422,433,5300
9241.T,1285,1298,1260,1264,1600
9242.T,1939,1948,1933,1933,1700
9243.T,480,480,480,480,0
9244.T,1440,1441,1415,1415,7000
9245.T,1955,1955,1951,1951,4000
9246.T,1087,1089,1086,1086,600
9247.T,1817,1831,1791,1805,215000
9248.T,1658,1663,1643,1654,47200
9249.T,1672,1680,1643,1659,9200
9250.T,1012,1012,1012,1012,100
9251.T,1500,1510,1494,1510,34000
9252.T,3980,4060,3980,4055,11400
9253.T,732,732,732,732,100
9254.T,1104,1104,1104,1104,0
9256.T,997,1010,993,1009,24800
9257.T,520,520,520,520,100
9258.T,305,305,292,293,5200
9259.T,857,859,840,850,10900
9262.T,672,676,669,669,16500
9264.T,1588,1589,1581,1588,7700
9265.T,3600,3650,3600,3645,1500
9267.T,3500,3505,3445,3460,64000
9268.T,391,393,387,388,137300
9270.T,1975,1980,1945,1962,34300
9271.T,912,930,910,923,4700
9272.T,1396,1410,1395,1400,2500
9273.T,750,757,747,756,70400
9274.T,1079,1089,1072,1085,222800
9278.T,2739,2758,2686,2727,98900
9279.T,2266,2279,2223,2227,205900
9282.T,30300,30900,30050,30900,518
9284.T,74300,74500,74000,74300,1596
9285.T,38650,39100,38650,38950,635
9286.T,44600,44600,44100,44150,1192
9301.T,1526,1530,1513.5,1521.5,719500
9302.T,3338,3345,3313,3339,184000
9303.T,4110,4125,4070,4105,129700
9304.T,2040,2089,2034,2080,143000
9305.T,2049,2058,2031,2057,68600
9306.T,1995,2009,1995,1995,2400
9307.T,946,947,941,941,2800
9308.T,2036,2108,2036,2100,122300
9310.T,1360,1369,1348,1361,97800
9311.T,8530,8530,7940,8050,1400
9312.T,2848,2862,2841,2841,4200
9313.T,1048,1100,1048,1058,7900
9319.T,1740,1761,1739,1753,15400
9322.T,2441,2445,2427,2434,4800
9324.T,2636,2667,2591,2633,202400
9325.T,1052,1052,1045,1048,8100
9326.T,470,478,470,470,22300
9327.T,187,189,185,189,4100
9330.T,889,889,885,889,1200
9331.T,721,721,721,721,0
9332.T,651,664,650,660,93500
9335.T,1406,1406,1406,1406,0
9336.T,3735,3770,3710,3745,81000
9337.T,1428,1446,1428,1439,4300
9339.T,1439,1440,1439,1440,900
9340.T,804,804,785,789,11700
9341.T,610,611,600,605,124400
9342.T,981,981,981,981,200
9343.T,766,782,766,778,25700
9344.T,1283,1300,1253,1299,45300
9345.T,605,605,592,592,1700
9346.T,1860,1864,1851,1851,4000
9347.T,2906,2929,2905,2909,95300
9348.T,409,414,407,414,352300
9351.T,1938,1939,1928,1938,1100
9353.T,2978,2979,2978,2979,400
9355.T,2210,2210,2210,2210,100
9360.T,2775,2775,2770,2770,200
9361.T,2040,2040,2040,2040,0
9362.T,3775,3775,3705,3705,300
9363.T,535,535,533,533,200
9364.T,4800,4826,4774,4826,351100
9365.T,1662,1662,1662,1662,400
9366.T,1095,1124,1095,1124,9500
9367.T,2050,2051,2050,2050,1300
9368.T,954,956,950,954,10700
9369.T,2933,3005,2925,2963,36100
9376.T,840,841,832,835,3000
9380.T,432,439,432,438,14700
9381.T,2298,2306,2287,2300,11500
9385.T,755,755,748,748,15600
9399.T,14,15,13,14,1527250
9401.T,5690,5721,5664,5688,247600
9404.T,2934,2945.5,2907.5,2945.5,347800
9405.T,875,877,850,852,125000
9408.T,2622,2622,2622,2622,0
9409.T,3050,3140,3045,3125,336900
9412.T,1970,1989,1904,1951,2954100
9413.T,3310,3325,3305,3315,39900
9414.T,902,907,902,907,15400
9416.T,1030,1040,1022,1040,174000
9417.T,339,339,334,339,1700
9418.T,1720,1733,1713,1728,306000
9419.T,292,295,292,292,5300
9421.T,515,516,515,516,1500
9423.T,104,105,104,105,104000
9424.T,117,119,116,118,1313700
9425.T,243,258,239,255,1326500
9428.T,1493,1500,1493,1493,2200
9432.T,172.8,175.5,171.3,175.2,213162900
9433.T,2954,3008,2944,3008,9201100
9434.T,240.1,245,238.7,243.2,90960300
94345.T,3800,3801,3800,3801,2200
94346.T,7573,7580,7565,7580,11800
9435.T,38020,38230,37760,37760,63800
9436.T,4225,4255,4165,4240,102600
9438.T,575,585,575,581,19600
9439.T,225,225,222,222,2500
9441.T,2932,2951,2921,2921,2200
9444.T,264,265,261,261,11900
9445.T,533,533,533,533,200
9446.T,690,693,687,693,1100
9449.T,3775,3863,3760,3836,223000
9450.T,772,780,767,770,32200
9466.T,241,241,239,239,1800
9467.T,1099,1133,1093,1107,93500
9468.T,3540,3600,3510,3599,234900
9470.T,1039,1042,1033,1039,237700
9474.T,896,910,893,910,106100
9475.T,538,544,538,540,3500
9476.T,995,995,987,987,1600
9478.T,511,515,510,513,9500
9501.T,573,576.6,545.5,546.3,42620800
9502.T,3086,3112,3015,3053,2437800
9503.T,2994,3049,2948.5,2957,4415000
9504.T,1086.5,1097,1069,1072.5,2599400
9505.T,1081,1090,1059.5,1070,713300
9506.T,1409.5,1441.5,1395,1423.5,6304000
9507.T,2200.5,2210,2164,2179.5,962900
9508.T,2201.5,2225,2167.5,2185,1565700
9509.T,1135,1150.5,1120,1132.5,1480000
9511.T,1199,1210,1187,1193,217100
9513.T,4177,4193,4104,4132,453700
9514.T,336,338,334,337,72100
9517.T,844,847,831,832,190700
9519.T,897,914,894,909,561400
9531.T,6268,6329,6212,6267,1135000
9532.T,5914,6003,5892,5935,1154500
9533.T,1298,1311,1282.5,1286,617300
9534.T,940,946,927,928,236900
9535.T,435,441,433,439,56300
9536.T,2547,2555,2521,2537,90700
9537.T,4305,4305,4305,4305,200
9539.T,1346,1355,1336,1355,1900
9543.T,1352,1365,1337,1360,129100
9551.T,3085,3100,3035,3065,78400
9552.T,1040,1066,1028,1034,219000
9553.T,593,620,591,619,120200
9554.T,1715,1715,1680,1681,34900
9556.T,2478,2589,2478,2545,115200
9557.T,256,262,250,256,56200
9558.T,1966,1986,1966,1975,2400
9560.T,896,896,875,891,6800
9561.T,419,423,417,422,5600
9562.T,684,720,684,720,11500
9563.T,326,334,326,334,4600
9564.T,554,560,545,557,36500
9565.T,655,656,651,656,1800
9601.T,10980,11050,10880,10900,55400
9602.T,1590,1627,1582,1607,3410600
9603.T,1168,1182,1165,1176,304400
9605.T,5890,5950,5890,5930,38200
9610.T,115,115,111,114,215100
9612.T,1185,1188,1171,1178,38400
9616.T,3160,3192,3125,3134,945400
9619.T,2651,2684,2651,2680,32600
9621.T,3230,3245,3185,3235,58700
9622.T,1405,1407,1395,1401,38000
9625.T,942,947,933,933,2000
9627.T,5825,5923,5800,5905,120200
9628.T,1280,1283,1270,1278,41200
9629.T,1520,1560,1520,1556,21900
9632.T,3500,3550,3480,3505,13400
9633.T,1907,1922,1904,1905,3700
9635.T,2596,2596,2596,2596,100
9636.T,4200,4215,4200,4215,400
9639.T,2363,2373,2363,2366,1900
9640.T,1979,1979,1890,1975,10600
9644.T,749,752,749,749,40100
9647.T,6700,6700,6670,6670,600
9651.T,1962,1980,1942,1966,7500
9656.T,600,601,599,601,4500
9658.T,1048,1070,1047,1070,90500
9661.T,4230,4230,4185,4195,7400
9663.T,5040,5050,5020,5030,13400
9672.T,4870,4910,4830,4900,53300
9678.T,5430,5480,5370,5460,59200
9679.T,2300,2320,2300,2320,500
9682.T,1063,1081,1061,1077,444300
9684.T,2799.5,2861,2782,2855.5,1097100
9685.T,580,580,576,576,400
9686.T,1710,1734,1710,1721,5200
9687.T,4655,4655,4655,4655,400
9691.T,5150,5150,5150,5150,0
9692.T,2274,2302,2251,2277,173300
9697.T,4267,4297,4109,4196,3032000
9698.T,1296,1300,1296,1297,500
9699.T,4600,4605,4550,4605,45800
9701.T,4485,4490,4390,4390,2000
9702.T,2332,2385,2321,2385,14600
9704.T,28,28,27,27,232300
9706.T,5550,5584,5523,5562,1241900
9708.T,957,957,938,949,288600
9709.T,1180,1217,1180,1212,13300
9713.T,919,920,916,917,4700
9715.T,3520,3520,3485,3505,80600
9716.T,1241,1253,1227,1249,253100
9720.T,6450,6450,6450,6450,200
9722.T,2801,2817,2732,2739,205100
9723.T,635,635,633,633,2600
9726.T,1871,1906,1871,1898,28100
9729.T,2468,2528,2468,2515,29700
9731.T,3405,3405,3380,3380,500
9733.T,2297,2307,2288,2291,9900
9735.T,6282,6316,6251,6316,1614700
9739.T,2626,2647,2613,2635,19300
9740.T,2621,2662,2621,2653,17100
9742.T,2033,2050,2001,2049,19800
9743.T,1473,1485,1456,1481,304500
9744.T,3260,3295,3251,3295,399300
9746.T,3995,4055,3985,4055,47100
9753.T,1388,1396,1363,1384,4600
9755.T,2835,2852,2809,2818,48800
9757.T,1163,1165,1149,1158,197500
9759.T,2760,2834.5,2760,2813.5,259600
9760.T,119,120,119,119,4700
9761.T,2450,2450,2424,2424,3500
9763.T,1268,1281,1268,1270,7000
9765.T,1172,1173,1163,1172,21900
9766.T,20305,20490,20210,20350,501600
9767.T,1643,1650,1625,1650,2500
9768.T,3760,3800,3760,3780,11100
9769.T,2556,2574,2545,2550,12500
9778.T,5500,5500,5500,5500,100
9780.T,1146,1160,1129,1129,15500
9782.T,3410,3430,3380,3425,40500
9788.T,512,516,511,513,36500
9790.T,2948,2968,2925,2968,32200
9791.T,1185,1187,1180,1187,6100
9793.T,3630,3740,3615,3680,198900
9795.T,2262,2279,2253,2272,9600
9799.T,939,946,925,933,5100
9812.T,242,242,242,242,800
9816.T,248,250,246,248,900
9818.T,1541,1545,1541,1545,1500
9820.T,3765,3765,3685,3725,1400
9823.T,1007,1007,996,1003,105200
9824.T,8000,8090,7640,7700,68000
9827.T,627,631,627,628,6300
9828.T,3360,3390,3320,3390,64200
9830.T,2344,2380,2333,2373,91100
9831.T,691,716.7,690.5,712.1,5895700
9832.T,1555,1564,1550,1562,250900
9835.T,510,511,508,509,3500
9837.T,1763,1775,1751,1775,24400
9842.T,1853,1885,1850,1883,139700
9843.T,3265,3325,3239,3267,3049600
9845.T,1347,1349,1331,1346,5600
9846.T,985,985,979,984,10200
9849.T,4520,4520,4520,4520,0
9850.T,985,987,980,983,54700
9853.T,911,911,908,909,800
9854.T,280,285,280,281,38300
9856.T,1210,1221,1205,1216,25100
9857.T,2583,2583,2583,2583,300
9861.T,3813,3813,3754,3786,343200
9867.T,10440,10440,10220,10220,500
9869.T,6630,6770,6630,6730,28300
9872.T,955,955,945,948,3500
9876.T,220,220,217,218,19200
9878.T,416,418,414,415,4300
9880.T,3330,3395,3325,3380,133800
9882.T,1720,1726,1715,1718,129900
9885.T,332,332,327,332,13500
9887.T,5300,5340,5270,5280,36100
9888.T,1226,1233,1210,1230,42500
9889.T,1562,1587,1557,1583,144600
9890.T,1429,1479,1429,1440,13300
9895.T,1275,1276,1275,1276,200
9896.T,1400,1400,1365,1378,31600
9900.T,1112,1130,1109,1126,149300
9902.T,3020,3040,3015,3040,48400
9903.T,895,896,893,893,700
9904.T,245,246,243,244,5800
9906.T,4350,4350,4255,4260,2100
9908.T,2794,2818,2765,2818,18300
9913.T,3660,3675,3625,3640,6200
9928.T,2005,2016,1985,2005,40200
9929.T,472,476,472,476,200
9930.T,399,404,399,404,5800
9932.T,1273,1294,1269,1289,24400
9934.T,3028,3040,2988,3031,148800
9936.T,2962,2962,2938,2943,292000
9941.T,1240,1260,1239,1241,15100
9946.T,1793,1799,1780,1796,49300
9948.T,3680,3690,3655,3660,112900
9950.T,3435,3435,3415,3425,3400
9955.T,2810,2811,2806,2806,500
9956.T,3210,3230,3190,3210,118000
9959.T,954,956,947,954,12900
9960.T,4120,4150,4050,4095,74500
9962.T,3511,3554,3496,3539,1149100
9969.T,237,237,235,237,5700
9972.T,274,279,269,279,20600
9973.T,20,21,20,20,183000
9974.T,6720,6750,6670,6710,19700
9976.T,1070,1072,1069,1072,600
9978.T,44,45,44,44,18400
9979.T,1048,1054,1046,1051,38900
9980.T,95,95,94,95,33900
9982.T,2700,2749,2676,2720,9000
9983.T,65810,66810,65370,66810,1531300
9984.T,6630,6894,6605,6810,83731600
9986.T,2496,2504,2492,2504,2700
9987.T,5200,5215,5182,5197,185000
9989.T,3700,3708,3665,3671,493700
9990.T,748,749,745,746,60000
9991.T,1772,1792,1755,1785,38200
9993.T,1159,1160,1151,1155,5100
9994.T,2036,2036,2012,2016,19800
