symbol,open,high,low,close,volume
1301.T,4600,4655,4590,4625,38900
1305.T,4179,4247,4171,4236,155020
1306.T,412.6,420.3,412.6,419.7,14757050
1308.T,4084,4151,4074,4149,372079
1309.T,53030,54110,53020,54110,116
130A.T,436,436,430,434,7400
1311.T,2097,2112,2078,2105,15422
1319.T,748,748,748,748,0
131A.T,1737,1737,1737,1737,0
1320.T,65300,66100,65070,66100,35889
1321.T,65500,66320,65260,66250,392048
1322.T,11120,11455,11120,11455,7042
1325.T,297,297,295,297,27290
1326.T,61170,61590,60910,61460,7000
1328.T,15745,15865,15690,15825,31826
1329.T,6551,6637,6531,6636,705878
132A.T,220,220,220,220,0
1330.T,65370,66400,65350,66340,51272
1332.T,1164.5,1173,1158.5,1170,1775500
1333.T,1258,1275,1255,1271.5,470500
133A.T,1048,1050,1045,1047,283263
1343.T,1902.5,1902.5,1884.5,1888.5,1451140
1345.T,1780,1785,1761,1761,40421
1346.T,65470,66330,65250,66260,39870
1348.T,4118,4185,4111,4182,60621
1349.T,17085,17150,17085,17145,20
134A.T,1500,1500,1500,1500,0
1356.T,112.4,112.6,108.7,108.8,4692190
1357.T,2973,2990,2912,2915,5880760
1358.T,119700,123500,119450,123450,11425
135A.T,4380,4445,4305,4395,60700
1360.T,73.3,73.6,71.5,71.5,200942180
1364.T,3649,3707,3638,3707,6295
1365.T,3911,3996,3884,3988,358714
1366.T,75,76,73,73,1797251
1367.T,2868,2983,2867,2980,98994
1368.T,164,164,157,157,128100
1369.T,63570,64500,63450,64500,9049
1375.T,1160,1170,1158,1170,40700
1376.T,1545,1560,1541,1541,15200
1377.T,4350,4380,4335,4360,104300
1379.T,2064,2078,2048,2075,71900
137A.T,706,736,697,717,1600
1380.T,999,1001,999,1001,200
1381.T,3585,3615,3560,3615,6300
1382.T,874,900,874,895,2200
1383.T,2999,2999,2992,2992,300
1384.T,2185,2187,2150,2161,12700
138A.T,3110,3110,3090,3090,500
1397.T,63910,64830,63840,64760,20281
1398.T,1811,1851,1778.5,1778.5,247650
1399.T,3169,3186,3149,3176,2162
139A.T,3350,3350,3350,3350,0
1401.T,1306,1315,1306,1314,1500
1407.T,2163,2266,2145,2220,573600
140A.T,2056,2056,2053,2054,46
1414.T,1231,1249,1231,1241,1018400
1417.T,3456,3537,3456,3512,307900
1418.T,576,577,571,576,33400
1419.T,2877,2877,2846,2852,102600
141A.T,3915,4030,3850,3945,612100
1420.T,630,633,630,630,16200
1429.T,788,794,783,786,71500
142A.T,831,831,829,829,2900
1430.T,1018,1026,1016,1019,8500
1431.T,653,655,650,650,14700
1433.T,1226,1226,1198,1204,88100
1434.T,1566,1581,1540,1566,34900
1435.T,173,175,171,171,440000
1436.T,1690,1719,1652,1678,100200
1438.T,2269,2297,2263,2297,1700
143A.T,733,733,705,705,1900
1443.T,268,273,267,268,29600
1444.T,2680,2705,2671,2671,1900
1446.T,538,539,537,537,2100
1447.T,354,368,354,357,40200
144A.T,450,450,450,450,0
1450.T,1450,1460,1441,1460,1100
1456.T,1316,1318,1298,1298,46261
1457.T,1819,1824,1791,1792,15389
1458.T,75670,77360,75150,77260,122045
1459.T,120,122,117,117,6331082
145A.T,896,900,890,890,2600
1466.T,209,209,205,206,1724
1469.T,196.5,198,190.8,193,13660
146A.T,3550,3560,3405,3440,91700
1472.T,80,80,77,79,11989
1473.T,4041,4105,4041,4096,6540
1474.T,36350,36530,36350,36530,8
1475.T,406.7,413.7,406.3,413.5,5508840
1476.T,1830,1830,1805,1807,156905
1477.T,3300,3400,3289,3305,13187
1478.T,5276,5331,5226,5319,17519
1479.T,49500,49500,49500,49500,0
147A.T,957,972,943,968,94800
1480.T,39560,39560,39560,39560,0
1481.T,3809,3852,3809,3852,25
1482.T,1512,1515,1510,1514,29031
1483.T,3806,3806,3806,3806,165
1484.T,3728,3806,3728,3802,300
1485.T,53550,53550,53550,53550,1
1486.T,22585,22610,22555,22565,4359
1487.T,11565,11580,11545,11565,1148
1488.T,1818,1818,1792,1798,146862
1489.T,3464,3531,3452,3524,383328
148A.T,1682,1708,1682,1690,1700
1490.T,7970,7970,7970,7970,0
1491.T,707,710,704,706,10500
1493.T,25400,25400,24835,24990,256
1494.T,42870,43410,42790,43410,3205
1495.T,10920,10960,10810,10880,831
1496.T,1613,1613,1606,1611,3936
1497.T,1726,1726,1722,1724,4796
1498.T,32020,32020,32020,32020,5
1499.T,9380,9384,9299,9350,65
149A.T,800,800,786,800,3800
150A.T,770,796,754,779,208800
1514.T,635,641,630,633,221000
1515.T,3400,3445,3330,3340,840500
1518.T,2250,2254,2216,2223,715400
151A.T,646,646,622,634,16900
152A.T,1186,1186,1186,1186,0
153A.T,1590,1668,1570,1632,149700
1540.T,19960,20120,19900,20050,266246
1541.T,8013,8081,7995,8065,29140
1542.T,28400,28620,28300,28590,62204
1543.T,57560,58200,57400,58200,508
1545.T,226.6,227.5,226.2,227.5,2981250
1546.T,78330,78520,78220,78520,716
1547.T,12765,12800,12745,12800,3163
154A.T,6610,6610,6610,6610,0
1550.T,7880,7880,7832,7832,892
1551.T,7129,7129,7129,7129,0
1554.T,6610,6622,6600,6602,525
1555.T,2270,2270,2221,2222,1098
1557.T,118000,118000,117200,118000,632
1559.T,4635,4668,4621,4645,219
155A.T,803,816,796,796,19700
1560.T,6201,6210,6130,6205,323
1563.T,2419,2420,2350,2380,7424
1566.T,51860,51960,51790,51790,624
1568.T,932.9,965.6,932.3,964,2135210
1569.T,761.8,761.8,747.8,749.5,112070
156A.T,839,848,832,843,45600
1570.T,63380,64800,62950,64650,3018073
1571.T,310,310,305,305,2010408
1572.T,6535,6568,6466,6568,520
1573.T,8219,8265,8188,8218,100
1577.T,58600,59620,56700,59620,1995
1578.T,5044,5120,5031,5120,68736
1579.T,684.4,700,680,699.3,18842760
157A.T,705,728,705,728,22300
1580.T,820.5,821,809,810,238490
1585.T,2587,2588,2587,2588,490
1586.T,2988,3020,2988,3020,37
158A.T,2227,2227,2227,2227,0
1591.T,35790,36290,35700,36120,18078
1592.T,3280,3325,3278,3318,3599
1593.T,36690,37160,36650,37120,5296
1595.T,1801,1822,1795,1795,401791
1596.T,3000,3000,3000,3000,1
1597.T,1795,1806,1783,1789,126911
1599.T,36440,36910,36440,36910,36
159A.T,720.2,742.9,715,725.7,17540
1605.T,3947,4008,3903,3930,9572900
160A.T,1926,1938,1920,1921,6700
1615.T,759.2,773.3,749.3,770.3,8271090
1617.T,47350,47350,46650,47110,788
1618.T,37900,37980,37190,37450,1070
1619.T,43930,43990,43370,43860,460
161A.T,1125,1125,1125,1125,0
1620.T,35500,35540,35110,35520,241
1621.T,29290,29420,29045,29360,759
1622.T,33090,34270,33040,34090,333
1623.T,63010,63240,62090,62720,1217
1624.T,80020,80280,78810,80270,367
1625.T,60000,61150,60000,61130,350
1626.T,47370,48560,45970,48370,876
1627.T,12815,12945,12255,12805,2956
1628.T,21870,22020,21595,21935,231
1629.T,270,280.1,267,278.7,2327870
162A.T,15985,16425,15585,16425,1106
1630.T,36310,36310,35920,36030,522
1631.T,41000,41810,40000,41610,2646
1632.T,42080,43280,42080,43080,438
1633.T,47880,48120,47640,47990,608
163A.T,18000,18290,17980,18270,6453
164A.T,1980,1980,1980,1980,0
1651.T,3200,3296,3180,3281,14814
1652.T,4916,4916,4916,4916,10
1653.T,5125,5125,5125,5125,0
1654.T,3340,3340,3340,3340,0
1655.T,845,847.5,844.6,846.2,1634970
1656.T,295.9,296.2,295.2,295.6,1338260
1657.T,7041,7041,7020,7026,274
1658.T,4251,4270,4221,4250,3160
1659.T,3673,3691,3672,3678,4289
1660.T,10355,10400,10270,10270,1860
1662.T,1882,1946,1877,1921,2304800
1663.T,1936,1951,1922,1926,158000
166A.T,1056,1065,1048,1063,248100
1671.T,6213,6236,6058,6085,701866
1673.T,8920,8970,8850,8960,6190
1674.T,24870,25070,24800,24880,317
1675.T,18140,18345,17940,18345,1225
1676.T,42500,42500,41530,41990,18
1677.T,57510,57590,57510,57590,70
1678.T,290.7,291.8,289.7,291,759060
1679.T,65220,65220,65220,65220,0
167A.T,3105,3170,3105,3170,143900
1680.T,8051,8070,8043,8043,547
1681.T,3325,3325,3300,3313,1132
1684.T,2695,2700,2690,2690,110
1686.T,3030,3030,3030,3030,10
1689.T,702,706,697,701,67045
168A.T,1077,1092,1077,1088,1400
1690.T,2700,2729.5,2652.5,2652.5,4260
1691.T,16330,16730,16020,16045,71
1692.T,670.1,680,670.1,680,2100
1693.T,8819,8819,8560,8617,20220
1694.T,2230,2252,2219,2219,160
1695.T,3548,3600,3540,3577,5475
1698.T,4325,4341,4270,4326,16532
1699.T,706.9,711.5,693.5,698.1,940590
170A.T,3117,3117,3015,3067,217
1711.T,247,249,245,246,23100
1716.T,1367,1375,1358,1366,23100
1717.T,934,937,932,932,6700
1718.T,7120,7120,7000,7110,2200
1719.T,1840,1882,1837.5,1862,846800
171A.T,2167,2167,2167,2167,0
1720.T,1165,1194,1164,1179,239000
1721.T,5267,5404,5257,5372,669200
1723.T,2477,2531,2450,2485,191600
1724.T,715,718,707,707,3900
172A.T,2234,2234,2234,2234,0
1736.T,2400,2402,2380,2382,1800
173A.T,1543,1569,1525,1565,2300
1758.T,2400,2400,2257,2370,11100
175A.T,629,631,619,627,7100
1762.T,4030,4090,4000,4055,40300
1764.T,2680,2680,2680,2680,200
1766.T,13230,13620,13230,13490,19000
1768.T,1023,1025,1020,1021,5600
1770.T,2278,2278,2236,2268,1800
1773.T,88,91,88,91,11000
177A.T,828,832,826,832,2200
1780.T,1481,1486,1477,1479,29700
1783.T,72,78,68,78,9675900
1786.T,347,351,345,347,414700
1787.T,5610,5610,5610,5610,100
1788.T,4060,4060,4060,4060,0
178A.T,1592,1597,1589,1591,12436
1793.T,2080,2100,2080,2080,1700
1795.T,5700,5800,5700,5800,400
1798.T,1060,1060,1050,1050,1800
1799.T,3270,3270,3220,3250,24400
179A.T,235.8,237.6,235.3,237.6,18780
1801.T,12150,12600,12150,12470,881500
1802.T,2980,3047,2963,3012,3346400
1803.T,2350,2413,2346,2360,4412100
1807.T,1928,1948,1928,1948,1000
1808.T,2702,2743,2690.5,2719.5,1113900
180A.T,268.3,268.7,267.9,268.4,863300
1810.T,1420,1438,1418,1429,38500
1811.T,7430,7570,7430,7490,900
1812.T,4861,5002,4861,4897,2760500
1813.T,2817,2913,2816,2875,58800
1814.T,3465,3515,3440,3485,77100
1815.T,4410,4510,4385,4420,101400
181A.T,514.6,514.6,513.8,513.8,1171090
1820.T,5420,5525,5420,5479,103300
1822.T,815,826,813,823,168000
1826.T,1079,1079,1071,1071,2800
1827.T,1313,1314,1293,1311,7100
1828.T,2405,2454,2405,2425,24300
182A.T,464.8,464.8,464,464.6,3900
1833.T,5600,5700,5600,5650,171700
1835.T,3810,3885,3805,3860,83800
183A.T,421.2,422.3,421.1,421.3,720
1840.T,264,264,257,259,25500
1844.T,469,475,460,462,333400
1847.T,3295,3335,3260,3310,24800
1848.T,759,759,754,755,4700
184A.T,322,336,322,323,4900
1850.T,424,430,422,427,13800
1852.T,865,879,865,871,406300
1853.T,322,323,321,321,14100
185A.T,886,886,886,886,0
1860.T,1461.5,1488.5,1458,1472,849400
1861.T,1270,1293,1268,1278,819900
1866.T,1146,1146,1124,1138,21000
1867.T,2700,2700,2670,2675,4100
186A.T,1001,1018,995,1010,2717100
1870.T,2095,2114,2081,2104,105400
1871.T,2116,2166,2108,2137,151300
1873.T,302,303,301,302,80300
1878.T,3250,3314,3250,3298,1550100
1879.T,2211,2248,2209,2236,408800
1882.T,1570,1593,1565,1585,421700
1885.T,2011,2083,2006,2067,497800
1887.T,541,548,540,543,214600
1888.T,3505,3590,3505,3580,21900
188A.T,812,819,811,817,4140
1893.T,1419.5,1466,1415,1438,1930800
1897.T,3310,3310,3310,3310,300
1898.T,1470,1480,1464,1473,133400
1899.T,4520,4615,4435,4585,50200
189A.T,1045,1050,1028,1042,3600
1904.T,5160,5170,5100,5110,27100
1905.T,1440,1445,1440,1445,400
1909.T,16278046720,16300044288,16278046720,16278046720,0
190A.T,69,70,68,69,101000
1911.T,1224,1231,1214,1218,9363000
1914.T,799,806,794,797,25600
1921.T,1848,1899,1844,1881,8300
1925.T,4526,4623,4526,4598,1917900
1926.T,3750,3795,3735,3760,183600
1928.T,3302,3361,3300,3361,3209500
1929.T,1198,1213,1191,1202,103300
192A.T,1266,1295,1258,1295,1700
1930.T,1540,1564,1530,1552,51000
1934.T,2570,2612,2565,2587,111500
1938.T,2503,2591,2500,2569,88700
1939.T,2251,2295,2243,2269,71100
1941.T,5100,5170,5060,5120,107300
1942.T,5412,5508,5410,5433,484300
1944.T,6687,6837,6682,6756,517500
1945.T,2073,2106,2045,2073,251700
1946.T,2174,2202,2154,2154,241500
1948.T,11420,11430,11420,11430,4700
194A.T,1792,1792,1791,1791,147600
1950.T,4015,4030,3940,3965,111200
1951.T,2518.5,2546.5,2517,2540.5,445500
1952.T,3095,3160,3075,3140,165400
1959.T,7744,7919,7724,7887,172500
195A.T,655,670,637,656,30100
1960.T,1623,1667,1600,1651,14000
1961.T,2288,2323,2265,2299,599500
1963.T,2288.5,2328.5,2258,2312,1986400
1964.T,3795,3830,3760,3805,39800
1965.T,6810,7020,6750,6970,54300
1966.T,1722,1730,1712,1730,1500
1967.T,2070,2093,2061,2090,12400
1968.T,2474,2545,2470,2513,134300
1969.T,4326,4437,4325,4395,537900
196A.T,316,320,310,317,120300
1972.T,1307,1311,1292,1298,17000
1975.T,3750,3815,3725,3740,95700
1976.T,1680,1711,1676,1686,83900
1979.T,3620,3725,3620,3700,239400
197A.T,501,505,500,502,184000
1980.T,2657,2707,2637,2653,539800
1981.T,1337,1337,1328,1328,3600
1982.T,2989,3115,2980,3075,87800
198A.T,161,163,160,161,20900
1992.T,2986,2986,2986,2986,0
1994.T,624,626,617,620,6800
1997.T,3980,3980,3980,3980,0
199A.T,1350,1350,1350,1350,0
2001.T,2922,2980,2917,2970,171500
2002.T,2030,2050,2022.5,2039.5,1282000
2003.T,1838,1866,1837,1860,27800
2004.T,3845,3940,3840,3925,74400
2009.T,1095,1101,1091,1098,10200
200A.T,4195,4230,4129,4198,1993719
2011.T,836.4,848,832.6,842.3,37130
2012.T,235.2,235.5,234.6,234.9,55270
2013.T,302.4,302.5,301,301.6,108800
2014.T,308,308,306.8,307.5,27720
2015.T,2032,2033,2029,2029,3401
2016.T,1721,1724,1719,1720,302577
2017.T,1497,1499,1480,1499,18950
2018.T,1220,1220,1215,1216,70
2019.T,971,980,966,980,9903
201A.T,171,172.6,170.7,171,259580
2034.T,1986,1986,1862,1862,46828
2038.T,2720,2739,2561,2616,272458
2039.T,488,495,474,486,1438713
203A.T,160,160,160,160,0
2042.T,8076,8076,8076,8076,5
2044.T,33650,33650,33240,33640,17
2046.T,22205,22735,22205,22500,897
2047.T,3404,3467,3380,3380,61
204A.T,1250,1250,1250,1250,0
2050.T,31850,31850,31850,31850,0
2053.T,1973,2012,1967,2010,79300
2055.T,344,344,340,344,6900
205A.T,1625,1625,1604,1610,21700
2060.T,1431,1466,1427,1453,91500
2067.T,28185,28185,27850,27850,60
206A.T,163,166,160,162,123200
2070.T,15825,15825,15825,15825,6
2071.T,19230,19230,19210,19210,538
2072.T,22360,22360,22360,22360,0
2073.T,15510,15510,15510,15510,1
207A.T,1400,1400,1400,1400,0
2080.T,2030,2054,2012,2050,364352
2081.T,2131,2131,2095,2125,187
2082.T,1200,1216,1200,1216,61
2083.T,3841,3880,3817,3840,3193
2084.T,3815,3834,3760,3834,13989
2085.T,772,780,767,776.7,18550
2086.T,3032,3035,3025,3035,24
2087.T,3394,3413,3394,3412,1828
2088.T,2617,2625,2617,2623,3428
2089.T,2809,2812,2803,2809,222
208A.T,2857,2883,2856,2865,3600
2090.T,4236,4241,4233,4240,20844
2091.T,4418,4418,4404,4412,29
2092.T,4434,4437,4433,4433,225016
2093.T,5132,5143,5131,5133,42203
2094.T,795,800,788,799,173970
2095.T,1158,1158,1148,1152,17930
2096.T,1000,1000,983,985,23909
2097.T,939,939,918,920,8717
2098.T,970,971,960,962,31828
209A.T,780,780,780,780,0
2108.T,5210,5270,5170,5190,37100
2109.T,3800,3835,3795,3805,68400
210A.T,1552,1552,1533,1538,123533
2112.T,462,466,457,462,41500
2114.T,672,675,670,674,11300
2117.T,2800,2821,2800,2814,22600
211A.T,3415,3435,3245,3350,17000
2120.T,228,231,227,228,595600
2121.T,3575,3680,3565,3650,316300
2122.T,1450,1466,1450,1452,4300
2124.T,949,962,933,956,520100
2127.T,617,628.6,608.6,627.9,6518500
212A.T,2865,2865,2791,2800,152600
2130.T,880,886,875,881,90000
2134.T,20,21,19,20,4355600
2136.T,1405,1417,1403,1404,800
2138.T,419,445,417,420,53000
2139.T,521,521,515,519,1300
213A.T,389.8,390.1,381.2,387.9,801920
2146.T,220,222,218,219,4453000
2148.T,1140,1154,1138,1147,36500
2152.T,1500,1500,1498,1498,200
2153.T,1820,1832,1811,1817,48600
2154.T,1913,1944,1905,1923,268800
2156.T,276,278,273,274,3800
2157.T,978,988,975,977,465800
2158.T,609,613,605,609,146900
215A.T,1308,1355,1266,1300,11337000
2160.T,2852,2901,2841,2897,787000
2163.T,935,951,930,935,82200
2164.T,114,115,112,115,76600
2168.T,1551,1559,1524,1532,149200
2169.T,1723,1730,1723,1730,1300
216A.T,1250,1250,1250,1250,0
2170.T,661,663,646,647,222800
2173.T,713,713,705,705,6600
2175.T,2500,2598,2500,2583,440300
2179.T,825,825,820,820,600
217A.T,382,382,382,382,0
2180.T,1886167168,1886167168,1886167168,1886167168,0
2181.T,284,288,278,284.1,10303400
2183.T,202,204,202,203,17700
2185.T,1978,1978,1942,1942,1800
2186.T,900,900,897,897,3100
218A.T,1120,1138,1113,1123,192600
2193.T,128,128,125,127,279900
2195.T,359,384,352,353,215500
2198.T,770,782,762,772,37500
219A.T,2261,2283,2233,2271,284200
2201.T,2440,2455.5,2437.5,2442,344600
2204.T,3115,3130,3105,3115,9900
2206.T,4986,5011,4952,4984,149500
2207.T,3400,3410,3335,3390,51900
2208.T,3100,3110,3055,3085,8900
2209.T,2362,2374,2353,2353,25800
220A.T,935,938,921,921,4200
2211.T,2489,2510,2484,2496,27700
2212.T,3841,3898,3834,3867,569100
2215.T,617,621,610,611,13000
2216.T,1076,1076,1062,1066,50700
2217.T,1481,1488,1478,1478,39700
221A.T,1080,1103.5,1075,1093,119460
2220.T,1339,1361,1335,1349,181900
2221.T,3040,3060,3030,3060,5800
2222.T,2543,2558,2521,2543.5,745300
2224.T,3680,3700,3680,3700,900
2226.T,4905,4920,4890,4915,1500
2229.T,3030,3038,3004,3009,332100
222A.T,60,60,60,60,0
2235.T,3492,3496,3485,3494,754
2236.T,1424,1424,1412,1412,13415
2237.T,2400,2405,2383,2405,13024
2238.T,5305,5312,5288,5288,2614
2239.T,26010,26235,26000,26235,2007
223A.T,1755,1755,1738,1744,4539
2240.T,5357,5358,5336,5336,531
2241.T,896,897,895.9,896.9,2160
2242.T,675.4,675.4,670,672.7,110
2243.T,4227,4262,4213,4259,154258
2244.T,3453,3465,3445,3463,105817
2245.T,684,684,684,684,10
2247.T,2202,2209,2202,2205,5911
2248.T,2740,2740,2718,2728,2441
2249.T,9597,9602,9534,9538,1151
224A.T,1600,1612,1583,1599,11841
2250.T,374.7,374.7,360.7,363.3,160
2251.T,910.9,913.7,909.5,911.8,26630
2252.T,1393,1393,1383,1384,6050
2253.T,1305,1313,1305,1310,2933
2254.T,995,1020,960,970,23376
2255.T,191.6,192.5,191,192.5,266450
2256.T,211.9,212.1,211.5,211.6,53630
2257.T,212.8,212.9,212.5,212.6,16350
2258.T,218.5,218.9,218,218.2,24330
2259.T,175.9,175.9,175.1,175.8,706100
2264.T,1097,1128.5,1093,1106,2879700
2266.T,1087,1110,1083,1109,77300
2267.T,2790.5,2825,2778,2816,936100
2268.T,4050,4060,4045,4060,4600
2269.T,4244,4325,4230,4257,1055300
226A.T,600,600,600,600,0
2270.T,3655,3720,3640,3700,128300
227A.T,1230,1230,1230,1230,0
2281.T,2376,2398,2371,2390,141300
2282.T,6053,6247,6053,6247,806000
2286.T,888,890,881,890,7500
2288.T,2241,2266,2238,2241,156100
228A.T,1691,1731,1680,1680,1100
2291.T,510,510,509,509,1000
2292.T,2731,2766,2712,2717,200900
2293.T,2701,2701,2680,2700,2100
2294.T,2500,2511,2480,2480,48700
2296.T,4950,5000,4935,5000,103900
229A.T,760,760,760,760,0
2300.T,498,499,497,498,2800
2301.T,1632,1642,1617,1632,104600
2303.T,1360,1379,1345,1350,13400
2304.T,903,904,898,902,5400
2305.T,1833,1847,1822,1838,31700
2307.T,1028,1033,1019,1028,32900
2311.T,793,793,783,785,5000
2315.T,67,67,66,66,3709400
2317.T,420,427,420,425,1103600
2321.T,178,183,156,161,3155200
2323.T,323,332,314,332,68200
2325.T,4560,4620,4510,4535,21000
2326.T,4400,4555,4385,4485,158400
2327.T,3800,3843,3787,3810,223300
2329.T,495,495,492,495,46400
2330.T,107,107,99,99,2197000
2331.T,1205,1224,1198,1216.5,1215800
2332.T,1660,1698,1648,1659,12500
2334.T,570,581,564,574,517000
2335.T,1095,1100,1083,1096,39700
2337.T,397,405,397,401,916200
2338.T,121,123,118,118,380300
233A.T,1754,1754,1743,1747,39094
2340.T,522,522,519,521,22900
2341.T,172,172,171,172,5200
2342.T,254,260,252,260,53700
2345.T,108,112,108,109,95900
2349.T,2465,2465,2465,2465,0
234A.T,1474,1480,1459,1478,997
2351.T,326,355,326,345,19700
2353.T,261,262,256,258,2184900
2354.T,1320,1333,1300,1329,395300
2359.T,2059,2078,2056,2073,14900
235A.T,1400,1427,1389,1409,31898
236A.T,436.4,436.5,435.5,435.8,107990
2370.T,24,25,24,24,247800
2371.T,3823,3823,3772,3796,651800
2373.T,411,418,402,402,18800
2375.T,200,206,196,201,353800
2376.T,773,773,773,773,200
2378.T,1052,1053,1041,1042,28900
2379.T,1802,1809,1796,1797,244200
237A.T,139,139.6,138.8,139.5,956250
2384.T,4770,4830,4770,4810,48300
2385.T,213,215,213,213,13100
2388.T,33,34,33,33,14000
238A.T,118,118.7,117.6,118.1,843530
2391.T,1172,1174,1170,1174,2500
2393.T,4270,4270,4200,4260,1600
2395.T,1300,1317,1297,1305,114200
239A.T,450,450,450,450,0
2404.T,525,526,523,523,8900
2408.T,813,817,808,808,2300
2410.T,2800,2826,2783,2811,33300
2411.T,473,473,467,470,6300
2413.T,1666.5,1703,1662.5,1690,3721700
2415.T,1615,1649,1601,1649,15500
2418.T,591,595,585,588,98700
241A.T,416,419,415,415,4400
2424.T,597,597,595,597,4100
2425.T,670,680,665,680,5400
2428.T,623,626,621,623,29700
2429.T,2713,2758,2709,2738,65100
2432.T,2477,2502.5,2466.5,2496,1055900
2433.T,1287,1308,1273,1302,1031800
2435.T,207,208,205,208,19100
2436.T,555,562,542,558,55300
2437.T,609,624,609,609,29400
2438.T,328,329,325,329,73400
243A.T,1122,1122,1122,1122,0
2440.T,120,121,119,121,182400
2445.T,390,393,389,392,70900
2449.T,1060,1064,1049,1050,4000
244A.T,1152,1152,1150,1150,900
2454.T,354,355,350,351,9200
2459.T,187,197,173,174,424000
245A.T,2499,2521,2481,2486,1800
2461.T,386,386,382,382,140700
2462.T,1490,1508,1490,1501,23500
2464.T,377,377,359,361,19300
2469.T,2798,2844,2770,2790,9600
246A.T,927,934,921,927,3000
2471.T,266,269,261,263,507100
2475.T,1731,1747,1728,1733,16200
2477.T,3195,3240,3175,3200,7300
2479.T,259,261,253,260,126300
247A.T,1010,1032,991,1015,709600
2480.T,1799,1799,1795,1798,600
2481.T,685,689,685,689,1200
2483.T,2150,2179,2145,2151,8400
2484.T,154,156,152,155,341300
2485.T,444,446,443,444,39900
2488.T,1402,1421,1395,1398,28000
2489.T,393,401,390,400,207400
248A.T,809,809,809,809,400
2491.T,459,469,458,462,111200
2492.T,705,716,697,700,2906000
2493.T,949,949,944,945,1400
2497.T,534,534,528,528,18300
2498.T,3105,3125,3095,3095,8900
2499.T,308,309,306,306,8100
249A.T,340,340,340,340,0
2501.T,1830.5,1845.5,1821.5,1838,1174100
2502.T,1580,1601,1580,1586.5,5737700
2503.T,2761.5,2792,2754.5,2775,3097100
250A.T,1577,1582,1570,1573,42500
2510.T,796.2,796.3,794.4,795.3,496480
2511.T,1121,1121,1114.5,1119,889180
2512.T,712.5,712.5,709.2,711.8,624480
2513.T,3453,3464,3448,3460,8821
2514.T,2002,2015,2002,2015,2137
2515.T,1567,1572,1562,1571,53340
2516.T,610,613.7,603.7,610,300640
2517.T,1080.5,1080.5,1060.5,1060.5,4190
2518.T,2406,2406,2370,2399,5590
2519.T,1118.5,1124,1114.5,1117,3990
251A.T,256,256,256,256,0
2520.T,2306,2307,2284,2307,8094
2521.T,2143,2155,2143,2155,6116
2522.T,8350,8391,8328,8391,9553
2523.T,3200,3200,3200,3200,0
2524.T,4072,4114,4065,4113,127699
2525.T,63760,64550,63700,64400,40206
2526.T,36370,36710,36370,36670,10405
2527.T,1081,1081,1075,1076,37182
2528.T,1062,1062,1051,1052,13261
2529.T,2324,2349,2300,2342,2636
252A.T,2566,2566,2566,2566,0
2530.T,17190,17190,16780,17020,181
2531.T,2534,2563,2516.5,2535,747000
2533.T,466,470,464,465,122700
253A.T,1020,1039,1020,1020,11300
254A.T,1215,1215,1196,1196,10900
2552.T,1910,1910,1881,1900,3063
2553.T,2350,2366,2290,2344.5,5450
2554.T,736.9,736.9,732,732.8,1640
2555.T,1840,1840,1805,1805,9170
2556.T,1828.5,1828.5,1804,1813,45120
2557.T,4014,4059,4014,4059,110
2558.T,3372,3383,3371,3377,132986
2559.T,2886,2895,2882,2893,181363
255A.T,4930,5000,4840,4985,48800
2560.T,53090,53090,53090,53090,0
2561.T,1984,1991,1975,1979,174682
2562.T,3610,3633,3610,3633,7758
2563.T,400.4,402.4,400.2,402.4,478310
2564.T,3616,3650,3594,3614,596686
2565.T,884,884,868,870,3589
2566.T,1003,1003,991,993,2469
2567.T,527,528.1,525,528.1,600
2568.T,7700,7723,7684,7723,11849
2569.T,4230,4261,4230,4261,7828
256A.T,2208,2284,2207,2263,417700
2573.T,4035,4035,4020,4020,2500
2579.T,3722,3737,3684,3684,650500
257A.T,3277,3285,3244,3281,411
2585.T,1355,1371,1338,1347,608500
2586.T,71,71,69,70,746400
2587.T,4442,4464,4402,4456,873100
2588.T,3650,3680,3560,3585,7400
258A.T,2030,2030,2017,2017,107
2590.T,3015,3045,2989,3015,78600
2593.T,3114,3190,3105,3165,374100
25935.T,1801,1801,1793,1800,16400
2594.T,2012,2017,1997,2001,123400
2597.T,1237,1248,1234,1247,7100
2602.T,2050,2109,2050,2097,418000
2607.T,4311,4380,4282,4372,307700
2612.T,2382,2385,2339,2384,22900
2613.T,2213,2248,2208,2244,73300
261A.T,2005,2005,1972,1972,21100
2620.T,357.2,357.4,356.1,356.5,3905940
2621.T,981,983,979,983,533986
2622.T,1680,1688,1680,1688,332
2623.T,1914,1914,1908,1911,1455
2624.T,6356,6455,6344,6455,124291
2625.T,3977,4043,3971,4029,99969
2626.T,3300,3300,3240,3269,1181
2627.T,1551,1554,1551,1554,3
2628.T,3799,3799,3432,3610,7260
2629.T,3555,3699,3536,3697,3391
262A.T,1703,1707,1674,1675,340900
2630.T,15890,15970,15890,15970,616
2631.T,32100,32240,32060,32240,10166
2632.T,17655,17830,17635,17830,6948
2633.T,539.9,541.8,539.8,541.3,399550
2634.T,3125,3138,3124,3137,167801
2636.T,4730,4751,4700,4744,9
2637.T,2587,2587,2499,2544,1040
2638.T,2560,2575,2491,2555,67019
2639.T,1695,1740,1642,1730,674
263A.T,800,800,800,800,0
2640.T,4060,4178,3981,4164,18212
2641.T,4381,4432,4340,4420,1075232
2642.T,52850,52850,52850,52850,1
2643.T,4300,4300,4300,4300,0
2644.T,3671,3721,3639,3718,775202
2645.T,3084,3084,3010,3028,226
2646.T,3750,3750,3670,3701,3078
2647.T,5551,5559,5548,5549,3561
2648.T,3258,3263,3252,3262,41207
2649.T,570.1,570.5,568.1,570.5,2880
264A.T,315,330,315,328,117600
2652.T,425,425,415,424,148000
2653.T,2790,2801,2785,2792,16700
2654.T,430,438,430,438,5800
2656.T,157,157,153,155,148100
2659.T,3310,3360,3305,3335,229700
265A.T,763,834,742,753,294700
2664.T,3730,3775,3715,3725,116400
2666.T,187,187,186,187,57600
2667.T,110,112,108,108,261700
2668.T,1269,1269,1260,1269,1300
2669.T,3850,3865,3845,3845,3600
266A.T,1350,1350,1350,1350,0
2670.T,2618,2645.5,2596.5,2641,538700
2673.T,108,121,103,103,591200
2674.T,2500,2523,2480,2501,57800
2676.T,2063,2072,2052,2052,21600
2678.T,1212,1217,1190,1200,563700
267A.T,1815,1815,1815,1815,0
2681.T,2207,2235,2155,2216,210100
2683.T,993,994,993,993,800
2685.T,3160,3190,3140,3165,133200
2687.T,494,494,491,493,1700
2689.T,1922,1942,1921,1926,4500
268A.T,1590,1605,1554,1591,1711400
2693.T,280,281,276,277,25700
2694.T,72,73,72,72,137300
2695.T,1662,1682,1657,1675,706200
2698.T,3285,3300,3265,3265,14400
269A.T,2885,2900,2825,2837,6500
2700.T,1709,1720,1696,1703,9200
2702.T,8060,8100,8000,8030,445000
2705.T,8830,8920,8710,8710,16300
2708.T,1900,1900,1895,1900,700
271A.T,1500,1500,1500,1500,0
2721.T,104,106,104,106,16500
2722.T,362,362,360,362,1500
2726.T,1471,1495,1458,1481,884900
2730.T,2447,2480,2442,2459,336600
2733.T,2641,2671,2638,2650,104300
2734.T,1224,1236,1209,1231,256100
2735.T,729,730,720,727,45100
2736.T,601,601,597,597,4400
2737.T,34500,36850,34000,34800,141900
273A.T,9779,9780,9666,9669,81
2742.T,3905,3940,3885,3900,37900
2747.T,3130,3130,3130,3130,100
2749.T,643,649,641,645,173200
274A.T,2254,2257,2241,2241,6100
2750.T,1347,1350,1340,1346,5600
2751.T,3640,3660,3530,3530,24100
2752.T,1148,1154,1145,1148,82000
2753.T,1373,1392,1371,1388,37100
2760.T,3945,4115,3915,4095,96900
2762.T,66,66,65,65,257300
2764.T,161,169,161,168,208900
2767.T,2437,2513,2402,2505,439300
2768.T,5625,5785,5580,5739,1242400
2769.T,923,924,920,922,2800
276A.T,4045,4125,4005,4065,23100
2776.T,101,105,101,104,224000
2778.T,115,117,114,114,70200
277A.T,1813,1827,1786,1790,143600
2780.T,4330,4435,4310,4365,144000
2782.T,4770,4810,4620,4660,482500
2784.T,2276.5,2309.5,2274.5,2295,471000
2788.T,390,390,381,381,34900
2789.T,476,476,476,476,400
278A.T,18960,21000,18920,21000,1995500
2790.T,2098,2098,2068,2068,10300
2791.T,4665,4670,4540,4560,55100
2792.T,1417,1426,1416,1418,54400
2795.T,951,951,951,951,300
2796.T,505,507,505,507,4000
2798.T,2995,3000,2994,2994,1500
279A.T,1550,1550,1550,1550,0
2801.T,1670,1685,1654.5,1671,4806000
2802.T,4918,4974,4910,4974,2939800
2804.T,1851,1856,1836,1848,16500
2805.T,7330,7500,7240,7450,78100
2806.T,1906,1918,1906,1918,200
2809.T,4553,4587,4504,4545,345700
280A.T,1050,1092,1029,1070,23500
2810.T,3867,3901,3838,3872,238400
2811.T,2746.5,2780,2746.5,2757,329000
2813.T,3905,3905,3855,3900,1600
2814.T,2015,2015,1975,1977.5,4000
2815.T,5200,5250,5190,5250,127000
2816.T,1417,1419,1416,1416,2000
2818.T,1766,1766,1760,1765,900
2819.T,2450,2453,2425,2430,17500
281A.T,418,463,398,406,458000
2820.T,6340,6730,6340,6700,23600
282A.T,2204,2211,2151,2196,300428
2831.T,3660,3690,3650,3660,2200
2836.T,3262,3262,3246,3246,4
2837.T,4586,4720,4500,4660,6669
2838.T,8292,8292,8267,8267,271
2839.T,4882,4893,4876,4893,453
283A.T,1292,1293,1290,1293,29
2840.T,2587,2595,2582,2595,64134
2841.T,1668,1676,1665,1676,48913
2842.T,12380,12390,12305,12320,7604
2843.T,3602,3602,3590,3597,7559
2844.T,5342,5342,5299,5318,4888
2845.T,3485,3510,3485,3510,11457
2846.T,2532,2532,2514,2517,10282
2847.T,3013,3013,2920,2944,259
2848.T,3070,3070,2973,2997,22
2849.T,5454,5454,5345,5409,214
284A.T,2335,2335,2335,2335,0
2851.T,382.8,390.8,382.8,385.7,68150
2852.T,172.6,172.6,170.8,171,15390
2853.T,604,604,603.2,603.3,40
2854.T,2581,2633,2535,2633,177440
2855.T,915,920,915,917,131
2856.T,640,640.6,639.6,640.4,6720
2857.T,611,615.5,611,615.5,1003450
2858.T,1543,1549,1450,1490,1329
2859.T,3180,3180,3144,3158,510
285A.T,55090,55360,53150,54030,28051100
2860.T,3216,3216,3165,3205,3781
2861.T,5400,5414,5329,5414,35491
2862.T,3775,3775,3766,3766,16
2864.T,1279,1280,1273,1273,251
2865.T,1234,1236,1231,1232,303596
2866.T,935,937,933,934,54558
2867.T,1650,1660,1632,1650,1928
2868.T,1103,1105,1101,1103,30162
2869.T,2842,2873,2832,2873,318044
286A.T,790,799,789,797,18600
2870.T,7810,7835,7723,7741,23691
2871.T,2138,2178.5,2129.5,2171,1443700
2872.T,1926,1934,1925,1932,1700
2874.T,2260,2285,2200,2211,183000
2875.T,9996,10015,9888,10005,482000
2876.T,471,471,466,467,4000
2877.T,747,747,744,746,3400
287A.T,1120,1126,1111,1126,462800
2882.T,2006,2019,2001,2002,20200
2883.T,2042,2044,2038,2044,2200
2884.T,616,626,610,614,181500
288A.T,93,95,93,94,43600
2892.T,4550,4595,4550,4580,4800
2894.T,360,362,360,362,2600
2897.T,2891,2953,2886,2937.5,1431500
2901.T,150,152,150,151,38200
2903.T,1594,1669,1594,1633,4800
2904.T,754,755,752,755,5900
2907.T,1538,1539,1531,1539,900
2908.T,1607,1624,1603,1617,40200
290A.T,1397,1431,1390,1419,766100
2910.T,1378,1390,1370,1379,45800
2911.T,2250,2264,2250,2264,200
2914.T,6500,6737,6500,6693,4288600
2915.T,2001,2042,2001,2042,46700
2916.T,731,735,731,735,1600
2917.T,928,928,921,927,2800
2918.T,2715,2735,2699,2719,103600
291A.T,1970,2006,1970,1971,1200
2922.T,1960,1976,1960,1964,24100
2923.T,7670,7670,7000,7180,11000
2924.T,1910,1934,1910,1916,1500
2926.T,125,126,123,123,87900
2927.T,858,858,856,858,8800
2929.T,608,698,603,692,1441100
292A.T,680,680,680,680,0
2930.T,127,128,126,126,322100
2931.T,341,343,338,338,1001600
2932.T,1103,1105,1091,1101,13300
2933.T,1129,1133,1123,1125,41300
2934.T,1977,1993,1903,1987,7100
2935.T,1190,1199,1187,1192,21100
2936.T,276,278,270,274,34100
2937.T,1753,1768,1751,1758,3700
2938.T,1280,1280,1258,1262,56300
293A.T,950,950,950,950,0
294A.T,2948,2948,2859,2859,56
295A.T,9825,9825,9820,9820,31
2961.T,1555,1555,1522,1554,700
2962.T,1714,1795,1692,1768,199700
296A.T,1156,1172,1119,1161,60800
2970.T,1089,1090,1080,1082,4700
2971.T,107700,107700,106000,106000,1972
2972.T,103900,103900,102600,103100,2819
2975.T,1317,1361,1313,1360,452500
2978.T,345,345,333,336,3600
2979.T,101000,101000,98700,98800,4793
297A.T,215,215,212,214,16700
2980.T,2224,2233,2199,2219,311300
2981.T,2206,2250,2172,2240,5400
2982.T,417,419,411,413,270600
2983.T,1752,1757,1639,1667,305800
2984.T,751,755,740,755,18200
2986.T,2761,2796,2740,2785,93800
2989.T,94500,94600,93400,94200,4249
298A.T,348,351,335,347,6000
2990.T,262,262,262,262,0
2991.T,503,534,500,524,144600
2993.T,2210,2210,2200,2200,500
2997.T,1323,1323,1323,1323,2000
2998.T,531,531,517,521,114500
2999.T,503,503,496,498,27900
299A.T,1220,1244,1198,1208,195400
3001.T,2866,2909,2859,2897,28800
3002.T,3990,4030,3980,4010,152400
3003.T,1710,1743,1710,1740.5,2168500
3004.T,2058,2061,2053,2053,3600
300A.T,3140,3180,3120,3170,12300
3010.T,188,189,188,188,75400
3011.T,142,142,140,140,9700
301A.T,550,550,550,550,0
3020.T,4640,4690,4640,4670,2900
3021.T,1577,1582,1564,1565,8500
3023.T,1982,2014,1976,1992,28200
3024.T,1169,1190,1169,1190,4400
3028.T,2284,2304,2277,2289,74700
302A.T,603,613,586,586,16700
3030.T,850,855,843,843,12800
3031.T,650,660,645,658,74000
3034.T,2196,2236,2185,2199,129200
3035.T,766,766,755,755,6300
3036.T,3250,3330,3240,3290,110700
3038.T,3001,3012,2955.5,2965.5,2925100
303A.T,581,583,581,583,1200
3040.T,2304,2349,2190,2228,149400
3041.T,412,412,408,408,1800
3042.T,293,295,293,293,9900
3045.T,1458,1462,1458,1462,400
3046.T,5610,5670,5580,5630,140200
3048.T,1690.5,1722.5,1690,1709.5,507900
304A.T,1945,1946,1941,1945,1100
3050.T,1566,1595,1566,1590,244700
3053.T,200,203,200,201,163100
3054.T,368,368,360,360,35300
3058.T,710,714,710,714,1500
3059.T,711,712,709,712,2800
305A.T,1146,1146,1146,1146,0
3063.T,1179,1179,1146,1146,22300
3064.T,1913.5,1917,1885,1906.5,1715900
3065.T,1586,1587,1586,1586,700
3067.T,466,470,465,468,8800
3068.T,3040,3060,3035,3055,600
3069.T,166,168,165,167,76300
3070.T,61,63,60,60,4008100
3071.T,101,102,100,101,81100
3075.T,1645,1650,1645,1648,2000
3076.T,2947,2978,2936,2975,123100
3077.T,1270,1299,1253,1267,19500
307A.T,800,800,800,800,0
3080.T,816,817,807,814,2100
3082.T,980,981,975,978,5500
3083.T,1245,1265,1222,1244,292000
3086.T,2572.5,2610.5,2572.5,2607,1226400
3087.T,3280,3305,3260,3275,129700
3088.T,2459.5,2525,2453,2473.5,1963900
3089.T,1050,1080,1050,1056,3300
308A.T,1310,1310,1310,1310,0
3091.T,2770,2837,2768,2805,67200
3092.T,1107.5,1120,1102.5,1114,3198100
3093.T,1800,1841,1784,1836,244200
3096.T,1600,1610,1595,1610,3700
3097.T,5580,5630,5490,5520,190500
3099.T,3087,3153,3081,3151,2186600
309A.T,700,700,700,700,0
3101.T,1600,1648,1590,1620,453700
3103.T,1448,1499,1420,1470,4309200
3104.T,3190,3220,3175,3215,137000
3105.T,2187.5,2240.5,2144,2235,713200
3106.T,10600,10820,10480,10620,54500
3107.T,3639,3722,3627,3705,366400
3109.T,1038,1046,1038,1044,49600
310A.T,1440,1440,1440,1440,0
3110.T,2805,2857,2773,2835,5228900
3111.T,177,177,176,176,2100
3113.T,85,86,82,83,276100
3116.T,2165.5,2243.5,2165.5,2243.5,701800
3121.T,260,274,252,274,99100
3123.T,648,648,630,645,4200
312A.T,1542,1542,1542,1542,0
3131.T,6230,6480,6130,6310,30900
3132.T,3500,3762,3492,3761,964200
3133.T,60,62,60,62,292800
3134.T,287,289,277,281,72700
3135.T,1142,1160,1142,1159,4200
3137.T,220,222,219,221,69500
3138.T,1130,1130,1123,1124,700
3139.T,3350,3415,3350,3380,34500
313A.T,256.4,257.4,256.3,256.9,12300
3140.T,1021,1021,1016,1016,3900
3143.T,715,724,710,710,4000
3148.T,3300,3325,3290,3310,79700
314A.T,315.5,318,314.5,317,2657900
3150.T,2377,2406,2365,2397,55700
3151.T,1571,1581,1563,1571,85500
3153.T,2951,3010,2929,2976,90000
3154.T,767,771,759,760,37500
3156.T,5210,5480,5150,5330,175200
3157.T,1423,1448,1416,1430,1200
3159.T,397,402,396,400,115100
315A.T,1950,1968,1918,1963,157974
3160.T,580,581,578,581,6300
3161.T,665,679,660,660,18300
3166.T,1466,1475,1462,1463,1700
3167.T,1313,1334,1309,1322,497900
3168.T,1262,1278,1241,1268,74400
3169.T,672,678,672,676,3600
316A.T,2622,2628,2616,2626,115509
3172.T,1119,1124,1119,1124,3500
3173.T,1404,1415,1398,1398,4500
3174.T,399,400,398,399,7100
3175.T,979,979,976,976,9100
3176.T,1126,1156,1120,1143,296400
3177.T,4200,4210,4200,4210,300
3178.T,1197,1198,1195,1195,6700
3179.T,1149,1167,1121,1133,255200
317A.T,1350,1350,1350,1350,0
3180.T,1560,1572,1515,1530,80800
3181.T,1050,1050,1026,1028,2200
3182.T,1581,1583,1527,1559,136000
3183.T,1241,1246,1232,1245,29700
3184.T,4155,4155,4155,4155,0
3185.T,146,148,145,146,30700
3186.T,2900,2928,2863,2915,641900
3187.T,388,419,378,413,772800
3189.T,103,105,103,104,91700
318A.T,363.9,365,357.5,358.7,1337420
3190.T,584,584,584,584,100
3191.T,2214,2246,2214,2245,145700
3192.T,276,276,260,265,46900
3193.T,1400,1404,1350,1359,367200
3195.T,687,698,680,697,24500
3196.T,1635,1636,1613,1616,76200
3197.T,3349,3373,3298,3301,902200
3199.T,1302,1306,1300,1302,34500
319A.T,19200,19900,19060,19060,48700
3201.T,1965,2009,1965,1997,91400
3202.T,129,130,129,129,15600
3204.T,500,500,497,499,2500
3205.T,729,729,722,722,126100
320A.T,500,500,500,500,0
321A.T,785,785,785,785,0
3221.T,3200,3220,3195,3200,25200
3222.T,839,849,838,843,337500
3223.T,956,956,956,956,300
3224.T,690,699,690,693,2600
3226.T,118200,118200,115700,116100,12800
322A.T,765,765,765,765,0
3231.T,900,908.8,899.3,902,5251100
3232.T,589,595,585,591,152500
3234.T,126900,127000,124100,125000,8302
3236.T,277,278,275,275,112500
3237.T,95,96,93,96,218600
3238.T,386,386,381,384,35200
323A.T,370,375,370,370,2200
3241.T,594,594,582,588,5600
3242.T,517,521,517,517,28700
3245.T,1067,1073,1063,1068,294000
3246.T,685,690,685,690,8500
3248.T,892,892,884,884,900
3249.T,139600,139600,135800,135800,14086
324A.T,703,708,698,702,22900
3252.T,2796,2796,2740,2745,269300
325A.T,1753,1785,1724,1746,139000
3261.T,423,423,415,416,6500
3266.T,79,80,79,79,26100
3267.T,618,625,615,625,14900
3269.T,147500,147500,142500,143000,14179
326A.T,1620,1620,1620,1620,0
3276.T,2246,2248,2245,2248,276900
3277.T,812,822,802,814,12100
3279.T,133600,133600,130400,130600,10145
3280.T,939,939,924,927,3900
3281.T,136600,136600,132500,132500,21826
3282.T,99500,99500,96900,97100,11128
3283.T,86500,86500,83900,84000,26998
3284.T,1257,1257,1240,1252,331000
3286.T,881,887,880,885,3500
3287.T,238700,238700,232400,232700,3013
3288.T,7376,7498,7376,7415,251700
3289.T,1272,1290,1269,1285.5,2691200
328A.T,1320,1350,1320,1347,92
3290.T,74700,74700,73400,73600,6145
3291.T,2192,2237.5,2182.5,2223,597400
3292.T,116100,116300,113700,114100,11005
3293.T,768,772,761,764,8700
3295.T,148000,148000,146600,147500,8013
3296.T,82500,82800,80000,80100,10470
3297.T,1172,1177,1171,1173,1000
3299.T,1694,1702,1682,1683,157300
329A.T,211.6,211.6,211.6,211.6,0
3300.T,1822,1833,1813,1818,68000
3302.T,2985,3045,2980,3020,58500
3306.T,697,706,682,700,28100
3309.T,72300,72300,71100,71200,26332
330A.T,526,556,526,556,15100
3315.T,101,103,100,102,4843200
3317.T,1489,1489,1489,1489,0
331A.T,486,487,486,487,1800
3320.T,1306,1308,1299,1301,8700
3321.T,1630,1662,1625,1646,17400
3323.T,92,93,91,91,182400
3326.T,651,654,650,650,2400
3329.T,2140,2145,2140,2145,3100
332A.T,1132,1135,1105,1118,48500
3333.T,1270,1291,1270,1290,107500
333A.T,6240,6240,6240,6240,0
3349.T,6577,6613,6441,6501,378100
334A.T,1024,1071,1010,1068,7600
3350.T,244,252,243,249,12541600
3352.T,1798,1798,1780,1780,600
3353.T,2803,2829,2790,2797,5300
3355.T,1730,1734,1711,1730,21300
3358.T,94,95,93,93,37900
3359.T,525,525,519,522,23900
335A.T,322,323,320,320,8900
3360.T,2378,2433.5,2370,2423.5,332400
3361.T,880,884,880,881,2000
336A.T,1559,1592,1400,1403,4610900
3370.T,488,490,487,490,3700
3371.T,2000,2044,1998,2029,33100
3372.T,220,221,220,220,6700
3374.T,3960,3965,3855,3900,18800
3375.T,1751,1751,1751,1751,0
3377.T,383,383,381,382,2300
3382.T,1966,2013,1966,2008,8558800
3386.T,1245,1250,1242,1250,1200
3387.T,765,775,761,761,902500
3388.T,2040,2064,2030,2060,33100
338A.T,2654,3255,2525,3255,1308200
3391.T,2265,2278,2235.5,2245,1388500
3392.T,801,805,799,803,7900
3393.T,3010,3025,2995,3025,26900
3395.T,2440,2455,2431,2441,73500
3396.T,867,867,861,863,1000
3397.T,4266,4292,4249,4257,270400
3399.T,3945,3955,3780,3820,197800
339A.T,911,911,890,890,8000
3401.T,1630,1665,1627,1649.5,765500
3402.T,1221.5,1237,1204.5,1237,4695900
3405.T,1765,1777,1741,1766.5,1399900
3407.T,1527.5,1580,1518,1552,4562300
3409.T,89,89,86,87,129100
340A.T,320,329,320,320,8900
3415.T,341,346,341,343,231300
3416.T,915,915,902,902,1000
3417.T,996,1000,986,1000,8400
3418.T,1050,1052,1045,1045,13000
341A.T,2170,2210,2153,2189,32500
3420.T,1549,1549,1540,1545,2300
3421.T,1710,1719,1689,1693,19900
3422.T,596,602,591,602,33000
3423.T,273,274,272,273,3700
3426.T,1299,1299,1280,1280,2000
3431.T,1539,1554,1537,1550,77600
3433.T,2651,2766,2651,2752,250100
3434.T,1248,1248,1240,1241,4400
3435.T,1550,1550,1520,1535,1700
3436.T,2888,2965,2840,2959,11593400
3437.T,2661,2661,2660,2660,600
3439.T,671,671,671,671,0
343A.T,1265,1314,1260,1295,9900
3440.T,850,855,850,855,10500
3441.T,2772,2825,2708,2758,60000
3443.T,1358,1385,1355,1375,251100
3444.T,999,1019,981,1015,142100
3445.T,5270,5300,5190,5290,194300
3446.T,1596,1608,1567,1607,13800
3447.T,1003,1005,992,1004,25300
3449.T,3970,3970,3840,3955,85000
3451.T,129900,129900,126500,127700,1796
3452.T,1423,1425,1409,1414,86400
3454.T,1258,1265,1251,1262,3600
3455.T,96000,96000,95000,95300,4989
3457.T,915,918,907,911,204000
3459.T,87400,87600,86800,87000,4343
345A.T,15200,15475,15200,15475,77
3461.T,620,620,610,617,4900
3462.T,146700,146700,142100,142500,16789
3463.T,112500,112500,110500,110800,1370
3465.T,3150,3165,3135,3150,166700
3466.T,144900,145000,141600,141900,7873
3467.T,2695,2739,2650,2680,8600
3468.T,52900,52900,52200,52400,17850
3469.T,891,893,890,890,3200
346A.T,4760,4815,4757,4804,4824
3470.T,98200,98200,97000,97400,1892
3471.T,105600,105800,101900,102000,13318
3472.T,65300,65600,64900,65300,2845
3474.T,601,602,596,600,4900
3475.T,1425,1443,1417,1428,104500
3476.T,41950,41950,41150,41400,15689
3477.T,892,902,890,902,3600
3479.T,1850,1858,1837,1852,28300
347A.T,530,530,530,530,0
3481.T,115000,115000,111400,111800,7907
3482.T,2475,2484,2448,2468,96800
3484.T,1150,1173,1150,1155,4200
3486.T,1922,1931,1900,1925,55300
3487.T,139600,139600,135500,135700,3977
3488.T,103500,103500,102500,103200,1983
3489.T,775,781,769,769,70400
348A.T,290,294,290,293.7,15710
3490.T,3040,3040,3040,3040,100
3491.T,1464,1500,1445,1447,279800
3492.T,78600,78600,77900,78400,9250
3494.T,456,457,455,457,4100
3495.T,2240,2260,2240,2260,200
3496.T,4735,4780,4645,4705,41700
3498.T,7240,7250,7090,7130,228600
349A.T,817.5,817.5,797.1,797.9,300
3501.T,1156,1164,1147,1156,14500
350A.T,694,719,675,711,3390800
3512.T,1027,1030,1019,1022,4700
3513.T,3490,3490,3350,3465,1800
351A.T,1760,1760,1760,1760,0
3521.T,156,157,156,156,11300
3524.T,1492,1492,1486,1490,1200
3529.T,979,1027,979,1016,52900
352A.T,535,550,535,539,3800
3536.T,128,128,127,127,3900
3537.T,1747,1747,1747,1747,200
3538.T,1004,1005,993,993,14700
3539.T,1326,1337,1303,1336,157500
3542.T,1500,1510,1400,1495,24500
3543.T,2840,2868,2839,2855,189700
3544.T,1248,1250,1248,1249,10800
3547.T,1861,1880,1859,1865,19000
3548.T,675,675,664,669,242400
3549.T,4013,4075,3988,4000,259900
354A.T,3284,3305,3240,3303,33151
3550.T,216,216,216,216,43500
3551.T,1564,1613,1562,1581,27100
3553.T,915,920,905,915,33800
3556.T,788,789,776,778,39000
3557.T,510,512,510,512,6100
3558.T,1825,1879,1811,1877,124900
3559.T,443,455,442,445,5300
355A.T,350,350,350,350,0
3560.T,4305,4305,4220,4225,1900
3561.T,1483,1486,1466,1482,96000
3562.T,1550,1559,1536,1559,13100
3563.T,5238,5332,5127,5171,2190800
3565.T,490,496,472,476,234500
3566.T,719,719,700,702,5700
3569.T,3185,3220,3165,3195,237800
356A.T,1506,1509,1503,1504,4602
3571.T,721,721,716,717,2700
3577.T,925,925,920,920,2300
357A.T,6240,6240,6240,6240,0
3580.T,740,749,738,742,42300
3583.T,1345,1348,1345,1348,300
358A.T,310,310,310,310,0
3591.T,3940,3972,3922,3950,155300
3597.T,8850,9000,8850,8880,1200
3598.T,168,168,165,165,8800
359A.T,1600,1600,1600,1600,0
3600.T,1720,1720,1720,1720,0
3607.T,356,356,352,355,14900
3608.T,1212,1224,1208,1211,224100
360A.T,1060,1060,1060,1060,10
3611.T,2360,2390,2340,2363,30600
3612.T,1550,1576,1550,1562,262100
361A.T,1588,1588,1588,1588,0
3622.T,494,494,485,493,12300
3623.T,1208,1218,1190,1215,21100
3624.T,85,86,83,83,326500
3625.T,631,670,631,669,10400
3626.T,3852,3911,3823,3882,949600
3627.T,263,267,262,267,10700
3628.T,644,669,644,668,7400
362A.T,4950,4950,4950,4950,0
3632.T,409,411,406,411,244800
3633.T,2443,2492,2443,2467,13200
3634.T,586,588,586,588,1200
3635.T,1628.5,1651.5,1622,1644.5,718800
3636.T,4695,4810,4695,4785,61000
3639.T,235,235,232,233,10400
363A.T,2651,2656,2649,2656,213
3640.T,2700,2739,2700,2735,1700
3641.T,983,988,980,987,1500
3645.T,265,270,259,263,55400
3646.T,347,349,341,345,8100
3647.T,116,118,116,117,53200
3648.T,1063,1063,1046,1050,10800
3649.T,830,880,830,853,166500
364A.T,2380,2388,2378,2382,18280
3652.T,2499,2546,2443,2499,35300
3653.T,1460,1580,1267,1289,2707800
3656.T,174,176,171,175,1987000
3657.T,354,361,352,360,138900
3659.T,3046,3094,3042,3070,2745300
365A.T,774,778,770,770,38500
3660.T,478,482,470,471,970400
3661.T,781,787,772,778,493600
3662.T,920,928,913,922,56900
3663.T,1761,1791,1745,1751,220500
3664.T,24,26,24,26,45495800
3665.T,420,425,419,421,92100
3667.T,28,28,26,27,206000
3668.T,422,425,419,423,300800
366A.T,1113,1128,1111,1120,17600
3671.T,300,309,300,304,7200
3672.T,29,29,28,29,96300
3673.T,441,460,437,458,884800
3674.T,336,336,332,333,8700
3675.T,587,598,583,593,60300
3676.T,1058,1059,1057,1058,249200
3678.T,1230,1247,1224,1236,32800
3679.T,428,436,426,434,324600
367A.T,2802,2812,2755,2778,24000
3680.T,204,207,204,206,26600
3682.T,570,578,569,570,3700
3683.T,1096,1109,1094,1109,7200
3686.T,61,63,60,62,213300
3687.T,2195,2212,2156,2185,574500
368A.T,1395,1402,1381,1393,75600
3690.T,565,573,563,569,13800
3691.T,1816,1844,1730,1774,30500
3692.T,6200,6350,6120,6330,116900
3694.T,429,439,427,435,133500
3695.T,1609,1609,1556,1600,7700
3696.T,2088,2121,2069,2110,72400
3697.T,825,852,825,834.5,4117000
3698.T,1198,1210,1198,1198,6400
369A.T,2522,2600,2522,2600,5800
3708.T,2098,2151,2097,2135,61900
370A.T,1296,1296,1296,1296,0
3710.T,639,641,635,639,2000
3712.T,1050,1055,1035,1045,4300
3719.T,117,118,116,118,67600
371A.T,420,420,420,420,0
3723.T,2626,2626,2570,2589,17500
3726.T,400,401,399,400,12400
3727.T,166,166,163,163,50500
372A.T,5550,5570,5500,5540,2300
3733.T,11510,11780,11470,11660,5500
373A.T,1467,1467,1460,1460,3100
3741.T,3050,3100,3030,3065,67000
3744.T,460,460,455,456,7100
3747.T,405,405,400,402,52700
374A.T,240,240,240,240,0
3750.T,835,842,833,833,4600
3753.T,215,223,215,217,130800
3758.T,243,247,243,246,34800
375A.T,2125,2125,2125,2125,0
3760.T,710,710,685,691,22500
3762.T,2356,2403,2347,2378,244000
3763.T,1978,2060,1961,2028,111000
3765.T,2455,2526,2442,2509,278400
3766.T,1420,1420,1420,1420,0
3768.T,552,559,552,557,600
3769.T,8322,8335,8172,8293,286500
376A.T,4735,4737,4735,4737,15007
3771.T,1818,1877,1818,1871,170000
3772.T,1092,1097,1090,1090,23700
3773.T,1043,1062,1041,1058,19900
3774.T,3280,3350,3270,3340,508600
3776.T,239,242,238,240,67100
3777.T,45,47,44,46,2019800
3778.T,3710,3765,3660,3660,804000
3779.T,127,128,127,128,5900
3787.T,325,326,320,326,6000
3788.T,1858,1903,1858,1889,28200
378A.T,893,894,878,880,76900
3791.T,1032,1036,1019,1030,25200
3793.T,500,507,492,502,98200
3796.T,315,327,315,322,26100
3798.T,516,519,511,514,169700
3799.T,1124,1124,1115,1120,1900
379A.T,1314,1314,1302,1302,650
3800.T,1960,1978,1959,1960,900
3802.T,506,506,503,503,1700
3803.T,580,602,570,600,9100
3804.T,465,467,458,467,1500
3807.T,89,89,88,88,223800
380A.T,887,887,870,885,7057
3810.T,175,178,172,175,245500
3815.T,427,429,427,427,6200
3816.T,1094,1110,1093,1109,2100
3817.T,4610,4705,4610,4695,38700
381A.T,2086,2107,2083,2083,228075
3823.T,32,33,31,31,708600
3825.T,221,223,217,218,1265700
3826.T,491,497,488,497,8900
382A.T,1875,1877,1875,1877,52497
3834.T,601,608,600,602,62700
3835.T,421,428,421,426,44600
3836.T,1186,1201,1183,1190,88500
3837.T,1310,1323,1298,1305,202500
3839.T,629,629,620,628,5100
383A.T,2502,2524,2502,2524,2126
3840.T,61,63,61,61,82700
3841.T,1331,1331,1303,1307,1400
3842.T,1056,1085,1056,1068,5400
3843.T,1681,1681,1655,1664,39600
3844.T,1250,1271,1237,1265,639500
3845.T,322,327,305,313,226000
3848.T,835,835,830,835,2300
3850.T,3650,3850,3615,3765,49400
3851.T,1395,1460,1361,1393,143100
3853.T,1071,1073,1052,1060,164600
3854.T,2115,2148,2099,2121,156000
3856.T,251,258,229,230,169600
3858.T,309,312,306,309,18800
385A.T,2450,2450,2450,2450,0
3861.T,854,870.2,853,867.3,3104700
3863.T,1291,1311,1286,1299,555800
3864.T,1174,1178,1150,1169,108500
3865.T,892,906,892,898,247600
386A.T,1251,1252,1250,1252,1800
3877.T,2186,2208,2170,2199,52400
3878.T,831,831,819,824,47100
387A.T,916,918,910,918,1900
3880.T,942,967,941,961,293100
3891.T,6100,6280,6060,6200,133600
3892.T,1571,1571,1545,1548,1500
3895.T,483,483,468,471,34800
3896.T,411,418,410,415,17800
389A.T,2380,2380,2380,2380,0
3900.T,635,659,632,649,67200
3901.T,1468,1496,1457,1476,85800
3903.T,265,265,210,216,1726700
3904.T,417,420,417,420,5100
3905.T,1565,1568,1515,1547,1606200
3907.T,2141,2171,2061,2116,203100
3908.T,353,357,353,355,2300
3909.T,187,188,187,187,1800
3910.T,285,285,284,285,2900
3911.T,171,174,171,173,169600
3912.T,1128,1138,1128,1131,3200
3913.T,1148,1154,1135,1151,4300
3914.T,2336,2398,2335,2398,5600
3915.T,2286,2300,2240,2261,82300
3916.T,925,930,921,926,70900
3917.T,483,490,476,487,24800
3918.T,1150,1175,1150,1156,6200
3920.T,990,997,981,995,1100
3921.T,1566,1628,1560,1576,61500
3922.T,2132,2146,2130,2135,16000
3923.T,1030,1045,1015,1021.5,1858500
3925.T,1271,1274,1240,1271,41100
3926.T,445,465,445,456,49700
3927.T,890,905,881,894,14400
3928.T,237,240,235,237,14600
3929.T,239,240,238,239,9500
392A.T,266.9,267.8,266.1,267.3,44810
3930.T,788,807,786,799,31400
3931.T,1496,1496,1496,1496,500
3932.T,3345,3450,3300,3420,78300
3933.T,541,548,540,546,1100
3934.T,2272,2272,2266,2267,3900
3935.T,716,724,713,714,27100
3936.T,135,136,133,133,295900
3937.T,1157,1157,1133,1136,211200
3939.T,480,484,474,484,145400
393A.T,2000,2000,2000,2000,0
3940.T,131,132,122,128,445200
3941.T,1477.5,1508.5,1461,1500.5,924100
3943.T,1317,1320,1311,1311,2200
3944.T,3210,3210,3210,3210,0
3945.T,2184,2184,2162,2163,600
3946.T,4305,4325,4260,4280,54100
3947.T,2459,2495,2438,2495,4900
3948.T,1172,1172,1171,1172,700
394A.T,519.3,519.3,519.3,519.3,0
3950.T,1471,1471,1448,1454,117100
3951.T,905,909,903,904,17700
3953.T,782,782,780,780,1900
3954.T,2973,2973,2932,2932,200
3955.T,855,866,855,866,4400
3958.T,543,543,540,542,7600
395A.T,1080,1085.5,1046,1077,53690
3962.T,967,967,953,957,153100
3963.T,320,329,309,324,82600
3964.T,1251,1265,1248,1251,406100
3965.T,887,909,880,885,11500
3967.T,563,564,551,551,18500
3968.T,609,616,603,615,126700
3969.T,1398,1406,1392,1401,7200
396A.T,476.5,476.5,471,471,80
3970.T,841,841,839,840,600
3974.T,666,671,661,671,5500
3976.T,575,581,565,568,14600
3979.T,440,450,440,450,11800
3981.T,1215,1220,1215,1218,2400
3983.T,1850,1870,1835,1861,66500
3984.T,1510,1550,1505,1529,111300
3985.T,193,193,191,192,2800
3986.T,474,474,470,471,6300
3987.T,626,626,610,610,10500
3988.T,543,565,542,565,1300
3989.T,1545,1546,1544,1544,1548700
398A.T,1350,1350,1350,1350,0
3991.T,966,969,955,955,1000
3992.T,465,470,463,464,25800
3993.T,3145,3200,3100,3110,210700
3994.T,5862,6084,5860,5941,376300
3996.T,199,201,199,199,9700
3997.T,384,390,384,388,49800
3998.T,294,294,290,290,2000
399A.T,2311,2346,2297,2346,26301
4004.T,15000,15180,14040,14295,2935300
4005.T,552.9,565.6,543.2,558.5,13072300
4008.T,1415,1430,1404,1425,168100
4011.T,2383,2410,2356,2378,39000
4012.T,1696,1709,1675,1676,10900
4013.T,630,642,628,635,30800
4014.T,557,557,503,515,103100
4015.T,509,509,490,502,38700
4016.T,1049,1068,1048,1068,4900
4017.T,211,213,211,212,1400
4019.T,605,611,600,611,38700
401A.T,94600,94700,94100,94500,2079
4020.T,834,835,834,834,2000
4021.T,7704,7930,7704,7878,799400
4022.T,1835,1861,1808,1830,602100
4023.T,4275,4335,4270,4325,202800
4025.T,5590,5680,5490,5550,22400
4026.T,1512,1565,1500,1560,186800
4027.T,2350,2378,2318,2341,52700
4028.T,2855,2901,2838,2880,195600
402A.T,511,516,505,511,1625900
4031.T,1097,1110,1080,1080,19100
403A.T,2415,2415,2415,2415,0
4040.T,3800,3830,3780,3790,8000
4041.T,3780,3850,3755,3850,142800
4042.T,2531,2574,2511.5,2566,1068500
4043.T,3950,4064,3932,4063,536700
4044.T,4155,4275,4130,4250,92900
4045.T,1769.5,1797.5,1762,1792.5,330600
4046.T,1928,1982,1924,1969,317700
4047.T,2104,2149,2081,2136,836000
404A.T,1241,1245,1181,1210,1429
4051.T,5930,6100,5790,5850,94900
4052.T,1490,1620,1061,1118,10826300
4053.T,445,455,444,451,74300
4054.T,520,521,517,518,6400
4055.T,1635,1639,1600,1625,35000
4056.T,225,226,209,213,603400
4057.T,357,357,349,351,4300
4058.T,2227,2260,2219,2229,20100
4059.T,389,390,388,388,1900
405A.T,3500,3500,3500,3500,0
4060.T,1218,1218,1187,1190,4100
4061.T,3225,3302,3217,3286,738100
4062.T,19600,19880,18900,19560,8459000
4063.T,5634,5739,5631,5738,7659000
4064.T,3450,3560,3410,3420,97400
4068.T,1763,1775,1763,1774,800
4069.T,670,677,642,648,9000
406A.T,5450,5450,5450,5450,0
4071.T,2018,2057,2007,2028,207900
4072.T,3040,3080,3030,3045,38700
4073.T,465,470,463,466,2100
4074.T,790,790,776,782,3000
4075.T,1170,1270,1144,1204,219300
4076.T,1960,1961,1960,1961,200
4078.T,3555,3635,3535,3575,182400
407A.T,942,950,918,925,15200
4082.T,2390,2452,2381,2407,335200
4088.T,2947,3015,2935,2990,872200
408A.T,280,280,277,278.5,669700
4091.T,5400,5443,5312,5379,749400
4092.T,5470,5600,5310,5340,180100
4093.T,421,424,419,419,20400
4094.T,2230,2253,2224,2240,7000
4095.T,1709,1749,1706,1748,280000
4097.T,1162,1187,1156,1180,68000
4098.T,1002,1005,997,999,4800
4099.T,2129,2151,2098,2151,711800
409A.T,1180,1181,1171,1171,126200
4100.T,1581,1643,1545,1628,117400
4102.T,1446,1446,1446,1446,0
4107.T,3830,3865,3785,3830,221700
4109.T,5270,5300,5230,5260,54100
410A.T,1115,1120,1114,1120,3900
4112.T,2030,2062,2002,2043,54000
4113.T,784,794,783,789,10100
4114.T,2480,2520,2457,2507,796300
4116.T,1286,1305,1275,1294,133000
4118.T,5831,5947,5801,5927,208800
4119.T,6020,6020,6010,6020,300
411A.T,370,370,370,370,0
4120.T,3000,3000,2930,2930,200
4124.T,2990,2990,2951,2956,1400
4125.T,3600,3625,3510,3510,24700
412A.T,4385,4385,4340,4376,996
413A.T,3807,3845,3800,3805,1297
414A.T,833,838,828,836,61000
4151.T,2160,2204,2156.5,2191.5,1822800
415A.T,5150,5180,5130,5170,1500
4165.T,635,646,620,629,278400
4166.T,627,629,616,619,10800
4167.T,334,340,319,319,19400
4168.T,753,763,751,757,39800
4169.T,238,239,230,239,526700
416A.T,1302,1322,1302,1320,21500
4170.T,123,125,122,122,220000
4172.T,2291,2302,2291,2302,500
4174.T,1067,1076,974,1045,501100
4175.T,2832,2856,2810,2820,4300
4176.T,271,275,270,273,67600
4177.T,1500,1501,1476,1476,4700
4178.T,518,524,518,519,1900
4179.T,357,359,351,356,24500
417A.T,1876,1913,1875,1899,259900
4180.T,1400,1430,1391,1420,1323600
4182.T,3723,3842,3720,3809,1582500
4183.T,2084,2108,2056.5,2097,2088600
4186.T,7927,8090,7864,8054,894300
4187.T,4000,4060,3940,4020,216700
4188.T,1139,1158.5,1129,1156.5,5644600
4189.T,3145,3205,3105,3185,119500
4192.T,297,297,289,293,83300
4193.T,2155,2160,2145,2146,3600
4194.T,8048,8366,7915,8028,1145400
4196.T,2161,2180,2161,2174,12200
4197.T,2369,2378,2369,2378,300
4198.T,500,500,497,499,600
4199.T,810,810,800,800,5300
419A.T,2700,2700,2700,2700,0
4202.T,1368.5,1398.5,1366,1393,793900
4203.T,7572,7696,7412,7588,938300
4204.T,2440.5,2477.5,2430,2473.5,1775800
4205.T,2290,2335.5,2273.5,2326,863100
4206.T,4042,4123,4031,4118,217800
4208.T,3328,3403,3307,3380,881900
4212.T,2824,2877,2817,2871,57700
4216.T,5840,6110,5830,6080,83000
4218.T,1900,1924,1893,1901,31400
421A.T,3565,3590,3445,3505,131500
4220.T,2310,2337,2283,2317,118900
4221.T,5280,5390,5240,5390,41300
4222.T,665,665,640,648,835800
4224.T,2076,2190,2076,2116,5800
4228.T,556,568,548,561,338600
4229.T,4000,4095,3900,4090,42400
422A.T,2450,2450,2450,2450,0
4231.T,1025,1025,1006,1016,13000
4234.T,1011,1020,999,999,30300
4235.T,667,671,667,667,13600
4237.T,332,333,326,328,72800
4238.T,1871,1871,1791,1837,97100
423A.T,321,323,319,319,34600
4240.T,315,316,307,309,8000
4241.T,643,670,643,645,14300
4242.T,1778,1778,1745,1751,3700
4243.T,1015,1033,957,1032,7600
4245.T,703,704,697,701,8100
4246.T,1037,1056,1031,1056,194800
4247.T,1395,1395,1395,1395,0
4248.T,875,877,873,875,2800
4249.T,2806,2816,2781,2802,26100
424A.T,328.4,331.8,327.5,330.7,430600
4251.T,1144,1150,1134,1145,105300
4255.T,3500,3530,3480,3500,5700
4256.T,1129,1129,1109,1126,2900
4258.T,5080,5100,4850,4890,73200
4259.T,810,817,797,814,848500
425A.T,358.4,363,355,358.1,319380
4260.T,212,216,212,215,2600
4261.T,2959,2961,2943,2943,1400
4262.T,1383,1384,1381,1384,2600
4263.T,396,408,392,407,165100
4264.T,1379,1398,1368,1380,38900
4265.T,280,284,280,283,9200
426A.T,1189,1191,1176,1191,106793
4270.T,1877,1895,1860,1893,2000
4272.T,1995,2046.5,1991,2036,463700
4274.T,1057,1350,1051,1172,1882200
4275.T,1880,1980,1871,1958,261200
4284.T,445,446,438,441,19700
4286.T,1233,1257,1221,1245,16900
4287.T,466,499,460,483,16400
4288.T,454,468,453,456,11000
428A.T,1550,1570,1530,1546,16400
4290.T,666,670,663,670,592100
4293.T,507,509,501,506,446500
4299.T,1192,1202,1191,1195,9800
429A.T,3760,3800,3695,3740,676900
4301.T,1803,1831,1803,1830,22100
4307.T,4791,4919,4790,4901,2170500
4308.T,354,354,351,354,12300
430A.T,2480,2480,2480,2480,0
4310.T,2423,2460,2423,2446,19200
4316.T,118,129,103,105,1538400
4317.T,559,568,559,567,1500
4318.T,814,822,810,821,118700
431A.T,2700,2740,2630,2661,30200
4320.T,1647,1648,1646,1646,538500
4323.T,1835,1852,1820,1851,50800
4324.T,3577,3597,3546,3577,1122000
4326.T,1955,1974,1927,1967,31700
432A.T,1450,1450,1450,1450,0
4331.T,734,743,732,743,67400
4334.T,378,384,362,381,87600
4335.T,1094,1095,1080,1095,2600
4337.T,2588,2601,2570,2591,26500
433A.T,710,710,710,710,0
4341.T,916,916,915,916,600
4343.T,2743,2745,2701,2713,41800
4344.T,110,111,109,111,980900
4345.T,823,835,822,830,58800
4346.T,1014,1025,995,1007,140600
4347.T,1734,1796,1711,1780,30200
434A.T,930,930,930,930,0
4350.T,492,511,483,502,738400
4351.T,860,863,857,863,800
4356.T,1630,1630,1612,1612,400
435A.T,2720,2766,2709,2761,109962
4360.T,930,946,930,938,6900
4361.T,1560,1569,1533,1561,3500
4362.T,2564,2607,2561,2607,27400
4365.T,25200,25200,25200,25200,0
4366.T,432,433,425,430,40500
4368.T,2799,2817,2754,2800,985100
4369.T,2928,2946,2876,2922,472200
436A.T,1172,1257,1162,1255,196100
4370.T,426,506,408,409,690900
4371.T,1462,1462,1429,1432,5500
4372.T,1325,1325,1325,1325,0
4373.T,1097,1111,1090,1107,1311100
4374.T,2520,2525,2499,2518,4200
4375.T,660,664,641,649,175800
4376.T,163,167,159,161,68100
4377.T,2245,2264,2222,2231,45200
4378.T,515,532,511,512,45700
4379.T,434,434,415,424,45400
437A.T,1024,1024,1024,1024,0
4380.T,692,698,688,688,5400
4381.T,238,309,232,257,1647200
4382.T,757,776,750,757,125300
4385.T,3842,3873,3788,3826,1860000
4386.T,872,890,868,872,7100
4387.T,507,512,505,510,3900
4388.T,373,376,373,373,20800
4389.T,1083,1084,1061,1068,3700
438A.T,980,996,972,984,64900
4390.T,4050,4165,4030,4085,56200
4391.T,1133,1153,1133,1149,4000
4392.T,1001,1006,976,980,1230900
4393.T,5580,5690,5530,5560,35700
4394.T,670,670,628,630,34400
4395.T,587,598,581,587,121000
4396.T,1288,1334,1283,1313,107800
4397.T,391,392,386,387,25500
4398.T,1289,1301,1280,1301,6600
439A.T,5000,5000,5000,5000,0
4401.T,4325,4403,4292,4375,247500
4403.T,2570,2610,2552,2599,830900
4404.T,2215,2224,2188,2217,23300
4406.T,235,236,232,232,363600
4409.T,791,791,786,789,3500
4410.T,1071,1074,1055,1064,48400
4412.T,1330,1350,1326,1326,10200
4413.T,2963,2966,2963,2964,483100
4414.T,1071,1080,1055,1072,11700
4415.T,1388,1398,1361,1398,13800
4416.T,411,413,405,405,1700
4417.T,4330,4415,4285,4340,24000
4418.T,1015,1035,1013,1030,126300
4419.T,1321,1353,1314,1338,230900
441A.T,259,280,258,270,78100
4420.T,821,823,819,820,406100
4421.T,950,950,946,948,2300
4422.T,518,518,477,492,392400
4424.T,323,327,316,316,45400
4425.T,1440,1446,1401,1421,194400
4426.T,163,163,163,163,0
4427.T,220,236,217,235,41100
4428.T,699,699,699,699,400
4429.T,719,719,710,718,1100
442A.T,969,971,969,971,1000
4430.T,1750,1754,1737,1750,8400
4431.T,3275,3290,3225,3265,66400
4432.T,3185,3230,3125,3155,104400
4433.T,848,848,844,844,31900
4434.T,2400,2418,2376,2407,27300
4436.T,415,415,412,413,12400
4437.T,740,741,727,727,1400
4438.T,250,254,250,252,11000
4439.T,785,786,777,777,5900
443A.T,1811,1811,1804,1804,197
4440.T,2920,3070,2512,2624,5767900
4441.T,1546,1602,1504,1509,49500
4442.T,403,403,399,403,13200
4443.T,1958,1979,1942,1961,729200
4444.T,940,948,939,948,900
4445.T,1952,1984,1922,1922,2300
4446.T,840,920,840,920,144800
4447.T,492,499,490,498,4600
4448.T,346,348,336,338,194200
444A.T,1945,1945,1945,1945,0
4450.T,2309,2309,2301,2302,1500
4452.T,3400,3439,3360,3387,3334100
445A.T,274,274,274,274,0
4461.T,12340,12910,12320,12480,152200
4462.T,2760,2822,2720,2791,41000
4463.T,1920,1929,1881,1901,17100
4464.T,3440,3440,3440,3440,0
4465.T,2350,2368,2333,2368,2500
446A.T,1902,1955,1874,1914,818300
4471.T,5820,5990,5810,5970,108300
4475.T,1645,1671,1621,1632,388800
4476.T,1064,1076,1062,1071,8800
4477.T,338,338,334,336,1072800
4478.T,3790,3930,3790,3850,446100
4479.T,959,969,939,943,23000
447A.T,267,268.8,264.4,268.8,157270
4480.T,2434,2439,2321,2358,446800
4481.T,3190,3190,3160,3175,65600
4482.T,748,748,739,739,8200
4483.T,3540,3550,3455,3520,358900
4484.T,296,299,295,296,10000
4486.T,669,669,657,659,3000
4487.T,230,233,230,232,1900
4488.T,2111,2111,2064,2076,6600
448A.T,258.5,262.9,258,261.4,20270
4490.T,637,643,621,632,19200
4491.T,3310,3320,3310,3315,1600
4492.T,397,404,396,402,7600
4493.T,1750,1750,1713,1724,95200
4495.T,1966,2020,1962,2000,19700
4496.T,777,790,765,765,4900
4498.T,1169,1169,1030,1047,418000
4499.T,2208,2272,2173,2238,93200
449A.T,799.8,799.8,798,799.6,53550
4502.T,5557,5681,5557,5666,4255100
4503.T,2183,2241,2182.5,2240.5,6821700
4506.T,1539.5,1562.5,1515.5,1527,3411700
4507.T,2818.5,2833.5,2790.5,2827,3364400
450A.T,781,782,781,781.8,260
4512.T,289,292,287,290,24800
4516.T,3350,3396,3350,3386,433600
4519.T,6293,6433,6293,6422,3008400
451A.T,284.6,285.4,283.9,284.8,16380
4521.T,3800,3845,3800,3830,120200
4523.T,4622,4683,4610,4658,1376000
4524.T,2237,2244,2237,2243,800
4526.T,3250,3315,3250,3310,78700
4527.T,2759,2806,2755.5,2788,898900
4528.T,2301,2327.5,2290.5,2320,1647400
452A.T,797,799.2,794,797.1,336610
4531.T,351,353,343,347,46600
4534.T,3140,3170,3135,3160,56700
4536.T,1713.5,1738.5,1706,1725,1233800
4538.T,2190,2240,2182,2182,16600
4539.T,1550,1552,1544,1548,1700
453A.T,723,725.5,722.6,723.6,110140
4540.T,3663,3728,3663,3717,544400
4543.T,2194.5,2246,2194.5,2246,6580400
4544.T,3367,3390,3357,3367,226000
4547.T,3945,3995,3940,3990,61100
4548.T,636,650,630,644,1231200
4549.T,2205,2228,2196,2216,130100
4552.T,511,517,506,512,638000
4553.T,3500,3535,3440,3520,122400
4554.T,1722,1744,1721,1737,80800
4558.T,200,201,199,201,5900
4559.T,1963,1984,1962,1982,120300
455A.T,5970,5970,5970,5970,0
4563.T,38,38,36,36,4711500
4564.T,23,23,22,23,165706200
4565.T,1211,1226,1196,1204,1530300
4568.T,2687,2786.5,2680.5,2772,6678900
4569.T,1088,1105,1084,1091,235200
456A.T,1366,1415,1336,1377,884100
4570.T,1125,1125,1097,1109,101800
4571.T,97,100,97,100,520400
4572.T,433,433,419,427,89000
4574.T,248,251,247,250,111700
4575.T,756,756,731,734,176700
4576.T,88,88,87,87,90200
4577.T,1260,1260,1236,1253,85700
4578.T,11275,11405,11225,11335,1681600
4579.T,541,543,532,542,122400
457A.T,4130,4130,4130,4130,0
4582.T,57,58,55,57,1421400
4583.T,90,92,85,86,2580500
4584.T,162,165,162,163,231700
4586.T,60,60,59,59,518200
4587.T,1042.5,1060.5,1032.5,1060.5,713200
4588.T,5590,5970,5590,5740,1738400
458A.T,1387,1387,1387,1387,0
4591.T,81,82,80,80,266200
4592.T,935,937,918,922,554900
4593.T,283,288,279,284,1150100
4594.T,57,60,56,57,2193700
4595.T,1694,1697,1685,1690,52100
4596.T,67,67,65,65,1911700
4597.T,29,29,28,29,67717000
4598.T,113,116,106,111,2045100
4599.T,207,210,177,180,5303600
459A.T,10100,10100,9942,9984,416
460A.T,985,1000,970,990,25200
4611.T,1502,1520,1492,1519,54900
4612.T,1085,1098.5,1076.5,1097,3552900
4613.T,2770,2823,2770,2812.5,1007800
4615.T,129,130,129,130,17700
4616.T,2500,2528,2496,2528,3100
4617.T,3385,3535,3345,3445,219300
4619.T,2582,2618,2573,2615,22300
461A.T,2679,2690,2596,2631,1684
4620.T,954,975,943,966,107900
4623.T,1834,1834,1830,1830,500
4624.T,4050,4060,4000,4045,2400
4625.T,866,874,840,861,24300
4626.T,4701,4729,4700,4720,451100
4627.T,1899,1927,1880,1919,5200
4628.T,9600,9910,9600,9730,9900
4629.T,2489,2538,2450,2490,6700
462A.T,275,275,258,265,336700
4631.T,4530,4637,4505,4612,591500
4633.T,2500,2549,2492,2540,133900
4634.T,4900,5090,4900,5020,169100
4635.T,2060,2083,2044,2045,21500
463A.T,1000,1013,998,1005,9400
4641.T,837,847,833,841,106300
4642.T,1436,1436,1408,1408,1300
4644.T,1051,1054,1050,1054,11300
4645.T,437,437,435,435,900
464A.T,1578,1632,1570,1625,1208700
4650.T,272,272,269,270,11500
4651.T,266,268,246,253,1349100
4657.T,463,464,458,460,4000
4658.T,1506,1534,1506,1525,142600
465A.T,1318,1331,1308,1323,8223
4661.T,3105,3136,3061,3085,5616100
4662.T,1580,1595,1575,1578,45200
4664.T,1126,1138,1081,1102,92300
4665.T,4562,4601,4556,4580,107500
4666.T,1941.5,1960,1932.5,1950,913000
4667.T,3260,3950,3250,3635,2468400
4668.T,760,768,758,763,64200
466A.T,992,1000,991,995,88812
4671.T,2858,2867,2820,2824,18300
4673.T,4800,4800,4710,4710,3400
4674.T,1750,1750,1717,1742,164900
4676.T,4000,4063,4000,4034,491200
4678.T,330,332,328,329,2100
4679.T,260,262,260,262,1300
467A.T,274.2,274.2,273.2,273.7,350
4680.T,1213.5,1223,1165.5,1173.5,2340700
4681.T,1756.5,1773,1738,1757,486300
4684.T,4820,4925,4819,4893,1879400
4685.T,2627,2640,2605,2628,17000
4686.T,4180,4270,4165,4270,105500
4687.T,1024,1035,1016,1025,116800
4689.T,521.2,546.9,519.3,544.4,21272400
468A.T,271.6,271.6,268.8,269.2,3190
4691.T,2102,2148,2042,2049,83000
4694.T,3510,3575,3510,3555,57600
469A.T,1698,1724,1695,1705,5200
4704.T,5628,5867,5623,5813,1148700
4705.T,788,788,787,787,500
4707.T,338,338,335,336,9300
4709.T,1046,1058,1033,1051,58800
470A.T,501,501,501,501,0
4712.T,807,808,802,803,10000
4714.T,208,210,207,210,599400
4716.T,8846,9016,8817,8995,246700
4718.T,2502,2539,2400,2454,90100
4719.T,3255,3255,3220,3220,21400
471A.T,1512,1524,1500,1520,223800
4720.T,244,246,244,245,1900
4722.T,2421,2423,2416,2420,966500
4725.T,1912,1925,1901,1908,43400
4728.T,648,648,643,644,4800
472A.T,520,538,516,532,99900
4732.T,1900.5,1918.5,1884,1916.5,1580200
4733.T,8000,8125,7981,8107,295600
4735.T,300,300,299,299,1900
4736.T,583,584,581,584,1400
473A.T,1271,1288,1268,1284,20159
4743.T,1601,1604,1592,1600,103500
4746.T,7100,7180,7050,7150,38800
4750.T,552,552,549,549,2600
4751.T,1220,1232.5,1217,1231.5,4925400
4752.T,1570,1590,1570,1590,300
4754.T,1493,1495,1489,1489,1800
4755.T,712,721.6,711.7,716.3,12169700
475A.T,685,700,677,700,8200
4760.T,1500,1500,1468,1471,2800
4761.T,1425,1465,1425,1430,7000
4762.T,2199,2199,2072,2075,3200
4763.T,1453,1460,1450,1455,35400
4765.T,605,612,601,612,262400
4766.T,208,208,207,208,5800
4767.T,375,380,373,378,94200
4768.T,3460,3548,3460,3528,1372200
4769.T,1116,1137,1114,1137,1400
476A.T,1636,1649,1616,1620,2200
4771.T,2638,2683,2616,2632,27100
4772.T,72,73,71,72,39300
4776.T,2930,2965,2905,2936,133100
4777.T,198,200,198,198,15100
477A.T,900,930,866,903,48800
4783.T,2590,2635,2520,2590,43700
4784.T,519,529,516,523,1057900
478A.T,760,777,738,750,155600
4792.T,1754,1761,1740,1749,18600
479A.T,1905,1922,1855,1910,49200
4800.T,1357,1358,1357,1357,14200
4801.T,2400,2428,2400,2410,14400
4809.T,2002,2011,1989,1994,22600
480A.T,946,946,908,917,18800
4811.T,909,909,857,866,17300
4812.T,2859,2862,2856,2859,811700
4813.T,407,407,393,401,456400
4814.T,165,175,165,170,107600
4816.T,2974,3070,2953,3045,406000
4819.T,2246,2275,2201,2238,270800
481A.T,750,750,750,750,0
4820.T,576,587,570,583,108200
4825.T,1980,1984,1967,1978,146200
4826.T,523,532,520,530,219900
4828.T,1358,1363,1328,1335,106000
4829.T,106,107,105,107,224500
4832.T,1902,1924,1900,1911,4800
4833.T,53,54,51,52,895400
4838.T,709,718,700,715,62800
4839.T,1000,1003,1000,1002,39900
483A.T,2159,2169,2159,2163,1000
4840.T,657,682,647,650,85000
4845.T,343,344,341,344,53500
4847.T,1370,1396,1362,1378,37100
4848.T,1796,1818,1789,1803,60900
4849.T,1561,1626,1561,1603,522000
484A.T,430,430,430,430,0
485A.T,2000,2316,1952,2145,22036200
486A.T,2144,2156,2140,2156,12280
4875.T,266,271,256,270,39700
487A.T,2000,2000,1978,1997,259
4880.T,320,330,314,318,119700
4881.T,52,52,50,51,208300
4882.T,156,164,155,163,386200
4883.T,48,50,36,36,17606700
4884.T,437,439,423,425,77400
4885.T,880,880,870,871,12800
4886.T,2022,2043,2021,2040,53500
4887.T,1580,1606,1576.5,1580.5,642200
4888.T,398,431,396,411,979200
4889.T,1177,1194,1145,1150,230400
488A.T,788.9,790.8,788.6,790.8,8040
4890.T,251,260,251,257,49400
4891.T,121,121,114,118,325300
4892.T,609,610,596,607,23100
4893.T,141,141,136,139,135800
4894.T,5190,5290,5150,5260,47700
4896.T,794,807,780,806,21400
489A.T,862,862,860,860,497
4901.T,3196,3240,3193,3225,4290100
4902.T,580.6,599.4,579.7,595.4,4265800
490A.T,15750,15750,15750,15750,0
4911.T,3313,3427,3313,3404,3395000
4912.T,1728.5,1753,1728,1737,1192200
4914.T,1257,1281,1256,1277,197700
4918.T,297,297,294,295,11900
4919.T,3095,3160,3075,3130,184300
491A.T,548.4,548.4,548.4,548.4,20
4920.T,1125,1125,1120,1120,200
4922.T,5435,5594,5435,5575,347300
4923.T,1210,1214,1203,1203,28800
4925.T,1722,1735,1722,1725,900
4926.T,1244,1250,1244,1250,500
4927.T,1331,1341.5,1327,1339,380700
4928.T,4715,4770,4715,4740,87000
4929.T,740,740,739,739,1700
492A.T,964.5,964.7,964,964.6,1720
4931.T,2010,2024,2006,2009,35700
4932.T,820,820,792,796,22800
4933.T,1400,1426,1386,1418,58200
4934.T,589,610,588,609,12100
4935.T,198,199,192,194,319300
4936.T,315,317,310,311,47100
4937.T,2409,2409,2378,2397,2100
493A.T,999.4,999.4,999.4,999.4,10
494A.T,981.7,981.7,981.7,981.7,1960
4951.T,1509,1517,1501,1516,31100
4956.T,1431,1464,1426,1464,82100
4958.T,3185,3245,3180,3245,72800
495A.T,965.4,965.4,965.4,965.4,0
4960.T,555,574,541,562,31400
4966.T,18540,18900,18390,18770,52000
4967.T,5759,5799,5746,5768,207400
4968.T,2027,2140,2025,2125,182700
496A.T,936.8,936.8,931,933.5,570
4970.T,9650,9790,9510,9700,116500
4971.T,5840,6020,5810,6020,302400
4972.T,3825,3835,3725,3755,45200
4973.T,4680,4705,4635,4680,64800
4975.T,5580,5770,5520,5760,125200
4976.T,1580,1699,1571,1639,7100
4977.T,1175,1186,1162,1182,31100
4978.T,137,138,132,135,896200
4979.T,2857,2905,2826,2869,24000
497A.T,10350,10350,10350,10350,231
4980.T,2765,2878.5,2762,2865,1801900
4985.T,4640,4695,4630,4655,68700
498A.T,8619,8619,8600,8601,48
4990.T,535,535,524,524,4900
4992.T,1850,1881,1831,1874,47900
4994.T,2685,2777,2685,2727,15700
4996.T,751,760,654,663,2369000
4997.T,1138,1168,1131,1149,406100
4998.T,1162,1165,1157,1158,11200
499A.T,7879,7930,7879,7926,102
500A.T,3430,3510,3430,3505,3900
5010.T,285,285,278,279,154300
5011.T,2275,2295,2266,2277,63000
5013.T,2819,2847,2792,2825,32000
5015.T,999,1004,999,1003,4800
5016.T,3650,3704,3626,3695,16352700
5018.T,2312,2345,2305,2338,5700
5019.T,1645,1666,1624,1648,7416300
501A.T,1750,1750,1750,1750,0
5020.T,1439,1468,1430.5,1441,13710800
5021.T,4529,4587,4491,4523,635600
5025.T,586,605,585,600,2000
5026.T,608,608,582,588,28700
5027.T,735,758,732,749,185600
5028.T,350,354,350,353,3300
5029.T,868,915,868,900,15900
502A.T,901.5,901.6,901.4,901.5,58930
5031.T,435,435,435,435,51200
5032.T,3140,3240,3085,3115,1247300
5033.T,1197,1200,1162,1175,50300
5034.T,2216,2235,2165,2224,16200
5035.T,367,367,367,367,100
5036.T,1477,1517,1471,1506,112500
5038.T,2056,2079,2045,2064,29600
503A.T,2290,2290,2290,2290,0
504A.T,548,554,519,543,108700
505A.T,1350,1351,1310,1328,41600
506A.T,1010,1010,1010,1010,0
5071.T,1370,1386,1359,1386,700
5074.T,586,591,578,586,953800
5076.T,2725.5,2798,2719.5,2768,1612400
50765.T,4631,4643,4631,4634,3300
5078.T,4730,4745,4700,4725,1100
5079.T,2613,2632,2601,2618,1700
507A.T,2156,2156,2156,2156,0
509A.T,71300,71500,70500,71100,805
5101.T,6592,6764,6558,6764,998600
5105.T,3575,3715,3575,3693,3000700
5108.T,3708,3777,3707,3777,5431800
510A.T,1712,1712,1712,1712,0
5110.T,1958,2003.5,1957.5,1996.5,2022100
511A.T,11710,11710,11710,11710,0
5121.T,2637,2682,2620,2660,77300
5122.T,6120,6270,6090,6210,19700
5125.T,475,479,473,473,3400
5126.T,1410,1410,1410,1410,0
5129.T,260,268,258,264,78600
512A.T,1160,1160,1139,1156,1403
5131.T,116,116,112,113,71500
5132.T,1760,1890,1730,1855,66700
5133.T,291,291,285,288,36900
5134.T,485,497,481,481,13100
5136.T,1927,2033,1915,2025,45500
5137.T,295,304,291,299,380900
5138.T,468,468,468,468,100
5139.T,925,925,909,909,12600
513A.T,789,794,777,791,314266
5142.T,1745,1789,1724,1773,63700
514A.T,469,469,469,469,0
515A.T,500.9,500.9,498,498,6770
5161.T,3430,3500,3400,3470,132500
5162.T,797,797,797,797,200
516A.T,1986,2026,1986,2001,10
517A.T,1994,2011,1994,1998,114
5184.T,4040,4090,4015,4080,13700
5185.T,1933,1959,1930,1959,32300
5186.T,6470,6640,6370,6600,68400
5187.T,1135,1136,1123,1133,3000
5189.T,3410,3520,3410,3435,5000
518A.T,2056,2073,2033,2050,5864
5192.T,4155,4240,4135,4225,102100
5194.T,635,640,635,637,1500
5195.T,2329,2469,2327,2450,181700
5199.T,1999,1999,1999,1999,200
519A.T,496,497,487,497,5900
5201.T,5400,5563,5390,5537,1379000
5202.T,495,496,495,495,560400
5204.T,3000,3030,2996,3030,6200
5208.T,2489,2569,2483,2535,145600
520A.T,491,491,448,467,666800
5210.T,2880,2885,2837,2856,40700
5214.T,4700,4825,4693,4802,547500
5216.T,151,152,149,150,146100
5218.T,1555,1599,1530,1581,69700
521A.T,1934,1959,1927,1957,35646
522A.T,3020,3020,3020,3020,0
5232.T,5428,5639,5403,5590,199600
5233.T,3988,4103,3979,4061,550200
5237.T,1191,1211,1191,1209,3300
523A.T,1769,1794,1743,1754,97200
5240.T,197,200,187,187,240300
5242.T,2377,2391,2338,2360,4000
5243.T,2782,2866,2780,2812,118800
5244.T,176,176,173,173,93200
5246.T,810,825,800,805,368900
5247.T,551,555,551,555,1100
5248.T,508,516,505,509,19600
5249.T,1253,1253,1253,1253,0
524A.T,1988,1988,1988,1988,0
5250.T,1098,1178,1098,1178,2700
5252.T,885,895,853,892,20600
5253.T,1606,1626,1590,1600,964500
5254.T,4150,4215,4070,4100,16000
5255.T,87,89,84,85,505600
5256.T,2707,2749,2653,2656,2000
5257.T,2887,2900,2852,2852,6000
5258.T,409,414,407,411,58200
525A.T,1663,1663,1663,1663,0
5261.T,7520,7560,7510,7510,2100
5262.T,1129,1147,1125,1139,206200
5268.T,881,881,854,857,5200
5269.T,357,363,357,359,179700
526A.T,2200,2221,2168,2200,625
5271.T,2228,2228,2181,2181,600
5273.T,1925,2026,1910,1998,74900
5279.T,1206,1206,1181,1195,3200
527A.T,1673,1673,1673,1673,0
5280.T,2190,2198,2164,2198,8300
5282.T,408,408,400,402,121700
5283.T,3115,3115,3060,3060,800
5284.T,2202,2213,2191,2210,5500
5285.T,1338,1344,1332,1332,17000
5287.T,934,983,914,920,205400
5288.T,1430,1453,1423,1436,179000
528A.T,1080,1080,1080,1080,0
5290.T,1179,1191,1167,1184,72700
5301.T,1926,2011.5,1860,1987.5,2976200
5302.T,4945,5090,4945,5050,42600
5304.T,2530,2530,2441,2493,46300
530A.T,1788,1788,1779,1783,36
5310.T,6980,7220,6930,7110,139400
531A.T,2333,2333,2275,2301,112
532A.T,2280,2297,2260,2292,391
5331.T,3350,3435,3350,3420,149000
5332.T,5653,5773,5637,5773,1066100
5333.T,4828,5034,4824,5001,2156100
5334.T,6981,7252,6978,7205,1436000
5337.T,820,833,820,827,4700
533A.T,2205,2206,2205,2206,23
5341.T,140,141,139,140,10200
5344.T,53610,54640,53040,54460,77300
534A.T,2281,2284,2276,2279,26
5351.T,1980,2039,1978,2015,126800
5355.T,660,660,656,660,2100
5356.T,1260,1260,1234,1237,9900
5357.T,1715,1730,1710,1716,52900
535A.T,2073,2073,2065,2065,55
5363.T,670,674,665,669,75300
5367.T,1353,1384,1345,1360,124100
5368.T,998,1005,994,1005,27700
536A.T,2176,2181,2175,2175,21
537A.T,1112,1112,1093,1094,143
5380.T,1501,1599,1423,1500,14200
5381.T,937,973,928,943,259600
5384.T,3140,3230,3135,3175,360600
5388.T,1318,1350,1306,1312,6600
538A.T,4662,4662,4661,4662,21
5391.T,1483,1485,1470,1482,13200
5393.T,3200,3308,3192,3292,531700
539A.T,4762,4762,4759,4759,64
5401.T,675,688.2,673,686.4,23731600
5406.T,1986,2029,1977,2021,1655900
5408.T,628,636,626,636,173600
540A.T,2046,2120,2012,2120,44001
5410.T,3105,3145,3065,3110,154900
5411.T,1800,1830.5,1781,1820,5269900
541A.T,1110,1110,1083,1083,190
5423.T,1664,1717,1664,1706,429700
542A.T,1005,1022,1005,1018,16200
543A.T,265,269,263,269,17981100
5440.T,1937,1961,1936,1959,108200
5444.T,11950,12265,11895,12250,143400
5445.T,1993,2022,1985,2022,120000
5446.T,1087,1097,1083,1097,400
5449.T,2523,2620,2523,2600,21600
544A.T,327,329,323,326,558200
5451.T,1379,1414,1378,1414,290700
5458.T,1304,1312,1303,1310,9300
545A.T,982,985,979,980,55300
5461.T,2102,2141,2100,2135,102500
5463.T,1692.5,1721.5,1673,1716.5,589300
5464.T,921,925,914,914,42100
546A.T,2275,2333,2252,2329,148600
5471.T,2283.5,2325,2273,2313,1049700
547A.T,423,434,423,429,3092300
5480.T,5260,5310,5240,5260,79500
5482.T,3045,3135,3040,3115,165600
5484.T,4445,4445,4445,4445,0
548A.T,920,929,914,919,14500
5491.T,890,892,876,892,11900
549A.T,511,511,496,503,37400
550A.T,2198,2198,2145,2145,4000
551A.T,811,811,811,811,0
5527.T,721,723,716,719,12000
552A.T,2381,2391,2360,2391,4506
5532.T,3420,3465,3375,3435,13000
5533.T,2116,2300,2100,2266,7200
5534.T,850,850,850,850,0
5535.T,287,287,282,284,169700
5537.T,3205,3220,3090,3100,60300
5541.T,2629,2651,2608,2630,225900
5542.T,899,906,883,896,12100
554A.T,1509,1543,1486,1505,29100
555A.T,2000,2000,2000,2000,0
5563.T,413,420,411,417,596300
556A.T,2250,2263,2198,2230,18400
5570.T,642,643,622,622,16400
5571.T,1007,1007,1007,1007,100
5572.T,2866,2949,2804,2879,145100
5574.T,2950,3030,2940,2965,93700
5575.T,1117,1134,1079,1134,10100
5576.T,2972,2990,2972,2990,900
5578.T,875,884,866,870,12400
557A.T,2150,2150,2150,2150,0
5580.T,1549,1549,1549,1549,0
5581.T,193,193,193,193,0
5582.T,2038,2077,2006,2075,15300
5586.T,938,938,919,920,66300
5587.T,811,816,787,795,21100
5588.T,845,845,820,827,9300
5589.T,2790,2829,2755,2816,3800
558A.T,5660,5750,5550,5670,9000
5590.T,706,721,703,716,99200
5591.T,858,862,846,852,8200
5592.T,2585,2598,2520,2579,60500
5597.T,1360,1386,1349,1370,76600
5598.T,3200,3200,3200,3200,0
5599.T,1000,1014,986,986,12200
559A.T,1140,1176,1136,1175,13100
5602.T,1616,1643,1602,1617,222800
5603.T,1302,1309,1292,1300,7500
5609.T,907,907,905,905,5600
560A.T,1123,1123,1123,1123,0
5612.T,1563,1570,1532,1548,9800
5616.T,654,662,654,662,1900
5618.T,285,285,282,282,1800
5619.T,858,858,858,858,100
561A.T,5000,5000,5000,5000,0
5620.T,2200,2200,2200,2200,0
5621.T,1508,1565,1481,1504,29200
5622.T,1200,1200,1200,1200,0
562A.T,1000,1000,1000,1000,0
5631.T,6760,7048,6695,6966,1572600
5632.T,2282,2329,2268,2309,175900
563A.T,999,1001,996,998,2430785
5644.T,7250,7300,7200,7200,4100
564A.T,1048,1055,1048,1055,251
5658.T,399,402,395,397,50300
5659.T,1350,1369,1345,1356,42500
565A.T,961,961,961,961,0
566A.T,2219,2271,2219,2267,13
567A.T,3000,3000,3000,3000,0
568A.T,164.9,164.9,159.3,161.8,163300
5695.T,2950,3000,2950,3000,300
5697.T,801,804,795,803,2900
5698.T,710,719,703,715,201000
5699.T,1585,1589,1570,1580,4900
569A.T,173,174.1,172,173.8,29710
5702.T,1700,1744,1693,1731,324700
5703.T,2888,2933,2846,2909,324100
5704.T,385,393,385,388,1700
5706.T,23205,23590,22940,23240,1866500
5707.T,961,972,933,969,691200
570A.T,901.7,901.7,901,901.1,17980
5711.T,5024,5057,4951,5022,2028500
5713.T,9590,9714,9386,9484,3585600
5714.T,8900,8933,8767,8885,485300
5715.T,4050,4130,4010,4045,332900
571A.T,500.1,500.1,498.4,498.4,21080
5721.T,54,55,52,53,953100
5724.T,3100,3190,3055,3105,58700
5726.T,2475,2510,2452,2510,544200
5729.T,1709,1709,1657,1677,9300
572A.T,498.6,498.6,497.8,497.8,320
573A.T,492.3,494,488.4,494,281440
5741.T,2135,2188,2129,2164,1065800
5742.T,746,750,743,743,1200
574A.T,887,887,887,887,0
5753.T,2500,2500,2412,2443,5400
5757.T,4720,4830,4720,4810,7500
575A.T,1850,1857,1835,1846,88100
576A.T,835,857,800,851,69301
577A.T,241.3,242.9,239.3,242.5,7950
578A.T,244.8,250.9,242.6,246.3,93390
579A.T,1011,1045,1008,1021,12621
5801.T,3954,4078,3901,3981,23237900
5802.T,2020,2081,2015,2077.5,14578800
5803.T,4970,5074,4942,4982,38396400
5805.T,13220,13600,13070,13600,279400
580A.T,1000,1003,969,997,40645
5816.T,1439,1446,1427,1437,18600
5817.T,1040,1046,1018,1034,37400
5819.T,1722,1730,1720,1730,3700
581A.T,3195,3255,3170,3190,1574300
5820.T,900,920,873,880,291800
5821.T,2960,3090,2960,3060,54000
5830.T,3712,3857,3688,3816,1317600
5831.T,3420,3551,3410,3551,2501000
5832.T,3467,3549,3423,3508,503600
5834.T,2775,2810,2738,2742,39300
5838.T,6374,6502,6314,6396,1340200
583A.T,2000,2000,2000,2000,0
5840.T,505,505,505,505,0
5842.T,2950,2982,2935,2958,59200
5843.T,2252,2280,2241,2241,8500
5844.T,4764,4830,4701,4815,1358500
5845.T,1176,1190,1170,1184,22600
584A.T,2685,2689,2555,2610,107300
5851.T,2606,2656,2576,2627,177700
5852.T,666,670,662,667,65800
5857.T,3590,3590,3520,3555,535800
5858.T,1163,1168,1161,1161,17300
585A.T,1085,1085,1042,1054,378
5866.T,300,300,300,300,0
5867.T,1281,1281,1281,1281,0
5868.T,1052,1072,1044,1067,21400
5869.T,1254,1260,1253,1254,5600
586A.T,240,245.6,240,245.5,302830
5870.T,875,888,862,881,10200
5871.T,1401,1410,1380,1380,9600
587A.T,109400,109700,109200,109650,109
5884.T,590,611,590,604,12800
5885.T,3235,3280,3155,3180,42700
5888.T,2816,2817,2800,2801,3200
5889.T,2492,2544,2492,2498,144000
5890.T,3500,3500,3500,3500,0
5891.T,1683,1689,1680,1681,2400
5892.T,2707,2720,2621,2656,105800
5893.T,510,510,510,510,0
589A.T,1337,1415,1334,1411,71900
5900.T,875,875,870,875,500
5901.T,4445,4533,4435,4517,457000
5902.T,2640,2673,2630,2665,21800
5905.T,1360,1360,1360,1360,800
5906.T,790,790,773,773,7000
5909.T,936,943,935,940,12700
590A.T,1251,1273,1247,1253,175100
5911.T,2919,2964,2918,2955,108700
5915.T,2419,2419,2381,2395,2400
5918.T,8000,8000,8000,8000,0
591A.T,255,255,255,255,0
5921.T,4430,4430,4380,4385,1100
5922.T,19910,20380,19910,20290,1200
5923.T,1171,1187,1171,1187,1700
5928.T,288,290,288,290,800
5929.T,3305,3376,3305,3367,967000
5930.T,1843,1877,1835,1868,128800
5932.T,640,653,637,649,101700
5933.T,1100,1107,1095,1102,37200
5936.T,913,919,902,905,7100
5938.T,1714.5,1724.5,1701,1717,2857400
5939.T,4700,4700,4675,4675,1900
593A.T,2165,2232,2090,2134,9277900
5940.T,740,746,738,744,10500
5941.T,2729,2729,2700,2714,700
5942.T,633,633,626,630,12900
5943.T,2214,2230,2200,2221,88400
5945.T,2270,2270,2244,2267,1500
5946.T,1985,2001,1985,2001,69300
5947.T,3410,3439,3391,3432,477200
5949.T,1260,1282,1259,1279,193600
594A.T,430,430,430,430,0
5950.T,150,152,149,150,5300
5951.T,1100,1125,1095,1102,13700
5952.T,190,191,185,189,13700
5955.T,81,83,81,83,753400
5956.T,575,576,574,575,6700
5957.T,751,752,745,746,100900
5958.T,4400,4445,4400,4440,2700
5959.T,925,931,922,930,73400
595A.T,452,452,452,452,0
5962.T,2075,2075,2074,2075,400
5965.T,1195,1195,1175,1183,6600
5966.T,2705,2705,2705,2705,0
5967.T,455,456,451,453,6700
5969.T,1184,1184,1184,1184,0
5970.T,2153,2199,2152,2194,119200
5971.T,8550,8550,8400,8410,700
5973.T,611,611,608,608,300
5974.T,840,841,833,836,2300
5975.T,3165,3255,3155,3255,124500
5976.T,1441,1462,1436,1446,73700
597A.T,1000,1000,1000,1000,0
5981.T,1793,1822,1779,1818,79200
5982.T,4120,4145,4120,4145,1600
5983.T,13250,13600,13250,13410,2100
5984.T,771,771,766,767,3700
5985.T,2071,2179,2051,2120,540500
5986.T,258,260,255,258,41900
5987.T,1620,1620,1620,1620,300
5988.T,1658,1680,1653,1677,66300
5989.T,1409,1425,1404,1425,129200
598A.T,1466,1467,1416,1418,91800
5990.T,1955,1969,1953,1965,900
5991.T,3264,3310,3261,3301,810200
5992.T,3650,3690,3645,3670,24700
5994.T,1007,1017,1003,1005,5100
5997.T,853,885,851,885,2100
5998.T,2595,2680,2560,2561,13600
599A.T,300,300,300,300,0
6005.T,3002,3032,2962,3005,377400
600A.T,1848,1860,1847,1855,44
6013.T,2873,2939,2872,2922,251400
6016.T,10660,11260,10600,10830,108800
6018.T,5790,5790,5790,5790,100
601A.T,378,378,378,378,0
6022.T,2947,2947,2871,2923,1300
6023.T,3035,3200,3010,3160,148400
6027.T,5450,5870,5420,5530,559400
6029.T,185,188,184,187,28200
602A.T,560,560,560,560,0
6030.T,1682,1684,1640,1644,14600
6031.T,272,281,270,270,78100
6033.T,1707,1738,1707,1720,11500
6034.T,598,607,587,594,19600
6035.T,710,713,704,711,36000
6036.T,3580,3580,3470,3520,186900
6037.T,1074,1077,1059,1071,33700
6038.T,810,817,810,816,5700
6039.T,983,994,975,983,55500
603A.T,915,922,832,841,1598500
6040.T,465,465,451,455,44100
6042.T,3820,3860,3820,3860,300
6044.T,1866,1876,1833,1847,9300
6045.T,2081,2097,2032,2032,27200
6046.T,153,155,150,150,67800
6047.T,375,378,370,374,100900
6049.T,246,250,244,247,120100
604A.T,1172,1218,1159,1175,417500
6050.T,1769,1784,1763,1778,19000
6054.T,110,112,110,111,18200
6055.T,2077,2103,2025,2088,568700
6058.T,1855,1901,1825,1880,523300
6059.T,366,366,360,364,12300
605A.T,196.6,196.6,190.4,196.3,85610
6061.T,3025,3080,2961,3080,4200
6062.T,1354,1433,1354,1381,232100
6063.T,980,1003,980,1003,1500
6069.T,667,667,657,659,23300
606A.T,19945,20565,19925,20530,4840
6070.T,2465,2484,2454,2479,24600
6071.T,850,859,843,850,248500
6072.T,1064,1120,1047,1114,534600
6073.T,1537,1539,1519,1531,21200
6074.T,513,520,509,519,3900
6078.T,1515,1520,1504,1508,30500
607A.T,238,249,234,240,828900
6080.T,3990,4035,3970,4010,71500
6081.T,152,202,151,163,18577300
6082.T,990,991,982,985,40000
6083.T,1560,1560,1518,1518,31100
6085.T,160,162,145,156,5904600
6086.T,1015,1035,1001,1001,46900
6087.T,3530,3560,3525,3560,1400
6088.T,546,557,546,554,451300
6089.T,1121,1133,1116,1126,46100
608A.T,1463,1492,1449,1454,11523
6090.T,607,611,607,608,1100
6091.T,882,885,876,876,8000
6092.T,813,815,804,812,15900
6093.T,155,158,155,156,52000
6094.T,532,532,518,518,42700
6098.T,15710,15740,15315,15500,4847300
6099.T,705,714,703,710,79300
609A.T,1071,1096,1066,1085,27329
6101.T,4665,4865,4625,4825,506500
6103.T,4190,4350,4155,4330,510600
6104.T,4175,4235,4085,4225,408200
610A.T,1014,1016,1005,1014,27659
6113.T,2293.5,2339.5,2278.5,2338.5,3099900
6118.T,1210,1240,1202,1230,342100
611A.T,1000,1000,990.4,992.6,50
6125.T,4580,4580,4480,4545,44300
612A.T,10040,10040,10040,10040,0
6134.T,6638,6809,6604,6705,1550100
6135.T,14300,14650,14080,14580,147300
6136.T,3307,3390,3282,3382,318900
6137.T,1480,1484,1450,1480,26100
6138.T,1957,1980,1880,1963,18800
613A.T,1918,1918,1918,1918,1
6140.T,1086,1099,1081,1097,464800
6141.T,2680,2767.5,2668,2764.5,1502900
6143.T,1585,1620,1559,1607,470500
6144.T,2820,2858,2807,2807,3300
6145.T,2420,2448,2390,2439,103800
6146.T,51580,52150,50650,51980,1430800
6147.T,203,203,186,189,35800
6149.T,2200,2200,2139,2166,14100
614A.T,1468,1468,1468,1468,0
6150.T,2814,2817,2790,2790,600
6151.T,1673,1691,1668,1679,14600
6155.T,542,542,528,539,16900
6156.T,1800,1818,1791,1801,16900
6157.T,796,805,792,802,122200
6158.T,1020,1029,1012,1029,2700
6159.T,1905,1905,1896,1896,2400
615A.T,305,305,305,305,0
6161.T,1050,1058,1035,1035,2800
6165.T,521,524,516,521,60100
6166.T,636,653,631,652,93600
6167.T,950,968,942,961,88700
616A.T,568,568,568,568,0
6171.T,372,373,371,371,18600
6176.T,1077,1088,1058,1058,97500
6177.T,84,86,84,86,106400
6178.T,2387,2480,2382,2469,4381700
617A.T,2679,2679,2679,2679,0
6180.T,3830,3830,3810,3810,3700
6181.T,87,89,87,89,355000
6182.T,517,517,505,505,21100
6183.T,1341,1358,1333,1352,221400
6184.T,597,612,583,592,740800
6185.T,365,365,363,364,6300
6186.T,376,376,373,375,1300
6189.T,1000,1011,1000,1001,6000
6190.T,317,324,317,320,2900
6191.T,1073,1073,1073,1073,51500
6193.T,1177,1177,1150,1166,11500
6194.T,845,862,840,856,167000
6195.T,201,202,200,201,23000
6196.T,1380,1400,1377,1394,335800
6198.T,203,203,200,200,2300
6199.T,1360,1390,1351,1372,22400
6200.T,700,701,693,697,357400
6203.T,2250,2844,2235,2844,16738800
6208.T,1647,2032,1627,1855,4046700
6209.T,3750,3805,3730,3790,100500
6217.T,753,753,735,738,34300
6218.T,659,659,652,652,1600
6222.T,920,939,914,939,139300
6223.T,1902,1937,1887,1911,26300
6224.T,1170,1183,1162,1175,21500
6226.T,2160,2166,2099,2153,166300
6227.T,6200,6220,5800,5800,1096800
6228.T,529,539,512,529,51000
6229.T,1459,1459,1433,1451,20100
6230.T,2177,2180,2151,2160,1300
6231.T,11360,11770,11270,11670,9400
6232.T,1278,1355,1277,1303,1644000
6233.T,402,409,402,407,17300
6235.T,2362,2395,2341,2395,277300
6237.T,3725,3865,3720,3860,60800
6238.T,1365,1436,1359,1434,166200
6239.T,1425,1425,1391,1420,1500
6240.T,504,519,501,518,400800
6245.T,1760,1781,1726,1763,52400
6246.T,1810,1816,1800,1816,2400
6247.T,1650,1678,1644,1661,109100
6248.T,1740,1740,1731,1739,600
6249.T,2832,2897,2832,2878,12800
6250.T,4105,4345,4070,4305,236700
6254.T,3215,3265,3195,3260,517200
6255.T,649,668,637,666,174000
6257.T,1012,1014,1002,1006,40200
6258.T,3395,3470,3370,3450,282400
6262.T,507,524,507,519,68700
6264.T,1798,1827,1771,1810,655400
6265.T,3065,3095,3035,3055,500
6266.T,3305,3395,3270,3375,221100
6267.T,4000,4030,4000,4030,600
6268.T,4287,4438,4280,4438,977200
6269.T,9091,9220,8976,8995,838900
6272.T,1470,1501,1466,1498,79900
6273.T,65010,68160,64650,68160,305400
6276.T,369,369,350,352,56600
6277.T,5460,5650,5420,5580,46000
6278.T,12410,12650,12250,12530,230700
6279.T,900,909,900,900,26600
6282.T,2784,2866,2784,2851,110900
6284.T,8110,8430,8110,8370,26900
6286.T,1487,1487,1463,1485,1800
6287.T,2595,2623,2586,2613,96000
6289.T,1842,1881,1834,1861,63800
6291.T,1312,1324,1298,1298,49500
6292.T,841,841,835,835,2500
6294.T,1928,1959,1920,1950,23900
6298.T,1232,1248,1222,1243,140900
6301.T,7089,7224,7053,7114,4144200
6302.T,5385,5550,5290,5526,874800
6305.T,5555,5633,5481,5633,1227400
6306.T,970,983,964,983,108100
6307.T,472,478,463,463,19300
6309.T,1985,2017,1984,2002,98300
6310.T,1808,1874,1793,1849,99400
6315.T,2140,2145,2085,2116,4041900
6316.T,2946,3155,2921,3005,53900
6317.T,1707,1720,1687,1707,37800
6322.T,1595,1595,1585,1585,400
6323.T,3439,3486,3365,3464,1567300
6324.T,5680,5990,5650,5790,2221100
6325.T,417,418,416,418,2800
6326.T,2737.5,2785,2698,2783,5061300
6327.T,3020,3020,2862,2909,334500
6328.T,2282,2302,2265,2276,78200
6330.T,2709,2944,2699,2736,9534500
6331.T,3160,3295,3150,3255,176500
6332.T,2620,2703,2607,2669,122200
6333.T,3365,3430,3360,3430,42700
6334.T,480,500,477,500,3200
6335.T,581,596,576,578,56200
6336.T,1886,1997,1542,1560,1399700
6337.T,3295,3345,3230,3300,33600
6338.T,1602,1652,1595,1605,13200
6339.T,1130,1155,1118,1155,215700
6340.T,5080,5280,5080,5180,61200
6342.T,2860,2911,2860,2872,1300
6343.T,145,146,143,145,42100
6345.T,1422,1440,1417,1432,131400
6346.T,5660,5660,5660,5660,0
6347.T,245,246,242,245,5000
6349.T,1900,1954,1891,1947,181000
6351.T,2585,2585,2462,2552,91200
6356.T,1241,1320,1205,1213,394600
6357.T,2660,2677,2626,2636,28900
6358.T,2114,2143,2105,2143,20600
6360.T,4610,4680,4610,4680,700
6361.T,4114,4247,4112,4247,3537000
6363.T,2780,2847,2757,2832,166000
6364.T,2411,2462,2390,2454,81900
6365.T,5580,5580,5500,5500,500
6366.T,690,703,677,693,2020500
6367.T,20835,20850,20510,20780,1228000
6368.T,11720,12160,11670,12050,265100
6369.T,2430,2438,2340,2340,211600
6370.T,7270,7398,7210,7366,669400
6371.T,2579,2665,2571,2664,244900
6376.T,3260,3310,3200,3270,443400
6378.T,1130,1147,1121,1138,122000
6379.T,2900,2940,2882,2924,281200
6380.T,3915,3915,3830,3855,4600
6381.T,1881,1886,1851,1876,91400
6382.T,1222,1223,1210,1217,19000
6383.T,5324,5455,5312,5429,1737200
6384.T,1700,1728,1690,1718,9600
6387.T,8100,8100,7870,8020,136800
6390.T,1300,1324,1292,1322,58200
6391.T,4660,4725,4600,4670,1900
6392.T,7980,7990,7840,7990,500
6393.T,3040,3045,3030,3045,300
6395.T,1318,1349,1307,1338,292000
6396.T,4565,4565,4565,4565,0
6400.T,280,293,279,291,50700
6402.T,1587,1615,1585,1603,5500
6405.T,1198,1205,1190,1191,40700
6407.T,4990,5120,4955,5060,395200
6408.T,4260,4260,4260,4260,200
6412.T,2132,2172,2132,2171,276600
6413.T,1009,1019,997,1011,174200
6417.T,2003.5,2064,1990.5,2055,1270300
6418.T,1166,1213,1157,1205,133700
6419.T,3180,3225,3175,3200,57300
6420.T,3350,3425,3350,3395,47200
6424.T,893,893,888,893,1600
6425.T,739,740,726,733,139900
6428.T,324,325,320,325,6300
6430.T,2434,2437,2401,2427,105300
6432.T,7080,7250,7030,7160,231600
6433.T,1136,1166,1121,1125,63200
6436.T,3800,3883,3800,3875,217700
6440.T,688,728,679,722,408400
6444.T,177,180,174,176,62800
6445.T,1323,1333,1313,1314,72700
6448.T,4280,4363,4251,4363,1289300
6454.T,1872,1907,1858,1899,370000
6455.T,2430,2455,2426,2449,58600
6457.T,4180,4356,4151,4297,329200
6458.T,1215,1224,1210,1217,219500
6459.T,1591,1620,1582,1619,98200
6460.T,3119,3239,3113,3194,1233500
6463.T,1492,1538,1482,1524,195500
6464.T,330,334,327,332,338900
6465.T,5216,5320,5216,5305,477200
6466.T,3750,3770,3695,3720,6800
6467.T,341,341,339,340,10000
6469.T,2600,2671,2561,2644,73700
6470.T,1023,1056,1023,1052,64700
6471.T,1020,1052,1020,1043.5,3192200
6472.T,358.8,373.5,358,370.1,3678000
6473.T,1959.5,2024.5,1948,2013.5,1428200
6474.T,5000,5270,5000,5230,62300
6479.T,3273,3398,3269,3391,3530700
6480.T,1581,1611,1551,1600,835900
6481.T,5790,5894,5709,5874,1215800
6482.T,683,701,679,700,88500
6484.T,2240,2240,2226,2226,500
6485.T,1574,1595,1563,1593,43100
6486.T,2892,3005,2888,2994,132700
6488.T,1043,1050,1027,1043,5300
6490.T,8850,9130,8730,9040,132200
6492.T,13320,13730,13320,13560,5900
6493.T,470,478,468,475,63000
6494.T,97,98,97,98,114000
6495.T,110,111,108,110,158000
6496.T,5330,5490,5290,5320,2900
6497.T,1455,1485,1453,1455,7600
6498.T,1864,1931,1858,1916,339900
6501.T,5044,5200,5040,5199,9761900
6503.T,4936,5050,4936,5027,6163500
6504.T,12345,12675,12330,12650,649700
6505.T,2375,2385,2341,2370,28200
6506.T,4222,4315,4207,4301,5133300
6507.T,11070,11450,11070,11330,170900
6508.T,10180,10420,10140,10320,204100
6513.T,1244,1252,1238,1250,18000
6516.T,4980,5220,4965,5180,116300
6517.T,3930,4005,3930,3995,40400
6518.T,1660,1660,1620,1632,15100
6521.T,3120,3150,3065,3085,136200
6522.T,1476,1504,1445,1458,574200
6523.T,1211,1230,1199,1224,772000
6524.T,4800,4920,4750,4860,200400
6525.T,8371,8419,8056,8162,7710700
6526.T,1815,1844,1788,1834.5,6024800
6532.T,7345,7371,7192,7337,1020700
6533.T,1117,1126,1108,1124,22700
6535.T,490,501,490,496,516200
6537.T,293,296,292,292,9500
6538.T,253,256,249,249,64100
6539.T,985,990,982,986,38000
6540.T,1507,1510,1492,1493,19000
6543.T,1215,1215,1186,1193,2000
6544.T,1429,1442,1418,1432.5,702800
6545.T,806,811,797,800,4400
6546.T,1173,1173,1173,1173,100
6547.T,2108,2119,2082,2082,42000
6548.T,126,128,121,124,136000
6549.T,1137,1137,1108,1114,3100
6551.T,600,609,599,608,12500
6552.T,173,173,170,171,13200
6554.T,1112,1129,1106,1106,8100
6555.T,430,430,417,425,2100
6557.T,732,765,728,756,28800
6558.T,656,670,656,670,300
6560.T,1752,1763,1730,1758,22500
6561.T,817,819,805,811,10400
6562.T,965,982,955,972,29300
6563.T,473,531,457,464,86600
6564.T,1977,2032,1972,2005,77800
6566.T,1253,1262,1253,1256,700
6568.T,1241,1250,1235,1248,2300
6570.T,3580,3590,3245,3260,69500
6571.T,1260,1267,1255,1258,44400
6572.T,263,264,260,263,145800
6573.T,28,28,26,27,765300
6574.T,111,112,104,111,977300
6577.T,1462,1462,1377,1413,88100
6578.T,466,468,459,460,2100
6579.T,351,351,351,351,200
6580.T,937,937,856,859,29600
6584.T,755,776,753,771,208500
6586.T,5058,5256,5050,5256,970700
6588.T,2703,2789,2700,2780,126200
6590.T,3720,3805,3650,3790,1370400
6592.T,1640.5,1662.5,1623,1658.5,1213200
6594.T,2753,2758,2654,2691,3948500
6596.T,990,990,990,990,0
6597.T,3460,3470,3390,3420,63100
6599.T,3695,3815,3695,3765,4300
6612.T,602,602,590,591,2600
6613.T,1882,1985,1861,1964,1234900
6614.T,880,914,860,862,12700
6615.T,235,243,235,243,53300
6616.T,1780,1797,1744,1780,86300
6617.T,6410,6590,6360,6530,76800
6619.T,150,153,146,149,3473600
6620.T,672,680,663,677,53500
6622.T,11540,11990,11520,11900,155800
6625.T,369,371,367,370,211400
6626.T,2292,2298,2245,2284,25900
6627.T,10600,10700,10310,10600,72600
6629.T,960,960,938,949,154500
6630.T,787,792,785,785,68300
6632.T,951.4,972.7,951.4,967.3,1407900
6633.T,315,317,315,317,400
6634.T,70,71,69,71,170000
6635.T,652,674,649,669,62600
6637.T,4055,4120,3960,4100,27700
6638.T,1926,1966,1905,1966,175200
6643.T,5420,5560,5360,5520,3200
6644.T,1410,1448,1405,1437,307700
6645.T,5830,6056,5792,6003,1518900
6647.T,3540,3540,3540,3540,600
6648.T,1618,1635,1612,1620,30800
6651.T,4225,4365,4225,4345,86800
6652.T,3480,3575,3465,3575,92400
6653.T,2050,2060,2025,2045,97000
6654.T,1077,1077,1072,1073,5400
6656.T,800,813,786,799,42400
6658.T,443,447,438,447,37300
6659.T,50,50,48,49,3316000
6662.T,224,227,217,222,5700
6663.T,305,305,300,305,22100
6664.T,263,266,260,265,7700
6666.T,803,812,785,799,42100
6668.T,3960,4005,3880,3965,51900
6674.T,4920,5006,4916,4962,606100
6675.T,2074,2106,2056,2102,25500
6676.T,2983,3045,2961,3030,39800
6677.T,3170,3200,3145,3185,85600
6678.T,2000,2031,2000,2029,11100
6694.T,819,863,806,833,14800
6696.T,305,337,300,329,175800
6699.T,490,493,482,489,101900
6701.T,4517,4575,4500,4536,5050900
6702.T,3755,3777,3734,3749,7876000
6703.T,2525,2584,2525,2573,515200
6706.T,3205,3270,3200,3255,30500
6707.T,6483,6664,6374,6610,122200
6718.T,2780,2807,2747,2795,41200
6721.T,72,73,72,73,91500
6723.T,3138,3192,3107,3192,10122800
6724.T,2944,3059,2944,3050,1842700
6727.T,781,796,774,795,460200
6728.T,6669,6932,6651,6910,462100
6730.T,1094,1145,1081,1136,193300
6731.T,104,104,103,103,18500
6736.T,9040,9800,9040,9690,37200
6737.T,2971,3040,2955,3015,231200
6740.T,47,48,46,47,12071300
6741.T,1705,1767,1699,1752,157000
6742.T,995,1032,989,1020,336800
6743.T,990,1010,986,1008,22700
6744.T,3905,3995,3905,3955,90700
6745.T,1837,1870,1821,1843,196700
6748.T,753,756,741,743,16900
6750.T,1918,1967,1912,1955,169000
6752.T,4128,4217,4100,4200,8125800
6753.T,661.3,691.5,661,678,7902400
6754.T,3057,3152,3054,3139,1088400
6757.T,875,882,875,878,2200
6758.T,3582,3647,3582,3632,14472100
6762.T,2741,2817,2724,2808.5,12186500
6763.T,2684,2751,2684,2728,14900
6768.T,762,823,760,807,1042900
6769.T,1110,1132,1096,1121,74300
6770.T,2162,2229,2149,2216,1935200
6771.T,660,670,651,660,9400
6772.T,1031,1038,1011,1011,5700
6775.T,126,128,125,127,118000
6776.T,280,283,280,282,9900
6777.T,19100,19500,18870,19020,105500
6778.T,635,635,605,606,50700
6779.T,2747,2973,2695,2844,1891400
6785.T,3020,3100,3010,3065,61800
6786.T,48,49,48,48,31300
6787.T,18510,19130,18390,19020,244400
6788.T,4965,5040,4960,5030,8300
6794.T,2930,3025,2906,2990,204200
6797.T,1210,1220,1205,1214,4300
6798.T,3125,3205,3110,3190,11100
6800.T,3730,4010,3730,3965,198100
6803.T,99,99,98,99,277500
6804.T,2501,2532,2495,2519,243500
6806.T,23880,24250,23760,24065,176600
6807.T,2450,2509,2448,2488,354200
6809.T,1700,1721,1695,1708,79000
6810.T,2500,2524,2463,2501,186900
6814.T,7120,7200,7020,7100,235200
6817.T,1157,1200,1157,1200,311500
6819.T,481,481,478,480,6400
6820.T,3390,3540,3390,3530,18800
6822.T,4950,5000,4950,5000,1700
6823.T,3135,3220,3125,3205,41500
6824.T,4205,4400,4205,4230,22200
6832.T,2359,2390,2311,2378,32200
6834.T,5140,5220,5050,5090,752600
6835.T,250,253,247,252,182900
6836.T,816,830,816,820,2200
6837.T,364,364,355,363,30400
6838.T,1480,1547,1474,1526,312100
6840.T,790,794,767,778,412300
6841.T,4498,4605,4477,4568,1280100
6844.T,2891,2891,2830,2864,123500
6845.T,1422,1441,1421,1437,1474200
6848.T,864,866,864,865,3700
6849.T,1471.5,1555.5,1468,1540,1190700
6850.T,1680,1727,1675,1727,30900
6853.T,758,767,751,758,14600
6855.T,6370,6570,6310,6490,517600
6856.T,21135,21630,21135,21490,256000
6857.T,31820,32220,30980,31720,11096600
6858.T,832,833,821,828,28800
6859.T,3775,3855,3730,3815,82300
6861.T,74110,76000,73510,76000,795800
6862.T,4475,4505,4280,4310,294200
6863.T,968,999,952,985,59900
6864.T,1571,1571,1540,1564,29500
6866.T,9850,10040,9810,10010,29500
6867.T,410,410,402,402,17500
6869.T,1739,1789,1737,1786.5,2997600
6870.T,2121,2132,2084,2106,7200
6871.T,12720,12800,12200,12680,1469200
6874.T,2341,2341,2324,2333,2900
6875.T,10400,10510,10250,10490,89400
6877.T,5270,5320,5220,5290,28500
6882.T,1116,1120,1091,1110,42500
6888.T,498,501,496,498,4700
6890.T,8750,8790,8530,8620,1125100
6894.T,2143,2165,2133,2145,700
6897.T,657,662,642,643,56000
6898.T,5270,6000,5270,5610,22400
6899.T,2294,2294,2254,2257,10300
6902.T,1863,1921,1863,1921,7600200
6904.T,600,615,591,612,13500
6905.T,1258,1291,1252,1287,155600
6907.T,739,764,731,757,39200
6908.T,2756,2768,2729,2750,114700
6912.T,2481,2498,2408,2428,10600
6914.T,3000,3070,2994,3045,170200
6915.T,3310,3435,3305,3405,14800
6918.T,3530,3535,3410,3525,50100
6919.T,1411,1416,1407,1413,4700
6920.T,34300,34700,33660,34570,3010300
6923.T,3390,3465,3381,3461,397900
6925.T,3423,3538,3411,3538,280200
6926.T,192,195,192,192,5600
6927.T,961,972,954,967,40300
6928.T,2909,2933,2854,2905,51700
6929.T,3580,3620,3575,3605,89100
6932.T,2468,2530,2442,2512,83900
6941.T,7240,7770,7210,7630,390900
6942.T,1433,1436,1432,1432,2800
6943.T,5550,5550,5550,5550,0
6946.T,5850,6380,5850,6240,174600
6947.T,4625,4700,4625,4655,43900
6951.T,6980,7029,6853,6855,294100
6952.T,1985.5,2030.5,1981,2004.5,1638800
6954.T,5600,5740,5592,5735,7214400
6955.T,402,403,397,400,34300
6958.T,702,719,698,719,588500
6960.T,11430,11780,11400,11670,77300
6961.T,9710,9870,9590,9730,79700
6962.T,774,789,715,757,700900
6963.T,4634,4674,4449,4577,4207000
6964.T,688,688,686,688,800
6965.T,2156,2202.5,2147,2193,1915700
6966.T,890,895,864,868,7386500
6969.T,983,999,976,995,25200
6971.T,3370,3551,3370,3551,7812300
6976.T,8891,9265,8760,9209,31494700
6977.T,1380,1393,1380,1393,1600
6981.T,7075,7400,7075,7352,23574100
6982.T,574,576,573,576,300
6986.T,709,737,675,730,732400
6988.T,3165,3222,3126,3205,3694300
6989.T,2304,2316,2250,2304,11500
6993.T,85,85,84,85,642000
6994.T,1130,1156,1115,1144,98100
6995.T,3000,3130,3000,3130,210200
6996.T,2500,2528,2475,2528,654500
6997.T,2686,2721,2644,2674,844600
6998.T,3370,3590,3330,3500,90000
6999.T,2070,2119,2043,2107,374700
7003.T,4132,4299,4084,4145,2143200
7004.T,1121,1149,1120,1147,1106300
7011.T,3597,3720,3581,3705,13750300
7012.T,2249,2332,2241.5,2319,11489600
7013.T,2587,2688.5,2575.5,2665,12286100
7014.T,4405,4660,4390,4580,2414400
7018.T,12440,13340,12350,12680,29900
7021.T,2251,2275,2225,2256,1000
7022.T,348,355,347,348,60000
7030.T,962,962,950,950,19800
7031.T,670,710,670,707,5700
7033.T,1540,1548,1524,1539,65600
7034.T,320,326,316,326,26300
7035.T,226,237,222,234,59500
7036.T,666,668,666,667,3300
7037.T,802,802,799,801,21900
7038.T,576,579,575,575,16500
7039.T,1360,1363,1351,1356,10300
7040.T,972,974,966,970,1400
7041.T,356,356,345,345,4400
7042.T,694,730,674,705,26500
7043.T,935,948,927,938,1200
7044.T,507,511,507,511,1400
7046.T,1346,1351,1340,1340,3100
7047.T,2021,2071,2016,2065,149900
7048.T,154,160,153,158,133900
7049.T,785,785,780,780,15400
7050.T,1369,1413,1336,1385,36500
7057.T,903,903,903,903,300
7058.T,2973,3030,2970,3030,2700
7059.T,893,901,885,898,96500
7060.T,580,584,572,579,10100
7061.T,523,535,510,521,219100
7062.T,683,685,670,679,4500
7063.T,78,78,74,74,334400
7064.T,929,960,912,935,8900
7065.T,952,955,935,954,31600
7066.T,441,459,441,454,18000
7067.T,1047,1047,1037,1037,200
7068.T,594,598,588,590,50800
7069.T,516,516,498,501,13600
7071.T,387,395,385,391,190800
7072.T,1094,1100,1079,1079,3500
7073.T,2318,2318,2302,2302,700
7074.T,185,186,181,183,8700
7075.T,1027,1033,948,948,34000
7077.T,983,987,983,987,200
7078.T,342,344,339,341,9300
7079.T,2560,2560,2560,2560,400
7080.T,860,860,840,855,17900
7081.T,1291,1291,1291,1291,1500
7082.T,1407,1407,1406,1407,4500
7083.T,1118,1119,1103,1105,2700
7084.T,2789,2849,2732,2765,7900
7085.T,880,881,864,867,335600
7087.T,1430,1430,1414,1420,2400
7089.T,1415,1415,1334,1356,27500
7090.T,950,950,950,950,400
7091.T,1260,1262,1246,1248,10600
7093.T,600,609,595,595,7300
7094.T,1797,1807,1779,1792,38000
7095.T,1186,1213,1140,1168,149500
7096.T,750,750,748,748,1500
7097.T,2740,2740,2702,2703,7400
7102.T,3495,3550,3475,3510,30700
7110.T,2039,2053,2029,2053,1700
7111.T,505,505,498,498,9300
7112.T,694,696,694,694,1200
7114.T,776,780,776,780,2100
7115.T,1461,1475,1455,1455,8000
7119.T,2048,2103,2034,2095,37500
7120.T,996,996,987,995,5100
7122.T,2345,2358,2344,2358,1800
7126.T,1436,1445,1436,1436,4800
7127.T,705,707,700,706,12000
7128.T,2771,2803,2747,2798,204700
7129.T,1175,1199,1175,1199,4600
7130.T,2781,2800,2757,2767,87800
7131.T,3725,3795,3660,3795,5400
7133.T,1315,1315,1305,1310,5000
7134.T,1400,1403,1360,1377,14400
7135.T,180,181,180,180,14700
7137.T,1200,1200,1200,1200,0
7138.T,143,145,138,142,348600
7139.T,4700,4700,4700,4700,0
7140.T,800,800,800,800,100
7148.T,1664,1682,1656,1680,534500
7150.T,510,525,510,524,13000
7157.T,1408,1432,1384,1393,388700
7161.T,587,611,575,604,147100
7162.T,292,295,288,294,29800
7164.T,3095,3142,3095,3121,282900
7167.T,1628.5,1680.5,1614,1670,4039700
7170.T,330,330,330,330,0
7172.T,2065,2088,2063,2073,116200
7173.T,1660,1689,1635,1676,1206500
7175.T,1960,1978,1950,1958,4100
7176.T,757,757,757,757,0
7177.T,1150,1164,1144,1158,183400
7180.T,1594,1625,1565,1615.5,1490300
7181.T,1717.5,1775.5,1711,1767.5,2819000
7182.T,3200,3320,3200,3290,6871200
7183.T,254,254,254,254,25300
7184.T,3270,3520,3260,3465,324700
7185.T,3940,3945,3915,3925,6000
7186.T,1846,1906,1828.5,1899,5642600
7187.T,1300,1321,1296,1312,68800
7189.T,4713,4900,4678,4866,494400
7191.T,1131,1160,1130,1152,34300
7192.T,701,710,692,706,50900
7196.T,741,745,727,729,25000
7198.T,826,831,823,831,94200
7199.T,2018,2037,2005,2027,184700
7201.T,304.9,314.2,302,311.7,35789500
7202.T,2140,2207,2139.5,2190,2707900
7203.T,2950.5,3040,2950,3031,27282400
7208.T,1290,1300,1285,1285,400
7211.T,358,368.2,355.5,368,8160100
7212.T,730,736,724,725,46800
7213.T,666,670,658,662,27200
7214.T,1108,1110,1105,1105,2500
7215.T,423,428,421,428,1300
7217.T,445,449,442,447,8200
7218.T,1134,1134,1106,1106,3000
7219.T,2460,2474,2460,2473,400
7220.T,2650,2713,2650,2713,663500
7222.T,904,932,901,924,123900
7224.T,1850,1910,1849,1897,181400
7226.T,2250,2280,2248,2265,223300
7228.T,3990,4000,3985,3990,800
7231.T,2980,3030,2971,3000,132500
7235.T,1499,1540,1492,1540,34000
7236.T,1424,1445,1418,1444,359100
7238.T,104,106,102,104,4228000
7239.T,2277,2311,2264,2285,142500
7240.T,2918.5,3021,2918.5,3021,427500
7241.T,1049,1077,1046,1073,408000
7242.T,4545,4660,4520,4660,98800
7244.T,542,562,540,554,161300
7245.T,1090,1113,1080,1109,335800
7246.T,970,996,968,991,378200
7247.T,364,365,358,361,19800
7254.T,810,811,808,811,1900
7255.T,512,512,500,500,23300
7256.T,416,429,409,429,77700
7259.T,2167,2230.5,2165,2230.5,3237400
7261.T,1108,1146,1106.5,1140,5767800
7264.T,1333,1361,1321,1333,2400
7265.T,3735,3735,3735,3735,100
7266.T,956,965,946,962,23800
7267.T,1610,1670,1610,1664,14215600
7269.T,1961.5,2048.5,1959,2047,7402500
7270.T,2539.5,2626,2530,2619.5,5009300
7271.T,799,801,791,801,42100
7272.T,1710,1731.5,1699,1731.5,7238200
7273.T,625,639,622,631,178300
7276.T,2541,2599,2541,2599,910100
7277.T,339,339,335,337,25600
7278.T,5800,5860,5790,5810,348100
7279.T,2408,2487,2400,2469,82000
7280.T,1234,1314,1232,1303,292900
7282.T,4980,5164,4976,5149,772000
7283.T,2115,2140,2095,2117,188600
7284.T,1160,1160,1160,1160,200
7287.T,2530,2629,2522,2609,166500
7291.T,451,459,451,457,16300
7292.T,6910,6910,6700,6700,3100
7294.T,870,885,868,882,52100
7296.T,4000,4115,4000,4105,153800
7297.T,860,860,853,855,4900
7299.T,1749,1790,1722,1765,6900
7305.T,2737,2744,2716,2737,14300
7309.T,17900,18075,17715,17915,343800
7313.T,1785.5,1814,1781,1814,364800
7314.T,1323,1323,1320,1320,400
7318.T,1317,1323,1271,1284,129300
7320.T,1389,1395,1374,1380,22100
7322.T,1995,2041,1893,2033,1569200
7325.T,689,689,674,685,7700
7326.T,2180,2254,2150,2244,50300
7327.T,2551,2659,2529,2631,996100
7337.T,2311.5,2365,2287,2361,896500
7343.T,1262,1263,1261,1263,600
7345.T,925,939,925,937,1900
7347.T,793,799,789,796,5000
7350.T,7560,7840,7510,7750,99100
7351.T,466,479,466,479,14900
7352.T,323,325,315,317,51800
7353.T,521,522,506,511,48600
7354.T,391,395,375,377,262500
7356.T,115,117,114,115,26300
7357.T,1694,1729,1663,1708,5000
7358.T,1756,1787,1741,1787,12400
7359.T,272,278,272,272,78400
7360.T,645,645,645,645,200
7361.T,1190,1198,1190,1190,1200
7362.T,868,868,865,865,300
7363.T,1266,1281,1266,1281,300
7366.T,1757,1800,1750,1786,68200
7367.T,330,332,330,331,600
7368.T,1691,1691,1675,1678,2200
7369.T,375,383,374,376,2100
7370.T,713,714,709,711,4500
7371.T,792,800,785,792,12600
7372.T,391,393,390,391,6400
7373.T,896,905,885,901,73200
7374.T,1527,1530,1520,1530,7100
7375.T,1237,1250,1160,1167,285200
7376.T,759,759,693,746,54100
7377.T,1702,1713,1685,1700,2800
7378.T,1555,1583,1538,1561,12600
7380.T,2573,2672,2537,2633,505200
7381.T,1267,1309,1264,1278,706500
7383.T,379,389,378,381,583400
7384.T,4940,5170,4825,5110,132700
7388.T,2280,2308,2273,2308,34300
7389.T,1832,2006,1804,1979,2315600
7399.T,617,618,617,618,900
7409.T,1377,1426,1350,1403,172800
7412.T,369,369,361,362,506400
7413.T,2740,2740,2730,2730,200
7414.T,1390,1412,1389,1412,54700
7416.T,683,683,681,681,1000
7417.T,1843,1864,1834,1860,1500
7419.T,1226,1235,1222,1231,615700
7421.T,1618,1628,1598,1605,124800
7422.T,395,400,394,399,2400
7425.T,1091,1121,1091,1102,1600
7426.T,599,599,599,599,100
7427.T,821,830,821,830,1200
7433.T,5150,5450,5140,5410,154800
7434.T,1827,1827,1825,1825,5600
7435.T,1240,1249,1211,1239,14200
7438.T,1723,1725,1700,1721,54900
7442.T,471,474,470,473,9500
7443.T,657,663,655,663,3300
7444.T,1984,1990,1973,1990,1600
7446.T,4520,4520,4520,4520,0
7447.T,1629,1640,1624,1640,76300
7453.T,3914,4047,3913,4005,3970000
7456.T,6940,7020,6760,6790,146900
7458.T,1820.5,1837,1813,1828.5,287100
7459.T,2872.5,2911,2861,2886,423500
7460.T,1645,1660,1634,1648,17700
7461.T,481,481,477,480,3400
7462.T,406,406,400,405,13100
7463.T,957,960,951,954,22700
7464.T,1515,1515,1501,1504,4500
7466.T,1431,1439,1419,1419,29600
7472.T,3915,3915,3900,3900,500
7475.T,3765,3775,3765,3775,788400
7476.T,2473,2500,2445,2463,170200
7477.T,1499,1569,1490,1532,3500
7480.T,3320,3540,3310,3470,91600
7481.T,2600,2600,2600,2600,300
7482.T,1491,1517,1401,1486,166100
7483.T,3025,3085,3020,3055,72900
7486.T,783,798,783,798,700
7487.T,1811,1820,1810,1820,7100
7490.T,2185,2187,2185,2185,6100
7494.T,244,245,243,243,26300
7500.T,10020,10020,10020,10020,0
7501.T,1437,1467,1437,1467,300
7502.T,1719,1719,1702,1702,1000
7504.T,4495,4535,4370,4395,56100
7505.T,2138,2145,2097,2097,37100
7506.T,1380,1381,1380,1381,800
7508.T,1401,1420,1401,1414,43100
7509.T,4700,4700,4700,4700,0
7510.T,2596,2645,2590,2628,33200
7512.T,860,865,856,861,170800
7513.T,1397,1424,1397,1419,187500
7514.T,853,853,850,850,6500
7515.T,4650,4650,4650,4650,0
7516.T,4335,4510,4335,4480,101100
7520.T,2500,2526,2493,2499,20900
7521.T,2799,2799,2799,2799,0
7522.T,909,916,901,904,183200
7523.T,1877,1878,1875,1875,5900
7524.T,180,180,177,177,15500
7525.T,3500,3535,3475,3515,24700
7527.T,52,52,50,51,1750100
7531.T,1300,1300,1294,1294,200
7532.T,710.5,731.8,710.3,726.1,22135200
7537.T,1711,1801,1710,1798,109500
7538.T,392,393,392,392,1500
7539.T,808,811,806,808,8900
7544.T,553,557,550,551,5600
7545.T,1936,1959,1930,1938,141400
7550.T,11200,11500,11145,11235,532700
7551.T,708,716,704,708,4900
7552.T,3640,3770,3635,3740,131300
7554.T,1158,1164,1153,1156,54000
7555.T,749,749,749,749,300
7561.T,716,716,709,712,7000
7562.T,3840,3845,3835,3835,2700
7564.T,5630,5700,5600,5670,306400
7565.T,8350,8350,8310,8310,300
7567.T,605,612,603,604,5100
7570.T,1372,1385,1363,1377,11900
7571.T,86,86,84,84,342500
7575.T,1496,1533,1496,1524,178900
7578.T,77,80,77,77,25700
7581.T,6900,6940,6660,6740,443800
7585.T,407,407,406,407,500
7590.T,391,396,391,391,24300
7593.T,507,517,504,514,703200
7595.T,1240,1244,1229,1236,207700
7596.T,2311,2313,2300,2309,18500
7599.T,1201,1210,1189,1203,950700
7600.T,607,645,603,637,334200
7601.T,162,162,160,161,29300
7602.T,196,196,182,186,229400
7603.T,36,37,35,36,414000
7604.T,911,911,900,904,8300
7606.T,2290,2312,2285,2299,232200
7607.T,2949,2974,2942,2965,27000
7608.T,865,896,854,878,279000
7609.T,3850,3945,3830,3935,124000
7610.T,136,137,134,136,681900
7611.T,3000,3015,2976,2976,109700
7613.T,1460,1515,1460,1500,250300
7614.T,1543,1559,1543,1553,2300
7615.T,97,97,96,97,64800
7616.T,2046.5,2064,2035,2035,417700
7619.T,969,989,965,989,9500
7621.T,3420,3425,3400,3415,2800
7624.T,155,155,152,154,22800
7625.T,466,466,454,459,11400
7628.T,1111,1138,1102,1138,44300
7630.T,1091,1105,1087,1090,473000
7634.T,4890,4890,4890,4890,400
7636.T,792,794,788,794,5900
7637.T,3405,3430,3350,3385,36600
7638.T,1386,1386,1372,1375,18300
7640.T,191,194,185,186,51700
7643.T,1735,1737,1715,1726,6400
7646.T,1910,1930,1910,1925,6400
7649.T,1258.5,1285,1258.5,1264,3268600
7670.T,1230,1230,1206,1214,2300
7673.T,1662,1677,1652,1677,1200
7674.T,2604,2604,2588,2588,3800
7677.T,2742,2742,2742,2742,100
7678.T,3260,3360,3220,3355,27600
7679.T,1630,1640,1621,1629,53300
7680.T,3190,3190,3190,3190,0
7681.T,977,1038,977,995,1600
7682.T,3910,3950,3905,3950,1100
7683.T,1403,1405,1398,1398,21100
7685.T,2861,2870,2757,2800,677600
7686.T,435,439,435,436,14900
7687.T,444,448,444,448,2300
7689.T,391,399,334,342,115400
7691.T,30,30,30,30,0
7692.T,82,85,77,79,1628700
7694.T,624,629,585,594,42700
7695.T,923,940,915,922,11500
7698.T,2750,2795,2747,2789,3500
7699.T,698,698,698,698,0
7701.T,3721,3742,3675,3742,1424100
7702.T,448,453,448,453,26600
7707.T,206,206,203,204,62900
7709.T,83,95,63,67,5200600
7711.T,4960,5030,4905,4975,38000
7713.T,2337,2368,2298,2303,16300
7715.T,3720,3840,3705,3800,86300
7716.T,2940,2976,2925,2954,250900
7717.T,5470,5590,5420,5530,153900
7719.T,480,488,470,481,140400
7721.T,6290,6740,6250,6550,282000
7722.T,762,767,758,764,18300
7723.T,2800,2831,2799,2831,20400
7725.T,1670,1716,1670,1692,85900
7726.T,1370,1398,1326,1391,12600
7727.T,815,833,804,833,77400
7729.T,16060,16415,15955,16285,266400
7730.T,1400,1424,1400,1422,404600
7731.T,1700,1707.5,1660.5,1702.5,1957700
7733.T,1923,1970,1913.5,1970,5964800
7734.T,3295,3405,3255,3380,112500
7735.T,12335,12460,12100,12255,1850700
7740.T,1325,1340,1321,1333,336100
7741.T,22640,22795,22350,22690,1203300
7743.T,792,793,792,792,387100
7744.T,1924,1965,1921,1954,269100
7745.T,2753,2836,2742,2828,94800
7746.T,800,826,790,813,340900
7747.T,3195,3259,3140,3190,1449800
7749.T,2882,2901,2800,2877,9700
7751.T,4300,4394,4300,4380,3207900
7752.T,1549.5,1586.5,1547,1579,2143900
7760.T,1980,2005,1966,1985,65100
7762.T,2199,2231,2174,2210,2067000
7769.T,3765,3785,3735,3780,18100
7771.T,260,261,254,254,95000
7774.T,799,799,761,790,196000
7775.T,424,424,422,424,11100
7776.T,221,224,220,222,114200
7777.T,363,387,356,379,10700000
7779.T,226,230,222,230,1702300
7780.T,1688,1706,1660,1668,268000
7781.T,850,890,850,890,34800
7782.T,490,490,484,486,3700
7791.T,820,831,820,823,1300
7792.T,1470,1470,1461,1462,15600
7793.T,1489,1510,1489,1500,1000
7794.T,991,991,963,972,288200
7795.T,212,217,212,213,43400
7800.T,963,982,960,975,7800
7803.T,440,450,437,444,1779900
7804.T,2395,2403,2366,2403,3300
7805.T,718,719,713,713,4000
7806.T,7850,7860,7600,7650,167500
7807.T,844,853,830,853,4000
7808.T,2770,2785,2755,2755,2600
7809.T,1325,1325,1320,1321,1600
7810.T,162,162,157,157,62900
7811.T,1946,1947,1936,1937,9200
7812.T,2051,2090,2051,2090,400
7813.T,910,925,910,925,2600
7814.T,598,605,592,598,24900
7815.T,328,328,320,325,5400
7818.T,1160,1171,1156,1171,141400
7819.T,1004,1008,991,998,16400
7820.T,697,702,695,700,76100
7821.T,1900,1923,1900,1915,97200
7822.T,256,256,253,253,17700
7823.T,811,824,811,819,61500
7826.T,10560,10750,10250,10330,613100
7827.T,1706,1730,1704,1730,2100
7831.T,67,67,66,67,38400
7832.T,5223,5394,5208,5359,3282100
7833.T,670,679,659,673,4700
7836.T,75,76,75,75,111200
7837.T,338,344,334,334,1600
7839.T,2056,2064,2030,2046,235400
7840.T,1280,1291,1276,1283,36400
7841.T,1069,1069,1045,1060,11900
7844.T,510,523,502,506,241200
7846.T,1990,2040.5,1976,2030.5,363600
7847.T,624,630,624,628,1900
7849.T,3005,3010,3000,3000,2200
7850.T,811,811,801,801,4600
7856.T,1980,2017,1980,1995,94400
7857.T,1290,1290,1290,1290,0
7859.T,270,280,264,274,271700
7860.T,1240,1256,1231,1252,119500
7863.T,944,944,944,944,100
7864.T,3200,3265,3170,3240,142000
7865.T,334,336,334,336,1500
7867.T,3554,3720,3526,3639,1199500
7868.T,505,513,505,511,499100
7871.T,1006,1006,1003,1003,900
7872.T,615,619,615,618,1700
7874.T,946,958,925,951,218000
7875.T,797,813,795,805,18500
7877.T,2181,2181,2181,2181,0
7878.T,1560,1572,1447,1510,16500
7879.T,668,678,668,673,7100
7883.T,398,400,398,398,3800
7885.T,1125,1131,1118,1125,13600
7886.T,585,603,575,603,1200
7887.T,1573,1573,1572,1572,400
7888.T,851,863,843,858,111500
7893.T,1080,1082,1071,1078,74200
7896.T,506,506,505,505,400
7897.T,105,106,104,106,98100
7898.T,912,922,901,919,9200
7901.T,824,839,824,839,1300
7902.T,1100,1100,1087,1091,2000
7906.T,2373,2423,2353,2385,337800
7908.T,236,238,235,235,134800
7911.T,4908,4956,4685,4725,2261600
7912.T,3030,3057,3001,3029,1675100
7914.T,1711,1735,1711,1725,70200
7915.T,1150,1163,1140,1159,295900
7916.T,1865,1865,1865,1865,100
7917.T,1202,1220,1195,1219,110500
7918.T,107,107,106,107,16600
7919.T,227,228,224,226,11300
7921.T,3990,4065,3960,4030,27200
7927.T,2299,2325,2275,2300,54700
7928.T,614,614,611,611,2700
7931.T,3655,3700,3535,3660,70100
7932.T,11410,11570,11410,11450,5800
7936.T,3960,4030,3949,3989,5030200
7937.T,2516,2563,2511,2545,17200
7938.T,2115,2138,2105,2106,2400
7939.T,602,603,602,603,800
7942.T,2804,2864,2789,2851,58100
7943.T,2887,2957,2887,2938,81800
7944.T,3610,3680,3600,3660,71000
7946.T,370,375,370,373,3200
7947.T,2722,2803,2716,2792,176100
7949.T,2780,2788,2770,2779,59800
7951.T,1214.5,1233,1203,1232,2843400
7952.T,3165,3215,3160,3200,14100
7953.T,398,399,396,398,3300
7955.T,936,950,928,944,47200
7956.T,1911,1929,1890,1912.5,1049000
7957.T,2551,2580,2551,2561,3900
7962.T,785,791,785,785,32400
7963.T,1799,1839,1799,1831,2500
7965.T,1433,1452,1433,1447,87900
7966.T,5120,5220,5100,5160,613300
7970.T,2151,2201,2151,2201,101700
7971.T,698,699,691,697,91200
7972.T,2390,2414,2366,2388,235800
7974.T,7852,8131,7851,8093,9954600
7975.T,1163,1169,1156,1168,1400
7976.T,3110,3220,3105,3195,89700
7979.T,2146,2173,2146,2158,91200
7980.T,830,916,828,861,156700
7981.T,3010,3080,3005,3065,104600
7983.T,1212,1238,1202,1222,3900
7984.T,900.6,913,897,905.8,1429200
7986.T,1905,1905,1905,1905,100
7987.T,548,558,547,558,57200
7988.T,4804,4904,4774,4899,248200
7989.T,2620,2655,2611,2642,29500
7990.T,2344,2368,2330,2368,82400
7991.T,1078,1078,1065,1068,5700
7992.T,103,105,102,103,30700
7994.T,2319,2336,2301,2314,356200
7995.T,6210,6440,6190,6370,49600
7997.T,1086,1086,1085,1085,4900
8001.T,2252,2310,2251,2294,20054600
8002.T,4868,5096,4868,5049,5634500
8005.T,1732,1740,1725,1729,225100
8006.T,1497,1497,1470,1496,1200
8007.T,785,792,783,790,129500
8008.T,2069,2073,2046,2058,82100
8011.T,1300,1325,1285,1313,136700
8012.T,1122.5,1139.5,1116,1128,826300
8013.T,368,370,362,370,13100
8014.T,4130,4210,4110,4205,40400
8015.T,7279,7616,7263,7553,3137100
8016.T,697,704,696,698,737600
8018.T,815,833,814,827,49100
8020.T,2215,2293.5,2214.5,2263,583000
8022.T,3870,3895,3795,3860,302300
8023.T,1053,1073,1050,1059,16900
8025.T,1300,1301,1300,1301,200
8029.T,2607,2621,2601,2614,12600
8030.T,3900,3920,3900,3920,1400
8031.T,4993,5107,4984,5060,7792100
8032.T,1206,1243,1204,1237,278300
8035.T,49990,51460,49980,51460,3852700
8037.T,4530,4630,4460,4605,70000
8039.T,3465,3465,3430,3450,9000
8040.T,1037,1046,1037,1046,400
8041.T,4620,4620,4575,4575,700
8043.T,1496,1537,1496,1528,181000
8045.T,2041,2046,1974,2002,2800
8046.T,963,975,962,973,9000
8050.T,9050,9190,8850,8920,852900
8051.T,1886,1945,1885,1939,204300
8052.T,2850,2886,2833,2881,74900
8053.T,1770,1829,1768,1822,13120700
8056.T,4649,4762,4643,4750,460800
8057.T,2066,2086,2020,2083,158300
8058.T,4901,5036,4884,5005,9772100
8059.T,3550,3650,3550,3615,74700
8060.T,3557,3664,3557,3658,416400
8061.T,2858,2936,2830,2903,123200
8065.T,3325,3340,3100,3140,574400
8066.T,3445,3550,3405,3530,43100
8070.T,950,979,941,975,150400
8074.T,6240,6550,6210,6530,48500
8075.T,3020,3110,3000,3085,66200
8076.T,2075,2119,2075,2119,3800
8077.T,215,220,214,218,30500
8078.T,1890,1943,1877,1912,472100
8079.T,4480,4530,4325,4385,95500
8081.T,2447,2510,2435,2507,39500
8084.T,4610,4825,4560,4810,76600
8085.T,4185,4245,4125,4235,3500
8086.T,1424,1439,1421.5,1438.5,674800
8088.T,2115.5,2151.5,2091,2118.5,712900
8089.T,1990,2017,1990,2017,2100
8091.T,2364,2389,2352,2385,8900
8093.T,1752,1775,1742,1767,42200
8095.T,507,513,507,508,136700
8097.T,2378,2414,2376,2394,164500
8098.T,4370,4515,4350,4455,207800
8101.T,2561,2598,2554,2592,29700
8103.T,952,979,948,970,292800
8104.T,714,715,705,707,9600
8105.T,78,79,76,76,857600
8107.T,30,31,30,30,160700
8111.T,2060,2101,2060,2090,479900
8113.T,945,951.5,942.5,951.5,5041500
8115.T,1305,1305,1303,1305,1100
8117.T,2071,2099,2060,2090,277500
8118.T,1180,1180,1174,1180,800
8119.T,793,794,789,793,1100
8123.T,1410,1410,1377,1377,4300
8125.T,1928,1958,1923,1954,134200
8127.T,537,540,535,535,7300
8129.T,3911,3959,3911,3940,150100
8130.T,3195,3200,3150,3175,148400
8131.T,2388,2508,2385,2507,70500
8132.T,7270,7490,7270,7440,7500
8133.T,2220,2292,2220,2274,155500
8135.T,435,437,429,429,16300
8136.T,1192,1204,1166,1188.5,14760400
8137.T,4185,4450,4185,4375,71000
8138.T,4245,4245,4245,4245,0
8139.T,2194,2196,2179,2179,700
8141.T,1567,1568,1565,1565,169700
8142.T,1414,1418,1392,1411,110600
8143.T,145,145,143,143,8000
8144.T,1271,1271,1271,1271,1600
8147.T,1399,1418,1399,1418,300
8150.T,3120,3215,3115,3190,42400
8151.T,1791,1823,1788,1810,172800
8152.T,7060,7150,7060,7100,1400
8153.T,3930,3965,3910,3925,199700
8154.T,4650,4805,4635,4800,115800
8157.T,4070,4160,4045,4130,48800
8158.T,1292,1305,1291,1300,77200
8159.T,3905,4055,3880,4030,40800
8160.T,2455,2473,2446,2449,75200
8163.T,1525,1531,1512,1513,120800
8165.T,103,104,102,102,168600
8166.T,79,79,78,78,13300
8167.T,1389,1395,1378,1390,107800
8173.T,4145,4230,4120,4230,119200
8174.T,3019,3058,3003,3028,337800
8179.T,1349,1360,1342,1342,305100
8181.T,981,992,981,983,6300
8185.T,982,986,980,983,76300
8194.T,2630,2702,2624,2666,257500
8198.T,3300,3320,3275,3295,12800
8200.T,2307,2328,2300,2307,63900
8202.T,148,149,147,148,35500
8203.T,747,752,747,751,80500
8207.T,301,302,301,301,23700
8214.T,1688,1697,1676,1694,226500
8217.T,789,799,789,798,70500
8218.T,3820,3895,3815,3880,108500
8219.T,748,757,747,754,780800
8225.T,3650,3690,3610,3610,700
8226.T,371,387,369,373,309300
8227.T,3161,3196,3137,3171,678700
8230.T,309,310,307,309,24100
8233.T,2082.5,2124,2082.5,2099.5,2187500
8237.T,2239,2328,2228,2300,267400
8242.T,2810,2847,2810,2833.5,285900
8244.T,1853,1870,1845,1856,38000
8247.T,322,322,320,320,600
8252.T,2840,2868,2838,2852.5,1401200
8253.T,4479,4600,4479,4595,825300
8254.T,283,327,283,294,1060000
8255.T,1262,1315,1262,1312,276900
8260.T,398,398,385,394,10300
8267.T,1351.5,1375.5,1330,1332.5,14151400
8273.T,975,986,971,983,514100
8275.T,1001,1006,999,1000,22100
8276.T,2654,2700,2652,2678,90800
8278.T,2056,2076,2046,2067,102600
8281.T,1100,1112,1089,1103,162100
8282.T,1840.5,1862.5,1826,1848.5,774200
8285.T,770,802,770,796,117100
8291.T,543,546,540,544,116100
8301.T,21510,21510,21500,21500,200
8303.T,1545.5,1578.5,1543.5,1568.5,2721600
8304.T,3380,3480,3370,3457,1258900
8306.T,3582,3684,3575,3661,51100200
8308.T,2462.5,2522.5,2422.5,2522,13754000
8309.T,1717.5,1769.5,1716,1767,9864400
8316.T,6770,6945,6753,6911,14515300
8331.T,2642.5,2736.5,2641,2729,6115500
8334.T,2808.5,2929.5,2770.5,2891,1926900
8336.T,2738,2816,2718,2799,304400
8337.T,2591,2677,2587,2642,117400
8338.T,698,740,692,726,1501100
8341.T,3850,4015,3819,3973,814200
8343.T,9140,9640,9050,9440,197500
8344.T,4755,5030,4660,4985,283500
8345.T,2557,2656,2511,2623,488500
8346.T,972,1016,967,1009,1270200
8349.T,1640,1723,1612,1715,62400
8354.T,7618,7835,7590,7827,1124900
8358.T,2754,2838,2726,2806,1011400
8359.T,2648.5,2737.5,2613,2703.5,1643200
8360.T,7050,7340,6950,7210,217700
8361.T,8010,8300,7940,8180,222300
8362.T,7160,7730,6990,7680,196500
8364.T,3070,3195,3020,3110,39400
8365.T,2297,2351,2297,2326,4400
8366.T,2816,2878,2784,2852,772000
8367.T,1878,1984,1873,1951,706800
8368.T,2314,2428,2294,2399,1075200
8370.T,4900,5090,4885,5060,235000
8377.T,7976,8330,7929,8250,500800
8381.T,2500,2587,2477,2579,554600
8383.T,1888,1969,1860,1941,36700
8386.T,2985,3110,2937,3085,387500
8387.T,3980,4175,3880,4125,327600
8388.T,9790,10240,9660,10190,160000
8392.T,2932,3075,2888,3040,230800
8393.T,2600,2709,2564,2693,408300
8395.T,6480,6650,6310,6600,71700
8399.T,3155,3290,3120,3220,238500
8410.T,337,340.9,335.1,337.4,4845400
8411.T,8456,8671,8423,8654,10993400
8416.T,1087,1116,1069,1103,76500
8418.T,3113,3233,3103,3203,803900
8421.T,191300,191400,190700,191000,137
8424.T,4362,4452,4362,4415,202000
8425.T,1330,1354,1328,1346,489200
8439.T,2591.5,2673,2580,2658,583300
8473.T,3220,3278,3205,3262,2905500
8508.T,751,767,742,761,878200
8511.T,2402,2446,2398,2431,174300
8518.T,153,155,153,154,33300
8522.T,6950,7190,6900,7150,131100
8524.T,1263,1307,1252,1298,1808100
8537.T,3055,3200,3015,3125,46400
8541.T,3200,3345,3190,3295,210200
8542.T,1899,1974,1870,1929,42300
8544.T,2770,2861,2736,2839,483500
8550.T,1030,1088,1027,1074,698200
8551.T,8130,8600,8010,8480,73600
8558.T,1429,1489,1410,1468,182900
8562.T,372,391,366,385,231000
8563.T,1134,1189,1126,1177,75500
8566.T,6790,6930,6770,6850,43600
8570.T,1621,1651,1606,1636,841600
8572.T,475.7,486.4,475.5,484.3,1286500
8584.T,3650,3745,3640,3730,144400
8585.T,833,855,832,849,717200
8591.T,5957,6089,5949,6089,3498200
8593.T,1370,1388.5,1367,1382,3877700
8595.T,2238.5,2243.5,2232,2237,318700
8596.T,1538,1545,1513,1524,23000
8600.T,1103,1151,1103,1137,706600
8601.T,1789.5,1845.5,1789.5,1842,4157700
8604.T,1616,1664.5,1614,1664.5,9025300
8609.T,1210,1237,1202,1221,420500
8613.T,1276,1303,1270,1292,242600
8614.T,713,720,709,714,560700
8616.T,868,897,865,889,1039900
8617.T,608,609,606,606,2400
8622.T,934,962,930,951,308800
8624.T,1680,1712,1655,1699,123600
8628.T,1185,1195,1176,1181,748500
8630.T,6580,6790,6578,6774,2724600
8697.T,2188,2236.5,2188,2210.5,3331500
8698.T,707,718,705,714,1060800
8699.T,1114,1128,1114,1120,16200
8700.T,2070,2099,2068,2093,1400
8704.T,1380,1423,1363,1405,72600
8705.T,221,223,219,222,79700
8706.T,1875,1896,1858,1888,142300
8707.T,4580,4700,4560,4670,96900
8708.T,1716,1764,1705,1752,114500
8713.T,2737,2796,2643,2755,113400
8714.T,1048,1079,1038,1071,1135900
8715.T,1004,1028,1004,1017,259300
8725.T,4918,5105,4915,5091,5107500
8729.T,157.6,161.2,157.3,160.6,48335100
8737.T,611,615,608,609,54400
8739.T,2539,2571,2528,2552,181100
8742.T,648,648,580,594,23000
8746.T,124,124,114,115,349700
8747.T,2183,2216,2182,2200,2000
8750.T,1810,1883,1809.5,1883,9848700
8766.T,7700,7977,7700,7970,6379600
8769.T,490,493,485,491,20000
8771.T,1703,1743,1703,1737,176700
8772.T,895,897,890,891,3500
8783.T,53,54,50,50,2030100
8789.T,162,162,159,159,1104300
8793.T,4175,4180,4135,4175,17600
8795.T,4785,4931,4777,4929,1582100
8798.T,131,134,130,133,40900
8801.T,1466,1500,1465.5,1491,12168700
8802.T,3563,3625,3563,3602,3393800
8803.T,2308,2333,2305,2318,202300
8804.T,3254,3313,3254,3288,1126900
8818.T,1114,1127,1108,1118,296500
8830.T,3182,3231,3182,3211,2967900
8835.T,797,800,795,795,6900
8836.T,27,27,26,27,11500
8841.T,1000,1011,986,1001,121300
8844.T,1215,1220,1172,1207,203700
8848.T,655,662,651,657,1193600
8850.T,4565,4660,4545,4635,82000
8860.T,725,729,721,722,68100
8864.T,936,947,936,937,66800
8869.T,803,805,800,800,78100
8871.T,3135,3170,3120,3140,51300
8876.T,2101.5,2145.5,2100,2134,610000
8877.T,5050,5110,5050,5090,25100
8881.T,649,653,642,651,152700
8887.T,358,359,355,358,47500
8891.T,1971,1995,1971,1984,800
8892.T,1094,1102,1091,1096,158400
8894.T,21,21,20,20,130400
8897.T,438,442,437,438,652500
8898.T,1131,1131,1125,1125,500
8904.T,818,819,814,816,16900
8908.T,887,887,869,872,6000
8912.T,158,159,157,157,48100
8914.T,870,880,855,857,81300
8917.T,1063,1072,1040,1048,117500
8918.T,10,11,10,10,282725000
8919.T,3345,3410,3300,3410,280300
8920.T,680,684,678,679,126600
8923.T,1676,1680,1659,1672,135700
8927.T,478,480,477,477,54500
8928.T,2280,2287,2262,2287,9500
8929.T,1314,1338,1310,1335,46200
8931.T,1315,1325,1313,1315,3200
8934.T,2340,2351,2312,2320,199800
8935.T,1880,1933,1865,1920,61400
8938.T,330,335,323,323,1000
8944.T,243,251,243,250,64000
8945.T,1085,1086,1080,1082,3200
8946.T,74,75,74,74,32000
8951.T,123700,124500,120700,121900,51856
8952.T,117800,117800,113600,114100,38974
8953.T,115600,115600,111100,111100,35943
8954.T,98100,98100,95500,95500,27651
8955.T,96900,96900,94300,94500,14052
8956.T,129900,130000,125500,126300,6440
8957.T,189700,189700,183800,184000,4673
8958.T,112400,112400,110100,110800,9443
8960.T,161000,161100,154700,154900,14268
8961.T,72800,72800,70600,70700,10702
8963.T,61500,61500,60300,60700,115233
8964.T,76800,76800,75500,75700,14221
8966.T,131600,131600,128900,129400,8255
8967.T,95000,95100,92200,92400,12108
8968.T,176500,176500,171300,171300,3803
8972.T,149800,149800,145900,146400,20618
8975.T,93000,93000,91100,91500,6979
8976.T,309500,309500,299500,302500,3921
8977.T,138800,138800,134700,134900,3331
8979.T,189400,189400,183100,184300,2194
8984.T,118300,118300,114600,115100,19800
8985.T,84300,84300,82700,83000,42146
8986.T,94000,94000,91500,92800,13737
8987.T,137300,137700,132300,133500,6513
8995.T,2848,2848,2353,2548,673200
8996.T,1098,1098,1079,1079,1200
8999.T,555,562,553,558,46000
9001.T,2910,2953,2907,2939,597600
9003.T,2583.5,2631,2583.5,2626,324400
9005.T,1659.5,1677.5,1656.5,1672,2654800
9006.T,1552.5,1568,1549.5,1560.5,758300
9007.T,1798,1813,1786.5,1805.5,1742800
9008.T,790.5,800.2,789.7,794.3,2555700
9009.T,1388.5,1400,1375,1382.5,2371400
9010.T,2627,2640,2593,2594,135200
9012.T,2100,2111,2100,2111,300
9017.T,1990,1997,1990,1997,600
9020.T,3480,3528,3480,3493,2777300
9021.T,2974.5,3003,2974.5,2998,2036200
9022.T,3786,3819,3769,3797,2275800
9023.T,1524,1536,1519,1526.5,2063300
9024.T,3510,3545,3474,3507,1081700
9025.T,2841,2919,2835,2905,121400
9028.T,3320,3385,3300,3360,13000
9029.T,1812,1818,1792,1811,8900
9031.T,3078,3134,3071,3122,388000
9033.T,634,634,630,632,6000
9034.T,1655,1663,1653,1663,3800
9036.T,1258,1258,1217,1218,2000
9037.T,1797,1812,1782,1799,176400
9039.T,2940,2963,2927,2941,84000
9041.T,3456,3523,3456,3517,789900
9042.T,4629,4671,4616,4617,759800
9044.T,3113,3189,3113,3170,438000
9045.T,3189,3227,3189,3213,244000
9046.T,2463,2483,2463,2465,8500
9048.T,1853.5,1878.5,1853,1861.5,861500
9049.T,6610,6610,6610,6610,100
9051.T,1319,1320,1319,1320,700
9052.T,1991,2000,1982,1985,42500
9057.T,3200,3200,3200,3200,500
9059.T,920,927,920,927,1400
9060.T,4140,4170,4140,4140,500
9063.T,4140,4180,4140,4150,500
9064.T,1945.5,1989.5,1937,1981,1444600
9065.T,7854,7923,7761,7914,908800
9068.T,7160,7240,7130,7170,38800
9069.T,2219.5,2269.5,2218,2262.5,475700
9072.T,5100,5172,5076,5093,234100
9073.T,1233,1233,1231,1231,200
9074.T,4960,4960,4960,4960,100
9075.T,5970,6180,5940,6140,56500
9076.T,2640.5,2691.5,2638.5,2690,397500
9081.T,3965,4025,3965,4000,18500
9082.T,3035,3040,2380,2466,102000
9083.T,1990,1990,1972,1981,1900
9087.T,2320,2345,2076,2150,2900
9090.T,882,887,870,882,543700
9101.T,7105,7352,7085,7262,2770900
9104.T,6900,7129,6821,7046,3717100
9107.T,3280,3417,3260,3397,5308100
9110.T,10480,10490,10480,10480,83300
9115.T,1101,1259,1051,1100,705300
9119.T,1675,1732,1675,1715,299700
9127.T,3330,3380,3320,3360,3200
9130.T,1650,1912,1577,1713,1717900
9142.T,3501,3536,3496,3506,749800
9143.T,1455.5,1477.5,1451,1475.5,1340400
9145.T,563,568,542,549,59000
9147.T,5223,5436,5223,5402,1196700
9158.T,743,758,743,754,10200
9159.T,1940,1940,1930,1936,2700
9160.T,329,332,326,330,10200
9162.T,230,230,227,228,3700
9163.T,2335,2354,2310,2328,18300
9165.T,1746,1772,1736,1754,10800
9166.T,716,733,709,709,1031600
9168.T,414,418,413,414,25900
9171.T,1455,1475,1451,1475,1700
9173.T,2829,2829,2812,2813,1600
9193.T,862,890,861,880,7000
9201.T,2960,2983,2951.5,2964,2339100
92015.T,10180,10200,10120,10120,5900
9202.T,2950,2959.5,2932,2935,2553900
92025.T,4780,4780,4776,4776,4000
9204.T,423,425,419,419,69000
9206.T,1950,1977,1933,1933,1000
9211.T,1403,1410,1387,1394,95800
9212.T,273,275,269,269,22100
9213.T,1052,1052,1052,1052,0
9214.T,1300,1300,1300,1300,100
9215.T,980,1000,980,983,2000
9216.T,1621,1631,1620,1624,20900
9218.T,760,774,758,773,48800
9219.T,893,893,880,885,5600
9220.T,1334,1349,1299,1324,6500
9221.T,1151,1162,1141,1157,43400
9222.T,50,50,50,50,0
9223.T,430,430,419,421,12800
9225.T,974,974,973,974,1700
9227.T,822,835,813,835,97100
9229.T,111,114,110,112,226500
9233.T,1157,1161,1154,1154,4000
9235.T,415,423,407,423,48000
9236.T,1395,1437,1387,1421,7600
9237.T,979,1018,967,999,18500
9238.T,374,375,372,372,5400
9240.T,425,435,420,433,15300
9241.T,1261,1280,1261,1267,700
9242.T,1933,1939,1920,1920,2100
9243.T,480,480,480,480,0
9244.T,1436,1436,1380,1398,9100
9245.T,1954,1954,1944,1945,5900
9246.T,1115,1115,1095,1095,1100
9247.T,1776,1798,1773,1784,239400
9248.T,1641,1667,1636,1650,69800
9249.T,1639,1648,1606,1632,9000
9250.T,1012,1014,990,990,1300
9251.T,1500,1509,1490,1507,29600
9252.T,4065,4105,4055,4080,9300
9253.T,732,732,728,728,3300
9254.T,1100,1100,1100,1100,400
9256.T,986,998,970,975,31400
9257.T,520,520,520,520,0
9258.T,290,292,283,290,5900
9259.T,841,858,841,844,8500
9262.T,670,689,670,684,32800
9264.T,1587,1587,1570,1580,13900
9265.T,3645,3645,3645,3645,200
9267.T,3445,3480,3380,3445,106900
9268.T,385,397,380,393,275900
9270.T,1905,1999,1899,1971,56100
9271.T,905,917,905,917,9000
9272.T,1400,1411,1397,1401,5000
9273.T,746,754,742,742,71600
9274.T,1071,1097,1065,1093,314600
9278.T,2712,2726,2650,2659,99400
9279.T,2191,2199,2134,2151,322000
9282.T,31500,32000,30900,31800,435
9284.T,74300,75400,74000,75000,2275
9285.T,39100,40000,39050,40000,618
9286.T,44000,44800,44000,44650,5476
9301.T,1507,1541.5,1502,1538.5,896400
9302.T,3300,3316,3254,3295,262600
9303.T,4080,4160,4080,4125,106600
9304.T,2041,2089,2028,2081,99600
9305.T,2046,2057,2030,2043,66300
9306.T,1990,2040,1990,1992,8300
9307.T,942,942,919,925,6700
9308.T,2089,2116,2068,2096,99000
9310.T,1351,1379,1348,1364,108200
9311.T,8050,8050,8050,8050,0
9312.T,2831,2857,2819,2819,9500
9313.T,1049,1066,1049,1065,1200
9319.T,1727,1768,1727,1757,22900
9322.T,2434,2448,2428,2444,4200
9324.T,2633,2690,2604,2655,135200
9325.T,1050,1055,1042,1042,10400
9326.T,468,473,467,468,12300
9327.T,193,193,187,189,15800
9330.T,887,887,886,886,600
9331.T,707,707,707,707,200
9332.T,651,659,651,658,80200
9335.T,1406,1406,1406,1406,0
9336.T,3730,3780,3725,3750,124000
9337.T,1418,1420,1417,1417,2800
9339.T,1440,1440,1431,1431,1900
9340.T,789,789,778,780,8300
9341.T,603,603,593,597,106500
9342.T,979,979,968,975,2000
9343.T,767,807,766,790,51900
9344.T,1281,1301,1265,1292,11700
9345.T,591,591,589,590,400
9346.T,1817,1888,1800,1820,9700
9347.T,2918,2928,2897,2922,128700
9348.T,410,413,407,411,427600
9351.T,1928,1934,1912,1930,1900
9353.T,2975,3035,2975,3035,400
9355.T,2210,2210,2209,2210,400
9360.T,2765,2765,2750,2750,700
9361.T,2040,2040,2040,2040,0
9362.T,3705,3705,3705,3705,0
9363.T,532,536,526,535,13000
9364.T,4760,4815,4760,4809,335700
9365.T,1662,1662,1662,1662,0
9366.T,1114,1119,1113,1119,1300
9367.T,2059,2059,2059,2059,100
9368.T,950,963,950,952,14900
9369.T,2957,2976,2923,2935,36400
9376.T,835,845,830,836,6000
9380.T,438,438,436,437,4900
9381.T,2291,2312,2280,2312,16900
9385.T,748,751,748,748,10600
9399.T,14,14,13,14,279616
9401.T,5588,5717,5588,5685,320600
9404.T,2895.5,2971,2890,2951.5,449200
9405.T,851,856,846,852,93400
9408.T,2622,2622,2622,2622,100
9409.T,3110,3160,3110,3135,308200
9412.T,1923,1944,1907,1916,1442500
9413.T,3300,3335,3300,3325,60200
9414.T,901,906,899,903,37200
9416.T,1025,1040,1025,1037,250400
9417.T,339,339,333,333,1700
9418.T,1710,1742,1710,1735,438500
9419.T,294,300,292,297,25500
9421.T,516,517,514,517,600
9423.T,104,106,104,104,116000
9424.T,116,119,116,118,1284700
9425.T,256,275,253,263,3943000
9428.T,1495,1501,1493,1500,4400
9432.T,174,176.4,173.9,175.7,209324600
9433.T,2980,3045,2980,3031,11523600
9434.T,240.9,248.1,240.9,246.9,111577300
94345.T,3801,3810,3800,3803,6300
94346.T,7580,7581,7570,7581,7100
9435.T,37160,38020,37100,37680,66300
9436.T,4270,4365,4240,4310,256200
9438.T,574,587,574,582,26000
9439.T,222,222,220,220,9800
9441.T,2907,2984,2907,2925,2600
9444.T,260,261,256,257,6700
9445.T,533,537,533,536,1500
9446.T,686,689,677,684,7800
9449.T,3836,3885,3763,3816,234200
9450.T,765,770,760,770,51100
9466.T,239,242,239,242,2200
9467.T,1096,1104,1085,1100,58600
9468.T,3531,3616,3530,3588,356600
9470.T,1034,1048,1034,1046,162900
9474.T,903,915,902,907,109300
9475.T,540,545,540,541,1300
9476.T,995,997,979,979,1400
9478.T,510,513,507,511,12900
9501.T,533,550.3,528.2,540.9,35803900
9502.T,2956,3022,2925,2992,4099100
9503.T,2880.5,2991,2880,2964.5,4618500
9504.T,1058,1090.5,1040.5,1084.5,2125900
9505.T,1045.5,1092.5,1045.5,1083.5,1663900
9506.T,1393.5,1428.5,1379,1417.5,5188600
9507.T,2129.5,2219.5,2030,2174.5,1624800
9508.T,2138.5,2206.5,2101.5,2179.5,2921000
9509.T,1104,1127,1087.5,1114.5,2044500
9511.T,1170,1186,1165,1172,443800
9513.T,4062,4206,4048,4166,963900
9514.T,330,332,326,327,132800
9517.T,822,832,818,830,228200
9519.T,879,897,871,881,824400
9531.T,6146,6330,6138,6275,1031400
9532.T,5835,6106,5835,6039,1353100
9533.T,1270,1306.5,1266,1300,910500
9534.T,928,951,917,925,465200
9535.T,435,444,435,444,135400
9536.T,2520,2563,2506,2549,98300
9537.T,4310,4340,4310,4325,600
9539.T,1337,1341,1322,1335,2400
9543.T,1338,1372,1335,1360,127100
9551.T,3000,3030,2987,3025,114000
9552.T,1006,1025,979,996,448700
9553.T,619,619,605,612,57100
9554.T,1670,1685,1650,1671,34600
9556.T,2501,2574,2045,2045,538900
9557.T,260,260,250,257,18900
9558.T,1975,1975,1960,1960,2300
9560.T,879,879,849,857,32500
9561.T,419,430,419,424,3100
9562.T,708,718,695,696,3500
9563.T,334,339,321,338,64100
9564.T,553,561,546,555,31500
9565.T,639,657,639,657,5000
9601.T,10940,11010,10900,10950,45200
9602.T,1597.5,1622.5,1593.5,1613,2620700
9603.T,1163,1188,1162,1172,476700
9605.T,5920,6030,5890,6000,69400
9610.T,115,115,111,112,219200
9612.T,1160,1187,1155,1180,51200
9616.T,3100,3135,3083,3095,793600
9619.T,2677,2680,2634,2637,43100
9621.T,3195,3245,3180,3195,66500
9622.T,1390,1395,1383,1388,52200
9625.T,933,933,920,920,3800
9627.T,5933,5949,5773,5863,126700
9628.T,1256,1280,1255,1280,87400
9629.T,1535,1569,1535,1569,27900
9632.T,3450,3550,3450,3510,23800
9633.T,1918,1918,1903,1904,4200
9635.T,2551,2551,2551,2551,100
9636.T,4200,4200,4180,4190,2500
9639.T,2355,2399,2334,2352,10600
9640.T,1975,1975,1911,1965,2500
9644.T,748,754,746,751,41800
9647.T,6630,6630,6530,6530,1500
9651.T,2000,2000,1965,1971,5500
9656.T,601,601,599,600,7100
9658.T,1055,1061,1046,1056,62400
9661.T,4190,4190,4165,4185,5000
9663.T,5010,5030,4975,4990,40100
9672.T,4840,4875,4830,4860,52100
9678.T,5370,5550,5330,5420,112000
9679.T,2327,2329,2326,2329,900
9682.T,1072,1077,1064,1071,567600
9684.T,2865,2893,2834,2881,1128300
9685.T,570,570,566,570,3500
9686.T,1734,1735,1720,1728,3100
9687.T,4635,4635,4580,4625,3200
9691.T,5150,5150,5150,5150,0
9692.T,2127,2151,2089,2106,380400
9697.T,4126,4245,4126,4240,2097200
9698.T,1295,1300,1295,1300,800
9699.T,4545,4610,4510,4555,64000
9701.T,4320,4370,4320,4370,700
9702.T,2355,2383,2342,2366,16200
9704.T,28,28,27,28,190800
9706.T,5502,5578,5383,5409,927700
9708.T,945,945,934,935,223000
9709.T,1205,1223,1194,1201,6300
9713.T,917,919,914,915,5700
9715.T,3470,3490,3435,3470,173400
9716.T,1226,1233,1211,1220,401300
9720.T,6350,6350,6330,6330,200
9722.T,2750,2798,2660,2740,260400
9723.T,633,634,631,633,1600
9726.T,1868,1887,1850,1873,36400
9729.T,2529,2545,2506,2513,40400
9731.T,3375,3375,3375,3375,400
9733.T,2280,2290,2267,2284,13400
9735.T,6260,6355,6260,6336,1824400
9739.T,2604,2650,2604,2630,22900
9740.T,2640,2653,2606,2626,20400
9742.T,2018,2062,2015,2045,27200
9743.T,1460,1478,1439,1471,515800
9744.T,3272,3310,3251,3310,465200
9746.T,4010,4060,4010,4060,69400
9753.T,1363,1428,1363,1428,2100
9755.T,2800,2807,2786,2801,93100
9757.T,1146,1161,1146,1156,277600
9759.T,2783,2820.5,2782.5,2800.5,271700
9760.T,120,120,118,119,40200
9761.T,2424,2442,2400,2437,6500
9763.T,1270,1278,1255,1278,10900
9765.T,1170,1174,1163,1172,4600
9766.T,20320,20800,20300,20730,749000
9767.T,1650,1650,1626,1626,1000
9768.T,3755,3810,3755,3770,7800
9769.T,2538,2543,2525,2530,17600
9778.T,5540,5540,5540,5540,200
9780.T,1118,1136,1114,1136,3700
9782.T,3415,3415,3385,3385,39900
9788.T,511,513,511,511,32200
9790.T,2960,2990,2940,2950,44000
9791.T,1187,1187,1168,1168,1700
9793.T,3630,3685,3615,3655,115000
9795.T,2250,2271,2250,2257,16000
9799.T,925,942,925,929,2800
9812.T,241,241,240,240,1000
9816.T,246,247,243,247,1000
9818.T,1544,1544,1540,1540,200
9820.T,3725,3725,3725,3725,100
9823.T,995,1007,992,1001,75500
9824.T,7550,7820,7450,7780,68000
9827.T,628,630,625,630,7200
9828.T,3380,3400,3350,3365,74900
9830.T,2323,2382,2315,2369,112000
9831.T,708.5,725.7,708.1,717.7,4450400
9832.T,1555,1585,1555,1579,399300
9835.T,509,509,508,508,1500
9837.T,1750,1776,1750,1776,44600
9842.T,1860,1879,1858,1861,152800
9843.T,3197,3262,3180,3242,3320000
9845.T,1331,1356,1331,1350,6500
9846.T,981,983,977,983,5700
9849.T,4525,4525,4510,4510,200
9850.T,987,990,983,990,45500
9853.T,909,910,907,910,1900
9854.T,282,284,275,275,62100
9856.T,1208,1216,1204,1215,35200
9857.T,2580,2580,2580,2580,100
9861.T,3751,3825,3751,3790,344800
9867.T,10390,10490,10390,10490,500
9869.T,6790,6850,6710,6720,47400
9872.T,948,950,942,949,1300
9876.T,218,218,213,214,50700
9878.T,414,415,412,413,4700
9880.T,3250,3365,3230,3350,143200
9882.T,1711,1729,1710,1726,204400
9885.T,330,333,329,331,2600
9887.T,5260,5330,5200,5240,41200
9888.T,1203,1235,1194,1209,41000
9889.T,1583,1602,1547,1593,180300
9890.T,1441,1479,1441,1456,6200
9895.T,1280,1280,1275,1275,400
9896.T,1358,1380,1353,1371,23100
9900.T,1126,1140,1120,1136,220500
9902.T,2982,3165,2982,3160,92500
9903.T,883,892,881,881,1500
9904.T,244,246,241,245,14400
9906.T,4190,4245,4190,4245,800
9908.T,2780,2799,2741,2794,10400
9913.T,3570,3625,3565,3625,1300
9928.T,2005,2017,1973,2000,26000
9929.T,476,476,473,473,600
9930.T,403,404,400,404,3700
9932.T,1270,1293,1266,1291,28900
9934.T,2970,3068,2966.5,3059,241800
9936.T,2923,2962,2920,2927,395800
9941.T,1232,1232,1178,1204,19000
9946.T,1795,1802,1786,1798,52000
9948.T,3640,3735,3640,3705,135400
9950.T,3425,3430,3420,3425,2900
9955.T,2806,2819,2806,2819,900
9956.T,3175,3260,3175,3245,169400
9959.T,953,953,950,950,3600
9960.T,3970,4135,3970,4110,107500
9962.T,3399,3450,3369,3447,1583400
9969.T,237,237,235,236,2600
9972.T,273,276,273,275,5100
9973.T,20,21,20,20,583700
9974.T,6700,6830,6660,6810,32500
9976.T,1079,1079,1079,1079,400
9978.T,44,45,44,44,45600
9979.T,1044,1049,1036,1040,60300
9980.T,94,95,94,94,93400
9982.T,2676,2747,2676,2715,2200
9983.T,65010,66760,65010,66480,1474500
9984.T,6410,6555,6358,6540,69041500
9986.T,2500,2505,2495,2497,1000
9987.T,5128,5208,5121,5173,202900
9989.T,3651,3689,3648,3665,443500
9990.T,743,748,740,744,76900
9991.T,1754,1793,1752,1789,38400
9993.T,1153,1154,1150,1151,3700
9994.T,2013,2027,2009,2024,13400
