symbol,open,high,low,close,volume
1301.T,4650,4700,4650,4680,37000
1305.T,4278,4289,4269,4276,86820
1306.T,422.9,424.7,422.1,423.9,11640410
1308.T,4171,4192,4160,4180,200500
1309.T,53210,54370,53210,54340,22
130A.T,434,436,423,436,15000
1311.T,2106,2131,2106,2116,7378
1319.T,733,738.2,733,738.2,2000
131A.T,1737,1737,1737,1737,0
1320.T,65750,65950,65220,65950,14871
1321.T,65940,66180,65440,66180,155186
1322.T,11115,11310,11110,11225,229
1325.T,289.9,293.2,289.9,292,22400
1326.T,60980,61730,60920,61560,4165
1328.T,15705,15900,15690,15900,20259
1329.T,6594,6625,6544,6625,158145
132A.T,220,220,220,220,0
1330.T,66000,66290,65500,66290,12470
1332.T,1191,1200.5,1186.5,1186.5,1311200
1333.T,1299,1302,1287.5,1287.5,284500
133A.T,1054,1056,1053,1053,108410
1343.T,1895,1900,1890.5,1892.5,740290
1345.T,1770,1782,1768,1770,19672
1346.T,65950,66160,65410,66160,13760
1348.T,4204,4226,4204,4218,124034
1349.T,17215,17215,17215,17215,3
134A.T,1500,1500,1500,1500,0
1356.T,107.3,107.5,106.4,107,1781040
1357.T,2946,2993,2924,2924,5430654
1358.T,121950,122800,120200,122800,5435
135A.T,4580,4640,4420,4565,47500
1360.T,72.3,73.5,71.8,71.8,149326500
1364.T,3725,3737,3720,3731,1138
1365.T,3952,3980,3889,3980,194402
1366.T,75,76,74,74,3516851
1367.T,3017,3047,3009,3018,89473
1368.T,156,157,154,155,4660
1369.T,64080,64550,63600,64550,856
1375.T,1175,1178,1169,1169,23000
1376.T,1589,1603,1580,1595,12300
1377.T,4385,4450,4385,4385,70000
1379.T,2100,2124,2098,2104,61500
137A.T,707,722,698,701,3800
1380.T,1001,1001,996,998,2000
1381.T,3555,3610,3500,3545,6100
1382.T,890,892,890,890,1200
1383.T,3020,3020,2999,3005,900
1384.T,2184,2195,2172,2172,7800
138A.T,3090,3090,3065,3065,1100
1397.T,64260,64260,64160,64160,8
1398.T,1793.5,1796,1788.5,1788.5,8690
1399.T,3289,3303,3221,3221,4491
139A.T,3350,3350,3350,3350,0
1401.T,1320,1329,1320,1321,800
1407.T,2149,2225,2122,2215,401600
140A.T,2058,2061,2058,2059,57
1414.T,1278,1281,1272.5,1273.5,884300
1417.T,3544,3577,3510,3566,126900
1418.T,587,587,583,584,10400
1419.T,2897,2918,2891,2898,45300
141A.T,3930,3955,3680,3700,901800
1420.T,630,633,630,632,8700
1429.T,793,800,786,787,72500
142A.T,831,907,831,874,24600
1430.T,1054,1062,1050,1050,33200
1431.T,654,658,654,656,14300
1433.T,1198,1210,1192,1197,53900
1434.T,1593,1622,1593,1599,18500
1435.T,176,178,175,177,234200
1436.T,1742,1750,1690,1704,42100
1438.T,2245,2304,2224,2304,1600
143A.T,715,715,700,700,1200
1443.T,273,278,273,276,18400
1444.T,2709,2722,2709,2721,600
1446.T,539,540,538,538,1900
1447.T,346,348,304,309,236100
144A.T,450,450,450,450,0
1450.T,1475,1489,1464,1485,3500
1456.T,1306,1315,1301,1301,12534
1457.T,1779,1779,1771,1775,1377
1458.T,76440,77000,75230,77000,95067
1459.T,120,121,118,118,3302395
145A.T,884,898,871,898,4200
1466.T,202,203,200,203,221
1469.T,187.1,190,187.1,190,310
146A.T,3580,3645,3575,3580,18800
1472.T,77,79,76,78,5031
1473.T,4140,4165,4132,4165,4600
1474.T,36840,36840,36840,36840,6
1475.T,415.6,417.9,415.5,416.8,2145060
1476.T,1819,1821,1812,1814,47046
1477.T,3371,3371,3342,3346,13679
1478.T,5415,5420,5365,5370,6610
1479.T,49500,49500,49500,49500,0
147A.T,990,991,982,982,49600
1480.T,39360,39360,39360,39360,0
1481.T,3939,3939,3914,3914,20
1482.T,1506,1509,1506,1509,79991
1483.T,3873,3873,3873,3873,0
1484.T,3880,3880,3880,3880,60
1485.T,53550,53550,53550,53550,0
1486.T,22675,22825,22625,22625,319
1487.T,11515,11540,11515,11535,571
1488.T,1806,1810,1799,1808,21613
1489.T,3560,3587,3560,3564,281766
148A.T,1710,1718,1690,1691,4100
1490.T,7970,7970,7970,7970,0
1491.T,737,801,727,774,153500
1493.T,25345,25550,25345,25550,45
1494.T,43760,44050,43760,43940,1674
1495.T,10990,10990,10760,10810,287
1496.T,1605,1610,1605,1610,14751
1497.T,1719,1719,1713,1716,10715
1498.T,32190,32250,32190,32250,8
1499.T,9448,9450,9405,9450,4
149A.T,805,806,803,803,2300
150A.T,782,880,773,841,452400
1514.T,634,657,634,656,266300
1515.T,3335,3445,3330,3385,426000
1518.T,2221,2275,2221,2275,269700
151A.T,628,633,620,625,16300
152A.T,1186,1186,1186,1186,0
153A.T,1642,1642,1547,1578,88500
1540.T,19925,20190,19895,20165,163672
1541.T,8000,8070,7950,8020,20841
1542.T,28525,29055,28465,28780,31869
1543.T,58150,58640,58050,58450,207
1545.T,227,227.8,226.7,227.2,1012560
1546.T,78880,78890,78760,78890,1376
1547.T,12825,12855,12810,12810,4870
154A.T,6610,6610,6610,6610,0
1550.T,7857,7880,7855,7855,520
1551.T,7073,7073,7073,7073,20
1554.T,6627,6630,6611,6627,357
1555.T,2245,2245,2209,2217,721
1557.T,118300,118300,117850,118200,1101
1559.T,4690,4690,4610,4690,120
155A.T,844,854,834,851,45100
1560.T,6189,6189,6175,6182,94
1563.T,2422,2422,2361,2377,6382
1566.T,51450,51600,51450,51490,155
1568.T,977.3,986,974.8,982.8,1220670
1569.T,743.6,743.6,740,741.1,36500
156A.T,858,867,858,860,23600
1570.T,64000,64490,63030,64490,1810419
1571.T,307,310,306,306,869014
1572.T,6566,6566,6494,6529,210
1573.T,8223,8359,8223,8262,470
1577.T,60050,60560,59200,59200,2042
1578.T,5093,5106,5048,5106,2435
1579.T,691.6,696.6,680.7,696.6,11146310
157A.T,737,750,737,747,15200
1580.T,813,819,810.5,810.5,331780
1585.T,2651.5,2651.5,2617.5,2617.5,260
1586.T,3022,3052,3022,3051,181
158A.T,2227,2227,2227,2227,0
1591.T,36820,36980,36590,36590,2028
1592.T,3355,3360,3338,3360,12747
1593.T,37230,37510,37230,37420,2993
1595.T,1805,1809,1799,1799,4413
1596.T,3000,3000,3000,3000,3
1597.T,1802,1803,1790,1796,79410
1599.T,37040,37040,37040,37040,200
159A.T,735,735,727.7,728.5,1570
1605.T,4006,4092,4001,4060,6364000
160A.T,1960,1985,1942,1942,7300
1615.T,767.5,778.4,766.2,766.9,2471110
1617.T,47230,47660,47160,47450,336
1618.T,37610,38540,37610,37950,1724
1619.T,44250,44520,44130,44520,227
161A.T,1125,1125,1125,1125,0
1620.T,35830,36380,35730,36380,126
1621.T,30080,30080,29650,29850,731
1622.T,34020,34790,34020,34270,137
1623.T,60810,61930,60500,61790,605
1624.T,80550,81000,80090,80930,47
1625.T,61680,61940,61270,61770,92
1626.T,49210,49290,48900,49210,370
1627.T,12810,13080,12810,12855,3518
1628.T,22135,22330,22125,22125,67
1629.T,278,282,278,279.9,220800
162A.T,16375,16435,16330,16435,811
1630.T,36240,36450,36120,36450,353
1631.T,41660,42060,41420,41510,1693
1632.T,43800,44000,43500,43570,490
1633.T,48390,48620,48120,48120,80
163A.T,18100,18320,17900,18320,4483
164A.T,1980,1980,1980,1980,0
1651.T,3315,3346,3309,3315,8542
1652.T,5028,5028,5016,5027,50
1653.T,5111,5111,5111,5111,0
1654.T,3340,3340,3340,3340,0
1655.T,849.8,851.1,848.8,849.2,601580
1656.T,297,297.3,296.3,296.5,105720
1657.T,7039,7071,7039,7053,671
1658.T,4216,4231,4197,4215,6251
1659.T,3676,3690,3669,3669,5052
1660.T,10390,10395,10315,10365,2952
1662.T,1950,1997,1949,1992,1584100
1663.T,1950,1978,1950,1961,166500
166A.T,1070,1079,1063,1065,146100
1671.T,6344,6352,6296,6311,352998
1673.T,8967,9108,8952,9089,2210
1674.T,25285,25285,24860,25160,210
1675.T,18610,18610,18395,18600,98
1676.T,40750,41530,40750,41530,13
1677.T,57550,57770,57550,57770,110
1678.T,290.6,291.4,290,290.8,309930
1679.T,64800,64800,64800,64800,0
167A.T,3240,3275,3220,3275,130400
1680.T,8076,8099,8076,8090,351
1681.T,3285,3295,3260,3288,1253
1684.T,2745,2745,2745,2745,10
1686.T,3001,3002,3001,3002,20
1689.T,731,731,721,723,35251
168A.T,1050,1051,1044,1045,2700
1690.T,2730.5,2800,2706,2720,3060
1691.T,16350,19550,16345,19150,132
1692.T,669,672.2,662.2,672.2,1100
1693.T,8521,8568,8505,8531,8500
1694.T,2190,2190,2090,2123,720
1695.T,3520,3607,3520,3595,5998
1698.T,4385,4402,4365,4390,48908
1699.T,720.1,725.5,714.4,716.2,2258050
170A.T,3100,3109,3098,3098,199
1711.T,245,248,245,245,23900
1716.T,1374,1387,1367,1375,13000
1717.T,943,943,934,938,5400
1718.T,7030,7080,7020,7020,800
1719.T,1879,1905,1879,1885,526000
171A.T,2167,2167,2167,2167,0
1720.T,1212,1231,1207,1226,303000
1721.T,5470,5505,5450,5493,265100
1723.T,2515,2562,2490,2533,147100
1724.T,719,719,710,712,2600
172A.T,2234,2234,2234,2234,0
1736.T,2430,2445,2420,2445,5100
173A.T,1530,1566,1530,1566,800
1758.T,2357,2360,2357,2360,700
175A.T,632,638,632,638,1400
1762.T,4090,4190,4090,4140,32800
1764.T,2700,2700,2700,2700,400
1766.T,13220,13330,13180,13330,19900
1768.T,1038,1038,1023,1026,3100
1770.T,2312,2313,2275,2294,18700
1773.T,86,86,86,86,4000
177A.T,834,834,826,826,1300
1780.T,1485,1494,1485,1489,23700
1783.T,69,70,62,68,4477100
1786.T,350,353,349,351,291200
1787.T,5650,5650,5650,5650,200
1788.T,4085,4085,4085,4085,200
178A.T,1590,1590,1576,1576,28362
1793.T,2089,2099,2070,2095,1800
1795.T,5830,5830,5830,5830,200
1798.T,1069,1069,1058,1058,300
1799.T,3310,3340,3270,3305,19700
179A.T,235.4,236.8,235.4,236.1,71900
1801.T,12425,12690,12425,12560,717300
1802.T,3063,3098,3050,3072,1821300
1803.T,2335,2398,2330,2371.5,3383500
1807.T,1910,1910,1910,1910,600
1808.T,2741,2752.5,2725.5,2726.5,625400
180A.T,271.2,271.2,270.1,270.4,10150
1810.T,1445,1463,1445,1457,29600
1811.T,7530,7560,7510,7560,2400
1812.T,4940,5039,4939,4950,1318600
1813.T,2956,3000,2956,2974,79100
1814.T,3555,3610,3555,3605,50700
1815.T,4500,4590,4500,4520,59400
181A.T,518,518,518,518,2000
1820.T,5570,5634,5558,5603,77900
1822.T,830,837,830,832,200800
1826.T,1070,1070,1062,1069,7200
1827.T,1339,1431,1331,1410,35800
1828.T,2491,2491,2457,2462,3000
182A.T,469.6,469.6,468.8,468.8,1030
1833.T,5680,5750,5680,5720,91300
1835.T,3915,3955,3910,3930,59500
183A.T,422.6,422.6,422.6,422.6,10
1840.T,249,251,248,248,27900
1844.T,452,456,445,445,70000
1847.T,3360,3420,3360,3410,32000
1848.T,810,850,810,828,62500
184A.T,327,331,324,331,2500
1850.T,435,440,432,436,17200
1852.T,893,900,892,896,239000
1853.T,324,324,322,322,26100
185A.T,886,886,886,886,0
1860.T,1488.5,1506,1480,1494.5,402200
1861.T,1300,1319,1296,1310,659600
1866.T,1112,1122,1102,1115,20800
1867.T,2748,2749,2716,2739,3900
186A.T,1007,1068,1001,1045,3873800
1870.T,2140,2171,2140,2162,117400
1871.T,2135,2188,2135,2168,121800
1873.T,306,309,306,307,51700
1878.T,3348,3357,3327,3346,1140500
1879.T,2277,2307,2270,2297,201100
1882.T,1600,1612,1599,1602,246600
1885.T,2160,2195,2155,2170,283800
1887.T,547,551,547,548,174600
1888.T,3650,3700,3635,3635,12000
188A.T,813,836,806,812,22484
1893.T,1546,1597,1545,1582,2723400
1897.T,3300,3575,3300,3490,2200
1898.T,1491,1497,1487,1489,101600
1899.T,4595,4725,4595,4645,36100
189A.T,1043,1061,1038,1059,4600
1904.T,5130,5190,5130,5160,15900
1905.T,1465,1472,1450,1450,3900
190A.T,69,70,68,68,320100
1911.T,1242,1248,1233.5,1238.5,2752200
1914.T,794,806,794,798,22900
1921.T,1917,1949,1888,1949,11500
1925.T,4621,4634,4557,4557,1339900
1926.T,3870,3915,3865,3885,124400
1928.T,3360,3366,3346,3346,1809900
1929.T,1222,1236,1222,1232,79500
192A.T,1260,1260,1260,1260,0
1930.T,1579,1600,1579,1590,46700
1934.T,2618,2647,2618,2627,87000
1938.T,2580,2620,2578,2595,38800
1939.T,2248,2276,2248,2256,51000
1941.T,5100,5170,5100,5140,58700
1942.T,5437,5512,5428,5469,422700
1944.T,6809,6919,6809,6869,374800
1945.T,2125,2155,2117,2140,78400
1946.T,2175,2225,2166,2205,111500
1948.T,11420,11420,11420,11420,1200
194A.T,1595,1682,1570,1655,341700
1950.T,4045,4105,4045,4080,66600
1951.T,2578,2602,2558.5,2588,329200
1952.T,3185,3245,3185,3215,73900
1959.T,7900,8034,7841,7984,147800
195A.T,706,711,695,702,11400
1960.T,1643,1670,1643,1662,5000
1961.T,2441,2480,2425,2479,474800
1963.T,2334.5,2354,2316,2328.5,1472400
1964.T,3835,3915,3835,3900,14000
1965.T,6940,7000,6770,6820,83900
1966.T,1721,1728,1721,1728,700
1967.T,2127,2148,2122,2144,28800
1968.T,2550,2568,2539,2539,79100
1969.T,4540,4620,4539,4574,456300
196A.T,319,321,307,312,91000
1972.T,1309,1317,1301,1302,26600
1975.T,3820,3900,3820,3900,35800
1976.T,1710,1730,1701,1724,50400
1979.T,3790,3850,3790,3830,132900
197A.T,511,515,509,512,169800
1980.T,2751,2838,2750,2838,407800
1981.T,1324,1326,1324,1325,500
1982.T,3080,3130,3080,3110,48700
198A.T,161,164,161,163,11900
1992.T,2986,2986,2986,2986,0
1994.T,625,626,619,622,4400
1997.T,4015,4015,4015,4015,0
199A.T,1350,1350,1350,1350,0
2001.T,3000,3025,2966,2973,111100
2002.T,2069.5,2080.5,2055.5,2055.5,509500
2003.T,1892,1900,1888,1892,15500
2004.T,3930,3975,3900,3905,43000
2009.T,1110,1110,1106,1106,9400
200A.T,4112,4129,4038,4129,1485082
2011.T,848.2,859.3,848.2,856.9,20670
2012.T,236.8,237,236.2,236.4,350240
2013.T,306,306.6,305.2,305.4,372610
2014.T,309.4,309.8,308.8,309.1,251040
2015.T,2040,2041,2034,2037,634
2016.T,1713,1716,1713,1716,1435
2017.T,1515,1515,1500,1500,78831
2018.T,1214,1222,1214,1216,239
2019.T,984,984,966,969,4667
201A.T,171.4,171.6,170.2,170.8,102960
2034.T,1960,1969,1919,1922,5169
2038.T,2825,2897,2813,2845,173796
2039.T,474,479,466,470,1179200
203A.T,160,160,160,160,0
2042.T,8199,8200,7976,7976,446
2044.T,33600,33610,33540,33540,336
2045.T,19010,19010,19005,19005,2
2046.T,22215,22450,22200,22200,355
204A.T,1250,1250,1250,1250,0
2050.T,31660,31660,31660,31660,1
2053.T,2051,2093,2051,2064,77800
2055.T,346,346,343,344,6700
205A.T,1665,1674,1650,1652,21900
2060.T,1460,1474,1456,1459,71700
2067.T,28315,28315,28315,28315,4
206A.T,160,163,157,160,73400
2070.T,16670,16670,16500,16500,4
2071.T,19665,19665,19665,19665,200
2072.T,21580,21580,21580,21580,2
2073.T,15510,15510,15510,15510,0
207A.T,1400,1400,1400,1400,0
2080.T,2052,2078,2052,2065,91710
2081.T,2113,2150,2113,2138,1154
2082.T,1243,1243,1234,1234,23
2083.T,3885,3909,3885,3895,2383
2084.T,3867,3876,3834,3870,3640
2085.T,790,790,785.7,786.1,12180
2086.T,3055,3055,3024,3027,15
2087.T,3404,3404,3388,3392,6
2088.T,2619,2621,2619,2621,2
2089.T,2818,2821,2816,2819,212
208A.T,2904,2906,2878,2878,5600
2090.T,4229,4231,4223,4223,73502
2091.T,4407,4407,4407,4407,3
2092.T,4430,4430,4425,4425,20
2093.T,5239,5239,5144,5156,1084
2094.T,795,797,792,797,147
2095.T,1166,1166,1156,1156,7
2096.T,1005,1005,986,992,4562
2097.T,925,925,920,920,285
2098.T,976,976,966,967,3155
209A.T,780,780,780,780,0
2108.T,5180,5230,5180,5200,27700
2109.T,3845,3875,3825,3830,63400
210A.T,1545,1548,1541,1542,1467
2112.T,463,466,460,462,33800
2114.T,675,680,675,675,11400
2117.T,2837,2838,2824,2827,11200
211A.T,3265,3315,3260,3310,1700
2120.T,233,235,232,235,388600
2121.T,3845,3850,3735,3745,376600
2122.T,1458,1467,1458,1458,5100
2124.T,1020,1026,1015,1021,353400
2127.T,646.2,647.5,641.5,647.3,2237200
212A.T,2631,2699,2600,2603,265200
2130.T,921,921,909,919,69700
2134.T,19,20,18,18,4724900
2136.T,1412,1412,1400,1404,1900
2138.T,432,432,418,432,3500
2139.T,519,520,519,520,300
213A.T,378.5,381,372.6,381,345070
2146.T,229,234,229,234,4135600
2148.T,1158,1177,1155,1158,30300
2152.T,1549,1549,1536,1546,800
2153.T,1855,1875,1855,1868,34000
2154.T,2008,2024,2001,2015,96500
2156.T,282,282,279,279,2900
2157.T,997,1011,996,1003,486200
2158.T,620,621,610,621,144800
215A.T,1315,1339,1276,1287,2715100
2160.T,2908,2923,2810,2831,1017400
2163.T,949,955,945,946,15600
2164.T,113,114,112,113,27400
2168.T,1604,1618,1595,1603,155500
2169.T,1725,1731,1722,1731,1300
216A.T,1250,1250,1250,1250,0
2170.T,668,674,658,669,248300
2173.T,711,723,711,719,5200
2175.T,2670,2697,2644,2652,200000
2179.T,819,820,818,819,900
217A.T,382,382,382,382,0
2181.T,294.4,299,292.6,297.2,8903100
2183.T,204,205,202,204,20300
2185.T,1990,1998,1968,1998,1700
2186.T,898,898,895,898,1900
218A.T,1000,1019,975,980,386500
2193.T,129,130,129,129,156900
2195.T,375,383,372,376,44700
2198.T,779,784,772,772,29300
219A.T,2430,2496,2378,2420,335000
2201.T,2493,2502,2487,2488.5,206600
2204.T,3135,3165,3135,3140,8600
2206.T,5008,5029,4999,5018,116900
2207.T,3480,3500,3465,3465,34700
2208.T,3125,3150,3120,3130,4900
2209.T,2365,2378,2365,2366,16000
220A.T,955,960,955,955,800
2211.T,2508,2525,2500,2500,24700
2212.T,3840,3844,3746,3746,449600
2215.T,620,620,616,616,1600
2216.T,1100,1105,1094,1098,37100
2217.T,1485,1489,1480,1483,19000
221A.T,1070,1075,1052,1065,49540
2220.T,1350,1360,1342,1344,186200
2221.T,3060,3060,3035,3045,2800
2222.T,2545.5,2562.5,2495,2528.5,382500
2224.T,3715,3720,3690,3710,1500
2226.T,4925,4940,4915,4915,3100
2229.T,3034,3053,3024,3030,195100
222A.T,60,60,60,60,0
2235.T,3521,3521,3508,3515,708
2236.T,1432,1432,1425,1428,44198
2237.T,2386,2394,2380,2389,4984
2238.T,5309,5312,5303,5306,662
2239.T,26000,26075,25980,26055,40
223A.T,1770,1770,1748,1751,4283
2240.T,5359,5359,5359,5359,10
2241.T,909.3,909.3,900.8,900.8,1500
2242.T,671.1,671.7,670.2,670.8,100440
2243.T,4115,4155,4101,4146,237491
2244.T,3488,3489,3476,3485,34525
2245.T,686.5,686.5,683.2,683.2,140
2247.T,2215,2220,2214,2215,3799
2248.T,2726,2726,2717,2721,4517
2249.T,9650,9650,9575,9585,1135
224A.T,1490,1503,1489,1500,4233
2250.T,373.6,373.6,366.8,367.6,300
2251.T,917,917,911.6,913.9,6190
2252.T,1402,1402,1388,1388,1219
2253.T,1317,1319,1313,1315,7479
2254.T,975,975,941,956,23533
2255.T,192.8,193.4,192.7,193.4,530630
2256.T,212.5,213.4,212.5,212.6,32450
2257.T,214.8,214.8,213.9,214,4090
2258.T,219.2,219.5,218.9,219.1,181560
2259.T,175.4,175.4,174.5,174.8,2190
2264.T,1134.5,1147,1133.5,1139.5,1967800
2266.T,1109,1114,1106,1107,39600
2267.T,2867.5,2871,2822,2831.5,800900
2268.T,4060,4065,4045,4045,6600
2269.T,4309,4349,4288,4290,806700
226A.T,600,600,600,600,0
2270.T,3750,3805,3740,3745,143600
227A.T,1230,1230,1230,1230,0
2281.T,2428,2437,2418,2418,172100
2282.T,6346,6349,6211,6211,389300
2286.T,911,911,902,903,37900
2288.T,2296,2311,2286,2286,131500
228A.T,1687,1693,1685,1687,1200
2291.T,511,511,507,508,3400
2292.T,2755,2794,2754,2786,83100
2293.T,2680,2680,2669,2680,900
2294.T,2486,2500,2484,2484,17300
2296.T,5040,5070,5010,5030,95400
229A.T,760,760,760,760,0
2300.T,496,498,496,496,2000
2301.T,1755,1773,1748,1759,163600
2303.T,1379,1379,1352,1352,7800
2304.T,910,910,907,907,2600
2305.T,1860,1869,1851,1859,22200
2307.T,1077,1095,1077,1077,58800
2311.T,784,791,781,784,9100
2315.T,63,65,62,62,6049200
2317.T,441,442,437,437,487300
2321.T,148,148,143,144,318100
2323.T,351,351,334,343,42000
2325.T,4575,4575,4530,4550,20300
2326.T,4855,4945,4790,4870,172400
2327.T,3920,3921,3858,3858,234000
2329.T,506,506,499,500,81100
2330.T,94,101,91,92,1794900
2331.T,1232.5,1247,1229,1239,1646800
2332.T,1670,1683,1670,1683,4900
2334.T,589,589,567,576,533700
2335.T,1097,1100,1096,1097,27300
2337.T,403,407,402,403,590300
2338.T,117,118,106,106,167400
233A.T,1747,1756,1744,1746,23190
2340.T,535,538,531,535,42100
2341.T,172,172,171,172,13900
2342.T,249,252,248,250,22000
2345.T,102,104,100,102,76900
2349.T,2410,2492,2410,2461,1000
234A.T,1491,1505,1489,1502,38
2351.T,334,340,334,335,2000
2353.T,266,271,266,266,2233600
2354.T,1313,1313,1275,1282,223200
2359.T,2096,2105,2090,2105,9900
235A.T,1447,1453,1440,1443,61943
236A.T,434.4,436.1,434.4,435.6,485900
2370.T,24,25,24,24,197500
2371.T,3825,3855,3815,3820,237200
2373.T,444,448,434,440,16400
2375.T,200,200,198,199,17400
2376.T,800,800,789,800,31200
2378.T,1058,1058,1051,1051,22500
2379.T,1849,1850,1826,1829,202900
237A.T,140.8,141.4,140.6,140.7,477380
2384.T,4950,5100,4935,5070,84300
2385.T,213,219,213,219,23000
2388.T,33,34,32,32,147400
238A.T,118.8,119.4,118.8,119.2,268350
2391.T,1173,1177,1173,1175,1800
2393.T,4340,4360,4320,4360,600
2395.T,1301,1323,1301,1320,228600
239A.T,450,450,450,450,0
2404.T,521,522,520,521,2600
2408.T,820,824,812,824,4800
2410.T,2850,2869,2846,2851,33800
2411.T,470,471,466,470,19000
2413.T,1748.5,1755.5,1731,1751,2179000
2415.T,1629,1643,1603,1630,10500
2418.T,597,600,594,596,48500
241A.T,422,423,416,417,6400
2424.T,655,655,630,631,9900
2425.T,674,674,674,674,200
2428.T,623,626,621,621,37300
2429.T,2862,2899,2862,2891,51500
2432.T,2545.5,2564,2525,2535,719400
2433.T,1334.5,1345.5,1323.5,1328.5,514800
2435.T,208,208,207,207,7100
2436.T,554,569,554,564,9800
2437.T,628,635,615,615,22200
2438.T,343,344,337,339,31000
243A.T,1122,1122,1122,1122,0
2440.T,121,123,121,122,120000
2445.T,397,401,397,400,56300
2449.T,1053,1060,1053,1060,10500
244A.T,1185,1298,1185,1200,21700
2454.T,349,352,347,351,8400
2459.T,176,179,176,176,13200
245A.T,2490,2527,2490,2500,1400
2461.T,387,387,383,387,105000
2462.T,1500,1518,1500,1509,15900
2464.T,370,370,366,368,2700
2469.T,2753,2798,2735,2760,14300
246A.T,1047,1070,1023,1070,67500
2471.T,275,280,274,279,236800
2475.T,1760,1766,1747,1747,10600
2477.T,3210,3300,3195,3260,9000
2479.T,268,268,263,264,70200
247A.T,991,1003,973,991,595200
2480.T,1860,1950,1835,1838,5400
2481.T,688,689,687,689,600
2483.T,2221,2241,2190,2190,6400
2484.T,164,164,153,154,560700
2485.T,448,449,447,449,16700
2488.T,1440,1448,1429,1440,5600
2489.T,415,416,409,410,84600
248A.T,806,806,805,805,600
2491.T,475,480,474,480,49300
2492.T,710,716,698,708,2732600
2493.T,944,946,943,946,1800
2497.T,525,530,525,526,20700
2498.T,3155,3155,3085,3110,11300
2499.T,306,310,306,309,8800
249A.T,340,340,340,340,0
2501.T,1870,1884,1846,1866,960700
2502.T,1629,1632.5,1607,1610,4916900
2503.T,2861,2864.5,2831,2841,2360700
250A.T,1586,1591,1584,1587,20200
2510.T,791.9,794.7,791.9,794.3,2990
2511.T,1118,1123.5,1118,1120,19680
2512.T,707.6,711.1,707.6,708.6,14900
2513.T,3465,3475,3464,3471,7844
2514.T,2013,2015,2009,2009,4934
2515.T,1563,1584,1563,1570,60135
2516.T,626.1,630.5,610.7,610.7,278330
2517.T,1066,1068,1062.5,1062.5,6830
2518.T,2445,2445,2419,2419,69
2519.T,1138,1138,1120.5,1122.5,590
251A.T,256,256,256,256,0
2520.T,2269,2276,2260,2273,5833
2521.T,2144,2155,2142,2145,2047
2522.T,8384,8384,8324,8371,4379
2523.T,3200,3200,3200,3200,0
2524.T,4152,4156,4147,4151,35282
2525.T,63870,64350,63780,64350,20798
2526.T,36990,37060,36980,36980,7581
2527.T,1083,1083,1077,1078,79
2528.T,1060,1064,1054,1054,18790
2529.T,2378,2389,2360,2360,3115
252A.T,2566,2566,2566,2566,0
2530.T,17225,17225,16900,17050,131
2531.T,2479,2504,2451.5,2465.5,399500
2533.T,466,483,465,483,263500
253A.T,1041,1050,1026,1044,13000
254A.T,1215,1216,1206,1215,9800
2552.T,1895,1897,1885,1885,549
2553.T,2374.5,2451.5,2374.5,2440,4760
2554.T,733.8,733.8,729.3,730,5660
2555.T,1822,1822.5,1813,1813.5,3570
2556.T,1826,1826,1810,1820.5,19700
2557.T,4109,4121,4109,4112,800
2558.T,3392,3400,3390,3390,130655
2559.T,2896,2901,2888,2897,148009
255A.T,5000,5210,5000,5210,29000
2560.T,53090,53090,53090,53090,0
2561.T,1970,1980,1965,1970,10420
2562.T,3623,3626,3621,3625,20646
2563.T,400.4,401,400,400.8,708580
2564.T,3653,3700,3653,3680,645262
2565.T,873,874,869,869,1760
2566.T,1005,1005,995,998,9258
2567.T,537.1,537.1,537.1,537.1,0
2568.T,7717,7734,7706,7714,4051
2569.T,4227,4253,4218,4234,11724
256A.T,2305,2344,2304,2340,214800
2573.T,4065,4085,4055,4060,3500
2579.T,3809,3880,3777,3848,829200
257A.T,3330,3330,3295,3313,26
2585.T,1366,1375,1322,1332,482800
2586.T,68,69,68,68,362600
2587.T,4560,4584,4517,4527,686900
2588.T,3695,3760,3645,3725,8900
258A.T,2039,2039,2027,2027,46
2590.T,3010,3010,2969,2988,64500
2593.T,3180,3211,3165,3178,225900
25935.T,1798,1802,1798,1800,9100
2594.T,2011,2013,2003,2004,49200
2597.T,1238,1263,1238,1250,5800
2602.T,2101,2117,2088,2088,159300
2607.T,4550,4562,4461,4497,228700
2612.T,2805,2869,2799,2850,744800
2613.T,2260,2287,2256,2264,49500
261A.T,1960,1972,1959,1960,17300
2620.T,359,359,358.2,358.4,63720
2621.T,982,984,980,981,218594
2622.T,1680,1680,1672,1672,831
2623.T,1916,1916,1904,1906,1987
2624.T,6410,6422,6360,6420,50291
2625.T,4070,4082,4066,4068,4250
2626.T,3355,3369,3345,3351,96
2627.T,1590,1590,1580,1580,3
2628.T,3512,3775,3512,3722,4683
2629.T,3630,3741,3610,3681,2223
262A.T,1749,1768,1712,1736,150300
2630.T,15895,15915,15885,15905,703
2631.T,32190,32300,32140,32200,3774
2632.T,17600,17705,17580,17650,1023
2633.T,543.5,544.4,542.9,543,44600
2634.T,3125,3130,3123,3130,61877
2636.T,4810,4860,4798,4860,1031
2637.T,2546,2594,2546,2577,1202
2638.T,2545,2590,2545,2578,15261
2639.T,1725,1725,1685,1688,290
263A.T,800,800,800,800,0
2640.T,4269,4296,4227,4230,15425
2641.T,4500,4550,4435,4435,6740
2642.T,52820,53290,52820,53290,4
2643.T,4267,4270,4267,4270,130
2644.T,3679,3717,3611,3715,436817
2645.T,3145,3145,3061,3065,105
2646.T,3677,3738,3677,3725,2828
2647.T,5581,5585,5563,5563,105
2648.T,3252,3253,3247,3250,53
2649.T,565.2,567.6,565.2,567.4,3350
264A.T,338,345,328,328,65500
2652.T,438,441,437,437,54200
2653.T,2792,2802,2792,2802,9800
2654.T,435,435,427,429,5800
2656.T,156,157,153,154,113000
2659.T,3445,3445,3380,3400,153500
265A.T,750,755,726,726,39700
2664.T,3675,3720,3675,3680,36500
2666.T,187,189,185,187,59600
2667.T,103,115,100,108,608900
2668.T,1273,1274,1273,1274,600
2669.T,3890,3930,3890,3920,3200
266A.T,1350,1350,1350,1350,0
2670.T,2660.5,2684,2650,2666.5,320700
2673.T,106,108,104,104,49700
2674.T,2522,2579,2522,2575,44900
2676.T,2077,2085,2074,2082,10100
2678.T,1220,1268,1211,1252,762700
267A.T,1815,1815,1815,1815,0
2681.T,2283,2354,2277,2340,152900
2683.T,993,993,993,993,400
2685.T,3200,3200,3135,3145,144500
2687.T,490,494,489,489,2500
2689.T,1921,1937,1921,1921,2200
268A.T,1595,1602,1551,1593,2302100
2693.T,276,284,276,284,19600
2694.T,72,72,71,71,136300
2695.T,1661,1664,1644,1659,387800
2698.T,3280,3290,3230,3230,19800
269A.T,2880,2880,2825,2840,1900
2700.T,1734,1739,1724,1724,7700
2702.T,8070,8080,7960,7970,446400
2705.T,8950,9070,8920,9040,11600
2708.T,1905,1905,1880,1888,900
271A.T,1500,1500,1500,1500,0
2721.T,105,105,102,105,36000
2722.T,360,363,360,360,4200
2726.T,1503,1510,1479,1479,490000
2730.T,2497,2527,2488,2518,273000
2733.T,2695,2721,2695,2699,95400
2734.T,1250,1260,1241,1247,109400
2735.T,720,720,708,712,32000
2736.T,601,601,598,598,1300
2737.T,36950,38200,35850,37000,156400
273A.T,9690,9699,9557,9601,150
2742.T,4005,4030,3960,3970,20200
2747.T,3100,3100,3100,3100,0
2749.T,676,683,672,679,473200
274A.T,2243,2256,2243,2251,1900
2750.T,1350,1365,1350,1352,9300
2751.T,3605,3635,3575,3580,8200
2752.T,1146,1152,1145,1146,46500
2753.T,1400,1405,1394,1394,19600
2760.T,4100,4255,4100,4245,113300
2762.T,67,67,65,66,196400
2764.T,171,171,169,169,70100
2767.T,2599,2633,2576,2602,438900
2768.T,5788,5848,5766,5770,854200
2769.T,925,926,922,922,4400
276A.T,4200,4280,4050,4075,26100
2776.T,99,99,95,96,487500
2778.T,113,115,112,113,152200
277A.T,1838,1846,1794,1812,91000
2780.T,4470,4550,4470,4485,93300
2782.T,4875,4895,4750,4795,348200
2784.T,2327,2353.5,2324.5,2327,338300
2788.T,387,389,383,384,32900
2789.T,476,478,476,476,800
278A.T,18990,19380,17270,17270,1080000
2790.T,2093,2111,2086,2110,7300
2791.T,4640,4675,4595,4595,26200
2792.T,1447,1452,1445,1447,34200
2795.T,959,959,956,956,200
2796.T,508,509,503,505,11300
2798.T,2997,3000,2991,2991,1000
279A.T,1550,1550,1550,1550,0
2801.T,1676.5,1685.5,1650.5,1650.5,2802700
2802.T,4877,4888,4823,4888,1929000
2804.T,1862,1878,1862,1875,12900
2805.T,7580,7770,7490,7750,108400
2806.T,1901,1919,1900,1918,3100
2809.T,4536,4599,4518,4567,327700
280A.T,1139,1149,1088,1088,38900
2810.T,3950,4010,3928,3987,451400
2811.T,2746,2748,2708,2708,268800
2813.T,3895,3900,3890,3900,900
2814.T,1987,1987,1915,1915,5500
2815.T,5250,5280,5240,5240,80200
2816.T,1416,1419,1416,1418,2100
2818.T,1768,1770,1758,1758,2700
2819.T,2461,2496,2461,2496,6900
281A.T,394,401,393,396,61100
2820.T,6460,6460,6280,6320,10200
282A.T,2165,2177,2117,2177,127052
2831.T,3690,3690,3685,3685,800
2836.T,3292,3360,3285,3285,20
2837.T,4810,4810,4786,4806,1114
2838.T,8325,8325,8301,8301,46
2839.T,4867,4873,4866,4867,2839
283A.T,1298,1301,1296,1300,140
2840.T,2595,2600,2588,2597,24849
2841.T,1664,1666,1659,1663,5320
2842.T,12415,12430,12375,12375,4479
2843.T,3592,3592,3592,3592,56
2844.T,5325,5337,5324,5325,1164
2845.T,3493,3493,3472,3487,1233
2846.T,2534,2534,2513,2516,57339
2847.T,3000,3009,2978,3009,10
2848.T,3001,3001,3001,3001,3
2849.T,5540,5540,5465,5474,7889
284A.T,2335,2335,2335,2335,0
2851.T,391.9,392,391.9,392,80
2852.T,172.4,172.4,171,171.1,5440
2853.T,604,604,604,604,10
2854.T,2647,2675,2647,2653,22073
2855.T,920,922,918,918,1874
2856.T,638.8,638.9,637.8,638,14260
2857.T,616.2,616.2,613.7,613.7,3140
2858.T,1499,1499,1473,1481,1044
2859.T,3159,3159,3142,3148,1026
285A.T,51350,51690,49110,50780,27253000
2860.T,3187,3205,3187,3205,985
2861.T,5301,5337,5301,5321,181
2862.T,3790,3790,3790,3790,0
2864.T,1279,1281,1276,1276,31
2865.T,1245,1246,1242,1243,116425
2866.T,935,939,935,937,23746
2867.T,1663,1663,1630,1646,1875
2868.T,1112,1113,1110,1112,14588
2869.T,2818,2844,2809,2844,257309
286A.T,799,808,791,793,25900
2870.T,7868,7891,7816,7825,12588
2871.T,2213,2229.5,2194,2203,745900
2872.T,1927,1927,1925,1925,2100
2874.T,2176,2203,2116,2150,126100
2875.T,10095,10105,9892,9895,494900
2876.T,476,479,475,479,3500
2877.T,759,762,742,742,4500
287A.T,1125,1135,1123,1130,330000
2882.T,2001,2012,2001,2002,13700
2883.T,2047,2049,2045,2047,3800
2884.T,615,623,614,619,48800
288A.T,93,93,92,92,33700
2892.T,4740,4800,4680,4710,11800
2894.T,363,363,358,359,7100
2897.T,3014,3015,2940,2949,1495000
2901.T,144,147,144,147,47100
2903.T,1601,1630,1601,1630,1800
2904.T,757,757,755,755,2500
2907.T,1530,1540,1530,1530,800
2908.T,1628,1629,1621,1626,25500
290A.T,1398,1446,1371,1429,1338600
2910.T,1400,1405,1394,1395,32800
2911.T,2266,2266,2260,2260,300
2914.T,6758,6849,6746,6773,3055100
2915.T,2076,2108,2076,2084,46800
2916.T,733,740,733,738,2200
2917.T,924,925,921,925,3600
2918.T,2749,2778,2745,2745,47100
291A.T,1997,2050,1970,2042,6000
2922.T,1985,1996,1985,1987,7000
2923.T,7400,7600,7320,7320,3700
2924.T,1910,1914,1903,1903,1100
2926.T,123,124,122,123,55800
2927.T,856,857,854,854,7500
2929.T,715,744,701,742,545900
292A.T,680,680,680,680,0
2930.T,131,132,130,131,263400
2931.T,354,354,348,352,376700
2932.T,1096,1102,1092,1100,7600
2933.T,1133,1138,1130,1131,53000
2934.T,1995,1998,1945,1998,3200
2935.T,1213,1215,1206,1210,18800
2936.T,279,283,277,283,34200
2937.T,1768,1770,1760,1768,3600
2938.T,1289,1295,1283,1295,34600
293A.T,950,950,950,950,0
294A.T,2928,2928,2916,2916,11
295A.T,9755,9755,9755,9755,0
2961.T,1569,1569,1493,1493,200
2962.T,1708,1742,1650,1707,168300
296A.T,1188,1231,1175,1198,104300
2970.T,1095,1100,1094,1100,4200
2971.T,107800,108200,106700,107200,836
2972.T,105700,105700,104400,104800,1115
2975.T,1373,1410,1373,1402,160800
2978.T,336,336,331,332,4400
2979.T,99600,100700,99500,100300,1715
297A.T,213,214,211,212,32100
2980.T,2300,2316,2279,2314,123500
2981.T,2260,2286,2260,2280,1600
2982.T,425,432,423,430,225700
2983.T,1664,1709,1664,1706,37700
2984.T,760,762,754,762,9800
2986.T,2822,2934,2821,2912,215100
2989.T,95500,95800,94900,95600,1122
298A.T,333,340,323,334,2500
2990.T,262,262,262,262,0
2991.T,521,527,514,516,47700
2993.T,2200,2200,2200,2200,0
2997.T,1323,1323,1322,1322,20600
2998.T,535,538,522,526,104700
2999.T,501,509,501,509,11600
299A.T,1243,1243,1207,1228,151900
3001.T,2980,3005,2970,2970,28600
3002.T,4045,4070,4035,4055,136800
3003.T,1760,1767,1738,1738,2106300
3004.T,2093,2095,2063,2068,6900
300A.T,3170,3190,3115,3190,16200
3010.T,189,190,188,188,61700
3011.T,141,141,139,141,15600
301A.T,550,550,550,550,0
3020.T,4805,4870,4615,4635,5200
3021.T,1591,1595,1586,1586,3200
3023.T,2046,2067,2046,2062,14300
3024.T,1198,1218,1196,1203,1700
3028.T,2338,2338,2301,2301,53200
302A.T,575,593,575,593,600
3030.T,861,863,859,861,4800
3031.T,684,686,680,684,48400
3034.T,2313,2370,2313,2358,126900
3035.T,757,765,757,758,2600
3036.T,3290,3355,3275,3325,74400
3038.T,3131,3134,3056,3080,1820800
303A.T,570,570,560,565,10100
3040.T,2340,2442,2339,2440,118900
3041.T,409,409,402,406,6600
3042.T,303,308,301,305,28100
3045.T,1466,1466,1465,1465,800
3046.T,5920,5940,5780,5870,149100
3048.T,1757.5,1772,1755,1756,387200
304A.T,1950,1950,1940,1942,1300
3050.T,1613,1625,1603,1608,233100
3053.T,203,203,201,201,154100
3054.T,358,370,358,370,39900
3058.T,720,720,710,714,1500
3059.T,708,712,708,709,1100
305A.T,1146,1146,1146,1146,0
3063.T,1170,1177,1162,1166,14500
3064.T,1980,2000.5,1957,1957,1826100
3065.T,1589,1589,1586,1586,300
3067.T,465,468,462,467,11800
3068.T,3050,3050,3045,3045,300
3069.T,165,166,165,165,48200
3070.T,52,54,52,52,675800
3071.T,102,102,101,102,30100
3075.T,1640,1656,1640,1656,7700
3076.T,2995,3015,2978,2990,75400
3077.T,1272,1305,1238,1268,65400
307A.T,800,800,800,800,0
3080.T,818,818,815,815,2200
3082.T,986,989,981,988,5900
3083.T,1243,1254,1219,1231,120900
3086.T,2648.5,2675,2628.5,2671,1166900
3087.T,3255,3280,3235,3240,69900
3088.T,2533,2547,2495.5,2496.5,1849000
3089.T,1061,1077,1060,1060,5400
308A.T,1310,1310,1310,1310,0
3091.T,2821,2835,2790,2791,43100
3092.T,1150.5,1156,1142,1145.5,2118100
3093.T,1909,1922,1883,1920,145100
3096.T,1625,1625,1606,1616,4600
3097.T,5460,5460,5340,5340,135600
3099.T,3227,3290,3221,3272,2639100
309A.T,700,700,700,700,0
3101.T,1615,1655,1609,1648,407900
3103.T,1373,1501,1365,1462,7878200
3104.T,3200,3285,3195,3270,65100
3105.T,2280,2403.5,2266,2374.5,1088000
3106.T,10790,10900,10620,10890,30200
3107.T,3722,3778,3720,3745,705400
3109.T,1050,1057,1050,1054,28000
310A.T,1440,1440,1440,1440,0
3110.T,2851,2926,2827,2899,3940600
3111.T,176,177,174,177,2800
3113.T,80,82,80,81,93700
3116.T,2237,2243,2226,2228,324700
3121.T,251,253,248,250,83300
3123.T,650,650,650,650,500
312A.T,1542,1542,1542,1542,0
3131.T,6540,6600,6420,6550,22000
3132.T,3840,3915,3812,3915,844700
3133.T,59,60,57,57,642300
3134.T,283,293,283,291,30700
3135.T,1183,1190,1162,1164,8000
3137.T,220,221,217,217,11000
3138.T,1157,1157,1141,1141,900
3139.T,3450,3465,3435,3435,21200
313A.T,259,259,258.4,258.9,13630
3140.T,1018,1018,1013,1017,3900
3143.T,718,719,713,717,8600
3148.T,3350,3370,3325,3325,41200
314A.T,314.8,319.9,314.6,319.9,988170
3150.T,2420,2442,2413,2420,23300
3151.T,1620,1628,1610,1616,45500
3153.T,3030,3170,3025,3155,98500
3154.T,772,782,772,780,18900
3156.T,5310,5630,5280,5630,112200
3157.T,1435,1437,1425,1425,2100
3159.T,382,382,375,375,76600
315A.T,1945,1984,1945,1957,90906
3160.T,579,580,579,580,4400
3161.T,675,675,668,669,7500
3166.T,1460,1464,1422,1453,4500
3167.T,1374,1392,1368,1384,498600
3168.T,1243,1268,1239,1268,38600
3169.T,684,684,670,676,13300
316A.T,2652,2656,2646,2650,74285
3172.T,1122,1125,1122,1123,2700
3173.T,1413,1436,1410,1430,6900
3174.T,394,394,391,391,30200
3175.T,981,982,980,980,10100
3176.T,1167,1183,1162,1171,270900
3177.T,4380,4500,4380,4500,3400
3178.T,1208,1210,1202,1206,9200
3179.T,1200,1222,1191,1219,82800
317A.T,1350,1350,1350,1350,0
3180.T,1556,1618,1556,1588,33900
3181.T,1051,1052,1042,1052,1600
3182.T,1606,1632,1606,1632,68500
3183.T,1259,1269,1256,1263,8700
3184.T,4155,4155,4155,4155,0
3185.T,108,137,107,115,3114500
3186.T,2949,2966,2861,2890,565400
3187.T,413,413,399,400,74700
3189.T,101,102,97,99,470000
318A.T,353.6,354.5,352.2,352.2,664430
3190.T,587,588,585,585,1200
3191.T,2280,2300,2257,2265,133800
3192.T,267,269,255,257,28100
3193.T,1301,1325,1290,1319,192000
3195.T,466,474,460,460,358800
3196.T,1650,1663,1650,1656,56800
3197.T,3304,3334,3257,3257,781000
3199.T,1319,1319,1313,1316,23400
319A.T,19320,19690,19220,19400,19900
3201.T,1980,1997,1975,1985,45100
3202.T,130,130,129,129,15100
3204.T,500,500,499,499,500
3205.T,733,737,731,733,48900
320A.T,500,500,500,500,0
321A.T,785,785,785,785,0
3221.T,3240,3245,3230,3230,22100
3222.T,856,863,849,850,321700
3223.T,976,976,969,969,400
3224.T,698,698,698,698,300
3226.T,116600,117200,115600,116300,5838
322A.T,765,765,765,765,0
3231.T,915,917.4,910.1,910.5,3045200
3232.T,608,608,599,599,236600
3234.T,124000,124700,123600,124000,4085
3236.T,279,280,276,279,46300
3237.T,94,95,91,95,274100
3238.T,383,384,380,383,20700
323A.T,372,378,370,378,7200
3241.T,572,581,570,581,6000
3242.T,525,526,524,524,24500
3245.T,1083,1092,1078,1082,284900
3246.T,690,693,689,692,4400
3248.T,886,895,886,895,600
3249.T,136000,136700,135800,136400,4399
324A.T,718,720,698,711,29300
3252.T,2796,2812,2773,2773,137200
325A.T,1970,2001,1804,1814,611500
3261.T,425,425,421,425,1400
3266.T,80,80,79,80,63500
3267.T,621,629,621,623,9500
3269.T,142900,143100,142300,143100,6155
326A.T,1620,1620,1620,1620,0
3276.T,2266,2268,2264,2266,203400
3277.T,836,839,814,814,24200
3279.T,131100,131500,130600,131300,3888
3280.T,935,943,933,938,12500
3281.T,133500,133800,132800,133300,7033
3282.T,97400,97400,96600,97100,4142
3283.T,84500,84900,84000,84600,8105
3284.T,1276,1293,1276,1279,139100
3286.T,880,880,878,878,3400
3287.T,237400,238300,235900,237500,1107
3288.T,7670,7682,7634,7635,198900
3289.T,1300,1304,1282.5,1283,1778500
328A.T,1370,1370,1352,1352,674
3290.T,75000,75500,74900,75400,2394
3291.T,2267.5,2281,2257.5,2262.5,362000
3292.T,113600,114300,113200,113900,4583
3293.T,766,767,763,765,2400
3295.T,148100,148400,147300,148000,2681
3296.T,81100,81500,80800,80800,2576
3297.T,1176,1181,1176,1177,900
3299.T,1706,1717,1697,1698,87600
329A.T,211.6,211.6,211.6,211.6,0
3300.T,1861,1877,1861,1867,38600
3302.T,3060,3070,3045,3070,39100
3306.T,699,705,680,699,23200
3309.T,72200,72200,71500,71800,9179
330A.T,546,550,530,534,13900
3315.T,101,102,100,100,5280600
3317.T,1485,1490,1483,1490,500
331A.T,487,488,476,486,14700
3320.T,1301,1312,1301,1311,4900
3321.T,1663,1687,1663,1684,26100
3323.T,93,93,91,91,99500
3326.T,664,679,662,670,2900
3329.T,2146,2146,2143,2143,1300
332A.T,1157,1166,1145,1155,45400
3333.T,1308,1321,1303,1304,92800
333A.T,6240,6240,6240,6240,0
3349.T,6554,6615,6487,6487,422800
334A.T,1088,1098,1085,1085,900
3350.T,235,237,232,235,17809800
3352.T,1800,1800,1796,1800,300
3353.T,2796,2796,2783,2795,2400
3355.T,1802,1811,1791,1795,22500
3358.T,95,95,93,94,36700
3359.T,520,521,519,520,24900
335A.T,322,322,319,319,5700
3360.T,2475.5,2480,2447,2447,164300
3361.T,909,909,901,901,1600
336A.T,1285,1360,1220,1263,1737700
3370.T,473,478,472,476,6000
3371.T,2149,2174,2146,2160,33400
3372.T,221,221,220,220,19500
3374.T,3885,3955,3840,3940,34400
3375.T,1750,1814,1750,1814,400
3377.T,382,386,382,385,5900
3382.T,2047,2063,2030.5,2031.5,5997100
3386.T,1246,1246,1238,1246,1500
3387.T,765,770,761,763,827700
3388.T,2107,2138,2107,2121,25100
338A.T,3050,3290,2939,2951,738200
3391.T,2269,2275,2209,2209,1471600
3392.T,801,801,796,801,14300
3393.T,3130,3150,3100,3110,51100
3395.T,2500,2509,2484,2484,65200
3396.T,859,862,859,862,600
3397.T,4389,4400,4331,4400,308700
3399.T,3670,3690,3565,3600,126900
339A.T,905,915,904,910,9200
3401.T,1688,1713,1680.5,1710,544000
3402.T,1250,1267.5,1236,1267.5,3992800
3405.T,1817.5,1831,1801.5,1814.5,1207600
3407.T,1581,1598,1575.5,1593,4237400
3409.T,85,85,84,85,46000
340A.T,326,326,312,314,12400
3415.T,346,353,344,352,349000
3416.T,901,903,900,902,1200
3417.T,996,1004,996,1004,4200
3418.T,1051,1056,1045,1045,15700
341A.T,2251,2293,2241,2259,31100
3420.T,1556,1556,1545,1554,2200
3421.T,1606,1616,1606,1611,28400
3422.T,612,619,593,598,57900
3423.T,273,274,273,273,3200
3426.T,1298,1298,1298,1298,100
3431.T,1572,1581,1560,1560,53400
3433.T,2785,2826,2782,2812,168800
3434.T,1249,1251,1247,1249,3100
3435.T,1532,1532,1520,1525,3400
3436.T,2883,2976.5,2822.5,2976.5,8660400
3437.T,2638,2638,2638,2638,100
3439.T,686,686,686,686,900
343A.T,1302,1329,1302,1307,4900
3440.T,865,865,857,865,8000
3441.T,1795,1977,1732,1890,844000
3443.T,1400,1420,1394,1401,118600
3444.T,1250,1258,1100,1101,841100
3445.T,5230,5770,5220,5680,250000
3446.T,1609,1621,1581,1601,16500
3447.T,1015,1019,1012,1013,14000
3449.T,3935,4140,3870,4130,102900
3451.T,128300,128700,127900,128500,627
3452.T,1441,1445,1433,1436,38100
3454.T,1259,1260,1255,1255,800
3455.T,96500,97200,96500,96500,3727
3457.T,920,920,915,918,40200
3459.T,86400,87300,86200,87300,2328
345A.T,15665,15665,15585,15660,2921
3461.T,627,635,622,628,9300
3462.T,143500,143700,142400,143300,5619
3463.T,111500,111600,110300,110700,318
3465.T,3240,3275,3235,3245,68200
3466.T,142000,142500,141600,142500,3703
3467.T,2748,2785,2748,2752,4400
3468.T,53600,54100,53400,54000,19789
3469.T,885,888,876,882,8100
346A.T,4670,4676,4636,4667,1941
3470.T,98300,98500,97300,97700,1777
3471.T,102500,102800,101900,102500,5590
3472.T,67400,67400,66900,67200,788
3474.T,596,600,596,598,1500
3475.T,1481,1494,1463,1474,93300
3476.T,41700,41850,41500,41800,4589
3477.T,910,916,903,916,1800
3479.T,1870,1910,1870,1901,34300
347A.T,530,530,530,530,0
3481.T,113400,113500,113100,113400,2424
3482.T,2534,2579,2534,2561,61600
3484.T,1214,1235,1200,1213,5700
3486.T,2017,2029,2008,2016,60900
3487.T,136600,137600,136300,137100,1587
3488.T,105300,105900,105300,105300,1056
3489.T,792,792,784,786,14600
348A.T,297.9,297.9,296,296,16650
3490.T,3015,3020,3015,3020,200
3491.T,1312,1334,1280,1315,466400
3492.T,79100,79400,78700,79200,4129
3494.T,459,459,449,451,14100
3495.T,2314,2320,2314,2316,1000
3496.T,4775,4785,4700,4765,22800
3498.T,7100,7160,7080,7130,89600
349A.T,819.9,819.9,810.4,810.4,290
3501.T,1171,1183,1171,1180,13000
350A.T,683,704,670,697,1157300
3512.T,1014,1070,1014,1064,14200
3513.T,3500,3750,3500,3680,10000
351A.T,1760,1760,1760,1760,0
3521.T,156,157,156,157,13500
3524.T,1485,1485,1480,1480,1400
3529.T,1045,1053,1032,1049,19200
352A.T,534,543,534,536,4800
3536.T,127,128,126,126,5500
3537.T,1729,1754,1724,1742,3800
3538.T,1010,1019,1010,1011,13900
3539.T,1442,1460,1430,1438,167400
3542.T,1501,1510,1480,1486,8500
3543.T,2880,2892,2870,2870,139100
3544.T,1249,1253,1249,1249,4700
3547.T,1891,1903,1888,1900,16500
3548.T,672,673,669,670,96100
3549.T,4057,4100,3993,3993,223000
354A.T,3340,3357,3333,3350,25172
3550.T,215,216,214,215,19000
3551.T,1590,1605,1584,1593,10000
3553.T,928,933,925,931,14800
3556.T,789,799,788,791,27200
3557.T,510,511,509,510,4300
3558.T,1915,1916,1858,1870,93800
3559.T,467,467,461,463,700
355A.T,350,350,350,350,0
3560.T,4320,4380,4285,4335,1900
3561.T,1504,1504,1492,1492,77200
3562.T,1580,1596,1579,1592,8600
3563.T,4925,4934,4759,4846,3715000
3565.T,490,519,484,514,371900
3566.T,701,710,701,703,3400
3569.T,3250,3285,3250,3265,98300
356A.T,1530,1533,1527,1527,1334
3571.T,721,724,721,721,1100
3577.T,921,922,918,922,2400
357A.T,6240,6240,6240,6240,0
3580.T,760,770,760,766,75000
3583.T,1352,1365,1352,1365,800
358A.T,310,310,310,310,0
3591.T,4000,4026,3976,3994,88600
3597.T,8910,8990,8910,8990,1000
3598.T,166,168,165,167,12800
359A.T,1600,1600,1600,1600,0
3600.T,1720,1720,1720,1720,0
3607.T,363,368,359,368,40000
3608.T,1239,1249,1239,1240,118300
360A.T,1060,1060,1060,1060,0
3611.T,2375,2397,2370,2375,18800
3612.T,1595,1615,1595,1595,173400
361A.T,1588,1588,1588,1588,0
3622.T,493,496,493,496,700
3623.T,1269,1295,1256,1276,15500
3624.T,97,97,91,94,805100
3625.T,682,687,669,687,8600
3626.T,4061,4061,4000,4010,843500
3627.T,263,265,262,265,11800
3628.T,659,690,659,690,10200
362A.T,4950,4950,4950,4950,0
3632.T,425,427,419,422,303400
3633.T,2553,2578,2530,2577,16000
3634.T,595,595,590,593,1200
3635.T,1699,1705,1672,1672,672400
3636.T,4905,5010,4875,4975,44200
3639.T,234,237,234,235,7600
363A.T,2704,2719,2676,2680,2106
3640.T,2788,2820,2788,2790,5900
3641.T,999,1000,992,998,5600
3645.T,253,257,251,256,18300
3646.T,350,353,348,353,3100
3647.T,119,123,117,121,187600
3648.T,1065,1068,1043,1044,14100
3649.T,915,915,893,908,59800
364A.T,2410,2413,2400,2406,17850
3652.T,2503,2532,2441,2464,28400
3653.T,1100,1134,1070,1080,265200
3656.T,179,181,177,178,1069500
3657.T,381,387,376,380,335200
3659.T,3190,3208,3108,3124,2515800
365A.T,792,799,789,793,128900
3660.T,482,488,481,486,550600
3661.T,794,798,788,794,241900
3662.T,951,951,938,940,51700
3663.T,1850,1866,1818,1846,176800
3664.T,24,24,22,22,34877300
3665.T,410,412,404,408,135800
3667.T,27,28,27,28,76700
3668.T,442,448,441,445,662600
366A.T,1164,1164,1144,1148,13400
3671.T,306,308,304,305,10800
3672.T,28,29,28,28,99600
3673.T,483,487,473,476,543300
3674.T,340,340,336,337,7000
3675.T,600,603,596,598,48600
3676.T,1059,1059,1057,1057,724600
3678.T,1247,1266,1238,1242,19900
3679.T,449,453,449,451,262900
367A.T,2793,2806,2701,2740,51500
3680.T,202,204,202,202,14200
3682.T,578,583,578,582,2200
3683.T,1080,1094,1080,1094,9700
3686.T,62,62,61,61,148100
3687.T,2188,2210,2150,2174,255600
368A.T,1445,1460,1443,1450,88000
3690.T,576,580,576,577,2600
3691.T,1871,1955,1871,1898,21500
3692.T,7070,7520,7010,7420,354100
3694.T,461,465,456,458,189500
3695.T,1627,1660,1599,1613,12100
3696.T,2141,2161,2137,2150,43400
3697.T,870,870.2,850,855.6,2476700
3698.T,1218,1228,1207,1211,7200
369A.T,2639,2639,2602,2602,5600
3708.T,2175,2195,2175,2193,41800
370A.T,1296,1296,1296,1296,0
3710.T,637,640,635,638,2000
3712.T,1001,1004,994,994,4800
3719.T,116,118,116,117,77900
371A.T,420,420,420,420,0
3723.T,2742,2750,2715,2722,4600
3726.T,400,400,397,398,17300
3727.T,170,170,166,167,20100
372A.T,5550,5600,5530,5580,3500
3733.T,12080,12080,11800,11840,1600
373A.T,1465,1471,1461,1461,1200
3741.T,3135,3175,3120,3130,57800
3744.T,461,463,456,462,10600
3747.T,401,408,394,400,37400
374A.T,240,240,240,240,0
3750.T,836,849,836,848,5100
3753.T,213,216,208,211,62700
3758.T,247,250,247,249,17500
375A.T,2125,2125,2125,2125,0
3760.T,710,710,698,699,3100
3762.T,2518,2533,2473,2487,237400
3763.T,2009,2144,2009,2068,73100
3765.T,2532,2532,2464,2486,215200
3766.T,1433,1571,1433,1562,23700
3768.T,559,560,559,560,900
3769.T,8678,8680,8579,8678,257600
376A.T,4731,4731,4731,4731,0
3771.T,1898,1924,1898,1920,54900
3772.T,1100,1104,1093,1095,19300
3773.T,1066,1066,1050,1060,32700
3774.T,3449,3452,3382,3398,260600
3776.T,248,251,245,246,133400
3777.T,44,45,43,44,506700
3778.T,3600,3615,3500,3520,450300
3779.T,129,129,117,125,121300
3787.T,676,679,674,679,692400
3788.T,1984,2025,1984,2001,35100
378A.T,901,910,893,895,35100
3791.T,1046,1055,1026,1041,51100
3793.T,532,548,531,547,154100
3796.T,326,330,326,330,9900
3798.T,548,557,542,556,192500
3799.T,1128,1144,1127,1144,5200
379A.T,1315,1315,1314,1314,7
3800.T,1963,1975,1962,1975,1600
3802.T,502,503,501,501,900
3803.T,588,597,573,590,12800
3804.T,442,443,430,431,15400
3807.T,88,89,88,88,269600
380A.T,897,897,878,888,3473
3810.T,187,189,182,185,437700
3815.T,430,436,429,434,22100
3816.T,1100,1104,1100,1104,1000
3817.T,4770,4800,4755,4775,19800
381A.T,2096,2096,2090,2090,81378
3823.T,49,55,44,52,32673400
3825.T,220,222,216,222,805200
3826.T,495,504,490,504,12800
382A.T,1872,1872,1871,1871,67
3834.T,606,609,606,608,25000
3835.T,434,435,431,434,35900
3836.T,1209,1225,1205,1216,33300
3837.T,1356,1375,1353,1365,70500
3839.T,622,625,621,625,1700
383A.T,2540,2540,2505,2537,1415
3840.T,60,61,60,60,132700
3841.T,1313,1313,1313,1313,200
3842.T,1153,1210,1145,1207,18600
3843.T,1709,1721,1690,1709,47300
3844.T,1349,1358,1340,1341,156200
3845.T,317,325,305,325,194500
3848.T,829,830,829,830,1200
3850.T,3900,3975,3900,3905,32500
3851.T,1455,1469,1411,1451,67100
3853.T,1059,1073,1048,1057,89900
3854.T,2120,2141,2100,2109,70900
3856.T,243,251,235,244,187800
3858.T,304,323,300,305,108000
385A.T,2450,2450,2450,2450,0
3861.T,872,878.3,870,872.6,2566900
3863.T,1331,1336,1316,1324,380900
3864.T,1197,1219,1188,1210,191400
3865.T,912,922,912,921,143200
386A.T,1252,1254,1252,1254,1500
3877.T,2225,2246,2225,2246,28300
3878.T,825,832,825,832,8800
387A.T,919,925,919,924,2800
3880.T,981,995,981,987,173300
3891.T,6200,6350,6190,6340,59500
3892.T,1563,1585,1563,1564,1500
3895.T,470,470,466,469,8400
3896.T,410,416,410,413,21600
389A.T,2380,2380,2380,2380,0
3900.T,667,675,662,669,30500
3901.T,1520,1538,1515,1533,53300
3903.T,205,205,196,199,1347800
3904.T,419,422,415,421,5700
3905.T,1492,1503,1425,1446,1856600
3907.T,1956,2040,1903,2013,196800
3908.T,354,367,354,362,9000
3909.T,191,192,191,191,6300
3910.T,284,287,282,286,7500
3911.T,179,181,176,177,162400
3912.T,1125,1135,1125,1135,2100
3913.T,1153,1159,1138,1157,3000
3914.T,2663,2664,2554,2555,13300
3915.T,2255,2282,2248,2259,54800
3916.T,947,949,938,941,54900
3917.T,487,488,479,487,6000
3918.T,1172,1177,1167,1170,8500
3920.T,985,989,985,989,400
3921.T,1598,1656,1596,1651,11800
3922.T,2230,2235,2215,2224,16300
3923.T,1084,1091,1057.5,1061,1245200
3925.T,1312,1320,1305,1305,24600
3926.T,476,478,453,456,30200
3927.T,904,915,892,909,15500
3928.T,242,242,237,241,7900
3929.T,244,244,241,243,12600
392A.T,268.4,268.4,267.1,267.6,17610
3930.T,771,776,769,769,6500
3931.T,1506,1506,1505,1505,300
3932.T,3700,3750,3620,3675,90200
3933.T,545,549,543,543,600
3934.T,2283,2320,2283,2320,1000
3935.T,729,744,725,728,40100
3936.T,130,132,129,130,214900
3937.T,1164,1187,1162,1171,46600
3939.T,489,493,489,490,109400
393A.T,2000,2000,2000,2000,0
3940.T,134,136,134,135,201000
3941.T,1530,1547,1529,1544,866100
3943.T,1322,1334,1322,1322,2300
3944.T,3140,3140,3140,3140,0
3945.T,2159,2180,2159,2175,2600
3946.T,4360,4415,4360,4390,38000
3947.T,2498,2498,2469,2474,7000
3948.T,1180,1181,1175,1180,2700
394A.T,514.2,525,514.2,525,40
3950.T,1473,1489,1469,1478,79800
3951.T,906,913,906,907,13000
3953.T,778,786,778,786,300
3954.T,3035,3035,2990,2990,1000
3955.T,866,866,862,862,1700
3958.T,548,549,547,549,2700
395A.T,1080,1095,1034,1076.5,120520
3962.T,994,994,984,993,84600
3963.T,326,330,324,330,25800
3964.T,1299,1313,1294,1308,363400
3965.T,884,887,870,884,9200
3967.T,572,573,565,565,8900
3968.T,643,649,639,647,95900
3969.T,1409,1410,1401,1404,4500
396A.T,473.5,473.5,473.5,473.5,0
3970.T,855,855,843,845,2600
3974.T,665,665,654,660,3200
3976.T,599,604,581,586,21000
3979.T,454,455,446,453,4700
3981.T,1216,1220,1215,1215,800
3983.T,1909,1933,1903,1918,24500
3984.T,1541,1552,1521,1544,31800
3985.T,194,195,193,194,5400
3986.T,473,477,472,472,1500
3987.T,632,632,622,624,4300
3988.T,559,562,546,560,5600
3989.T,1545,1546,1545,1545,1696100
398A.T,1350,1350,1350,1350,0
3991.T,950,960,937,960,4400
3992.T,475,475,470,474,38000
3993.T,3175,3195,3090,3130,165400
3994.T,6086,6150,5955,5985,368900
3996.T,212,213,206,210,57000
3997.T,408,418,403,415,139900
3998.T,293,295,290,295,4900
399A.T,2370,2384,2366,2373,16508
4004.T,13855,14140,13630,14130,1309400
4005.T,570,581,567.7,580,8240800
4008.T,1459,1497,1459,1494,165200
4011.T,2323,2324,2201,2245,52400
4012.T,1701,1733,1701,1704,1400
4013.T,645,645,638,639,19300
4014.T,472,474,445,460,68600
4015.T,518,518,512,515,7700
4016.T,1080,1080,1073,1073,2300
4017.T,215,216,210,215,4000
4019.T,626,626,616,619,31600
401A.T,96000,96400,95700,96100,541
4020.T,818,818,818,818,200
4021.T,8062,8174,8045,8140,495200
4022.T,1801,1821,1771,1817,462500
4023.T,4425,4445,4405,4440,163100
4025.T,5440,5750,5440,5710,16700
4026.T,1550,1556,1541,1546,23200
4027.T,2339,2425,2339,2423,30900
4028.T,2887,2924,2886,2921,186500
402A.T,516,529,515,517,662500
4031.T,1089,1107,1083,1099,10100
403A.T,2415,2415,2415,2415,0
4040.T,3830,3950,3830,3850,5000
4041.T,3875,3885,3850,3880,56000
4042.T,2586.5,2621,2586.5,2613.5,810100
4043.T,4100,4202,4079,4166,469200
4044.T,4320,4760,4320,4570,488300
4045.T,1820,1824.5,1816,1824.5,178200
4046.T,1985,2040,1975,2038,291100
4047.T,2135,2180,2122,2180,407500
404A.T,1218,1230,1197,1222,971
4051.T,6000,6250,5890,6210,45200
4052.T,918,943,820,832,1579600
4053.T,473,487,468,481,212800
4054.T,520,521,516,518,15800
4055.T,1630,1633,1595,1604,20000
4056.T,207,210,203,206,177200
4057.T,350,351,348,348,500
4058.T,2365,2365,2286,2296,17100
4059.T,390,392,390,390,4400
405A.T,3500,3500,3500,3500,0
4060.T,1193,1197,1183,1192,3100
4061.T,3274,3365,3272,3351,562900
4062.T,18885,19115,18355,18950,6582500
4063.T,5749,5823,5723,5820,5332500
4064.T,3490,3560,3490,3545,77400
4068.T,1737,1778,1737,1778,1900
4069.T,671,671,662,670,3300
406A.T,5450,5450,5450,5450,0
4071.T,2100,2107,2062,2066,154600
4072.T,3120,3160,3115,3145,17500
4073.T,470,473,469,469,4300
4074.T,775,780,774,775,1100
4075.T,1316,1630,1269,1409,3106800
4076.T,1956,1973,1956,1973,2200
4078.T,3620,3630,3555,3620,153800
407A.T,926,936,926,927,6400
4082.T,2410,2466,2400,2407,246100
4088.T,3050,3060,3000,3040,747400
408A.T,271.3,273.9,270.6,272,190070
4091.T,5494,5553,5450,5500,945600
4092.T,5330,5510,5330,5460,55900
4093.T,420,423,420,421,8500
4094.T,2288,2309,2285,2285,9000
4095.T,1759,1781,1745,1779,170100
4097.T,1199,1204,1190,1197,39900
4098.T,1004,1005,995,997,4900
4099.T,2100,2171,2085,2156,2288100
409A.T,1165,1165,1152,1152,284500
4100.T,1649,1659,1602,1605,91700
4102.T,1450,1450,1450,1450,600
4107.T,3895,3915,3835,3900,122400
4109.T,5230,5310,5230,5280,29700
410A.T,1143,1143,1122,1126,2700
4112.T,2048,2121,2048,2121,44700
4113.T,788,794,780,783,35200
4114.T,2530,2580,2530,2580,708800
4116.T,1333,1339,1310,1334,190100
4118.T,5986,6083,5986,6079,138900
4119.T,6000,6000,5940,6000,500
411A.T,370,370,370,370,0
4120.T,2930,2934,2881,2881,1000
4124.T,2995,3020,2988,3020,700
4125.T,3550,3610,3545,3580,9200
412A.T,4265,4349,4265,4349,1157
413A.T,3761,3780,3697,3750,1167
414A.T,857,882,855,874,165900
4151.T,2240.5,2245.5,2218.5,2218.5,1301100
415A.T,5480,5540,5430,5430,1200
4165.T,653,660,643,650,128300
4166.T,618,625,618,624,3500
4167.T,325,334,325,333,4300
4168.T,789,790,777,783,46100
4169.T,250,250,243,245,277000
416A.T,1350,1354,1325,1354,19000
4170.T,120,121,116,117,415700
4172.T,2300,2335,2300,2320,1200
4174.T,1104,1240,1023,1040,1572900
4175.T,2990,2998,2940,2960,5600
4176.T,280,280,275,275,46700
4177.T,1478,1520,1478,1520,700
4178.T,526,537,526,533,6300
4179.T,339,343,317,334,96600
417A.T,1924.5,1929.5,1899,1899,161700
4180.T,1522,1546,1492,1536,868100
4182.T,3727,3828,3720,3819,1135900
4183.T,2158,2209.5,2152,2198,1743000
4186.T,8017,8105,7957,8089,483600
4187.T,3980,4110,3955,4110,84600
4188.T,1166,1203.5,1166,1199,4603700
4189.T,3190,3255,3190,3255,105400
4192.T,306,309,292,307,284500
4193.T,2162,2162,2151,2156,2200
4194.T,8639,8659,8340,8407,160000
4196.T,2140,2140,1927,1972,28500
4197.T,2382,2382,2341,2341,2300
4198.T,504,510,501,505,1600
4199.T,793,804,792,803,4100
419A.T,2700,2700,2700,2700,0
4202.T,1415,1429,1413,1423,860500
4203.T,7803,7961,7753,7961,707400
4204.T,2519.5,2521.5,2500.5,2506.5,840000
4205.T,2363,2395,2360.5,2388,774300
4206.T,4183,4245,4156,4234,209300
4208.T,3431,3479,3430,3479,774100
4212.T,2962,3035,2962,3010,51100
4216.T,6000,6170,5950,6140,36200
4218.T,1933,1941,1927,1941,18800
421A.T,3765,3785,3640,3680,32700
4220.T,2352,2390,2352,2380,142600
4221.T,5440,5590,5440,5590,27600
4222.T,650,665,650,656,338400
4224.T,2110,2125,2105,2105,31200
4228.T,579,596,576,596,234500
4229.T,4095,4185,4095,4185,10100
422A.T,2450,2450,2450,2450,0
4231.T,1027,1035,1022,1026,15600
4234.T,997,1011,992,1000,18800
4235.T,675,681,672,680,20900
4237.T,337,338,334,334,8400
4238.T,1805,1914,1787,1914,74800
423A.T,320,320,318,319,7100
4240.T,318,318,308,309,12800
4241.T,652,665,652,663,5600
4242.T,1752,1760,1741,1760,6400
4243.T,1005,1024,1005,1023,1300
4245.T,707,711,701,701,8300
4246.T,1082,1094,1082,1091,169500
4247.T,1389,1389,1389,1389,100
4248.T,881,885,880,881,2400
4249.T,2766,2830,2766,2814,13800
424A.T,327,331.6,325.2,328.8,238390
4251.T,1173,1190,1173,1190,105200
4255.T,3560,3600,3535,3570,5100
4256.T,1132,1137,1120,1120,2300
4258.T,5190,5500,5100,5460,108100
4259.T,881,881,852,874,632700
425A.T,355.5,359.6,354.7,358.1,97320
4260.T,219,241,206,206,262400
4261.T,2940,2945,2918,2924,3800
4262.T,1390,1393,1390,1393,3100
4263.T,420,423,415,415,47300
4264.T,1420,1430,1397,1416,19900
4265.T,281,284,280,281,9900
426A.T,1192,1192,1183,1183,2077
4270.T,1870,1889,1868,1872,1300
4272.T,2071.5,2098.5,2063.5,2098.5,547800
4274.T,1250,1285,1155,1162,438600
4275.T,2025,2050,2005,2029,154600
4284.T,453,453,448,452,15100
4286.T,1293,1303,1281,1287,15800
4287.T,468,474,466,467,14900
4288.T,464,464,451,455,4800
428A.T,1644,1686,1617,1676,28800
4290.T,701,703,695,698,433600
4293.T,510,516,506,507,274200
4299.T,1210,1216,1202,1212,2800
429A.T,3655,3675,3595,3670,386400
4301.T,1870,1881,1854,1857,15500
4307.T,5187,5197,5081,5097,1837900
4308.T,354,354,353,354,15600
430A.T,2480,2480,2480,2480,0
4310.T,2465,2495,2465,2476,6900
4316.T,88,88,74,77,341800
4317.T,560,575,558,572,10000
4318.T,850,855,847,848,68000
431A.T,2772,2772,2590,2690,41900
4320.T,1641,1641,1630,1632,219800
4323.T,1920,1924,1897,1915,24300
4324.T,3658,3664,3605,3623,742500
4326.T,1971,1986,1967,1975,15700
432A.T,1450,1450,1450,1450,0
4331.T,745,754,745,749,17400
4334.T,384,384,376,382,10900
4335.T,1085,1091,1085,1086,1100
4337.T,2600,2603,2579,2586,20100
433A.T,710,710,710,710,0
4341.T,920,920,918,919,600
4343.T,2744,2770,2694,2696,44800
4344.T,110,112,104,107,3049900
4345.T,836,844,836,841,34800
4346.T,1040,1066,1019,1021,125700
4347.T,1806,1900,1806,1896,17200
434A.T,930,930,930,930,0
4350.T,507,516,502,513,100600
4351.T,842,842,830,838,5700
4356.T,1613,1623,1591,1591,1300
435A.T,2787,2803,2780,2785,131655
4360.T,972,1000,972,990,8100
4361.T,1581,1597,1580,1597,3200
4362.T,2644,2698,2644,2696,11700
4365.T,25000,25000,25000,25000,100
4366.T,446,461,445,456,114800
4368.T,2858,2940,2857,2930,560600
4369.T,2900,2949,2869,2949,376400
436A.T,1352,1365,1296,1310,57700
4370.T,400,408,388,400,83700
4371.T,1451,1490,1451,1485,11200
4372.T,1340,1340,1310,1339,1000
4373.T,1173,1174,1148,1160,983700
4374.T,2493,2503,2483,2485,2800
4375.T,690,690,664,677,249700
4376.T,180,180,169,174,72100
4377.T,2348,2348,2292,2292,33200
4378.T,468,474,464,465,10400
4379.T,465,485,459,465,190800
437A.T,1024,1024,1024,1024,0
4380.T,699,710,699,701,13600
4381.T,235,240,218,221,187000
4382.T,824,836,812,824,155700
4385.T,3797,3814,3613,3621,3991800
4386.T,872,882,871,880,3400
4387.T,520,576,519,569,38700
4388.T,378,380,376,376,5900
4389.T,1064,1069,1040,1040,2500
438A.T,1065,1081,1028,1034,108200
4390.T,4070,4130,4020,4090,25600
4391.T,1131,1133,1131,1133,400
4392.T,968,973,938,945,786400
4393.T,5900,5920,5560,5710,57900
4394.T,677,677,653,660,23200
4395.T,582,589,557,563,88200
4396.T,1365,1381,1355,1366,56300
4397.T,397,397,387,392,48900
4398.T,1323,1366,1320,1356,5100
439A.T,5000,5000,5000,5000,0
4401.T,4480,4573,4480,4562,290300
4403.T,2602,2609,2582.5,2582.5,541100
4404.T,2219,2249,2219,2242,17100
4406.T,236,238,233,234,269200
4409.T,785,798,785,798,4100
4410.T,1130,1131,1102,1118,88000
4412.T,1341,1350,1325,1325,11800
4413.T,2968,2970,2965,2970,309100
4414.T,1078,1078,1060,1062,12200
4415.T,1411,1419,1401,1408,8300
4416.T,402,412,396,406,12300
4417.T,5400,5530,5130,5410,142900
4418.T,1096,1110,1076,1079,169700
4419.T,1422,1422,1373,1373,216800
441A.T,275,283,273,283,48800
4420.T,820,826,819,822,354300
4421.T,950,951,947,947,2500
4422.T,509,527,500,504,58800
4424.T,330,333,323,333,16700
4425.T,1419,1424,1383,1416,119400
4426.T,163,163,163,163,0
4427.T,242,242,227,234,14300
4428.T,707,710,699,700,3500
4429.T,744,744,729,729,2800
442A.T,860,861,780,798,16700
4430.T,1753,1758,1740,1741,4600
4431.T,3325,3350,3195,3310,122400
4432.T,3290,3320,3260,3270,48800
4433.T,862,876,861,868,45000
4434.T,2429,2433,2387,2393,22500
4436.T,421,422,416,420,11900
4437.T,729,730,720,720,5300
4438.T,278,326,278,326,154500
4439.T,802,805,792,797,3600
443A.T,1818,1818,1810,1810,35
4440.T,2136,2207,2000,2114,765200
4441.T,1525,1530,1454,1482,11600
4442.T,402,405,401,402,26300
4443.T,2087,2092,2045,2076,798100
4444.T,955,990,955,990,2700
4445.T,1975,1975,1946,1946,2000
4446.T,752,753,690,695,242800
4447.T,501,504,495,504,13700
4448.T,361,361,356,359,43300
444A.T,1945,1945,1945,1945,0
4450.T,2320,2323,2310,2310,1200
4452.T,3448,3473,3422,3436,1683600
445A.T,274,274,274,274,0
4461.T,11950,12530,11950,12370,83900
4462.T,2837,2859,2771,2802,33700
4463.T,1963,1991,1951,1991,16200
4464.T,4045,4050,4045,4045,12500
4465.T,2354,2477,2354,2477,19800
446A.T,2103,2189,2059,2116,644500
4471.T,6040,6230,6010,6230,92200
4475.T,1724,1766,1693,1709,502400
4476.T,1091,1098,1079,1083,16400
4477.T,338,338,336,336,560600
4478.T,3920,3945,3730,3765,443800
4479.T,978,981,956,957,14500
447A.T,265,268,264.5,267.3,59250
4480.T,2370,2387,2332,2349,189700
4481.T,3245,3265,3235,3240,42000
4482.T,749,749,743,749,5700
4483.T,3610,3610,3550,3555,134300
4484.T,299,299,297,298,8200
4486.T,680,683,668,670,9400
4487.T,228,231,219,229,6400
4488.T,2129,2129,2081,2085,4200
448A.T,256.7,259.9,256.3,259.2,167530
4490.T,655,657,645,657,4200
4491.T,3310,3310,3255,3260,5900
4492.T,398,399,391,397,9300
4493.T,1900,1933,1867,1918,178500
4495.T,2041,2060,2026,2060,3300
4496.T,773,780,766,778,4700
4498.T,1159,1175,1145,1175,41500
4499.T,2215,2236,2172,2195,97400
449A.T,804.1,804.3,802.6,802.9,2070
4502.T,5846,5887,5817,5847,3811500
4503.T,2313.5,2327,2302,2313.5,5057600
4506.T,1574.5,1585.5,1490,1517.5,4286200
4507.T,2887.5,2917.5,2871,2892,2366600
450A.T,783.1,783.1,780.2,780.6,80
4512.T,303,303,297,300,20400
4516.T,3411,3432,3407,3430,239900
4519.T,6470,6492,6396,6446,2225200
451A.T,289.3,290.9,286.6,287.1,7490
4521.T,3905,3935,3905,3920,62900
4523.T,4789,4805,4752,4785,868200
4524.T,2245,2245,2238,2241,700
4526.T,3320,3335,3315,3315,78000
4527.T,2873,2911.5,2825,2825,742500
4528.T,2355,2358,2330,2330,1083800
452A.T,801,802,797.4,799,221490
4531.T,353,357,353,354,15700
4534.T,3260,3290,3225,3270,37200
4536.T,1734.5,1749.5,1723,1725,1359100
4538.T,2231,2252,2230,2239,9400
4539.T,1550,1569,1540,1569,5700
453A.T,731.2,731.2,727.7,728.9,50050
4540.T,3798,3802,3764,3802,332000
4543.T,2254,2273,2244,2244,2879300
4544.T,3520,3591,3510,3591,233300
4547.T,4015,4030,3990,4010,32100
4548.T,672,680,672,678,235700
4549.T,2272,2280,2247,2280,102500
4552.T,515,518,507,509,347700
4553.T,3635,3640,3580,3600,88400
4554.T,1791,1826,1772,1818,109800
4558.T,201,201,200,200,4400
4559.T,2014,2025,2008,2008,86900
455A.T,5970,5970,5970,5970,0
4563.T,35,36,35,35,1038300
4564.T,23,23,22,22,180740600
4565.T,1230,1240,1181,1195,806700
4568.T,2825,2842.5,2800,2839,4148000
4569.T,1125,1128,1116,1121,130600
456A.T,1450,1554,1424,1544,933700
4570.T,1165,1188,1130,1153,143900
4571.T,98,99,96,99,420700
4572.T,435,435,424,424,46900
4574.T,256,257,254,257,37500
4575.T,730,733,713,719,93300
4576.T,71,71,67,67,757000
4577.T,1289,1302,1286,1287,61800
4578.T,11360,11410,10745,10905,1912700
4579.T,575,580,557,559,183600
457A.T,4130,4130,4130,4130,0
4582.T,55,55,53,53,1046900
4583.T,87,89,85,88,1116000
4584.T,167,168,160,160,462600
4586.T,60,60,59,60,460500
4587.T,1060,1064,1031,1041.5,589300
4588.T,6380,6850,5510,5800,4264200
458A.T,1387,1387,1387,1387,0
4591.T,79,79,76,77,560600
4592.T,903,907,858,877,1543800
4593.T,290,291,281,288,1197300
4594.T,60,61,56,57,2597600
4595.T,1722,1725,1714,1715,39800
4596.T,66,67,65,65,964800
4597.T,29,29,28,29,59349700
4598.T,112,112,106,109,509200
4599.T,176,184,174,177,638600
459A.T,10040,10050,9991,9991,41
460A.T,1192,1284,1173,1240,94300
4611.T,1558,1580,1558,1575,63500
4612.T,1122.5,1138,1120,1130.5,2284700
4613.T,2868.5,2880.5,2840.5,2868,585700
4615.T,131,131,130,131,23400
4616.T,2549,2569,2500,2501,2800
4617.T,3515,3535,3460,3500,135200
4619.T,2620,2654,2620,2651,21100
461A.T,2666,2673,2657,2669,1762
4620.T,984,1007,980,1002,294100
4623.T,1865,1865,1851,1855,1300
4624.T,3950,3950,3845,3920,2200
4625.T,882,892,874,880,13000
4626.T,4730,4734,4720,4730,223000
4627.T,1930,1946,1905,1946,6000
4628.T,9900,10020,9860,9920,10300
4629.T,2560,2570,2463,2496,7100
462A.T,275,281,255,264,465700
4631.T,4692,4809,4667,4787,656600
4633.T,2608,2630,2605,2620,96500
4634.T,5050,5150,5030,5120,101800
4635.T,2072,2105,2072,2092,21400
463A.T,1017,1024,1016,1016,5800
4641.T,866,871,865,866,47300
4642.T,1406,1415,1402,1415,2300
4644.T,1059,1060,1058,1058,4100
4645.T,439,439,436,439,600
464A.T,1647,1687,1642,1676,892400
4650.T,272,272,269,269,2500
4651.T,247,248,245,248,93300
4657.T,454,459,454,457,2300
4658.T,1575,1590,1572,1575,92500
465A.T,1338,1355,1338,1354,1736
4661.T,3055,3065,2997,3002,4640400
4662.T,1610,1622,1605,1610,14900
4664.T,1142,1158,1086,1124,57700
4665.T,4692,4698,4657,4669,74900
4666.T,1999,2007,1987,1996,702400
4667.T,3135,3425,3120,3310,555600
4668.T,760,763,755,757,55900
466A.T,1007,1019,1007,1015,19273
4671.T,2885,2895,2861,2888,8500
4673.T,4810,4815,4760,4770,1900
4674.T,1792,1820,1789,1812,114700
4676.T,4109,4123,4080,4096,382500
4678.T,330,335,330,333,1300
4679.T,262,265,262,265,1900
467A.T,273.2,273.2,272.6,272.6,30
4680.T,1170,1176.5,1129,1157.5,2708500
4681.T,1784.5,1789.5,1766.5,1771,289500
4684.T,5100,5103,5043,5065,1097900
4685.T,2672,2690,2664,2677,5200
4686.T,4340,4370,4290,4295,105100
4687.T,1067,1067,1044,1045,49400
4689.T,570,570.9,553.7,554.3,16908800
468A.T,269.3,271.1,269.3,270.5,560
4691.T,2059,2066,2022,2050,56700
4694.T,3670,3685,3660,3675,31600
469A.T,1729,1735,1700,1701,4800
4704.T,6383,6458,6334,6391,1152300
4705.T,790,795,790,795,400
4707.T,342,343,340,343,6600
4709.T,1075,1082,1071,1071,43700
470A.T,501,501,501,501,0
4712.T,809,810,805,805,4600
4714.T,213,213,212,213,494200
4716.T,9258,9262,9123,9150,169800
4718.T,2540,2552,2529,2535,19000
4719.T,3280,3300,3270,3280,8600
471A.T,1549,1554,1537,1548,237500
4720.T,242,243,239,243,10000
4722.T,2426,2427,2424,2425,476600
4725.T,1925,1939,1925,1929,20400
4728.T,646,648,646,647,1600
472A.T,571,575,556,563,112800
4732.T,1919,1919,1901,1910,1053500
4733.T,8315,8315,8221,8221,114700
4735.T,299,299,295,297,7400
4736.T,587,587,586,587,600
473A.T,1283,1289,1272,1289,18163
4743.T,1654,1656,1642,1642,50700
4746.T,7300,7400,7240,7240,30900
4750.T,544,546,543,546,5300
4751.T,1259,1268.5,1248.5,1253.5,3648500
4752.T,1594,1599,1594,1599,900
4754.T,1490,1519,1490,1519,200
4755.T,728,729.4,714.4,714.7,13189000
475A.T,696,699,680,688,15900
4760.T,1397,1403,1396,1403,700
4761.T,1487,1488,1477,1479,4100
4762.T,2130,2176,2107,2176,1000
4763.T,1485,1497,1485,1490,16800
4765.T,626,632,624,629,284300
4766.T,199,200,199,200,6300
4767.T,390,391,387,389,72300
4768.T,3643,3649,3577,3591,962700
4769.T,1150,1150,1150,1150,0
476A.T,1675,1675,1654,1654,1600
4771.T,2750,2788,2738,2752,9400
4772.T,72,73,71,72,56000
4776.T,3060,3060,3000,3025,175400
4777.T,197,199,196,197,29500
477A.T,873,902,863,876,32000
4783.T,2649,2650,2628,2649,7700
4784.T,548,562,538,539,1453700
478A.T,777,783,773,782,19800
4792.T,1770,1779,1770,1775,10200
479A.T,1999,2016,1969,1992,57600
4800.T,1357,1358,1357,1357,16000
4801.T,2430,2440,2420,2420,20900
4809.T,2041,2059,2022,2022,19100
480A.T,939,969,931,944,17200
4811.T,890,892,872,876,17300
4812.T,2866,2868,2858,2861,669700
4813.T,385,385,368,377,696500
4814.T,162,165,161,162,21300
4816.T,3135,3145,3085,3100,281000
4819.T,2342,2352,2301,2323,229100
481A.T,750,750,750,750,0
4820.T,588,593,585,590,62600
4825.T,2010,2019,1996,1999,127200
4826.T,540,542,539,541,89000
4828.T,1373,1380,1365,1366,57500
4829.T,106,108,106,107,238600
4832.T,1911,1944,1888,1901,14100
4833.T,50,51,48,49,2881200
4838.T,722,727,716,718,28000
4839.T,1005,1008,999,1003,47900
483A.T,2166,2169,2159,2169,1500
4840.T,856,871,740,800,1761100
4845.T,347,353,346,348,29300
4847.T,1440,1448,1425,1447,118100
4848.T,1871,1908,1871,1895,70600
4849.T,1695,1721,1679,1721,369700
484A.T,430,430,430,430,0
485A.T,2425,2437,2065,2085,16812900
486A.T,2139,2151,2135,2142,5210
4875.T,313,385,308,352,864300
487A.T,2013,2028,2001,2015,83
4880.T,322,334,322,332,70700
4881.T,50,51,50,50,164800
4882.T,176,182,173,180,642600
4883.T,33,33,32,33,1345900
4884.T,440,442,435,436,33900
4885.T,853,862,853,862,6400
4886.T,2110,2137,2110,2128,30100
4887.T,1625,1634,1617,1626,642600
4888.T,401,428,392,413,594200
4889.T,1130,1146,1115,1138,155100
488A.T,784.8,785.5,783.5,785,7150
4890.T,270,270,256,256,59300
4891.T,126,129,120,125,521100
4892.T,693,696,659,664,95300
4893.T,138,140,138,138,41500
4894.T,5870,5930,5620,5630,108100
4896.T,805,814,793,804,15800
489A.T,873,873,858,858,11
4901.T,3246,3300,3240,3300,3474200
4902.T,630,646.7,625.6,646.7,4439000
490A.T,15750,15750,15750,15750,0
4911.T,3491,3512,3437,3461,1581100
4912.T,1749.5,1749.5,1718,1721,1189700
4914.T,1316,1325,1308,1321,138600
4918.T,294,295,293,294,7300
4919.T,3170,3180,3155,3170,67100
491A.T,545.7,546.9,545.6,545.6,9380
4920.T,1144,1145,1142,1145,600
4922.T,5710,5730,5635,5635,211900
4923.T,1232,1240,1231,1238,14900
4925.T,1735,1736,1727,1727,1100
4926.T,1246,1248,1246,1248,1000
4927.T,1379.5,1379.5,1361.5,1367,302000
4928.T,4850,4850,4815,4820,84300
4929.T,737,741,737,740,1900
492A.T,965.9,965.9,962.7,964.1,140
4931.T,2062,2076,2049,2053,56200
4932.T,829,829,817,819,9900
4933.T,2081,2081,2081,2081,268600
4934.T,601,611,595,600,11500
4935.T,139,139,139,139,87900
4936.T,310,310,305,305,55900
4937.T,2381,2409,2381,2400,1900
493A.T,993.6,993.6,993.6,993.6,70
494A.T,979.1,979.1,979.1,979.1,70
4951.T,1529,1535,1523,1524,33400
4956.T,1482,1500,1478,1495,39600
4958.T,3420,3500,3410,3475,136600
495A.T,965.7,966.5,965.7,966.5,40
4960.T,554,561,547,552,15900
4966.T,19160,19820,18980,19690,54700
4967.T,5821,5847,5790,5797,149600
4968.T,2080,2165,2080,2163,97700
496A.T,941.9,941.9,927.7,930.1,60
4970.T,9670,9900,9600,9870,30200
4971.T,6100,6270,6050,6270,311600
4972.T,3870,3990,3870,3965,23300
4973.T,4775,4830,4775,4830,54900
4975.T,5790,5870,5740,5870,37200
4976.T,1582,1582,1560,1562,2100
4977.T,1183,1193,1183,1190,19800
4978.T,137,138,135,137,380100
4979.T,2869,2957,2869,2918,22100
497A.T,10300,10355,10300,10355,280
4980.T,2841,2965.5,2840.5,2965.5,1273200
4985.T,4760,4770,4705,4705,34600
498A.T,8734,8788,8731,8745,732
4990.T,529,529,520,521,3700
4992.T,1862,1900,1862,1896,34900
4994.T,2761,2798,2744,2758,12100
4996.T,668,682,663,680,1110100
4997.T,1165,1173,1158,1158,262700
4998.T,1168,1169,1159,1165,11300
499A.T,7871,7881,7855,7861,120
500A.T,3590,3745,3570,3700,24500
5010.T,292,307,292,298,175400
5011.T,2330,2335,2316,2326,61900
5013.T,2852,2926,2851,2914,40400
5015.T,1001,1002,998,1001,3800
5016.T,3607,3667,3601,3652,10176500
5018.T,2362,2420,2362,2383,21200
5019.T,1640,1696.5,1639,1670,5744500
501A.T,1750,1750,1750,1750,0
5020.T,1433.5,1479.5,1430,1474,10575300
5021.T,4609,4691,4600,4638,722600
5025.T,584,584,580,581,2200
5026.T,597,601,592,593,8600
5027.T,787,787,753,759,235300
5028.T,359,359,351,355,8800
5029.T,930,930,893,910,15100
502A.T,901.6,901.6,901.5,901.5,11860
5031.T,428,455,383,388,1882200
5032.T,3210,3230,3140,3200,380000
5033.T,1171,1220,1171,1187,50000
5034.T,2260,2300,2230,2300,12200
5035.T,368,368,364,368,2100
5036.T,1553,1571,1550,1571,196500
5038.T,2107,2117,2070,2098,12500
503A.T,2290,2290,2290,2290,0
504A.T,567,573,526,540,101100
505A.T,1402,1402,1371,1371,15400
506A.T,1010,1010,1010,1010,0
5071.T,1466,1550,1460,1518,38600
5074.T,576,579,566,579,589600
5076.T,2827,2874,2825,2860,1477600
50765.T,4633,4635,4632,4633,3000
5078.T,4730,4750,4725,4725,500
5079.T,2580,2597,2580,2586,2100
507A.T,2156,2156,2156,2156,0
509A.T,71400,71700,71300,71500,134
5101.T,6660,6767,6646,6719,890700
5105.T,3708,3754,3707,3721,1002800
5108.T,3740,3755,3698,3715,2707700
510A.T,1712,1712,1712,1712,0
5110.T,1994,2005,1988,1993.5,1298200
511A.T,11710,11710,11710,11710,0
5121.T,2739,2800,2739,2786,65400
5122.T,6200,6290,6140,6240,11300
5125.T,486,494,486,494,9600
5126.T,1400,1400,1400,1400,0
5129.T,257,260,250,254,101000
512A.T,1149,1150,1125,1125,2067
5131.T,237,293,206,210,45805200
5132.T,1965,1970,1896,1961,24800
5133.T,293,294,289,290,20700
5134.T,463,463,456,457,2400
5136.T,2300,2320,2210,2315,141300
5137.T,317,319,296,303,476400
5138.T,459,461,459,461,500
5139.T,920,920,909,912,2900
513A.T,815,825,812,815,244906
5142.T,1722,1819,1722,1810,94300
514A.T,469,469,469,469,0
515A.T,499.7,499.7,497.1,498.7,1010
5161.T,3470,3500,3440,3450,104300
5162.T,781,800,781,798,3700
516A.T,1998,2042,1998,2010,111
517A.T,1971,1972,1971,1972,200
5184.T,4140,4145,4115,4115,7100
5185.T,1975,1991,1974,1991,55800
5186.T,6650,6740,6610,6740,32300
5187.T,1141,1149,1132,1147,4400
5189.T,3510,3535,3510,3535,600
518A.T,2094,2110,2094,2094,10518
5192.T,4270,4270,4225,4270,67000
5194.T,641,641,636,636,4400
5195.T,2441,2468,2441,2443,53500
5199.T,2010,2010,2010,2010,300
519A.T,491,496,480,496,7200
5201.T,5611,5638,5563,5600,877000
5202.T,496,496,495,496,1061100
5204.T,3035,3055,3020,3040,9700
5208.T,2560,2656,2560,2656,228900
520A.T,416,427,392,405,234100
5210.T,2881,2923,2881,2886,15600
5214.T,4695,4831,4695,4805,556300
5216.T,142,143,135,136,339800
5218.T,1569,1623,1566,1605,78600
521A.T,1937,1965,1933,1960,14016
522A.T,3020,3020,3020,3020,0
5232.T,5600,5749,5600,5716,165400
5233.T,4153,4178,4112,4178,299200
5237.T,1221,1232,1212,1232,1000
523A.T,1774,1798,1739,1776,61000
5240.T,179,182,175,178,81500
5242.T,2595,2595,2540,2560,2800
5243.T,3010,3035,2866,2951,276900
5244.T,179,180,174,175,113400
5246.T,812,825,802,818,259100
5247.T,550,550,547,549,1200
5248.T,514,518,506,516,6500
5249.T,1253,1253,1253,1253,0
524A.T,1988,1988,1988,1988,0
5250.T,1195,1195,1135,1195,1300
5252.T,920,930,895,929,48800
5253.T,1629,1634,1587,1607,936900
5254.T,4220,4220,4080,4080,10600
5255.T,87,87,85,86,90400
5256.T,2789,3080,2789,3015,35800
5257.T,2919,2919,2900,2919,1500
5258.T,436,437,431,432,27100
525A.T,1663,1663,1663,1663,0
5261.T,7600,7650,7550,7550,3600
5262.T,1155,1159,1134,1134,192400
5268.T,861,865,857,857,5500
5269.T,363,367,362,362,94400
526A.T,2299,2299,2249,2275,718
5271.T,2198,2198,2191,2191,500
5273.T,2076,2098,2066,2083,31200
5279.T,1195,1203,1195,1199,1600
527A.T,1673,1673,1673,1673,0
5280.T,2200,2200,2190,2191,8800
5282.T,405,410,404,407,27800
5283.T,3175,3175,3175,3175,0
5284.T,2215,2217,2210,2216,3400
5285.T,1349,1359,1337,1337,12600
5287.T,905,922,905,906,23100
5288.T,1449,1463,1449,1459,181800
528A.T,1080,1080,1080,1080,0
5290.T,1241,1250,1233,1245,51800
5301.T,2014,2073.5,2001,2056.5,2031100
5302.T,5060,5080,5030,5050,17600
5304.T,2466,2502,2464,2492,17900
530A.T,1785,1788,1785,1787,4
5310.T,6990,7160,6980,7160,54900
531A.T,2326,2329,2326,2329,3
532A.T,2325,2325,2314,2314,21
5331.T,3490,3595,3490,3590,116100
5332.T,5648,5696,5640,5696,728600
5333.T,5111,5215,5079,5188,1130000
5334.T,7202,7296,7190,7245,841500
5337.T,824,837,821,821,8300
533A.T,2217,2217,2217,2217,7
5341.T,138,140,137,138,26600
5344.T,53750,54530,53390,54530,31000
534A.T,2286,2287,2286,2287,6
5351.T,2042,2055,2036,2041,51200
5355.T,660,660,660,660,4100
5356.T,1268,1270,1250,1263,5100
5357.T,1732,1744,1732,1739,25300
535A.T,2077,2077,2077,2077,1
5363.T,683,686,683,683,34700
5367.T,1415,1418,1388,1390,106700
5368.T,998,1005,998,1000,4700
536A.T,2185,2185,2185,2185,1
537A.T,1115,1115,1095,1098,328
5380.T,1338,1406,1338,1394,5900
5381.T,898,940,896,940,171400
5384.T,3220,3295,3190,3290,200000
5388.T,1342,1366,1341,1366,6600
538A.T,4683,4683,4683,4683,4
5391.T,1498,1502,1495,1495,4700
5393.T,3295,3385,3295,3369,527700
539A.T,4769,4769,4768,4768,3
5401.T,682.4,688.5,681.7,682.7,23314100
5406.T,2039,2054,2033,2046.5,1395800
5408.T,646,651,643,647,116300
540A.T,2079,2104,2070,2076,38537
5410.T,3035,3045,3005,3010,54700
5411.T,1850.5,1861.5,1842,1857,3792100
541A.T,1102.5,1104,1102.5,1104,50
5423.T,1752,1766,1742,1766,302600
542A.T,1047,1047,1025,1025,1800
543A.T,273,275,270,274,23813900
5440.T,2007,2019,1997,2008,68000
5444.T,12120,12330,12100,12330,148100
5445.T,2047,2058,2038,2055,99900
5446.T,1078,1098,1075,1075,292300
5449.T,2541,2558,2522,2527,14400
544A.T,333,334,329,332,219500
5451.T,1430,1431,1419,1425,256200
5458.T,1320,1320,1320,1320,200
545A.T,998,1000,995,995,49000
5461.T,2188,2201,2178,2191,75500
5463.T,1711,1735,1710.5,1735,520700
5464.T,929,935,927,935,22900
546A.T,2371,2402,2365,2401,89500
5471.T,2330,2415,2322.5,2415,858400
547A.T,438,445,438,441,1455200
5480.T,5400,5450,5390,5400,36300
5482.T,3170,3200,3170,3190,92800
5484.T,4445,4445,4445,4445,100
548A.T,955,967,938,945,17900
5491.T,914,927,914,923,93700
549A.T,471,485,471,480,52200
550A.T,2154,2170,2148,2149,1200
551A.T,811,811,811,811,0
5527.T,737,740,733,738,10100
552A.T,2344,2344,2264,2264,3579
5532.T,3475,3550,3425,3430,12000
5533.T,2130,2185,2130,2185,700
5534.T,850,850,850,850,0
5535.T,288,289,284,287,98000
5537.T,3280,3400,3240,3300,60000
5541.T,2650,2705,2641,2684,174100
5542.T,890,999,890,999,48600
554A.T,1549,1549,1513,1520,2600
555A.T,2000,2000,2000,2000,0
5563.T,425,436,422,433,397100
556A.T,2350,2350,2262,2344,51900
5570.T,622,625,619,619,6900
5571.T,1014,1014,1014,1014,0
5572.T,2861,2920,2755,2777,53600
5574.T,3225,3225,2865,2973,528500
5575.T,1143,1151,1124,1125,6300
5576.T,2982,3015,2982,3015,600
5578.T,910,910,898,906,9000
557A.T,2150,2150,2150,2150,0
5580.T,1531,1584,1531,1570,700
5581.T,193,193,193,193,0
5582.T,2105,2105,2032,2054,13000
5586.T,925,925,904,912,32900
5587.T,795,818,790,816,15500
5588.T,860,866,852,865,9500
5589.T,2885,2885,2865,2869,400
558A.T,5700,5860,5530,5530,18400
5590.T,729,736,726,730,28700
5591.T,885,888,857,872,17100
5592.T,2708,2736,2698,2706,17000
5597.T,1314,1333,1295,1330,20700
5598.T,3200,3200,3200,3200,0
5599.T,1052,1063,1046,1063,7300
559A.T,1163,1183,1163,1165,9300
5602.T,1630,1660,1630,1652,185300
5603.T,1298,1320,1296,1307,4000
5609.T,906,913,904,908,4300
560A.T,1123,1123,1123,1123,0
5612.T,1571,1599,1563,1598,5100
5616.T,639,642,633,642,2800
5618.T,285,286,285,286,400
5619.T,839,840,834,834,800
561A.T,5000,5000,5000,5000,0
5620.T,2200,2200,2200,2200,0
5621.T,1585,1598,1536,1550,15500
5622.T,1200,1200,1200,1200,0
562A.T,1000,1000,1000,1000,0
5631.T,7045,7188,7034,7107,722000
5632.T,2469,2490,2441,2460,145400
563A.T,999,1003,999,1000,569003
5644.T,7210,7350,7210,7270,3700
564A.T,1063,1064,1059,1062,272
5658.T,403,404,398,402,31300
5659.T,1360,1395,1360,1395,42500
565A.T,961,961,961,961,0
566A.T,2304,2307,2304,2306,470
567A.T,3000,3000,3000,3000,0
568A.T,161.8,164.9,161.4,164.2,106510
5695.T,2950,2950,2950,2950,600
5697.T,813,815,802,806,2700
5698.T,734,741,725,731,92400
5699.T,1635,1635,1597,1598,2600
569A.T,173.5,175.6,172.6,174.3,23080
5702.T,1740,1809,1740,1805,254200
5703.T,2913,2998,2890,2998,277600
5704.T,387,391,385,391,2200
5706.T,22665,22830,22160,22760,774400
5707.T,942,983,939,983,383600
570A.T,901.4,901.6,901.3,901.4,11020
5711.T,4950,5032,4922,5032,1437400
5713.T,9406,9737,9367,9700,1848200
5714.T,8930,8995,8840,8981,299700
5715.T,3990,4080,3980,4070,167500
571A.T,500.1,500.1,500.1,500.1,20
5721.T,53,55,53,54,639400
5724.T,3095,3125,3015,3055,28600
5726.T,2410,2438,2330,2382,869600
5729.T,1690,1692,1665,1666,10300
572A.T,497.8,497.8,496.1,496.1,180
573A.T,486.5,486.5,483,483.9,820890
5741.T,2200,2235,2200,2233,503300
5742.T,744,748,737,745,3200
574A.T,887,887,887,887,0
5753.T,2550,2590,2550,2590,4400
5757.T,4930,4990,4875,4920,7900
575A.T,1923,1930,1881,1881,83900
576A.T,850,854,838,854,18401
577A.T,243.6,247,242.1,246.4,5860
578A.T,249.8,249.8,244.6,248.2,7820
579A.T,1000,1000,986,986,3481
5801.T,3693,3825,3670,3812,17118100
5802.T,1982,2046.5,1968.5,2046.5,14096200
5803.T,4750,4867,4712,4839,26196900
5805.T,12850,13010,12620,13010,235800
580A.T,969,985,959,959,17086
5816.T,1431,1441,1427,1429,14900
5817.T,1082,1088,1049,1084,36200
5819.T,1740,1747,1734,1742,2400
581A.T,3640,3645,3140,3145,7923400
5820.T,854,910,850,910,78700
5821.T,3110,3175,3105,3140,51400
5830.T,3820,3887,3820,3828,588600
5831.T,3506,3549,3480,3491,1459100
5832.T,3610,3667,3605,3611,243700
5834.T,2776,2824,2776,2781,36100
5838.T,6441,6452,6177,6177,936800
583A.T,2000,2000,2000,2000,0
5840.T,505,505,505,505,0
5842.T,2950,3030,2950,2978,78000
5843.T,2328,2328,2273,2320,5400
5844.T,4800,4862,4791,4840,848000
5845.T,1210,1210,1203,1209,15600
584A.T,2558,2579,2498,2501,64200
5851.T,2689,2719,2689,2710,124600
5852.T,664,672,664,668,74400
5857.T,3540,3675,3540,3660,438100
5858.T,1164,1176,1158,1175,2400
585A.T,1060,1062,1058,1062,536
5866.T,300,300,300,300,0
5867.T,1299,1299,1239,1269,3600
5868.T,1060,1060,1041,1058,6000
5869.T,1259,1260,1254,1255,2300
586A.T,253,253,247.1,247.1,323720
5870.T,891,905,890,904,10000
5871.T,1402,1402,1379,1380,6200
587A.T,109700,109900,109500,109650,28
5884.T,601,601,588,590,26300
5885.T,3090,3090,2986,3085,32400
5888.T,2756,2768,2726,2728,6300
5889.T,2300,2320,2259,2275,255600
5890.T,3500,3500,3500,3500,0
5891.T,1688,1692,1674,1674,5100
5892.T,2741,2780,2650,2704,95200
5893.T,510,510,510,510,0
589A.T,1377,1386,1351,1386,24900
5900.T,900,900,888,899,1400
5901.T,4570,4586,4552,4571,247600
5902.T,2751,2775,2748,2757,12900
5905.T,1365,1379,1360,1379,700
5906.T,772,775,771,775,1200
5909.T,950,966,950,965,11200
590A.T,1284,1286,1263,1278,123700
5911.T,2987,3015,2987,2991,65200
5915.T,2389,2433,2377,2422,2500
5918.T,8000,8000,8000,8000,0
591A.T,255,255,255,255,0
5921.T,4405,4450,4400,4450,2700
5922.T,19910,19910,19910,19910,100
5923.T,1183,1195,1183,1195,9300
5928.T,290,290,290,290,400
5929.T,3464,3476,3431,3435,433300
5930.T,1895,1904,1887,1887,56900
5932.T,657,658,652,655,38100
5933.T,1127,1130,1121,1123,59000
5936.T,908,913,905,906,1700
5938.T,1747,1747,1731,1740,1472100
5939.T,4655,4655,4630,4645,2000
593A.T,2045,2112,1916,1940,6410300
5940.T,743,751,741,747,9700
5941.T,2682,2700,2680,2680,900
5942.T,637,639,635,637,5400
5943.T,2235,2249,2210,2216,87000
5945.T,2250,2296,2220,2296,3400
5946.T,2008,2019,1993,1993,34100
5947.T,3472,3487,3453,3456,161900
5949.T,1316,1328,1312,1317,205600
594A.T,430,430,430,430,0
5950.T,153,153,149,150,13600
5951.T,1127,1141,1120,1141,5400
5952.T,191,192,188,191,42400
5955.T,82,82,81,81,567000
5956.T,583,587,582,582,3500
5957.T,756,765,756,760,59600
5958.T,4425,4425,4340,4360,13100
5959.T,946,947,943,944,39000
595A.T,452,452,452,452,0
5962.T,2129,2129,2105,2105,1500
5965.T,1191,1214,1188,1199,16100
5966.T,2656,2700,2656,2700,600
5967.T,444,450,444,445,6300
5969.T,1199,1199,1199,1199,100
5970.T,2224,2257,2224,2248,73400
5971.T,8590,8650,8510,8650,400
5973.T,616,616,615,615,400
5974.T,841,841,840,840,400
5975.T,3330,3385,3330,3340,79000
5976.T,1470,1486,1469,1484,50200
597A.T,1000,1000,1000,1000,0
5981.T,1849,1869,1847,1869,56800
5982.T,4145,4150,4130,4150,2700
5983.T,13900,13900,13900,13900,500
5984.T,776,783,774,778,1300
5985.T,2021,2156,1996,2133,385200
5986.T,258,265,256,260,101300
5987.T,1630,1630,1630,1630,100
5988.T,1710,1711,1694,1702,50200
5989.T,1470,1480,1469,1469,72400
598A.T,1450,1471,1420,1439,48000
5990.T,1943,1945,1943,1945,300
5991.T,3260,3282,3244,3280,397100
5992.T,3690,3715,3690,3715,12500
5994.T,1010,1010,991,1000,2200
5997.T,907,907,899,902,800
5998.T,2791,2800,2726,2760,6200
599A.T,300,300,300,300,0
6005.T,3100,3135,3099,3128,251800
600A.T,1835,1844,1835,1844,1533
6013.T,3050,3060,3045,3045,103000
6016.T,11550,11640,11240,11390,84000
6018.T,5870,5870,5760,5770,500
601A.T,378,378,378,378,0
6022.T,2881,2881,2881,2881,100
6023.T,3205,3240,3180,3195,70000
6027.T,5550,5660,5240,5620,147800
6029.T,192,200,191,191,89800
602A.T,560,560,560,560,0
6030.T,1845,1864,1820,1820,18100
6031.T,283,283,272,275,27200
6033.T,1768,1796,1750,1796,63200
6034.T,584,587,571,573,8700
6035.T,716,721,713,716,32900
6036.T,3650,3710,3630,3670,160100
6037.T,1069,1070,1036,1052,49600
6038.T,830,830,824,829,3000
6039.T,1011,1015,993,1008,29300
603A.T,882,916,830,850,1918100
6040.T,463,465,456,464,30300
6042.T,3855,3875,3830,3830,300
6044.T,1843,1870,1843,1847,5600
6045.T,2120,2143,2088,2090,14600
6046.T,152,154,149,150,55600
6047.T,386,389,381,384,71300
6049.T,252,252,248,250,6800
604A.T,1640,1712,1455,1580,12173900
6050.T,1810,1811,1799,1800,16600
6054.T,111,111,109,109,9300
6055.T,2094,2157,2070,2148,471500
6058.T,1968,1975,1950,1960,190600
6059.T,369,371,368,371,15600
605A.T,191.5,194.9,191.5,194.5,27750
6061.T,3065,3125,3060,3115,6600
6062.T,1412,1446,1412,1445,56900
6063.T,980,1001,980,1001,600
6069.T,680,680,669,677,18800
606A.T,19900,20560,19900,20450,2751
6070.T,2529,2540,2505,2505,25500
6071.T,888,902,883,896,265400
6072.T,1092,1098,1041,1049,621900
6073.T,1529,1546,1512,1512,44600
6074.T,515,515,515,515,1300
6078.T,1558,1564,1551,1551,19400
607A.T,249,258,245,250,588400
6080.T,4210,4255,4140,4185,128900
6081.T,144,145,139,139,329900
6082.T,992,996,988,990,16600
6083.T,1590,1594,1574,1576,11800
6085.T,117,137,116,130,8767500
6086.T,1010,1023,1006,1007,24200
6087.T,3550,3565,3545,3550,1000
6088.T,567,581,567,573,301500
6089.T,1151,1165,1151,1160,23700
608A.T,1480,1480,1458,1459,2288
6090.T,601,610,601,606,1500
6091.T,956,956,940,944,32900
6092.T,800,810,800,801,7700
6093.T,160,163,159,163,95600
6094.T,530,530,521,521,30600
6098.T,16785,17205,16685,17155,5367800
6099.T,716,728,716,725,57300
609A.T,1087,1103,1086,1093,19259
6101.T,4820,5000,4820,4935,277200
6103.T,4355,4450,4355,4445,282000
6104.T,4325,4450,4315,4415,141600
610A.T,995,1011,992,1000,25197
6113.T,2352,2416,2345,2400.5,2611200
6118.T,1241,1247,1216,1226,270800
611A.T,975.3,982.3,975,982.3,1150
6125.T,4580,4590,4525,4580,16800
612A.T,10110,10110,10110,10110,10
6134.T,6684,6921,6672,6903,503600
6135.T,14980,15120,14860,14980,100300
6136.T,3405,3497,3401,3497,295600
6137.T,1504,1524,1504,1512,6400
6138.T,1962,1970,1920,1922,6400
613A.T,1922,1922,1917,1917,1076
6140.T,1095,1109,1093,1109,291900
6141.T,2754,2824,2751.5,2824,976800
6143.T,1618,1642,1614,1640,135800
6144.T,2787,2850,2787,2803,3100
6145.T,2517,2578,2517,2563,64200
6146.T,50750,51300,49780,51000,1348900
6147.T,190,190,182,188,17600
6149.T,2200,2211,2196,2200,2800
614A.T,1468,1468,1468,1468,0
6150.T,2798,2799,2798,2799,400
6151.T,1719,1732,1712,1728,10700
6155.T,539,539,532,539,4300
6156.T,1855,1855,1837,1837,7600
6157.T,817,824,817,821,29500
6158.T,1036,1045,1025,1025,3900
6159.T,2048,2050,2020,2035,2500
615A.T,305,305,305,305,0
6161.T,1036,1043,1035,1035,2500
6165.T,533,536,530,532,24800
6166.T,653,658,644,650,41200
6167.T,975,990,973,990,51200
616A.T,568,568,568,568,0
6171.T,373,374,371,371,11100
6176.T,1063,1074,1038,1038,166100
6177.T,83,85,82,82,143500
6178.T,2491.5,2541.5,2484.5,2506.5,5268000
617A.T,2679,2679,2679,2679,0
6180.T,3815,3815,3715,3815,1700
6181.T,90,92,89,90,27200
6182.T,512,515,507,514,7600
6183.T,1376,1387,1371,1373,107900
6184.T,614,625,613,613,127600
6185.T,361,364,361,364,5600
6186.T,373,375,373,375,600
6189.T,1011,1016,1008,1010,5600
6190.T,302,305,296,300,5700
6191.T,1640,1682,1620,1634,1026800
6193.T,1199,1199,1164,1168,6600
6194.T,877,883,874,881,119100
6195.T,201,202,200,201,8800
6196.T,1412,1426,1404,1422,404800
6198.T,200,200,197,197,1700
6199.T,1451,1460,1425,1428,12000
6200.T,723,725,719,720,204600
6203.T,2526,2579,2110,2135,5930400
6208.T,1887,1988,1754,1761,556600
6209.T,3830,3875,3815,3865,52700
6217.T,764,777,750,763,44000
6218.T,650,659,650,655,1000
6222.T,947,951,937,944,78500
6223.T,1934,1947,1923,1947,17400
6224.T,1215,1223,1201,1218,14100
6226.T,2202,2222,2169,2190,50000
6227.T,5310,5700,5250,5700,1040200
6228.T,518,526,518,523,9800
6229.T,1454,1474,1454,1462,3400
6230.T,2180,2180,2163,2163,300
6231.T,11650,11990,11530,11750,14300
6232.T,1235,1257,1201,1224,547200
6233.T,402,405,401,405,2900
6235.T,2363,2430,2349,2421,186500
6237.T,3865,3930,3850,3925,29900
6238.T,1461,1465,1432,1455,57200
6239.T,1404,1448,1404,1411,2800
6240.T,513,526,513,525,258400
6245.T,1809,1815,1795,1815,27500
6246.T,1821,1834,1821,1821,4200
6247.T,1732,1746,1708,1729,30000
6248.T,1718,1810,1718,1798,1500
6249.T,2882,2882,2819,2847,16800
6250.T,4345,4410,4345,4390,79000
6254.T,3225,3260,3175,3250,425700
6255.T,688,689,667,679,131600
6257.T,1016,1020,1006,1012,35600
6258.T,3475,3570,3460,3555,160700
6262.T,526,534,526,530,48400
6264.T,1817,1846,1792,1846,269000
6265.T,3040,3100,3040,3100,1200
6266.T,3385,3470,3340,3455,175100
6267.T,4070,4100,4050,4100,2000
6268.T,4419,4591,4419,4551,1013300
6269.T,9148,9286,9004,9232,529100
6272.T,1519,1537,1519,1528,25200
6273.T,66580,68180,66510,67850,211400
6276.T,364,366,351,357,27300
6277.T,5800,5850,5770,5770,26200
6278.T,12650,12990,12500,12990,149300
6279.T,914,926,914,922,13100
6282.T,2900,2931,2900,2919,88800
6284.T,8380,8480,8350,8470,16600
6286.T,1485,1500,1484,1493,1400
6287.T,2663,2681,2645,2658,61900
6289.T,1872,1924,1869,1913,66900
6291.T,1313,1331,1313,1326,14000
6292.T,834,843,834,841,1400
6294.T,1951,1958,1948,1955,5600
6298.T,1220,1246,1220,1244,86700
6301.T,7136,7224,7045,7045,2558200
6302.T,5569,5732,5549,5709,701000
6305.T,5724,5738,5644,5703,982100
6306.T,993,1006,993,1003,49100
6307.T,465,465,465,465,2200
6309.T,1970,1994,1964,1994,119400
6310.T,1887,1970,1884,1968,112500
6315.T,2102,2150,2071,2140,2453500
6316.T,3010,3055,2988,2988,9300
6317.T,2420,2443,2337,2440,250200
6322.T,1588,1600,1588,1600,700
6323.T,3403,3488,3390,3483,827700
6324.T,5810,6000,5790,5970,557400
6325.T,419,420,417,420,3600
6326.T,2817,2872.5,2805,2830.5,3797200
6327.T,2850,2882,2783,2865,134500
6328.T,2343,2367,2335,2337,33000
6330.T,2727,2810,2653,2706,5817300
6331.T,3260,3325,3260,3295,78100
6332.T,2678,2710,2672,2680,96900
6333.T,3500,3510,3465,3475,22500
6334.T,480,480,476,477,1200
6335.T,590,590,584,585,2800
6336.T,1408,1418,1316,1348,233800
6337.T,3250,3265,3170,3255,19300
6338.T,1612,1650,1612,1650,3300
6339.T,1173,1205,1173,1200,171300
6340.T,5350,5550,5340,5470,118500
6342.T,2941,2941,2900,2910,600
6343.T,146,149,146,149,79400
6345.T,1458,1458,1449,1451,70500
6346.T,5630,5630,5630,5630,100
6347.T,247,249,243,249,8700
6349.T,1966,1987,1966,1976,71300
6351.T,2505,2516,2464,2500,26500
6356.T,1414,1550,1340,1458,2754800
6357.T,2638,2764,2638,2733,58200
6358.T,2154,2178,2152,2165,13400
6360.T,4715,4795,4715,4795,1500
6361.T,4223,4300,4207,4300,1765900
6363.T,2830,2878,2828,2854,124400
6364.T,2463,2511,2453,2487,53900
6365.T,5500,5520,5500,5520,200
6366.T,689,700,687,698,1165100
6367.T,20250,20565,20210,20510,580600
6368.T,11525,11820,11520,11780,473600
6369.T,2400,2406,2376,2388,61400
6370.T,7390,7522,7379,7468,497400
6371.T,2700,2737,2680,2737,128300
6376.T,3260,3410,3235,3400,328300
6378.T,1157,1171,1151,1165,117000
6379.T,2940,3075,2940,3060,173400
6380.T,3825,3850,3755,3755,5300
6381.T,1900,1911,1899,1907,41900
6382.T,1230,1230,1221,1225,6500
6383.T,5383,5429,5354,5429,1406900
6384.T,1710,1724,1691,1691,7700
6387.T,7670,7970,7580,7840,196700
6390.T,1334,1343,1329,1343,39100
6391.T,4660,4700,4660,4695,1100
6392.T,7940,7940,7940,7940,0
6393.T,3020,3050,3020,3050,1300
6395.T,1367,1371,1346,1355,158500
6396.T,4565,4565,4565,4565,0
6400.T,288,291,287,291,6100
6402.T,1592,1597,1591,1591,2100
6405.T,1225,1225,1209,1225,15000
6407.T,4950,5060,4920,5060,394200
6408.T,4245,4285,4245,4265,600
6412.T,2205,2229,2204,2208,246700
6413.T,1050,1059,1050,1053,51500
6417.T,2115,2124.5,2100.5,2111.5,746500
6418.T,1249,1260,1243,1254,87400
6419.T,3205,3205,3160,3165,53700
6420.T,3430,3490,3430,3460,35800
6424.T,886,886,886,886,0
6425.T,747,752,723,728,164600
6428.T,326,326,325,326,1900
6430.T,2491,2510,2484,2489,34200
6432.T,7220,7320,7190,7260,191300
6433.T,1169,1216,1137,1205,59000
6436.T,3902,3925,3900,3906,273000
6440.T,728,737,725,734,161400
6444.T,178,188,178,187,166300
6445.T,1349,1355,1344,1347,22000
6448.T,4526,4602,4525,4602,1300000
6454.T,1926,1939,1898,1899,191100
6455.T,2503,2551,2483,2533,79000
6457.T,4443,4469,4396,4399,114300
6458.T,1222,1232,1220,1232,237800
6459.T,1645,1661,1645,1658,38800
6460.T,3320,3340,3248,3274,1042000
6463.T,1533,1557,1533,1553,102300
6464.T,336,344,336,339,216100
6465.T,5325,5338,5281,5301,276000
6466.T,3930,4015,3835,3930,18500
6467.T,341,345,340,344,3300
6469.T,2740,2766,2690,2716,48000
6470.T,1063,1090,1062,1083,57200
6471.T,1046.5,1079.5,1046,1071,2404500
6472.T,378,380.5,377,380.5,2450700
6473.T,2006,2056.5,2006,2051,1427500
6474.T,5200,5380,5200,5340,37800
6479.T,3417,3499,3407,3459,1677700
6480.T,1606,1680,1602,1680,513300
6481.T,5922,6118,5878,6118,1157600
6482.T,697,718,697,708,65200
6484.T,2274,2275,2274,2275,700
6485.T,1630,1642,1630,1638,18700
6486.T,2980,2989,2959,2959,76600
6488.T,1043,1054,1043,1054,1100
6490.T,9030,9230,8960,9220,58300
6492.T,14710,15590,14220,14450,32900
6493.T,494,503,494,496,54900
6494.T,98,99,97,98,178300
6495.T,109,110,108,109,185800
6496.T,5480,5530,5440,5440,2500
6497.T,1509,1516,1450,1472,30000
6498.T,1928,1953,1928,1944,208100
6501.T,5263,5410,5250,5372,7394100
6503.T,5115,5182,5110,5160,3138300
6504.T,12510,12815,12465,12815,492000
6505.T,2359,2386,2359,2386,19400
6506.T,4287,4404,4279,4360,2581400
6507.T,11600,12030,11600,11980,145300
6508.T,10310,10570,10290,10540,113200
6513.T,1247,1284,1247,1282,9800
6516.T,5110,5240,5110,5240,100700
6517.T,3945,3980,3930,3955,38500
6518.T,1641,1682,1641,1658,7500
6521.T,3080,3090,3020,3055,58800
6522.T,1411,1421,1372,1386,448100
6523.T,1297,1340,1297,1329,586900
6524.T,4800,4845,4720,4820,126600
6525.T,7980,8554,7972,8512,9389400
6526.T,1878.5,1930,1829,1924,5834600
6532.T,7633,7689,7551,7573,778600
6533.T,1150,1158,1149,1154,12100
6535.T,499,503,499,500,123500
6537.T,295,295,291,293,5300
6538.T,252,253,248,250,42800
6539.T,997,1002,995,996,16800
6540.T,1490,1502,1485,1485,14500
6543.T,1189,1214,1185,1186,1500
6544.T,1501.5,1528,1496,1504,610100
6545.T,783,798,781,789,15300
6546.T,1176,1181,1172,1172,900
6547.T,2141,2143,2127,2127,23700
6548.T,127,129,125,126,19400
6549.T,1108,1129,1108,1108,4300
6551.T,622,623,616,616,15100
6552.T,171,171,169,171,5900
6554.T,1119,1128,1109,1117,14900
6555.T,428,428,428,428,0
6557.T,745,749,737,737,6200
6558.T,662,662,661,661,600
6560.T,1800,1835,1800,1835,16500
6561.T,809,827,809,813,4100
6562.T,1009,1019,984,996,15600
6563.T,466,470,450,459,15500
6564.T,1982,2012,1973,2003,26100
6566.T,1252,1300,1252,1269,4900
6568.T,1229,1229,1219,1220,1800
6570.T,3425,3480,3325,3385,51700
6571.T,1278,1285,1273,1277,29600
6572.T,267,267,264,265,78400
6573.T,28,28,26,27,632600
6574.T,117,118,115,117,588800
6577.T,1398,1398,1378,1378,5400
6578.T,455,459,455,459,1400
6579.T,353,353,346,352,3800
6580.T,864,881,837,861,23800
6584.T,766,780,766,779,207500
6586.T,5280,5336,5252,5300,571700
6588.T,2857,2900,2857,2873,103500
6590.T,3630,3735,3620,3730,680500
6592.T,1674.5,1704,1671.5,1698.5,851000
6594.T,2642,2651,2604,2646,2924100
6596.T,990,990,990,990,0
6597.T,3610,3705,3555,3700,65000
6599.T,3880,3975,3805,3925,11800
6612.T,595,603,591,594,4100
6613.T,2021,2100,1971,2060,1955900
6614.T,870,870,860,863,2200
6615.T,238,241,238,240,25500
6616.T,1760,1838,1760,1838,74900
6617.T,6590,6710,6560,6680,40000
6619.T,139,144,138,144,2423200
6620.T,677,687,674,674,22600
6622.T,11830,12350,11710,12350,148300
6625.T,367,368,361,361,194700
6626.T,2379,2394,2369,2373,3100
6627.T,10010,10700,9960,10610,99900
6629.T,965,970,954,967,91900
6630.T,785,792,785,788,104200
6632.T,996.3,1000,987.3,1000,1232800
6633.T,317,317,315,315,3000
6634.T,70,71,69,70,40000
6635.T,666,684,661,674,37900
6637.T,4095,4150,4075,4075,14100
6638.T,1950,1997,1928,1997,112200
6643.T,5410,5520,5410,5470,2000
6644.T,1465,1474,1459,1470,271300
6645.T,5938,6140,5920,6112,1385300
6647.T,3600,3690,3560,3690,1300
6648.T,1624,1656,1608,1625,40100
6651.T,4345,4410,4315,4405,34400
6652.T,3655,3690,3650,3680,66600
6653.T,2055,2072,2053,2066,37500
6654.T,1074,1078,1074,1076,1900
6656.T,753,765,744,744,35300
6658.T,453,459,452,457,44100
6659.T,46,48,46,48,5086700
6662.T,223,224,223,224,1000
6663.T,307,308,305,305,4300
6664.T,266,267,264,266,3800
6666.T,798,819,795,805,32500
6668.T,3740,3845,3700,3845,79800
6674.T,5247,5504,5230,5456,1191400
6675.T,2172,2190,2171,2184,29400
6676.T,3150,3240,3150,3195,54600
6677.T,3225,3255,3215,3255,74300
6678.T,2057,2063,2039,2063,10700
6694.T,838,875,835,875,6100
6696.T,313,318,309,310,16500
6699.T,495,499,494,499,46000
6701.T,4807,4864,4763,4841,4237300
6702.T,3987,3987,3909,3934,5760800
6703.T,2632,2750,2632,2747,666800
6706.T,3265,3350,3265,3320,24700
6707.T,6647,6701,6480,6700,139900
6718.T,2840,2852,2840,2850,22100
6721.T,76,76,74,76,302600
6723.T,3225,3240,3141,3240,5824500
6724.T,3120,3173,3100,3165,1199300
6727.T,833,851,830,841,544400
6728.T,6917,7130,6875,7095,509400
6730.T,1172,1199,1166,1191,95000
6731.T,100,104,100,103,103400
6736.T,10130,10160,9320,9730,49000
6737.T,3110,3165,3110,3145,147000
6740.T,46,47,46,46,2755100
6741.T,1781,1804,1778,1797,96800
6742.T,1020,1056,1018,1056,338000
6743.T,1033,1067,1033,1059,26700
6744.T,4035,4045,4000,4040,40000
6745.T,1888,1932,1885,1922,152400
6748.T,750,757,750,757,8400
6750.T,2020,2036,2014,2028,205000
6752.T,4275,4392,4243,4381,7881800
6753.T,680,684.5,655.9,677.9,4811800
6754.T,3103,3160,3086,3156,805700
6757.T,890,892,888,892,4000
6758.T,3766,3782,3695,3719,9045400
6762.T,2842.5,2890,2812.5,2872,6796400
6763.T,2768,2804,2760,2793,8900
6768.T,801,826,799,826,1448500
6769.T,1120,1121,1102,1118,33600
6770.T,2234,2254,2223,2243.5,1166100
6771.T,654,654,649,649,16600
6772.T,1015,1027,965,1000,7300
6775.T,123,129,123,128,169300
6776.T,283,287,283,284,8000
6777.T,19100,19730,18870,19560,92100
6778.T,627,629,618,618,20600
6779.T,3050,3205,2993,3155,1379900
6785.T,3005,3115,3005,3105,42200
6786.T,48,49,48,48,38700
6787.T,20830,22200,20330,22060,792800
6788.T,5010,5060,5000,5060,6100
6794.T,3080,3165,3080,3160,138500
6797.T,1213,1213,1204,1205,1700
6798.T,3235,3320,3235,3320,7000
6800.T,4085,4220,4070,4220,101800
6803.T,100,100,98,98,296600
6804.T,2514,2524,2505,2517,171300
6806.T,24000,24495,23885,24495,123500
6807.T,2525,2540,2508,2522,136100
6809.T,1749,1763,1746,1754,69500
6810.T,2529,2571,2514,2536,123500
6814.T,7000,7200,6990,7150,151500
6817.T,1202,1216,1199,1216,100000
6819.T,478,479,475,479,10000
6820.T,3585,3650,3585,3600,8600
6822.T,4920,5020,4920,4990,2900
6823.T,3210,3270,3210,3260,30500
6824.T,4160,4185,4090,4140,14400
6832.T,2353,2418,2351,2411,12900
6834.T,4925,5010,4830,5010,406200
6835.T,269,270,260,268,350300
6836.T,829,835,818,820,5000
6837.T,363,370,363,366,17900
6838.T,1390,1396,1327,1335,296600
6840.T,753,763,742,763,162800
6841.T,4566,4642,4533,4642,534100
6844.T,2915,2982,2915,2971,55200
6845.T,1450,1460,1447,1459.5,961500
6848.T,872,874,863,866,6900
6849.T,1578.5,1589.5,1555,1561.5,442000
6850.T,1727,1755,1727,1747,26900
6853.T,768,775,760,764,24100
6855.T,6450,6650,6390,6610,328100
6856.T,21570,22130,21440,22130,166000
6857.T,30320,30720,29835,30700,6536400
6858.T,833,842,831,833,19300
6859.T,3890,4025,3865,4025,70100
6861.T,75400,76380,74980,75900,438800
6862.T,4290,4400,4190,4355,208100
6863.T,995,1003,994,1000,128800
6864.T,1568,1585,1565,1585,11600
6866.T,10070,10180,9990,10160,30300
6867.T,410,415,406,415,6400
6869.T,1849,1886,1837,1884,2761300
6870.T,2070,2080,2070,2071,2400
6871.T,12350,12930,12100,12860,1157800
6874.T,2335,2352,2335,2339,2800
6875.T,10420,10590,10400,10590,80100
6877.T,5250,5340,5240,5290,26200
6882.T,1127,1137,1122,1137,42800
6888.T,500,501,498,499,5400
6890.T,8700,9100,8650,9100,516000
6894.T,2148,2152,2148,2152,200
6897.T,642,656,638,640,32700
6898.T,5210,5230,5190,5220,20500
6899.T,2298,2348,2295,2348,3900
6902.T,1928,1931,1908.5,1913,5157300
6904.T,653,675,648,667,143900
6905.T,1300,1313,1292,1312,94800
6907.T,746,765,746,760,14700
6908.T,2773,2845,2773,2832,90000
6912.T,2518,2580,2518,2550,2800
6914.T,3060,3160,3060,3140,118000
6915.T,3385,3450,3385,3435,14200
6918.T,3525,3560,3485,3535,20100
6919.T,1421,1436,1421,1436,2500
6920.T,35200,35770,34770,35750,2444200
6923.T,3487,3513,3451,3504,397300
6925.T,3536,3599,3519,3588,235500
6926.T,191,195,191,191,9300
6927.T,977,977,969,971,18500
6928.T,2894,2914,2856,2914,44100
6929.T,3630,3690,3630,3690,44000
6932.T,2549,2598,2549,2571,23100
6941.T,7410,7870,7410,7840,239600
6942.T,1439,1444,1439,1440,1300
6943.T,5550,5560,5450,5560,1000
6946.T,6500,6640,6410,6510,141100
6947.T,4850,4935,4835,4895,49600
6951.T,6911,7119,6803,7119,267400
6952.T,2073,2153.5,2073,2153.5,2150400
6954.T,5778,5838,5736,5838,2470700
6955.T,401,408,401,402,16400
6958.T,731,765,731,762,455000
6960.T,11860,11980,11720,11980,40900
6961.T,9470,9750,9380,9750,65000
6962.T,795,843,792,832,492800
6963.T,4463,4606,4458,4577,2520500
6964.T,687,687,687,687,800
6965.T,2151,2231,2146,2226,1930000
6966.T,859,875,857,872,1916000
6969.T,998,1018,988,1018,15200
6971.T,3530,3604,3530,3600,3086100
6976.T,9267,9375,9060,9364,28604300
6977.T,1360,1390,1315,1318,2200
6981.T,7493,7633,7385,7633,20484200
6982.T,575,575,575,575,500
6986.T,748,765,741,741,192700
6988.T,3262,3350,3257,3335,2911900
6989.T,2314,2341,2252,2312,95900
6993.T,91,91,87,89,1474700
6994.T,1157,1176,1150,1175,67200
6995.T,3145,3180,3140,3180,94800
6996.T,2577,2656,2559,2656,510900
6997.T,2744,2857,2740,2850,546800
6998.T,3630,3730,3610,3675,98500
6999.T,2150,2224,2147,2224,352200
7003.T,4155,4196,4094,4145,1793500
7004.T,1161,1169,1158,1166,457200
7011.T,3750,3797,3712,3737,14376000
7012.T,2350,2427,2348.5,2388.5,11167200
7013.T,2772,2831,2760.5,2779.5,10025600
7014.T,4820,4850,4605,4665,1386900
7018.T,13010,13390,12800,12950,24900
7021.T,2290,2315,2280,2315,800
7022.T,354,357,344,352,79400
7030.T,961,967,956,958,12600
7031.T,681,681,673,675,600
7033.T,1549,1566,1549,1551,47100
7034.T,309,313,309,313,32000
7035.T,230,231,209,218,165700
7036.T,666,667,665,665,500
7037.T,795,800,786,786,20500
7038.T,577,585,576,578,10300
7039.T,1373,1375,1361,1364,8800
7040.T,972,975,970,970,700
7041.T,344,345,334,339,11000
7042.T,698,698,680,693,1700
7043.T,941,943,920,940,8400
7044.T,519,522,515,516,4300
7046.T,1321,1324,1302,1324,900
7047.T,2123,2169,2096,2105,249200
7048.T,161,162,157,158,190900
7049.T,775,778,774,774,8500
7050.T,1506,1529,1490,1529,33100
7057.T,900,911,900,911,300
7058.T,3065,3090,3065,3090,300
7059.T,957,962,939,956,237100
7060.T,585,588,576,583,9300
7061.T,483,492,483,484,43700
7062.T,680,682,680,682,2500
7063.T,70,73,70,71,190700
7064.T,998,1036,998,1022,5700
7065.T,962,962,949,954,5000
7066.T,459,460,458,458,4300
7067.T,1060,1070,1060,1070,300
7068.T,602,608,602,602,17300
7069.T,504,520,487,499,31300
7071.T,392,398,390,393,162400
7072.T,1081,1085,1051,1079,1800
7073.T,2313,2322,2312,2312,1100
7074.T,181,185,181,184,11800
7075.T,1030,1050,1016,1030,8200
7077.T,995,995,987,987,800
7078.T,340,343,337,339,9500
7079.T,2578,2585,2569,2569,1400
7080.T,886,898,872,884,21200
7081.T,1294,1300,1275,1280,6800
7082.T,1406,1407,1406,1406,15400
7083.T,1135,1137,1127,1137,1500
7084.T,2789,2817,2726,2771,10000
7085.T,886,888,880,881,249300
7087.T,1427,1430,1427,1429,4600
7089.T,1371,1371,1342,1342,6200
7090.T,954,968,954,968,1200
7091.T,1277,1325,1268,1313,94000
7093.T,575,592,563,582,5700
7094.T,1882,1882,1815,1846,34600
7095.T,1174,1174,1151,1151,54400
7096.T,746,753,746,748,1200
7097.T,2704,2722,2704,2722,2100
7102.T,3580,3600,3550,3550,24400
7110.T,1910,1916,1896,1898,18900
7111.T,510,520,501,514,2600
7112.T,690,690,687,687,4100
7114.T,793,800,793,797,3400
7115.T,1469,1480,1457,1462,2200
7119.T,2160,2232,2150,2232,40200
7120.T,1000,1006,994,1006,13000
7122.T,2366,2400,2366,2395,1100
7126.T,1419,1466,1419,1448,300
7127.T,710,712,706,706,7100
7128.T,2814,2880,2813,2880,53400
7129.T,1184,1198,1180,1198,900
7130.T,2778,2819,2778,2798,43400
7131.T,3765,3800,3765,3780,2200
7133.T,1339,1339,1320,1335,1400
7134.T,1450,1466,1430,1447,13700
7135.T,181,182,180,180,33000
7137.T,1200,1200,1200,1200,0
7138.T,134,137,132,134,793200
7139.T,4700,4700,4700,4700,0
7140.T,796,800,796,800,1300
7148.T,1701,1712,1692,1705,346800
7150.T,517,525,515,515,12400
7157.T,1433,1444,1423,1439,170800
7161.T,623,638,623,634,212800
7162.T,291,299,288,289,49000
7164.T,3150,3165,3141,3154,241400
7167.T,1677.5,1694.5,1665,1680.5,2765300
7170.T,330,330,330,330,0
7172.T,2077,2102,2077,2094,103200
7173.T,1695,1711,1679,1693,1012500
7175.T,1976,2072,1966,2022,43000
7176.T,757,757,757,757,0
7177.T,1164,1170,1157,1161,188100
7180.T,1602.5,1633,1602.5,1611.5,951400
7181.T,1773.5,1797,1766.5,1776,2093500
7182.T,3263,3300,3247,3258,3600400
7183.T,254,254,254,254,21700
7184.T,3475,3525,3435,3450,123500
7185.T,3925,3925,3885,3885,10100
7186.T,1890,1905.5,1877,1883.5,3491200
7187.T,1328,1332,1321,1326,35400
7189.T,4866,5002,4863,4944,525900
7191.T,1193,1211,1193,1206,37400
7192.T,714,716,704,710,34900
7196.T,750,758,750,755,25400
7198.T,837,840,835,840,60900
7199.T,2070,2092,2070,2076,127200
7201.T,314.3,317.9,311.8,313.8,22010700
7202.T,2204.5,2216.5,2185,2195.5,1740600
7203.T,3043,3068,3016,3016,17508600
7208.T,1295,1300,1282,1300,800
7211.T,362.9,366.4,359.5,365.5,5026100
7212.T,738,746,733,736,16800
7213.T,687,688,664,679,22500
7214.T,1091,1105,1089,1090,2500
7215.T,427,427,423,423,400
7217.T,432,442,432,435,4900
7218.T,1085,1124,1085,1100,900
7219.T,2421,2458,2421,2440,1000
7220.T,2676,2737,2666,2721,407600
7222.T,924,933,920,921,64300
7224.T,1915,1948,1915,1941,142400
7226.T,2306,2319,2303,2310,153400
7228.T,3950,3955,3950,3955,300
7231.T,3115,3160,3105,3135,46200
7235.T,1566,1575,1561,1575,9100
7236.T,1470,1499,1469,1480,203700
7238.T,108,108,106,107,3399100
7239.T,2339,2364,2338,2338,58000
7240.T,2970,3001,2970,2983.5,270200
7241.T,1100,1104,1096,1096,249900
7242.T,4675,4700,4655,4675,54000
7244.T,556,562,553,555,59600
7245.T,1113,1123,1112,1116,201400
7246.T,1003,1008,998,1002,245900
7247.T,372,376,371,374,30400
7254.T,837,837,829,835,2700
7255.T,504,512,500,501,11800
7256.T,448,495,448,464,955700
7259.T,2250,2252,2227.5,2233,1658700
7261.T,1155,1173.5,1151.5,1157.5,4014400
7264.T,1358,1359,1336,1359,1500
7265.T,3600,3600,3535,3565,1500
7266.T,980,980,969,978,19500
7267.T,1694,1702.5,1680,1684.5,9501600
7269.T,2035,2062,2019,2026.5,6007100
7270.T,2648,2664,2622.5,2625.5,2093100
7271.T,809,811,798,799,67600
7272.T,1760.5,1805,1760,1801.5,3844100
7273.T,620,626,618,618,68300
7276.T,2613,2650.5,2613,2637,579600
7277.T,336,339,336,339,17400
7278.T,5920,5950,5870,5900,184900
7279.T,2483,2525,2483,2517,49400
7280.T,1342,1363,1339,1358,159300
7282.T,5167,5224,5157,5182,390800
7283.T,2113,2140,2113,2127,93700
7284.T,1165,1170,1160,1161,1100
7287.T,2700,2739,2690,2732,187400
7291.T,467,467,463,465,5600
7292.T,6780,6780,6590,6760,7200
7294.T,890,895,889,895,36400
7296.T,4175,4200,4160,4180,84400
7297.T,853,855,853,853,600
7299.T,1820,1820,1781,1787,3900
7305.T,2766,2776,2758,2768,12400
7309.T,18220,18230,17740,18075,250000
7313.T,1813,1824.5,1813,1824,208300
7314.T,1320,1321,1311,1311,1500
7318.T,1339,1339,1280,1306,73000
7320.T,1451,1479,1451,1458,18200
7322.T,2025,2088,2025,2062,446400
7325.T,685,698,684,696,11200
7326.T,2262,2297,2262,2279,18400
7327.T,2630,2662,2623,2624,737700
7337.T,2377.5,2405.5,2362,2373.5,501000
7343.T,1264,1306,1264,1306,16100
7345.T,935,945,919,945,15200
7347.T,796,799,796,798,2000
7350.T,7810,7950,7810,7840,76100
7351.T,495,500,492,497,16600
7352.T,318,321,313,314,89300
7353.T,498,504,498,502,9400
7354.T,394,397,379,388,287800
7356.T,117,124,116,117,83600
7357.T,1698,1700,1689,1689,1800
7358.T,1800,1807,1782,1787,8500
7359.T,283,283,277,277,16100
7360.T,650,651,649,650,1600
7361.T,1199,1199,1192,1192,2300
7362.T,878,878,874,878,300
7363.T,1380,1599,1325,1348,92800
7366.T,1850,1876,1815,1853,77000
7367.T,332,333,332,333,900
7368.T,1686,1691,1686,1691,300
7369.T,372,380,371,375,2600
7370.T,712,712,708,712,2800
7371.T,808,811,804,809,8800
7372.T,391,392,390,390,1700
7373.T,920,925,910,912,33000
7374.T,1515,1522,1511,1511,9800
7375.T,1324,1347,1275,1303,133400
7376.T,785,798,763,776,12700
7377.T,1703,1703,1690,1690,82200
7378.T,1507,1539,1496,1530,12900
7380.T,2649,2695,2639,2654,361700
7381.T,1293,1323,1292,1301,241400
7383.T,381,382,374,382,490400
7384.T,5230,5380,5200,5270,119800
7388.T,2330,2335,2312,2319,19200
7389.T,1966,2006,1965,1981,759800
7399.T,619,619,608,618,2000
7409.T,1440,1468,1435,1452,74500
7412.T,361,364,360,360,362000
7413.T,2770,2820,2770,2820,300
7414.T,1420,1427,1416,1420,24900
7416.T,686,688,682,687,2000
7417.T,1909,1913,1900,1906,3500
7419.T,1254,1289,1254,1270,511800
7421.T,1640,1640,1632,1634,47500
7422.T,410,417,401,409,6200
7425.T,1097,1097,1097,1097,100
7426.T,593,594,593,594,500
7427.T,824,829,824,829,800
7433.T,5540,5550,5470,5500,59500
7434.T,1849,1850,1811,1850,2100
7435.T,1265,1272,1260,1262,9700
7438.T,1718,1757,1718,1756,28200
7442.T,477,479,477,478,6100
7443.T,667,668,665,665,1500
7444.T,1985,2000,1985,2000,400
7446.T,4530,4530,4530,4530,100
7447.T,1653,1659,1645,1656,43800
7453.T,3991,4006,3933,3951,2082400
7456.T,6910,7100,6850,7060,59600
7458.T,1882.5,1895.5,1879,1883.5,372600
7459.T,2947.5,2966,2919.5,2933,366800
7460.T,1619,1626,1588,1615,29500
7461.T,460,473,458,468,16700
7462.T,406,409,406,409,7100
7463.T,974,983,967,982,29400
7464.T,1529,1529,1529,1529,100
7466.T,1428,1449,1428,1446,25600
7472.T,3900,3900,3900,3900,0
7475.T,3765,3770,3765,3765,70200
7476.T,2522,2540,2511,2516.5,86100
7477.T,1517,1595,1517,1595,2500
7480.T,3485,3535,3485,3500,40000
7481.T,2579,2580,2551,2555,3400
7482.T,1506,1530,1506,1525,25200
7483.T,3130,3155,3130,3135,37500
7486.T,799,810,799,810,400
7487.T,1849,1850,1830,1845,3400
7490.T,2186,2187,2186,2186,1700
7494.T,242,244,242,244,16300
7500.T,10020,10100,10020,10100,400
7501.T,1420,1449,1410,1410,400
7502.T,1703,1703,1703,1703,400
7504.T,4305,4410,4225,4355,106600
7505.T,2111,2122,2101,2102,9300
7506.T,1380,1381,1380,1381,500
7508.T,1442,1458,1442,1446,38200
7509.T,4765,4765,4765,4765,0
7510.T,2700,2745,2700,2735,46400
7512.T,870,871,858,859,115700
7513.T,1460,1470,1444,1445,174600
7514.T,852,854,850,850,2900
7515.T,4580,4580,4580,4580,200
7516.T,4550,4615,4545,4575,104300
7520.T,2597,2619,2596,2597,13700
7521.T,2722,2740,2687,2687,1600
7522.T,916,919,908,908,158200
7523.T,1876,1876,1876,1876,100
7524.T,175,177,172,175,51000
7525.T,3570,3595,3570,3585,8300
7527.T,49,51,49,49,1057500
7531.T,1329,1329,1329,1329,100
7532.T,720.1,728.5,718.1,719.6,12644700
7537.T,1790,1815,1790,1815,59600
7538.T,391,400,388,389,10200
7539.T,814,814,810,813,6300
7544.T,554,554,546,553,11800
7545.T,1964,1972,1950,1951,101100
7550.T,11305,11305,10865,10980,619600
75505.T,4930,4930,4915,4915,1300
7551.T,708,709,705,705,6600
7552.T,3900,3950,3855,3930,141000
7554.T,1180,1187,1173,1173,28100
7555.T,749,749,749,749,600
7561.T,714,717,705,708,26200
7562.T,3840,3845,3835,3845,1900
7564.T,5510,5520,5440,5480,542000
7565.T,8300,8300,8300,8300,200
7567.T,603,609,602,606,3100
7570.T,1396,1423,1396,1410,7400
7571.T,84,84,82,83,316300
7575.T,1560,1568,1553,1557,79300
7578.T,81,91,75,76,527700
7581.T,6690,6700,6380,6390,494100
7585.T,406,407,406,407,1400
7590.T,395,397,393,394,11800
7593.T,522,528,522,523,313700
7595.T,1264,1274,1263,1272,114600
7596.T,2344,2353,2341,2349,20500
7599.T,1224,1226,1220,1222,342400
7600.T,643,663,630,660,239500
7601.T,162,163,162,162,6800
7602.T,194,194,180,183,194400
7603.T,34,34,33,33,216300
7604.T,915,915,910,914,4500
7606.T,2382,2406,2374,2394,183100
7607.T,3025,3045,3025,3040,18800
7608.T,894,904,873,890,94700
7609.T,3885,4035,3885,4025,65500
7610.T,136,136,134,135,290200
7611.T,2988,2997,2953,2955,120100
7613.T,1538,1569,1538,1557,182300
7614.T,1554,1554,1550,1550,3100
7615.T,98,99,97,98,89800
7616.T,2048,2048,2027.5,2027.5,537100
7619.T,985,989,973,989,4600
7621.T,3410,3420,3405,3415,1400
7624.T,157,158,156,158,26000
7625.T,464,465,460,462,6100
7628.T,1155,1172,1154,1169,50300
7630.T,1079,1081,1073,1077,439200
7634.T,5050,5150,5050,5090,600
7636.T,797,798,796,798,1100
7637.T,3410,3485,3385,3485,30100
7638.T,1410,1414,1393,1402,24400
7640.T,188,190,188,190,14400
7643.T,1720,1728,1719,1728,1600
7646.T,1941,1958,1941,1958,12700
7649.T,1275,1289,1245,1245,2329700
7670.T,1191,1195,1188,1195,2800
7673.T,1669,1670,1661,1670,600
7674.T,2738,2746,2663,2710,11500
7677.T,2768,2768,2767,2767,200
7678.T,3550,3655,3550,3640,19100
7679.T,1633,1653,1633,1642,41100
7680.T,3190,3190,3190,3190,0
7681.T,1025,1035,1022,1024,2800
7682.T,3920,3950,3920,3950,400
7683.T,1412,1419,1407,1414,16900
7685.T,2900,2904,2813,2850,456300
7686.T,439,442,437,441,24100
7687.T,455,458,455,457,2200
7689.T,450,480,385,420,459800
7691.T,30,30,30,30,0
7692.T,78,79,78,79,288800
7694.T,586,586,561,565,10500
7695.T,914,952,914,952,4600
7698.T,2919,2919,2885,2888,1800
7699.T,715,715,696,702,1700
7701.T,3811,3852,3776,3833,1060200
7702.T,456,459,454,456,13000
7707.T,208,210,206,208,47700
7709.T,63,63,53,54,838200
7711.T,5300,5410,5060,5150,113800
7713.T,2371,2417,2371,2387,12000
7715.T,3860,3910,3845,3880,80300
7716.T,3055,3060,3020,3060,150900
7717.T,5550,5700,5440,5670,138700
7719.T,522,534,500,504,356900
7721.T,6750,6890,6740,6800,189700
7722.T,777,785,765,775,31300
7723.T,2864,2900,2864,2883,17900
7725.T,1720,1753,1713,1750,41500
7726.T,1395,1395,1362,1390,600
7727.T,845,871,839,869,97600
7729.T,16125,16580,16000,16505,166300
7730.T,1447,1457,1447,1457,113800
7731.T,1693,1742.5,1685,1729.5,1472400
7733.T,1977.5,1988,1973,1985,2235100
7734.T,3415,3460,3405,3460,65600
7735.T,12025,12735,12010,12670,1883900
7740.T,1335,1351,1333,1341,227300
7741.T,22345,22455,22165,22390,886500
7743.T,792,793,792,792,1009000
7744.T,1960,1987,1960,1974,163100
7745.T,2812,2904,2812,2886,80400
7746.T,789,822,775,786,360600
7747.T,3250,3289,3216,3271,1134200
7749.T,2884,2916,2853,2883,2600
7751.T,4463,4489,4437,4449,1809300
7752.T,1645.5,1662.5,1636,1657,1768400
7760.T,2015,2050,2011,2037,41400
7762.T,2290,2307,2255,2286,1302600
7769.T,3825,3835,3805,3815,14400
7771.T,248,253,247,250,98000
7774.T,814,819,806,819,19000
7775.T,423,424,421,423,34700
7776.T,223,226,220,220,88200
7777.T,404,438,404,433,5262800
7779.T,229,231,225,225,526500
7780.T,1726,1742,1720,1730,197900
7781.T,873,880,871,876,11900
7782.T,492,492,485,490,3000
7791.T,833,833,826,831,3400
7792.T,1482,1487,1474,1474,13800
7793.T,1490,1531,1490,1528,3500
7794.T,963,963,936,945,199600
7795.T,215,220,215,218,48900
7800.T,985,985,960,968,6000
7803.T,476,489,471,486,1827500
7804.T,2399,2399,2381,2384,1900
7805.T,714,720,714,716,4100
7806.T,7920,7920,7400,7480,234800
7807.T,849,863,842,847,6300
7808.T,2730,2730,2698,2698,8500
7809.T,1323,1327,1323,1327,2900
7810.T,151,152,150,150,208100
7811.T,2197,2274,2181,2250,83700
7812.T,2114,2120,2103,2120,2100
7813.T,905,914,896,914,2100
7814.T,599,600,599,599,2000
7815.T,339,340,320,337,6300
7818.T,1200,1221,1196,1221,174900
7819.T,1001,1036,986,986,66500
7820.T,701,704,701,703,22100
7821.T,1970,2005,1965,1980,117400
7822.T,260,260,258,258,39600
7823.T,828,833,820,821,68100
7826.T,10190,10660,10080,10660,370900
7827.T,1709,1748,1708,1746,11800
7831.T,66,66,65,66,6200
7832.T,5572,5580,5437,5463,1919400
7833.T,671,683,671,683,3500
7836.T,74,75,73,74,283500
7837.T,339,348,339,346,1100
7839.T,2059,2072,2046,2071,120600
7840.T,1309,1313,1298,1303,15200
7841.T,1080,1094,1073,1089,8400
7844.T,529,534,528,532,143500
7846.T,2111.5,2134.5,2108,2116.5,308000
7847.T,633,639,630,639,1700
7849.T,2986,3075,2986,3000,2100
7850.T,792,793,792,792,3500
7856.T,2023,2040,2022,2022,51600
7857.T,1275,1290,1275,1290,300
7859.T,290,293,285,287,76200
7860.T,1274,1284,1274,1275,78200
7863.T,930,933,930,932,7700
7864.T,3330,3350,3290,3335,97800
7865.T,333,333,331,332,2300
7867.T,3910,3917,3852,3878,730600
7868.T,527,537,522,530,183800
7871.T,997,1000,994,994,4000
7872.T,617,618,616,616,900
7874.T,963,969,962,962,38100
7875.T,810,811,796,801,12700
7877.T,2168,2185,2167,2185,1300
7878.T,1155,1159,1123,1150,15500
7879.T,669,674,669,673,6400
7883.T,399,399,398,399,2600
7885.T,1144,1157,1136,1144,9700
7886.T,590,590,590,590,400
7887.T,1573,1579,1563,1566,2700
7888.T,878,887,877,878,50400
7893.T,1093,1104,1093,1103,30400
7896.T,501,507,501,507,2200
7897.T,105,107,105,106,91000
7898.T,909,922,907,920,4500
7901.T,778,780,771,775,5100
7902.T,1089,1089,1089,1089,500
7906.T,2337,2375,2284,2309,432000
7908.T,240,241,239,239,111100
7911.T,4620,4701,4617,4661,1107700
7912.T,2980,3012,2971,2998.5,1173200
7914.T,1760,1770,1756,1757,39700
7915.T,1195,1210,1195,1206,258200
7916.T,1910,1910,1903,1905,1300
7917.T,1246,1249,1239,1246,65200
7918.T,106,107,106,106,12300
7919.T,225,227,223,225,10200
7921.T,4115,4145,4110,4135,8000
7927.T,2334,2357,2334,2352,12000
7928.T,614,618,614,614,1800
7931.T,3670,3735,3660,3705,23100
7932.T,11520,11580,11470,11490,7500
7936.T,4049,4086,3997,4013,4311800
7937.T,2530,2561,2530,2547,8400
7938.T,2102,2103,2101,2102,2000
7939.T,603,603,601,601,500
7942.T,2912,2958,2912,2950,39000
7943.T,3030,3055,3005,3005,33900
7944.T,3725,3740,3700,3725,35700
7946.T,374,375,373,373,1900
7947.T,2830,2878,2821,2843,173500
7949.T,2828,2850,2822,2831,35400
7951.T,1250,1264.5,1246,1259.5,1677100
7952.T,3255,3340,3255,3325,11100
7953.T,400,400,398,399,2200
7955.T,953,960,948,956,23700
7956.T,1950,1972,1940.5,1956,836400
7957.T,2575,2578,2560,2560,1800
7962.T,793,795,790,795,13700
7963.T,1825,1825,1797,1800,4800
7965.T,1465,1473,1452,1457,83600
7966.T,5350,5570,5340,5540,1216200
7970.T,2200,2267,2192,2263,93300
7971.T,697,702,692,692,74000
7972.T,2482,2500,2474,2482,103400
7974.T,8104,8217,8080,8126,4574300
7975.T,1157,1158,1153,1153,1600
7976.T,3225,3275,3225,3255,49300
7979.T,2223,2234,2217,2219,48700
7980.T,883,887,867,873,25200
7981.T,3100,3120,3065,3085,72000
7983.T,1183,1198,1183,1187,800
7984.T,904.9,905,893.3,897.8,481100
7986.T,1915,1919,1915,1919,1100
7987.T,562,568,562,566,27500
7988.T,4888,4950,4888,4934,188100
7989.T,2675,2694,2673,2691,17200
7990.T,2393,2430,2393,2424,47800
7991.T,1061,1064,1061,1064,2900
7992.T,104,104,102,102,18800
7994.T,2358,2370,2349,2349,144600
7995.T,6420,6530,6420,6490,26500
7997.T,1087,1087,1083,1083,1600
8001.T,2345,2367.5,2316.5,2322.5,15843700
8002.T,5022,5059,4988,4988,3983600
8005.T,1768,1777,1765,1769,134900
8006.T,1492,1493,1464,1479,4200
8007.T,800,805,800,805,55700
8008.T,2096,2112,2092,2092,43000
8011.T,1383,1383,1343,1350,108200
8012.T,1139,1159,1136.5,1155,642700
8013.T,369,371,368,369,4700
8014.T,4195,4250,4195,4235,12900
8015.T,7421,7490,7367,7386,1726300
8016.T,714,718,713,716,402000
8018.T,853,863,853,858,22200
8020.T,2298,2332.5,2272.5,2306.5,466100
8022.T,4005,4005,3940,3945,157800
8023.T,1041,1054,1040,1040,13800
8025.T,1307,1328,1306,1306,500
8029.T,2661,2678,2661,2678,7400
8030.T,3900,3920,3900,3910,1400
8031.T,5143,5244,5135,5174,5838500
8032.T,1265,1276,1260,1263,196100
8035.T,50550,51700,50040,51690,2036500
8037.T,4850,4940,4805,4915,80700
8039.T,3460,3460,3445,3460,600
8040.T,1049,1050,1040,1050,600
8041.T,4630,4650,4615,4640,2000
8043.T,1539,1556,1539,1545,162800
8045.T,2033,2033,2030,2030,400
8046.T,970,981,967,980,36600
8050.T,9360,9590,9230,9520,372600
8051.T,1994,2017,1988,2005,134200
8052.T,2927,2962,2927,2932,44100
8053.T,1803,1809,1775,1786,6261600
8056.T,4905,4919,4793,4793,388700
8057.T,2246,2269,2230,2264,163500
8058.T,4963,5009,4929,4944,6513200
8059.T,3625,3660,3610,3635,64500
8060.T,3696,3741,3696,3701,164200
8061.T,2999,3010,2969,2985,84000
8065.T,3050,3095,3015,3055,179100
8066.T,3595,3645,3545,3620,15900
8070.T,1010,1019,1007,1012,83200
8074.T,6430,6530,6400,6400,24600
8075.T,3130,3155,3125,3155,37400
8076.T,2111,2150,2111,2149,4300
8077.T,212,212,210,211,6400
8078.T,1926,1931,1902,1904,309600
8079.T,4465,4490,4450,4460,20900
8081.T,2558,2606,2555,2600,50100
8084.T,4750,4830,4750,4795,30500
8085.T,4225,4240,4150,4200,1400
8086.T,1446,1464,1442,1464,827700
8088.T,2122,2140.5,2107.5,2115,476900
8089.T,1975,1995,1971,1981,2700
8091.T,2377,2395,2368,2380,13800
8093.T,1776,1796,1776,1788,33000
8095.T,517,520,514,519,53400
8097.T,2441,2491,2440,2491,149800
8098.T,4455,4520,4455,4520,84000
8101.T,2618,2638,2618,2623,22400
8103.T,988,997,988,994,134700
8104.T,720,720,713,714,4600
8105.T,74,76,73,74,865100
8107.T,30,31,30,31,729800
8111.T,2134.5,2151,2126,2129.5,355100
8113.T,958.8,964.8,952,955,3073200
8115.T,1326,1334,1310,1334,1700
8117.T,2137,2187,2133,2157,1267300
8118.T,1173,1180,1173,1180,200
8119.T,791,792,790,790,600
8123.T,1375,1390,1370,1390,600
8125.T,1978,1993,1960,1966,132900
8127.T,526,529,520,520,10800
8129.T,4000,4039,3989,3989,104500
8130.T,3210,3210,3185,3205,89000
8131.T,2609,2720,2606,2645,62500
8132.T,7270,7440,7270,7440,5000
8133.T,2330,2382,2321,2355,98300
8135.T,429,430,429,429,23800
8136.T,1195.5,1203,1175,1191,19644100
8137.T,4445,4555,4445,4530,54600
8138.T,4105,4115,4105,4105,1200
8139.T,2224,2236,2224,2236,200
8141.T,1566,1567,1565,1566,25600
8142.T,1397,1402,1376,1380,78700
8143.T,161,212,158,212,1841200
8144.T,1262,1266,1262,1266,600
8147.T,1461,1461,1461,1461,0
8150.T,3245,3295,3245,3280,30100
8151.T,1830,1843,1827,1836,97400
8152.T,7130,7190,7120,7120,700
8153.T,3960,4005,3950,3960,216600
8154.T,4930,5060,4925,5050,104900
8157.T,4225,4295,4225,4270,28300
8158.T,1323,1345,1323,1334,33500
8159.T,4070,4165,4070,4135,27800
8160.T,2457,2463,2442,2442,93700
8163.T,1531,1536,1520,1520,126500
8165.T,100,101,100,100,177600
8166.T,78,79,78,78,22100
8167.T,1435,1444,1429,1442,70900
8173.T,4215,4265,4205,4245,135100
8174.T,3090,3125,3090,3095,139500
8179.T,1357,1360,1334,1337,230900
8181.T,988,991,983,985,1900
8185.T,1005,1005,993,993,60700
8194.T,2726,2736,2684,2684,224900
8198.T,3335,3345,3320,3340,12900
8200.T,2332,2332,2286,2287,74200
8202.T,147,148,147,148,54300
8203.T,753,758,753,756,24600
8207.T,301,302,301,301,28200
8214.T,1716,1724,1713,1713,115600
8217.T,800,806,800,801,45600
8218.T,3910,3940,3905,3915,57900
8219.T,763,765,755,758,703600
8225.T,3690,3690,3690,3690,0
8226.T,381,395,381,389,146000
8227.T,3216,3247,3187,3188,573200
8230.T,306,309,306,306,12100
8233.T,2102,2137.5,2100.5,2111.5,1371900
8237.T,2213,2339,2213,2297,212500
8242.T,2857,2889,2849,2870.5,261600
8244.T,1891,1907,1880,1899,27300
8247.T,320,323,320,320,1000
8252.T,2885.5,2900,2879,2889,658300
8253.T,4639,4670,4610,4643,383700
8254.T,292,300,290,294,48200
8255.T,1345,1353,1323,1330,169100
8260.T,392,392,383,384,11000
8267.T,1350,1351,1328.5,1328.5,10162200
8273.T,990,998,987,987,229900
8275.T,1008,1014,1002,1007,26900
8276.T,2745,2750,2695,2695,77700
8278.T,2075,2091,2046,2053,76800
8281.T,1123,1135,1123,1126,142500
8282.T,1888.5,1912,1883,1897.5,756600
8285.T,804,813,800,813,36200
8291.T,549,552,545,546,69700
8301.T,21500,21500,21300,21300,200
8303.T,1607,1633.5,1591.5,1592.5,2546200
8304.T,3500,3549,3496,3508,884300
8306.T,3668,3716,3654,3655,33677700
8308.T,2466,2486.5,2447.5,2447.5,7221300
8309.T,1776,1808,1774,1776,7451100
8316.T,6862,6974,6842,6842,10220100
8331.T,2729.5,2760,2708,2729.5,1755900
8334.T,2900,2936,2885,2897.5,1197000
8336.T,2827,2876,2827,2846,216500
8337.T,2663,2695,2655,2683,82100
8338.T,741,759,741,747,1423000
8341.T,4047,4111,4004,4032,670900
8343.T,9340,9700,9320,9460,157000
8344.T,4965,5190,4915,5110,194800
8345.T,2653,2770,2648,2724,389400
8346.T,1010,1035,1010,1024,1067200
8349.T,1694,1712,1676,1676,28100
8354.T,7730,7789,7688,7700,724100
8358.T,2832,2906,2832,2864,979700
8359.T,2715,2757,2686,2696.5,946000
8360.T,7270,7420,7190,7320,88300
8361.T,8280,8610,8270,8490,236400
8362.T,7640,7970,7590,7770,109900
8364.T,3115,3210,3105,3165,15300
8365.T,2317,2355,2317,2354,6100
8366.T,2845,2934,2845,2902,913600
8367.T,1979,2008,1972,1973,347100
8368.T,2437,2508,2427,2465,852500
8370.T,5180,5230,5150,5230,128000
8377.T,8210,8428,8210,8250,347500
8381.T,2584,2623,2567,2587,275300
8383.T,1940,1974,1937,1940,17500
8386.T,3080,3155,3060,3095,218900
8387.T,4140,4325,4130,4265,224000
8388.T,10110,10410,10090,10310,65100
8392.T,3045,3130,3040,3075,162900
8393.T,2700,2774,2700,2732,211300
8395.T,6650,6750,6640,6690,25300
8399.T,3315,3415,3315,3350,200400
8410.T,347,348.2,343.1,343.1,2529500
8411.T,8562,8707,8562,8566,6671500
8416.T,1108,1137,1108,1112,26300
8418.T,3237,3307,3220,3248,510700
8421.T,191700,192500,191600,191800,126
8424.T,4500,4563,4500,4520,146900
8425.T,1363,1371,1357,1363,359000
8439.T,2699.5,2724,2674.5,2679.5,696800
8473.T,3221,3252,3208,3236,4873600
8508.T,768,776,754,758,459200
8511.T,2435,2480,2435,2477,113000
8518.T,155,156,154,156,15200
8522.T,7100,7250,7090,7230,84700
8524.T,1320,1359,1320,1335,1999100
8537.T,3150,3300,3150,3235,60200
8541.T,3300,3430,3300,3360,168000
8542.T,1924,1937,1900,1911,34700
8544.T,2843,2909,2834,2856,214200
8550.T,1103,1137,1103,1128,773000
8551.T,8500,8840,8500,8770,52400
8558.T,1500,1542,1495,1525,195200
8562.T,388,395,388,388,161300
8563.T,1184,1210,1180,1191,69000
8566.T,6910,6950,6850,6850,29900
8570.T,1647.5,1664,1639,1639.5,351600
8572.T,487,492.6,487,488.2,1141500
8584.T,3735,3760,3730,3740,77800
8585.T,853,861,853,858,254400
8591.T,6209,6244,6161,6170,2747300
8593.T,1387,1397,1385,1388.5,2314900
8595.T,2263,2279.5,2261,2265,231700
8596.T,1541,1555,1534,1537,14500
8600.T,1151,1174,1151,1165,338200
8601.T,1829.5,1842,1821.5,1831,7315200
8604.T,1635,1659,1631.5,1634.5,8310000
8609.T,1218,1250,1218,1244,373800
8613.T,1300,1306,1291,1291,197000
8614.T,705,711,703,705,277500
8616.T,891,899,886,887,735800
8617.T,608,624,608,618,2700
8622.T,939,944,928,929,252600
8624.T,1716,1740,1668,1672,233100
8628.T,1188,1197,1178,1178,745200
8630.T,6847,6932,6815,6851,2095600
8697.T,2197.5,2221,2194.5,2211,2523500
8698.T,718,722,709,713,1507600
8699.T,1132,1140,1123,1131,50900
8700.T,2091,2141,2084,2084,1500
8704.T,1389,1403,1382,1391,48400
8705.T,224,227,223,223,92100
8706.T,1881,1892,1869,1869,139000
8707.T,4710,4800,4710,4740,78800
8708.T,1762,1800,1761,1761,121200
8713.T,2811,2879,2800,2847,86600
8714.T,1096,1113,1096,1098,711900
8715.T,1035,1038,1023,1030,153800
8725.T,5164,5223,5154,5155,4600300
8729.T,163.8,164,161.2,163.2,47625700
8737.T,614,625,614,615,42100
8739.T,2616,2638,2610,2621,110900
8742.T,614,620,611,619,3700
8746.T,107,113,104,106,193900
8747.T,2170,2239,2170,2201,6800
8750.T,1912,1924.5,1888,1895,6671000
8766.T,8098,8217,8064,8100,5566200
8769.T,518,532,512,525,49300
8771.T,1783,1798,1773,1793,101200
8772.T,892,903,892,895,4100
8783.T,51,51,46,48,1434900
8789.T,158,160,156,160,1261700
8793.T,4210,4240,4210,4240,8800
8795.T,4983,5023,4949,4974,996700
8798.T,135,137,134,137,13500
8801.T,1493,1495,1468,1473.5,10347000
8802.T,3598,3650,3595,3606,3572900
8803.T,2345,2376,2340,2355,215700
8804.T,3315,3337,3281,3281,533200
8818.T,1101,1118,1101,1110,543900
8830.T,3196,3217,3175,3193,2427400
8835.T,797,804,796,796,8400
8836.T,27,27,26,27,7400
8841.T,1006,1016,991,997,53100
8844.T,1231,1250,1231,1243,20700
8848.T,941,941,941,941,758700
8850.T,4690,4730,4685,4685,27400
8860.T,741,744,739,741,25200
8864.T,952,963,948,953,47300
8869.T,814,819,811,812,43900
8871.T,3205,3235,3195,3195,33900
8876.T,2185.5,2200,2135,2167,513000
8877.T,5200,5220,5180,5210,13600
8881.T,655,660,655,658,68200
8887.T,366,366,358,361,52300
8891.T,2007,2098,2007,2075,8200
8892.T,1115,1124,1115,1119,118300
8894.T,19,20,19,19,247400
8897.T,451,453,449,450,427100
8898.T,1141,1150,1134,1149,12000
8904.T,822,824,820,822,7600
8908.T,882,889,874,881,7000
8912.T,156,158,156,157,26400
8914.T,879,881,866,875,53500
8917.T,1081,1081,1073,1076,11900
8918.T,10,11,10,10,260298200
8919.T,3470,3510,3450,3475,100600
8920.T,700,707,693,695,37700
8923.T,1680,1684,1666,1673,81300
8927.T,485,490,485,486,107000
8928.T,2295,2312,2295,2298,4200
8929.T,1354,1368,1349,1356,28300
8931.T,1313,1321,1313,1314,2200
8934.T,2380,2394,2370,2370,101900
8935.T,1956,1990,1956,1985,31400
8938.T,336,337,327,337,1400
8944.T,247,250,247,249,20800
8945.T,1084,1090,1084,1085,2300
8946.T,75,76,74,74,125400
8951.T,121500,122400,121300,122000,17167
8952.T,114800,114900,113700,114600,12702
8953.T,111300,111700,110900,111600,9836
8954.T,96400,96600,96000,96300,9854
8955.T,94900,95200,94400,94800,4646
8956.T,127000,127600,126800,127600,2415
8957.T,184900,186000,183700,184200,1678
8958.T,111600,112100,111400,111700,4101
8960.T,155600,156600,155200,156300,4459
8961.T,71500,71500,70800,71400,2840
8963.T,61400,61900,61200,61500,65292
8964.T,76100,76600,75800,76300,5939
8966.T,130500,130800,130200,130400,1916
8967.T,91400,92300,91000,92300,8723
8968.T,174000,174500,173100,174200,1189
8972.T,146900,147300,146100,146500,6385
8975.T,93000,93600,93000,93500,2807
8976.T,305000,306000,304000,304000,1713
8977.T,135100,135100,133600,134100,1197
8979.T,186200,187000,184600,184600,605
8984.T,115200,115600,114400,114400,8363
8985.T,83800,84300,83700,84000,15618
8986.T,92600,93400,92300,93100,5337
8987.T,133600,134300,133100,133800,2337
8995.T,1905,1938,1693,1720,129500
8996.T,1100,1100,1082,1100,800
8999.T,561,567,560,564,59400
9001.T,2995.5,2999,2977,2977,415400
9003.T,2680.5,2688.5,2653,2654,289700
9005.T,1678,1681,1668,1668,1736000
9006.T,1580,1585,1565,1565,455100
9007.T,1833,1849,1830,1833.5,1017100
9008.T,805,807.4,798.9,798.9,1999100
9009.T,1380.5,1387.5,1366,1373.5,2167600
9010.T,2600,2629,2600,2629,162300
9012.T,2099,2099,2090,2090,300
9017.T,1995,1995,1986,1992,800
9020.T,3525,3548,3499,3499,2568900
9021.T,3072,3087,3046,3048,1211100
9022.T,3880,3887,3796,3796,1445900
9023.T,1547,1549,1529.5,1532,1242400
9024.T,3497,3559,3489,3551,905000
9025.T,2909,2954,2909,2938,64200
9028.T,3300,3325,3295,3320,19100
9029.T,1823,1824,1801,1801,2600
9031.T,3169,3196,3121,3127,222700
9033.T,635,635,631,632,12400
9034.T,1677,1688,1661,1667,5400
9036.T,1246,1246,1246,1246,0
9037.T,1825,1841,1823,1835,59000
9039.T,3020,3040,3005,3020,72600
9041.T,3555,3572,3544,3554,492200
9042.T,4685,4696,4616,4616,594200
9044.T,3209,3232,3185,3186,343100
9045.T,3278,3292,3232,3235,166900
9046.T,2482,2510,2477,2494,5100
9048.T,1904,1922.5,1903,1908.5,1253800
9049.T,6580,6590,6580,6590,300
9051.T,1291,1291,1290,1290,900
9052.T,2020,2025,2003,2005,46800
9057.T,3225,3250,3200,3245,900
9059.T,929,930,922,924,5800
9060.T,4150,4165,4150,4165,200
9063.T,4100,4130,4095,4110,2200
9064.T,1984.5,1999.5,1979,1986,619900
9065.T,8051,8224,8042,8156,202000
9068.T,7240,7290,7230,7260,15400
9069.T,2307.5,2334.5,2290.5,2323.5,308400
9072.T,5120,5147,5089,5136,87900
9073.T,1261,1265,1261,1265,300
9074.T,4930,4980,4825,4880,3900
9075.T,6250,6400,6250,6340,67600
9076.T,2724,2749.5,2710,2739,204700
9081.T,4080,4080,4050,4055,10500
9082.T,2181,2510,2180,2311,9200
9083.T,1984,1988,1980,1988,5000
9087.T,2155,2155,2155,2155,0
9090.T,907,912,895,903,329500
9101.T,7341,7425,7296,7374,1834600
9104.T,7029,7203,7029,7149,2380400
9107.T,3400,3491,3400,3460,3074200
9110.T,10500,10500,10480,10490,90200
9115.T,1125,1166,1096,1116,334900
9119.T,1750,1791,1748,1771,261600
9127.T,3625,3790,3615,3645,9400
9130.T,1838,2099,1806,2007,1799100
9142.T,3550,3562,3530,3540,463600
9143.T,1496.5,1504,1491,1502.5,883800
9145.T,580,585,574,584,16400
9147.T,5500,5535,5477,5497,825700
9158.T,776,809,769,803,65600
9159.T,1941,1949,1941,1941,4200
9160.T,335,338,332,334,47000
9162.T,228,230,227,229,6600
9163.T,2399,2409,2379,2379,12000
9165.T,1772,1782,1766,1766,2400
9166.T,672,672,644,655,2056100
9168.T,427,428,420,423,48400
9171.T,1465,1528,1461,1528,8200
9173.T,2810,2811,2807,2807,1000
9193.T,892,892,885,887,5300
9201.T,3034,3039,3001,3004,1849300
92015.T,10110,10120,10110,10120,2100
9202.T,2999,3000,2936.5,2943.5,2769100
92025.T,4782,4782,4750,4750,16000
9204.T,426,430,422,425,32100
9206.T,1951,1951,1924,1945,3600
9211.T,1488,1530,1482,1516,61400
9212.T,283,291,278,288,515800
9213.T,1002,1039,1002,1037,1600
9214.T,1295,1295,1290,1295,3300
9215.T,987,989,974,974,3800
9216.T,1657,1678,1656,1669,13000
9218.T,794,795,789,794,10000
9219.T,887,892,886,887,2500
9220.T,1300,1305,1227,1260,11400
9221.T,1190,1194,1185,1188,27200
9222.T,50,50,50,50,0
9223.T,361,365,356,361,64200
9225.T,972,974,959,959,3700
9227.T,820,827,810,811,114000
9229.T,113,116,111,115,93200
9233.T,1154,1157,1151,1153,5900
9235.T,410,410,398,398,44700
9236.T,1320,1433,1320,1381,19100
9237.T,801,884,785,846,150200
9238.T,370,371,367,368,5900
9240.T,392,392,380,387,49700
9241.T,1251,1255,1250,1255,400
9242.T,1952,1993,1952,1993,3900
9243.T,480,480,480,480,0
9244.T,1418,1421,1405,1405,3000
9245.T,1953,1973,1953,1964,3700
9246.T,1130,1130,1120,1129,1500
9247.T,1816,1823,1793,1796,185500
9248.T,1694,1705,1680,1681,19000
9249.T,1618,1642,1618,1631,5100
9250.T,1001,1030,1001,1025,600
9251.T,1618,1650,1616,1626,69400
9252.T,4135,4185,4095,4095,6400
9253.T,743,743,743,743,0
9254.T,1100,1101,1096,1097,1600
9256.T,1003,1015,989,1012,13200
9257.T,510,510,509,510,1100
9258.T,285,290,285,290,2500
9259.T,854,859,851,857,2300
9262.T,673,683,673,679,9700
9264.T,1605,1610,1598,1603,6100
9265.T,3620,3620,3620,3620,0
9267.T,3465,3500,3415,3440,84000
9268.T,399,405,399,402,110100
9270.T,2012,2026,1993,1993,29300
9271.T,945,945,922,929,5300
9272.T,1436,1438,1425,1425,3300
9273.T,750,757,744,746,28600
9274.T,1113,1138,1108,1131,424500
9278.T,2650,2665,2598,2627,102700
9279.T,2100,2115,2009,2014,490300
9282.T,31500,31700,30550,31700,627
9284.T,76700,76800,76200,76300,607
9285.T,40100,40100,39800,39800,127
9286.T,45250,45350,45000,45350,777
9301.T,1536.5,1549,1524,1543.5,1298700
9302.T,3365,3398,3353,3397,153600
9303.T,4145,4205,4140,4180,73900
9304.T,2128,2139,2102,2122,87100
9305.T,2100,2120,2100,2103,32300
9306.T,1995,2013,1995,1995,1700
9307.T,929,934,922,931,2900
9308.T,2166,2237,2153,2232,325000
9310.T,1396,1411,1395,1403,59400
9311.T,7840,7980,7830,7830,600
9312.T,2851,2865,2838,2844,3700
9313.T,1046,1058,1046,1058,1000
9319.T,1810,1829,1810,1829,20300
9322.T,2459,2483,2450,2476,4900
9324.T,2688,2716,2678,2682,31100
9325.T,1050,1071,1050,1059,8700
9326.T,479,479,474,477,7000
9327.T,188,189,188,189,1100
9330.T,890,894,890,890,1600
9331.T,707,707,707,707,200
9332.T,670,676,670,674,39700
9335.T,1406,1406,1406,1406,0
9336.T,3820,3850,3720,3760,106100
9337.T,1440,1446,1425,1436,2400
9339.T,1433,1433,1429,1429,800
9340.T,805,822,805,822,11700
9341.T,614,620,613,618,51400
9342.T,965,980,949,980,1200
9343.T,792,793,784,785,18200
9344.T,1298,1311,1291,1310,7500
9345.T,593,598,591,592,2200
9346.T,1828,1840,1821,1840,2300
9347.T,2965,2980,2948,2949,120800
9348.T,406,411,406,410,300100
9351.T,1925,1925,1920,1925,1200
9353.T,3010,3010,3000,3000,400
9355.T,2176,2205,2176,2205,500
9360.T,2775,2777,2758,2758,1100
9361.T,2025,2025,2025,2025,0
9362.T,3710,3710,3710,3710,100
9363.T,537,538,531,535,2400
9364.T,4871,4937,4870,4937,245000
9365.T,1632,1632,1632,1632,100
9366.T,1143,1180,1143,1169,17200
9367.T,2026,2037,2010,2010,1700
9368.T,965,966,931,957,57100
9369.T,2939,3035,2939,2998,22600
9376.T,846,846,840,845,5100
9380.T,436,438,436,436,9500
9381.T,2343,2350,2338,2348,7900
9385.T,753,753,749,750,5100
9399.T,13,14,13,13,288251
9401.T,5880,5912,5839,5858,308500
9404.T,3006,3051,2991.5,3018,550900
9405.T,882,882,871,875,51900
9408.T,2622,2622,2608,2608,300
9409.T,3180,3195,3155,3170,140500
9412.T,1954,2006,1948,1992,1411300
9413.T,3435,3450,3420,3435,44900
9414.T,977,1014,961,983,676700
9416.T,1074,1075,1067,1071,187000
9417.T,330,330,321,326,5800
9418.T,1775,1784,1757,1759,307400
9419.T,300,304,296,299,19700
9421.T,518,518,518,518,1000
9423.T,105,106,104,105,106600
9424.T,121,121,119,121,2251500
9425.T,246,247,220,236,1076200
9428.T,1499,1499,1483,1487,300
9432.T,177.8,179.1,176.2,177.1,152906500
9433.T,3098,3099,3057,3079,7912800
9434.T,252.4,252.6,246.8,248.8,65775400
94345.T,3800,3810,3800,3810,2500
94346.T,7577,7577,7560,7560,6800
9435.T,38040,38340,37950,38080,35400
9436.T,4385,4415,4345,4415,132700
9438.T,600,612,599,604,29200
9439.T,218,219,218,219,8300
9441.T,2966,3015,2966,2988,3500
9444.T,258,263,252,252,14500
9445.T,546,553,544,552,7100
9446.T,689,689,687,688,1600
9449.T,3976,4000,3940,3972,257600
9450.T,779,780,769,770,16300
9466.T,241,241,240,240,500
9467.T,1112,1112,1084,1109,117100
9468.T,3698,3723,3616,3636,313800
9470.T,1064,1072,1060,1061,249600
9474.T,922,928,920,920,111400
9475.T,539,543,539,543,1700
9476.T,999,999,999,999,100
9478.T,517,518,511,511,6800
9501.T,534,552.9,533.8,544,33670300
9502.T,2911,2972.5,2902,2931,2186300
9503.T,2944,2982.5,2930,2931.5,3308200
9504.T,1092,1110,1091,1095,1855000
9505.T,1120,1151,1120,1138,962000
9506.T,1416,1443.5,1414.5,1426,4098000
9507.T,2198.5,2257,2198.5,2228.5,1305700
9508.T,2118,2177,2115,2141,1995300
9509.T,1134.5,1155,1134.5,1146.5,1810500
9511.T,1194,1226,1194,1214,319100
9513.T,4200,4266,4195,4205,367800
9514.T,337,344,337,344,117800
9517.T,848,857,846,849,107300
9519.T,872,888,872,881,556200
9531.T,6358,6510,6358,6424,753000
9532.T,6164,6259,6141,6183,835400
9533.T,1311.5,1348.5,1310,1322,813800
9534.T,939,953,934,945,330800
9535.T,444,453,444,446,94200
9536.T,2616,2678,2608,2638,263400
9537.T,4310,4310,4290,4290,500
9539.T,1342,1345,1289,1334,5700
9543.T,1380,1407,1380,1386,113000
9551.T,3060,3115,3060,3095,60300
9552.T,1050,1069,1046,1059,154700
9553.T,628,634,626,630,55600
9554.T,1718,1720,1672,1680,21500
9556.T,2202,2245,2140,2154,74000
9557.T,255,257,251,256,11200
9558.T,1988,1988,1976,1985,1400
9560.T,897,897,883,886,13400
9561.T,430,430,417,422,5800
9562.T,653,694,653,668,7100
9563.T,343,355,335,335,124800
9564.T,566,568,559,564,22900
9565.T,644,645,642,642,1700
9601.T,10940,11040,10900,10970,31700
9602.T,1633,1636,1590.5,1592,2125600
9603.T,1163,1165,1133,1135,348600
9605.T,6140,6140,6040,6070,44000
9610.T,107,109,106,107,98600
9612.T,1214,1223,1214,1220,27000
9616.T,3149,3163,3120,3159,558700
9619.T,2690,2742,2690,2727,21700
9621.T,3250,3300,3245,3265,50500
9622.T,1407,1416,1406,1413,30500
9625.T,939,939,932,938,1500
9627.T,5754,5754,5592,5606,205400
9628.T,1324,1337,1323,1327,57900
9629.T,1588,1600,1581,1587,13600
9632.T,3510,3555,3510,3530,8500
9633.T,1900,1905,1900,1903,2800
9635.T,2596,2596,2596,2596,0
9636.T,4205,4210,4205,4210,200
9639.T,2357,2369,2341,2357,3900
9640.T,1983,1992,1962,1992,600
9644.T,755,755,751,754,36000
9647.T,6730,6730,6730,6730,300
9651.T,1926,1943,1902,1902,13800
9656.T,599,599,597,597,2900
9658.T,1101,1111,1095,1095,72400
9661.T,4185,4205,4170,4180,8300
9663.T,5020,5060,4990,4995,17700
9672.T,4935,4960,4910,4915,39600
9678.T,5300,5390,5270,5350,64800
9679.T,2300,2320,2299,2299,300
9682.T,1110,1112,1097,1097,375000
9684.T,2960.5,3001,2935.5,2938.5,1228800
9685.T,560,570,559,566,4800
9686.T,1715,1744,1701,1703,1500
9687.T,4575,4575,4520,4520,1500
9691.T,5160,5160,5160,5160,0
9692.T,2199,2217,2186,2200,144000
9697.T,4370,4378,4303,4345,2130400
9698.T,1302,1302,1266,1266,1700
9699.T,4625,4680,4625,4670,45700
9701.T,4420,4450,4405,4440,1100
9702.T,2460,2478,2456,2478,12800
9704.T,27,28,27,28,189500
9706.T,5480,5494,5427,5456,635800
9708.T,945,949,943,946,55400
9709.T,1205,1225,1200,1200,5700
9713.T,920,923,915,916,4200
9715.T,3595,3605,3555,3600,154900
9716.T,1235,1243,1230,1235,261600
9720.T,6440,6440,6440,6440,100
9722.T,2670,2721,2642,2685,370900
9723.T,631,636,629,629,10100
9726.T,1912,1967,1906,1961,29300
9729.T,2546,2585,2546,2558,11600
9731.T,3375,3375,3375,3375,500
9733.T,2302,2322,2302,2302,9900
9735.T,6429,6433,6374,6395,892000
9739.T,2649,2678,2644,2664,22000
9740.T,2636,2692,2636,2678,12400
9742.T,2126,2129,2110,2121,17700
9743.T,1464,1477,1455,1460,260500
9744.T,3399,3429,3393,3429,410100
9746.T,4145,4150,4090,4105,59100
9753.T,1420,1442,1393,1442,8400
9755.T,2845,2861,2845,2856,35700
9757.T,1188,1192,1183,1184,131200
9759.T,2896.5,2905.5,2861.5,2867,213200
9760.T,119,119,115,116,108800
9761.T,2464,2464,2439,2455,2300
9763.T,1298,1319,1298,1308,11500
9765.T,1177,1189,1177,1185,16500
9766.T,21400,21405,20570,20675,416900
9767.T,1642,1650,1637,1640,2500
9768.T,3755,3785,3755,3755,2700
9769.T,2590,2598,2585,2591,6900
9778.T,5500,5500,5500,5500,100
9780.T,1110,1130,1100,1130,3500
9782.T,3495,3515,3470,3485,26500
9788.T,517,519,516,517,23600
9790.T,3015,3035,2978,3005,19700
9791.T,1181,1181,1181,1181,100
9793.T,3710,3745,3705,3745,112100
9795.T,2303,2303,2288,2289,18800
9799.T,941,945,941,942,700
9812.T,234,238,234,235,17200
9816.T,251,260,251,260,12900
9818.T,1554,1554,1542,1553,600
9820.T,3720,3720,3720,3720,0
9823.T,1005,1009,1002,1005,53900
9824.T,7640,7900,7560,7860,45300
9827.T,632,632,628,630,5600
9828.T,3365,3380,3340,3345,78800
9830.T,2406,2436,2397,2409,62900
9831.T,714,723.7,713.6,718.4,3460700
9832.T,1605,1620,1602,1602,264400
9835.T,507,509,507,508,1300
9837.T,1791,1812,1791,1792,29000
9842.T,1892,1898,1883,1885,96700
9843.T,3140,3156,3066,3080,3872000
9845.T,1350,1370,1350,1361,5100
9846.T,982,982,980,981,1800
9849.T,4520,4525,4500,4500,400
9850.T,995,997,993,995,31100
9853.T,910,910,908,908,3100
9854.T,283,284,281,283,25000
9856.T,1230,1239,1229,1235,32400
9857.T,2581,2602,2581,2602,1400
9861.T,3817,3818,3760,3761,271700
9867.T,10690,10690,10690,10690,0
9869.T,6750,6820,6750,6810,23000
9872.T,948,958,943,952,3500
9876.T,218,218,216,216,10300
9878.T,416,416,410,415,16000
9880.T,3320,3410,3320,3410,99800
9882.T,1761,1772,1754,1757,159300
9885.T,333,333,333,333,500
9887.T,5300,5300,5200,5200,48200
9888.T,1242,1261,1236,1242,59800
9889.T,1716,1727,1692,1694,206700
9890.T,1461,1477,1461,1468,3000
9895.T,1280,1280,1280,1280,200
9896.T,1380,1397,1380,1392,10400
9900.T,1141,1145,1115,1115,274500
9902.T,3190,3230,3190,3190,54900
9903.T,881,888,881,888,500
9904.T,242,243,241,241,11600
9906.T,4135,4205,4070,4070,6000
9908.T,2886,2910,2878,2893,9500
9913.T,3655,3655,3655,3655,100
9928.T,2048,2079,2048,2065,33800
9929.T,473,473,473,473,100
9930.T,402,403,399,402,6000
9932.T,1302,1313,1298,1306,16400
9934.T,3085,3112,3067,3093,146400
9936.T,2950,2965,2930,2931,384300
9941.T,1168,1193,1168,1176,3600
9946.T,1784,1788,1768,1771,54000
9948.T,3755,3795,3725,3725,79600
9950.T,3425,3425,3405,3425,9400
9955.T,2805,2805,2800,2800,3800
9956.T,3435,3445,3375,3375,187500
9959.T,940,951,940,950,15400
9960.T,4110,4165,4085,4135,128900
9962.T,3518,3655,3517,3599,1586100
9969.T,235,237,235,236,3700
9972.T,274,274,272,272,3600
9973.T,20,21,20,20,507700
9974.T,7050,7110,6890,6910,23200
9976.T,1113,1129,1113,1124,8500
9978.T,44,45,44,44,24100
9979.T,1041,1049,1041,1047,50000
9980.T,94,95,93,94,107000
9982.T,2668,2693,2602,2603,4100
9983.T,66620,67380,65990,67030,865300
9984.T,6277,6279,5962,6183,67198800
9986.T,2500,2500,2495,2496,900
9987.T,5243,5266,5223,5223,110700
9989.T,3719,3731,3695,3695,279200
9990.T,752,754,751,753,20100
9991.T,1781,1804,1781,1796,29400
9993.T,1155,1155,1154,1155,2600
9994.T,2065,2065,2045,2051,2600
