symbol,open,high,low,close,volume
1301.T,4710,4725,4660,4665,36400
1305.T,4280,4280,4240,4258,72330
1306.T,423.1,423.3,419.6,421.3,13404630
1308.T,4171,4181,4143,4155,589758
1309.T,53500,53500,53490,53490,14
130A.T,425,434,420,434,8300
1311.T,2132,2132,2106,2118,31310
1319.T,748,748,748,748,0
131A.T,1737,1737,1737,1737,0
1320.T,65060,66130,64950,65660,16136
1321.T,65270,66360,65150,65840,204223
1322.T,11450,11450,11200,11220,60
1325.T,291.8,292.5,290.3,291.7,6250
1326.T,60730,61200,60690,60860,6632
1328.T,15655,15770,15635,15675,15658
1329.T,6530,6639,6518,6575,395298
132A.T,220,220,220,220,0
1330.T,65380,66410,65280,65800,19576
1332.T,1210,1212,1185.5,1189.5,1008000
1333.T,1305,1309,1283.5,1285,370400
133A.T,1050,1052,1049,1052,51484
1343.T,1897.5,1898,1887,1895,836820
1345.T,1767,1782,1764,1773,25386
1346.T,65270,66340,65150,65800,13076
1348.T,4210,4215,4177,4189,191429
1349.T,17195,17195,17195,17195,5
134A.T,1500,1500,1500,1500,0
1356.T,107.2,108.9,107,108.2,2729560
1357.T,3004,3016,2909,2958,7514912
1358.T,119450,123600,119200,121800,6240
135A.T,4625,4695,4480,4570,95600
1360.T,73.7,74,71.4,72.5,142491920
1364.T,3735,3735,3697,3711,1630
1365.T,3870,4000,3859,3928,313175
1366.T,75,77,73,74,869084
1367.T,3029,3029,2974,2994,38896
1368.T,156,159,155,157,10464
1369.T,63420,64250,63330,63970,4314
1375.T,1173,1176,1170,1172,26700
1376.T,1584,1588,1563,1585,20000
1377.T,4385,4405,4355,4375,86000
1379.T,2090,2098,2073,2094,44000
137A.T,697,722,697,722,600
1380.T,999,1000,999,1000,400
1381.T,3600,3610,3530,3575,3500
1382.T,885,890,885,890,600
1383.T,3005,3005,2991,3005,1200
1384.T,2185,2190,2166,2184,4400
138A.T,3090,3090,3075,3075,1400
1397.T,63770,64630,63770,64260,165
1398.T,1785.5,1797,1784,1789.5,224150
1399.T,3243,3243,3203,3219,2107
139A.T,3350,3350,3350,3350,0
1401.T,1305,1335,1305,1335,600
1407.T,2228,2241,2160,2190,401000
140A.T,2056,2062,2056,2062,3
1414.T,1266,1267.5,1259,1264,753400
1417.T,3542,3542,3497,3507,183100
1418.T,583,587,583,586,24300
1419.T,2922,2929,2896,2896,69800
141A.T,3950,4000,3910,3960,283900
1420.T,631,632,630,630,5800
1429.T,790,792,787,790,46400
142A.T,842,842,829,829,3500
1430.T,1016,1056,1015,1053,79700
1431.T,655,657,654,654,9300
1433.T,1202,1206,1150,1194,203700
1434.T,1588,1618,1588,1594,15200
1435.T,176,179,175,175,238600
1436.T,1755,1793,1725,1757,41200
1438.T,2265,2265,2245,2245,29100
143A.T,720,734,720,730,1600
1443.T,276,276,271,273,18000
1444.T,2671,2750,2671,2708,2000
1446.T,540,540,538,539,2500
1447.T,348,353,342,343,48100
144A.T,450,450,450,450,0
1450.T,1461,1474,1461,1474,800
1456.T,1318,1320,1297,1307,40514
1457.T,1776,1792,1776,1786,2860
1458.T,74920,77390,74640,76020,104576
1459.T,121,122,117,120,3717244
145A.T,879,890,879,889,1500
1466.T,202,203,201,203,257
1469.T,187.8,190,187.8,189,81390
146A.T,3570,3635,3530,3575,45600
1472.T,79,79,77,78,151
1473.T,4137,4137,4101,4118,3600
1474.T,36730,36730,36730,36730,2
1475.T,416.5,416.7,412.9,415.1,1918170
1476.T,1820,1820,1808,1814,75731
1477.T,3373,3374,3344,3344,10193
1478.T,5432,5432,5351,5382,22904
1479.T,49500,49500,49500,49500,0
147A.T,985,990,975,984,73300
1480.T,39360,39360,39360,39360,57
1481.T,3928,3928,3897,3897,3
1482.T,1509,1510,1504,1504,48269
1483.T,3900,3900,3873,3873,3
1484.T,3933,3933,3863,3866,4290
1485.T,53550,53550,53550,53550,0
1486.T,22555,22565,22515,22555,9310
1487.T,11545,11545,11510,11515,166
1488.T,1802,1806,1794,1806,47777
1489.T,3571,3573,3530,3542,421362
148A.T,1682,1702,1682,1700,3000
1490.T,7970,7970,7970,7970,0
1491.T,696,737,694,737,39000
1493.T,25370,25410,25335,25410,44
1494.T,44040,44040,43400,43400,286
1495.T,10990,10990,10840,10860,457
1496.T,1607,1608,1600,1606,31541
1497.T,1721,1722,1718,1719,3337
1498.T,32200,32200,32120,32120,7
1499.T,9258,9440,9258,9439,141
149A.T,796,806,796,805,3300
150A.T,783,798,763,790,110700
1514.T,629,645,623,637,248600
1515.T,3260,3370,3250,3335,360600
1518.T,2231,2235,2217,2223,236200
151A.T,626,630,622,625,5800
152A.T,1186,1186,1186,1186,0
153A.T,1689,1740,1639,1658,179200
1540.T,19850,20030,19815,19890,126770
1541.T,7901,8010,7860,7950,17384
1542.T,28125,28400,27980,28250,39002
1543.T,57330,57800,56870,57740,153
1545.T,227,227.9,226.4,227.2,1092160
1546.T,78690,78880,78480,78480,174
1547.T,12805,12840,12775,12825,10636
154A.T,6610,6610,6610,6610,0
1550.T,7842,7875,7836,7836,1436
1551.T,7255,7255,7110,7110,60
1554.T,6619,6630,6586,6604,3271
1555.T,2236,2245,2211,2217,887
1557.T,117550,118100,117550,118000,662
1559.T,4670,4699,4670,4686,176
155A.T,826,854,826,844,58400
1560.T,6168,6192,6164,6189,155
1563.T,2443,2443,2405,2422,19089
1566.T,51500,51640,51370,51640,218
1568.T,977.3,980.3,962.8,970,2015820
1569.T,743,748.4,742.9,745.8,43840
156A.T,862,873,862,867,14900
1570.T,62720,64820,62680,63670,2393463
1571.T,310,311,304,307,755634
1572.T,6583,6592,6580,6592,70
1573.T,8169,8225,8157,8219,240
1577.T,60410,60410,59450,59720,2863
1578.T,5038,5120,5036,5070,3557
1579.T,679.4,700.2,675.3,688.7,13946960
157A.T,721,747,721,747,9400
1580.T,822.3,822.5,808.3,816,627570
1585.T,2608,2608,2608,2608,0
1586.T,3035,3043,3035,3035,102
158A.T,2227,2227,2227,2227,0
1591.T,36820,36820,36280,36430,787
1592.T,3367,3374,3324,3341,850
1593.T,37680,37680,37200,37300,2187
1595.T,1812,1812,1797,1800,27081
1596.T,3000,3000,3000,3000,0
1597.T,1798,1801,1786,1790,131353
1599.T,36980,37030,36970,37030,35
159A.T,734.9,734.9,723.9,728.2,5300
1605.T,3932,3967,3920,3936,3860300
160A.T,1944,1960,1938,1949,5700
1615.T,782,782.9,762.2,767.9,3607370
1617.T,47820,47870,47240,47420,305
1618.T,36750,37400,36720,36910,1420
1619.T,43830,44130,43730,43910,140
161A.T,1125,1125,1125,1125,0
1620.T,35860,35860,35430,35490,47
1621.T,30060,30240,29935,30070,1245
1622.T,34350,34350,34000,34000,70
1623.T,60430,61710,60210,60850,906
1624.T,79990,80820,79310,80350,352
1625.T,60710,61710,60500,61120,313
1626.T,49180,49520,48900,49510,209
1627.T,12715,12895,12715,12800,4510
1628.T,22345,22385,22100,22100,235
1629.T,283.4,283.4,276.1,276.5,359500
162A.T,16110,16335,16110,16240,980
1630.T,36900,36900,36360,36450,791
1631.T,42300,42300,41250,41760,4403
1632.T,44070,44180,43370,43610,678
1633.T,49040,49040,47810,47890,1723
163A.T,17580,18300,17520,18135,5153
164A.T,1980,1980,1980,1980,0
1651.T,3341,3341,3296,3333,15049
1652.T,4935,4997,4935,4997,40
1653.T,5105,5113,5105,5111,140
1654.T,3340,3340,3340,3340,0
1655.T,848.2,850.4,846.3,847.5,824870
1656.T,294.9,296,294.9,295.9,267700
1657.T,7048,7061,7030,7030,2326
1658.T,4207,4230,4196,4199,11997
1659.T,3677,3683,3669,3681,3396
1660.T,10305,10350,10300,10340,3087
1662.T,1914,1931,1905,1910,820200
1663.T,1922,1943,1912,1932,185400
166A.T,1072,1073,1061,1069,164200
1671.T,6149,6238,6146,6230,233873
1673.T,8959,8959,8830,8857,1770
1674.T,25450,25450,24480,24820,186
1675.T,18010,18235,18010,18210,63
1676.T,41140,41820,40460,41450,13
1677.T,57250,57610,57250,57500,80
1678.T,292.1,293.7,290.6,290.9,288050
1679.T,64800,64800,64800,64800,20
167A.T,3200,3270,3190,3245,146400
1680.T,8084,8084,8035,8035,1776
1681.T,3280,3291,3261,3269,1134
1684.T,2695,2695,2695,2695,0
1686.T,3094,3094,3094,3094,40
1689.T,716,720,714,720,27072
168A.T,1060,1063,1040,1050,20300
1690.T,2689.5,2712.5,2672,2707,530
1691.T,16370,16400,15800,16235,39
1692.T,677,677,664,669,1000
1693.T,8396,8432,8381,8406,7880
1694.T,2175,2175,2175,2175,0
1695.T,3481,3501,3475,3490,2840
1698.T,4405,4405,4346,4360,62557
1699.T,700.6,710.5,700.6,708.8,336890
170A.T,3098,3098,3074,3080,44
1711.T,245,248,245,246,19400
1716.T,1367,1373,1365,1368,11000
1717.T,936,950,935,940,15300
1718.T,7090,7090,7090,7090,0
1719.T,1881.5,1888,1867.5,1868,681900
171A.T,2167,2167,2167,2167,0
1720.T,1205,1211,1194,1200,222800
1721.T,5460,5480,5371,5387,304800
1723.T,2485,2516,2457,2515,142200
1724.T,706,710,706,710,800
172A.T,2234,2234,2234,2234,0
1736.T,2422,2441,2421,2430,4100
173A.T,1554,1554,1509,1539,3000
1758.T,2351,2357,2351,2357,300
175A.T,624,633,624,633,1500
1762.T,4110,4120,4065,4085,25400
1764.T,2700,2700,2700,2700,400
1766.T,13290,13290,12970,13180,22900
1768.T,1022,1033,1021,1032,1200
1770.T,2187,2375,2179,2333,19900
1773.T,86,88,86,86,10000
177A.T,838,838,830,836,1100
1780.T,1487,1491,1484,1486,21500
1783.T,72,74,68,68,4459500
1786.T,351,353,347,349,303600
1787.T,5610,5690,5610,5620,300
1788.T,4155,4155,4155,4155,200
178A.T,1590,1592,1582,1585,11659
1793.T,2098,2100,2080,2090,2300
1795.T,5730,5730,5730,5730,100
1798.T,1046,1067,1046,1067,700
1799.T,3295,3335,3270,3310,5900
179A.T,235.8,236.8,235.1,235.1,40760
1801.T,12410,12440,12210,12260,651900
1802.T,3083,3088,3002,3020,2005200
1803.T,2378,2388.5,2306.5,2317.5,3977300
1807.T,1900,1900,1900,1900,100
1808.T,2766,2768,2712,2713.5,735900
180A.T,270.1,270.1,268.5,268.7,29940
1810.T,1446,1448,1439,1443,28800
1811.T,7430,7450,7430,7450,200
1812.T,4943,4955,4858,4870,1513300
1813.T,2908,2950,2894,2948,37800
1814.T,3545,3545,3510,3530,40900
1815.T,4475,4485,4435,4470,47200
181A.T,515,515,515,515,10
1820.T,5548,5572,5513,5563,155700
1822.T,833,834,828,830,166600
1826.T,1075,1077,1071,1077,3000
1827.T,1322,1345,1299,1345,9700
1828.T,2456,2479,2454,2456,7200
182A.T,467.4,467.4,464.8,464.8,780
1833.T,5690,5710,5650,5650,118000
1835.T,3870,3905,3870,3890,49700
183A.T,421.8,421.8,420.5,421.1,100430
1840.T,254,256,249,249,67800
1844.T,453,460,450,455,102600
1847.T,3335,3390,3335,3355,15700
1848.T,766,812,765,801,46400
184A.T,345,360,320,324,38500
1850.T,430,436,430,435,9800
1852.T,886,890,883,887,226000
1853.T,323,324,322,324,6900
185A.T,886,886,886,886,0
1860.T,1488,1490.5,1472.5,1477,552900
1861.T,1300,1302,1280,1288,787500
1866.T,1130,1130,1107,1112,15100
1867.T,2735,2754,2707,2748,8300
186A.T,1015,1018,988,1007,3848000
1870.T,2130,2135,2116,2132,153800
1871.T,2157,2157,2117,2130,72400
1873.T,305,309,305,306,44500
1878.T,3385,3390,3316,3323,1119800
1879.T,2285,2287,2251,2266,172700
1882.T,1608,1611,1598,1598,218500
1885.T,2102,2142,2092,2140,365200
1887.T,548,550,545,547,140300
1888.T,3625,3675,3625,3655,11400
188A.T,822,822,810,810,3893
1893.T,1501.5,1566,1496,1554,3123400
1897.T,3290,3290,3290,3290,100
1898.T,1480,1485,1476,1484,98500
1899.T,4560,4605,4530,4570,36700
189A.T,1046,1046,1026,1042,1000
1904.T,5100,5160,5100,5150,11100
1905.T,1464,1464,1464,1464,0
190A.T,69,69,67,69,143900
1911.T,1257.5,1261.5,1233,1233,3519200
1914.T,795,805,795,800,10600
1921.T,1917,1923,1884,1903,5400
1925.T,4680,4684,4581,4587,1484800
1926.T,3835,3855,3810,3825,88200
1928.T,3398,3401,3327,3342,2131100
1929.T,1210,1224,1205,1222,59900
192A.T,1273,1274,1260,1260,2100
1930.T,1560,1579,1558,1578,30100
1934.T,2606,2627,2593,2607,123100
1938.T,2565,2590,2555,2571,51400
1939.T,2251,2264,2223,2239,65300
1941.T,5130,5150,5060,5090,60500
1942.T,5461,5470,5369,5397,525800
1944.T,6783,6809,6714,6745,331800
1945.T,2130,2138,2100,2125,116700
1946.T,2145,2183,2143,2162,165000
1948.T,11420,11420,11420,11420,400
194A.T,1758,1758,1725,1729,18300
1950.T,4040,4040,3995,4020,47300
1951.T,2568,2573,2540.5,2556.5,327500
1952.T,3165,3195,3135,3185,81500
1959.T,7864,7878,7810,7859,105900
195A.T,705,706,683,706,13100
1960.T,1643,1664,1635,1662,8700
1961.T,2406,2429,2384,2425,381300
1963.T,2313.5,2324,2286,2304.5,1170000
1964.T,3850,3880,3835,3855,15200
1965.T,7070,7200,6840,6940,58900
1966.T,1721,1725,1721,1721,800
1967.T,2108,2122,2098,2114,10900
1968.T,2520,2538,2505,2520,79000
1969.T,4555,4560,4451,4521,653700
196A.T,321,323,317,319,55900
1972.T,1303,1323,1301,1309,18400
1975.T,3750,3815,3750,3805,39200
1976.T,1705,1710,1698,1709,58800
1979.T,3750,3805,3740,3790,176800
197A.T,511,516,511,515,172800
1980.T,2702,2770,2691,2744,389100
1981.T,1322,1323,1322,1322,800
1982.T,3080,3085,3045,3070,39800
198A.T,161,162,160,161,6500
1992.T,2986,2986,2986,2986,100
1994.T,612,620,612,620,3100
1997.T,3940,4035,3890,4015,1100
199A.T,1350,1350,1350,1350,0
2001.T,3040,3055,2979,2994,165300
2002.T,2094,2104,2056.5,2057,506400
2003.T,1885,1902,1885,1900,19900
2004.T,3975,3980,3900,3905,41800
2009.T,1109,1110,1104,1110,7200
200A.T,4028,4155,4009,4117,1714492
2011.T,858,858,847.8,850.5,19460
2012.T,235.1,235.9,235,235.9,58720
2013.T,304,304.3,303.5,304.3,89260
2014.T,308.4,309,308,308.4,31970
2015.T,2029,2030,2027,2027,418
2016.T,1717,1717,1712,1712,2444
2017.T,1515,1515,1496,1502,40720
2018.T,1223,1223,1212,1213,8512
2019.T,976,980,964,965,12068
201A.T,172,173,171,171,82140
2034.T,1950,1972,1940,1968,15630
2038.T,2666,2734,2666,2734,122816
2039.T,490,490,477,478,718668
203A.T,160,160,160,160,0
2042.T,8198,8198,8197,8197,9
2044.T,33600,33600,33550,33600,248
2045.T,19005,19005,19005,19005,1
2046.T,22725,22730,22360,22370,157
2047.T,3380,3380,3380,3380,2
204A.T,1250,1250,1250,1250,0
2050.T,31740,31740,31740,31740,0
2053.T,2057,2064,2041,2051,54700
2055.T,343,346,340,344,9200
205A.T,1656,1659,1645,1658,17600
2060.T,1479,1479,1456,1460,62400
2067.T,28050,28050,28050,28050,80
2069.T,23415,23415,23085,23085,15
206A.T,164,166,157,161,228600
2070.T,16560,16560,16560,16560,0
2071.T,19750,19750,19715,19715,240
2072.T,22360,22360,22360,22360,0
2073.T,15510,15510,15510,15510,0
207A.T,1400,1400,1400,1400,0
2080.T,2061,2062,2040,2051,34131
2081.T,2147,2156,2120,2131,550
2082.T,1248,1253,1242,1242,168
2083.T,3856,3910,3856,3910,4629
2084.T,3882,3882,3822,3830,7131
2085.T,780.2,785.9,780.1,783.1,16390
2086.T,3035,3035,3027,3027,9690
2087.T,3404,3410,3404,3410,30568
2088.T,2634,2634,2627,2627,58
2089.T,2819,2823,2819,2823,16
208A.T,2906,2906,2877,2877,4000
2090.T,4229,4229,4221,4221,62
2091.T,4405,4407,4396,4396,25
2092.T,4433,4433,4426,4426,30
2093.T,5140,5145,5133,5139,222
2094.T,795,798,795,798,80
2095.T,1167,1167,1153,1153,590
2096.T,990,990,984,990,1961
2097.T,934,934,919,922,535
2098.T,980,980,962,966,2912
209A.T,780,780,780,780,0
2108.T,5130,5180,5120,5160,19700
2109.T,3825,3845,3800,3835,39700
210A.T,1549,1549,1536,1545,25421
2112.T,462,466,462,464,13100
2114.T,673,678,671,674,12700
2117.T,2821,2839,2820,2820,12900
211A.T,3285,3300,3260,3285,13400
2120.T,232,236,231,233,622600
2121.T,3825,3840,3785,3825,294000
2122.T,1467,1475,1456,1460,2500
2124.T,1015,1029,1003,1015,693100
2127.T,646.1,650.9,636.2,647.1,2567700
212A.T,2778,2780,2584,2658,618000
2130.T,907,919,907,915,65400
2134.T,19,20,19,19,607400
2136.T,1411,1412,1411,1412,200
2138.T,443,443,424,433,15200
2139.T,517,519,517,519,900
213A.T,372.5,383.3,368,380.9,416650
2146.T,230,231,226,230,3557200
2148.T,1153,1176,1153,1162,41000
2152.T,1513,1550,1513,1550,1300
2153.T,1850,1868,1848,1853,45200
2154.T,2005,2008,1989,2003,113500
2156.T,279,282,278,282,6700
2157.T,1005,1008,991,997,366900
2158.T,608,623,605,617,235700
215A.T,1361,1377,1309,1316,3419900
2160.T,2928,2935,2857,2895,765900
2163.T,951,956,951,953,15500
2164.T,114,115,112,114,28400
2168.T,1575,1604,1565,1594,118200
2169.T,1735,1735,1725,1725,3200
216A.T,1250,1250,1250,1250,0
2170.T,667,674,661,672,236400
2173.T,701,712,701,712,5900
2175.T,2680,2704,2631,2666,388300
2179.T,821,824,819,819,1100
217A.T,382,382,382,382,0
2180.T,1886167168,1886167168,1886167168,1886167168,0
2181.T,298.7,299,292,293.5,5483000
2183.T,204,206,203,203,21400
2185.T,1990,1995,1987,1995,700
2186.T,898,898,893,898,7300
218A.T,946,995,921,985,1264600
2193.T,130,130,128,130,190600
2195.T,360,382,360,365,84900
2198.T,777,786,777,779,17500
219A.T,2444,2461,2355,2435,512400
2201.T,2514,2521,2484.5,2492,270800
2204.T,3120,3165,3120,3165,6600
2206.T,5063,5071,5004,5008,145800
2207.T,3450,3495,3430,3495,35700
2208.T,3135,3140,3125,3140,2000
2209.T,2372,2379,2365,2365,18900
220A.T,953,959,953,959,400
2211.T,2520,2527,2508,2513,25100
2212.T,3959,3959,3810,3821,556500
2215.T,617,620,616,616,2900
2216.T,1100,1100,1083,1092,71300
2217.T,1486,1493,1481,1484,28300
221A.T,1040,1082,1040,1070,55940
2220.T,1360,1368,1342,1350,208300
2221.T,3055,3060,3035,3050,3900
2222.T,2600,2603.5,2515,2520.5,305300
2224.T,3690,3715,3685,3715,1500
2226.T,4935,4935,4925,4925,1600
2229.T,3065,3071,3024,3030,240300
222A.T,60,60,60,60,0
2235.T,3511,3515,3499,3505,36
2236.T,1424,1426,1420,1424,40050
2237.T,2402,2406,2383,2389,11363
2238.T,5290,5309,5284,5302,1028
2239.T,26230,26230,26075,26090,158
223A.T,1756,1762,1750,1750,8264
2240.T,5334,5334,5334,5334,20
2241.T,900.9,903,899,900.8,1570
2242.T,678.8,678.8,671.5,672.3,55960
2243.T,4103,4119,4075,4097,198724
2244.T,3487,3494,3472,3478,50089
2245.T,684.3,684.3,683,683.8,182180
2247.T,2213,2217,2207,2210,31728
2248.T,2731,2731,2720,2720,8245
2249.T,9520,9607,9516,9591,803
224A.T,1502,1513,1500,1501,7173
2250.T,367.1,367.7,366.4,367.7,2220
2251.T,915.2,918.5,913.8,916,128380
2252.T,1390,1390,1385,1386,68
2253.T,1321,1321,1309,1313,4486
2254.T,983,984,960,960,11343
2255.T,192.3,192.6,191.4,191.7,304980
2256.T,211.3,211.9,211.2,211.6,61720
2257.T,213.5,213.5,212.4,213,18540
2258.T,217.7,218.5,217.7,218.5,51010
2259.T,175.7,175.7,174.7,174.8,120
2264.T,1147,1154.5,1118,1122.5,1717900
2266.T,1108,1116,1108,1110,48200
2267.T,2903,2909,2853,2853,1069100
2268.T,4065,4070,4060,4060,2200
2269.T,4353,4375,4284,4284,817200
226A.T,600,600,600,600,0
2270.T,3765,3795,3730,3730,134000
227A.T,1230,1230,1230,1230,0
2281.T,2439,2441,2419,2419,129800
2282.T,6351,6364,6225,6251,424600
2286.T,896,918,896,904,18000
2288.T,2304,2311,2290,2291,126100
228A.T,1690,1690,1689,1689,800
2291.T,509,509,508,508,2700
2292.T,2771,2792,2752,2755,111300
2293.T,2686,2686,2680,2680,2000
2294.T,2485,2494,2480,2485,14500
2296.T,5050,5080,4995,5010,76500
229A.T,760,760,760,760,0
2300.T,500,500,491,496,6500
2301.T,1721,1803,1701,1758,349100
2303.T,1381,1384,1370,1378,5000
2304.T,902,906,902,906,4200
2305.T,1851,1873,1851,1870,18000
2307.T,1054,1082,1050,1066,44600
2311.T,781,788,781,784,1600
2315.T,59,65,59,65,6561200
2317.T,447,447,437,441,663900
2321.T,147,150,143,150,617900
2323.T,333,343,329,343,27300
2325.T,4635,4635,4565,4590,16000
2326.T,4830,4900,4810,4855,148800
2327.T,4029,4029,3900,3922,147900
2329.T,497,500,497,500,39000
2330.T,93,94,92,93,575100
2331.T,1255,1259.5,1218,1225.5,1146300
2332.T,1657,1690,1650,1669,6800
2334.T,577,598,569,589,789400
2335.T,1099,1102,1094,1096,31300
2337.T,402,406,400,404,697000
2338.T,117,119,117,117,144600
233A.T,1763,1771,1752,1753,14428
2340.T,528,536,522,532,94700
2341.T,172,173,172,172,13400
2342.T,254,256,250,250,16400
2345.T,105,106,101,101,88600
2349.T,2412,2412,2399,2399,1500
234A.T,1500,1500,1488,1490,112
2351.T,335,339,328,334,6000
2353.T,273,273,266,268,2674300
2354.T,1306,1320,1288,1303,207900
2359.T,2093,2124,2087,2096,10600
235A.T,1445,1448,1438,1442,2403
236A.T,435.8,435.9,434.3,434.3,34180
2370.T,24,25,24,24,238000
2371.T,3866,3869,3835,3839,110700
2373.T,432,447,427,447,31600
2375.T,199,199,197,197,49800
2376.T,795,800,795,800,1700
2378.T,1048,1058,1048,1058,33400
2379.T,1845,1847,1833,1844,215800
237A.T,140.1,140.6,139.3,140,340650
2384.T,4925,4940,4895,4915,26100
2385.T,214,217,213,213,26800
2388.T,34,34,33,33,38000
238A.T,119,119.3,118,118.2,164080
2391.T,1178,1178,1167,1176,9900
2393.T,4285,4385,4255,4375,5300
2395.T,1334,1338,1300,1309,175800
239A.T,450,450,450,450,0
2404.T,523,525,522,523,4400
2408.T,811,820,811,820,600
2410.T,2867,2876,2830,2850,52600
2411.T,471,473,469,470,10200
2413.T,1775,1776,1720,1742.5,2111400
2415.T,1642,1645,1629,1629,2200
2418.T,595,598,592,596,32200
241A.T,423,423,415,419,5900
2424.T,638,659,625,657,81800
2425.T,679,679,672,675,2700
2428.T,625,628,622,624,25500
2429.T,2824,2863,2821,2856,40900
2432.T,2577,2581,2548,2558.5,838500
2433.T,1355,1356.5,1314,1328.5,884500
2435.T,208,209,207,208,5300
2436.T,562,567,558,558,18900
2437.T,606,611,602,611,11200
2438.T,341,344,339,341,38500
243A.T,1122,1122,1122,1122,0
2440.T,121,123,121,123,95200
2445.T,393,400,393,396,110600
2449.T,1070,1070,1064,1064,600
244A.T,1156,1179,1139,1168,2300
2454.T,351,352,350,351,5600
2459.T,173,178,173,176,13100
245A.T,2499,2525,2498,2503,1500
2461.T,386,388,384,387,111900
2462.T,1512,1518,1495,1500,39600
2464.T,369,369,365,366,1500
2469.T,2810,2850,2751,2753,15700
246A.T,1077,1077,1077,1077,21400
2471.T,279,279,273,275,323600
2475.T,1740,1765,1737,1752,12700
2477.T,3240,3290,3215,3225,8900
2479.T,267,269,262,267,152500
247A.T,1021,1031,993,1001,463200
2480.T,1809,1900,1809,1900,5000
2481.T,684,688,684,686,800
2483.T,2218,2223,2170,2204,2200
2484.T,158,163,158,160,299000
2485.T,448,450,446,448,26100
2488.T,1410,1440,1410,1440,8500
2489.T,412,417,408,414,137100
248A.T,806,814,806,806,800
2491.T,473,480,473,479,53700
2492.T,725,728,706,712,2606000
2493.T,945,945,943,944,1300
2497.T,532,533,528,529,12300
2498.T,3125,3155,3120,3155,8000
2499.T,309,310,296,304,17500
249A.T,340,340,340,340,0
2501.T,1894,1903,1848,1859.5,1133900
2502.T,1632.5,1634.5,1609,1621,4788900
2503.T,2871,2875.5,2819,2821.5,2624500
250A.T,1587,1591,1584,1586,19900
2510.T,794.9,795.1,791.6,791.6,1790
2511.T,1113,1118.5,1113,1118.5,393550
2512.T,711.2,711.2,708.7,709.8,6060
2513.T,3459,3468,3456,3462,29777
2514.T,2026,2026,2010,2010,344
2515.T,1565,1567,1559,1561,11001
2516.T,624.6,628,620.1,627.4,246240
2517.T,1079,1079,1060.5,1062.5,8440
2518.T,2418,2423,2410,2410,10035
2519.T,1120.5,1132.5,1119,1120,1520
251A.T,256,256,256,256,0
2520.T,2281,2281,2260,2261,3689
2521.T,2155,2155,2144,2145,11306
2522.T,8348,8378,8315,8334,1903
2523.T,3200,3200,3200,3200,0
2524.T,4146,4152,4117,4126,78798
2525.T,63600,64370,63600,64180,11699
2526.T,36900,36950,36880,36880,10962
2527.T,1090,1090,1075,1079,61488
2528.T,1063,1063,1051,1058,10014
2529.T,2370,2370,2353,2360,1251
252A.T,2566,2566,2566,2566,0
2530.T,17195,17240,17000,17000,33
2531.T,2531.5,2554.5,2448,2450,358700
2533.T,464,470,464,466,109300
253A.T,1047,1053,1037,1038,4200
254A.T,1212,1218,1200,1215,13700
2552.T,1901,1901,1885,1893,1005
2553.T,2309,2410.5,2309,2397.5,4150
2554.T,734,734,729.3,729.3,9580
2555.T,1833.5,1833.5,1810,1818,16880
2556.T,1813.5,1823,1807,1823,89940
2557.T,4110,4111,4075,4075,8420
2558.T,3388,3395,3379,3382,106855
2559.T,2890,2899,2882,2886,175025
255A.T,4920,5100,4920,5070,29600
2560.T,53090,53090,53090,53090,0
2561.T,1968,2036,1968,1969,138258
2562.T,3642,3642,3624,3631,2286
2563.T,402,402.3,400.4,400.4,881900
2564.T,3695,3695,3658,3669,591288
2565.T,876,876,867,871,7839
2566.T,1007,1007,994,996,6708
2567.T,537.1,537.1,537.1,537.1,0
2568.T,7720,7746,7698,7718,10454
2569.T,4250,4254,4230,4230,969
256A.T,2290,2324,2275,2308,282500
2573.T,4075,4075,4065,4065,2200
2579.T,3818,3844,3756,3786,815500
257A.T,3330,3330,3287,3287,4
2585.T,1419,1424,1371,1385,407400
2586.T,69,70,68,69,420100
2587.T,4584,4584,4506,4522,761100
2588.T,3640,3720,3635,3645,5200
258A.T,2035,2035,2022,2022,3
2590.T,2975,2999,2946,2967,72400
2593.T,3238,3247,3161,3175,272600
25935.T,1805,1805,1798,1801,13000
2594.T,2006,2010,2001,2007,60200
2597.T,1254,1268,1242,1242,6600
2602.T,2125,2133,2082,2094,202000
2607.T,4595,4611,4512,4550,295900
2612.T,2714,2800,2710,2800,912300
2613.T,2250,2274,2246,2263,58900
261A.T,1975,1978,1965,1968,13300
2620.T,356.9,357.6,356.8,357.3,69800
2621.T,982,983,977,977,250579
2622.T,1680,1682,1678,1678,142
2623.T,1914,1914,1903,1904,190
2624.T,6345,6440,6335,6376,24505
2625.T,4075,4075,4039,4055,17062
2626.T,3398,3398,3362,3370,2365
2627.T,1599,1599,1591,1591,3
2628.T,3591,3618,3480,3545,35817
2629.T,3688,3688,3535,3625,32015
262A.T,1750,1758,1728,1750,92800
2630.T,15960,15970,15890,15910,640
2631.T,32200,32300,32130,32140,5076
2632.T,17715,17720,17625,17675,200
2633.T,542.5,544,541.2,542.2,402300
2634.T,3135,3139,3126,3129,1993
2636.T,4815,4815,4765,4790,72
2637.T,2518,2568,2518,2540,1737
2638.T,2534,2573,2511,2551,16127
2639.T,1697,1700,1685,1700,1145
263A.T,800,800,800,800,0
2640.T,4360,4366,4266,4284,8302
2641.T,4520,4520,4441,4475,1016710
2642.T,53250,53250,53250,53250,0
2643.T,4180,4274,4179,4274,2987
2644.T,3582,3714,3571,3663,437028
2645.T,3097,3097,3066,3075,16
2646.T,3667,3727,3660,3721,1100
2647.T,5552,5559,5544,5544,1788
2648.T,3252,3252,3240,3245,382
2649.T,568.2,568.2,565.4,565.4,2200
264A.T,348,360,338,338,107100
2652.T,435,440,434,438,77500
2653.T,2795,2805,2790,2792,20300
2654.T,426,433,422,429,9700
2656.T,158,159,156,158,49900
2659.T,3440,3450,3390,3425,147700
265A.T,744,814,742,742,88000
2664.T,3620,3680,3620,3675,35800
2666.T,188,189,187,187,88500
2667.T,108,110,103,104,198300
2668.T,1275,1275,1270,1270,1000
2669.T,3865,3925,3865,3900,2100
266A.T,1350,1350,1350,1350,0
2670.T,2717,2725,2668.5,2675,450800
2673.T,104,109,104,106,52500
2674.T,2548,2556,2518,2549,43700
2676.T,2064,2086,2063,2077,10700
2678.T,1235,1245,1222,1228,671700
267A.T,1815,1815,1815,1815,0
2681.T,2288,2297,2274,2284,127800
2683.T,993,994,993,993,900
2685.T,3230,3230,3185,3205,148500
2687.T,491,493,490,491,2400
2689.T,1940,1940,1926,1926,900
268A.T,1560,1634,1555,1618,1255100
2693.T,276,282,275,276,39400
2694.T,73,73,71,72,418800
2695.T,1710,1719,1660,1671,467400
2698.T,3255,3310,3255,3300,12200
269A.T,2808,2880,2808,2880,3800
2700.T,1712,1746,1712,1722,7700
2702.T,8180,8210,8090,8090,330200
2705.T,8850,9000,8850,8930,16900
2708.T,1895,1905,1885,1900,600
271A.T,1500,1500,1500,1500,0
2721.T,104,106,102,105,70700
2722.T,363,363,361,362,2500
2726.T,1526,1527,1487,1508,605800
2730.T,2508,2519,2480,2490,471100
2733.T,2710,2724,2695,2695,86800
2734.T,1237,1246,1236,1238,93400
2735.T,725,729,713,715,47800
2736.T,600,601,599,601,2400
2737.T,33550,37000,33300,36950,142300
273A.T,9710,9729,9700,9720,68
2742.T,3975,4045,3970,4005,27100
2747.T,3135,3135,3100,3100,300
2749.T,661,673,658,672,426400
274A.T,2239,2255,2238,2248,6400
2750.T,1351,1363,1351,1358,2000
2751.T,3590,3615,3580,3615,4900
2752.T,1153,1156,1145,1146,55200
2753.T,1405,1408,1396,1396,19600
2760.T,3990,4135,3965,4090,81400
2762.T,64,67,64,67,219200
2764.T,171,173,169,171,139500
2767.T,2631,2666,2601,2607,429600
2768.T,5780,5789,5691,5729,880300
2769.T,922,926,922,925,3000
276A.T,4140,4205,4110,4155,17300
2776.T,98,103,96,99,576200
2778.T,115,117,115,116,26000
277A.T,1863,1879,1829,1859,89500
2780.T,4435,4515,4425,4515,80900
2782.T,4865,4905,4820,4885,264700
2784.T,2350,2364,2328,2336.5,359000
2788.T,383,388,382,386,9700
2789.T,475,475,475,475,500
278A.T,18800,19500,17810,18980,2228400
2790.T,2066,2105,2066,2098,9400
2791.T,4740,4755,4635,4645,37400
2792.T,1443,1453,1439,1452,73400
2795.T,959,959,959,959,700
2796.T,507,507,502,505,3600
2798.T,2993,2997,2993,2997,900
279A.T,1550,1550,1550,1550,0
2801.T,1709,1721.5,1660,1676.5,3265300
2802.T,4898,4946,4848,4870,2834200
2804.T,1853,1869,1853,1862,12300
2805.T,7590,7680,7430,7460,91300
2806.T,1905,1911,1903,1911,1600
2809.T,4611,4615,4506,4527,247700
280A.T,1064,1132,1064,1111,21400
2810.T,3940,3954,3910,3934,229900
2811.T,2790,2793,2730,2736.5,306800
2813.T,3935,3935,3865,3895,1500
2814.T,1981,1981,1940,1947,6900
2815.T,5320,5330,5240,5250,62500
2816.T,1419,1420,1415,1416,2300
2818.T,1760,1764,1760,1762,2300
2819.T,2447,2484,2447,2477,6300
281A.T,407,418,395,395,156800
2820.T,6570,6700,6410,6460,12800
282A.T,2107,2183,2097,2151,113701
2831.T,3695,3695,3660,3670,1000
2836.T,3362,3362,3362,3362,1
2837.T,4821,4829,4804,4813,4780
2838.T,8265,8265,8265,8265,50
2839.T,4863,4863,4859,4859,148
283A.T,1312,1312,1296,1297,410
2840.T,2593,2602,2585,2595,28990
2841.T,1670,1673,1664,1665,62436
2842.T,12340,12400,12325,12370,4927
2843.T,3603,3603,3585,3585,582
2844.T,5308,5308,5282,5296,4470
2845.T,3495,3504,3481,3490,2226
2846.T,2527,2527,2516,2516,2875
2847.T,2958,3015,2958,2976,1011
2848.T,3029,3029,3016,3016,3
2849.T,5549,5549,5490,5490,86
284A.T,2335,2335,2335,2335,0
2851.T,389,399.9,389,399.9,220
2852.T,172,172,170.9,171.7,51030
2853.T,604,604,604,604,10
2854.T,2654,2677,2639,2659,18512
2855.T,916,920,916,920,850
2856.T,638.9,638.9,637.1,637.9,78180
2857.T,613,613,613,613,10
2858.T,1500,1500,1465,1474,269
2859.T,3160,3161,3142,3152,898
285A.T,49920,52690,49700,51750,29060500
2860.T,3229,3229,3194,3194,271
2861.T,5337,5337,5300,5300,311
2862.T,3790,3790,3790,3790,0
2864.T,1281,1281,1276,1278,79
2865.T,1240,1244,1240,1241,168082
2866.T,936,936,932,933,57437
2867.T,1679,1679,1622,1623,688
2868.T,1107,1110,1107,1110,10541
2869.T,2854,2859,2823,2850,221027
286A.T,802,811,800,800,22400
2870.T,7772,7847,7751,7813,25739
2871.T,2255,2269.5,2188.5,2193,1349600
2872.T,1931,1931,1927,1927,1800
2874.T,2216,2248,2178,2178,132000
2875.T,10205,10205,9990,10035,298500
2876.T,467,475,467,475,400
2877.T,753,760,750,751,3500
287A.T,1124,1129,1115,1123,384100
2882.T,2014,2015,2005,2007,14100
2883.T,2045,2047,2043,2044,2500
2884.T,621,623,616,617,63400
288A.T,92,94,92,93,26400
2892.T,4605,4740,4600,4735,12800
2894.T,361,364,360,363,5800
2897.T,3065,3083,2995,2996,995400
2901.T,149,151,139,143,275000
2903.T,1610,1637,1610,1637,400
2904.T,755,758,753,756,3600
2907.T,1534,1540,1525,1526,2100
2908.T,1620,1625,1614,1625,30900
290A.T,1418,1430,1398,1414,597400
2910.T,1395,1408,1395,1400,37000
2911.T,2259,2259,2252,2252,300
2914.T,6795,6810,6738,6780,2671100
2915.T,2077,2098,2075,2098,16400
2916.T,738,738,731,732,1700
2917.T,923,926,923,925,1900
2918.T,2757,2768,2741,2758,55300
291A.T,1976,1998,1976,1998,1000
2922.T,1977,1991,1977,1985,9900
2923.T,7240,7400,7240,7360,2200
2924.T,1906,1920,1905,1910,700
2926.T,123,123,122,123,83700
2927.T,866,866,855,855,11400
2929.T,692,723,692,712,676400
292A.T,680,680,680,680,0
2930.T,132,134,131,132,284700
2931.T,349,354,346,352,584300
2932.T,1100,1108,1096,1096,8800
2933.T,1128,1131,1123,1131,46600
2934.T,1999,1999,1965,1996,1200
2935.T,1209,1219,1207,1214,15300
2936.T,280,282,276,279,20900
2937.T,1758,1760,1757,1760,1600
2938.T,1274,1286,1270,1284,34800
293A.T,950,950,950,950,0
294A.T,2891,2891,2891,2891,10
295A.T,9750,9755,9750,9755,3
2961.T,1569,1570,1569,1569,400
2962.T,1816,1820,1690,1718,208700
296A.T,1191,1200,1162,1177,63300
2970.T,1098,1099,1085,1085,2000
2971.T,107400,107900,107000,107700,579
2972.T,104100,105800,103800,105800,1140
2975.T,1374,1380,1364,1373,125000
2978.T,328,337,328,337,21900
2979.T,99700,100000,99000,99600,2699
297A.T,212,214,212,212,73800
2980.T,2308,2328,2296,2300,212200
2981.T,2277,2277,2250,2276,1500
2982.T,423,427,419,420,159500
2983.T,1686,1686,1622,1664,103600
2984.T,747,758,747,758,3900
2986.T,2833,2844,2815,2821,85700
2989.T,94900,95600,94500,95500,1592
298A.T,345,345,333,333,4300
2990.T,262,262,262,262,0
2991.T,527,535,523,523,11600
2993.T,2163,2200,2163,2200,700
2997.T,1323,1323,1323,1323,14200
2998.T,539,541,534,536,82500
2999.T,499,507,498,500,5400
299A.T,1245,1267,1240,1243,101000
3001.T,2949,2965,2929,2945,15600
3002.T,4060,4070,4045,4055,111600
3003.T,1770,1773,1730,1733,1280600
3004.T,2066,2091,2066,2082,2000
300A.T,3090,3150,3090,3145,9600
3010.T,189,190,187,190,75200
3011.T,141,142,141,141,11600
301A.T,550,550,550,550,0
3020.T,4785,4900,4705,4835,6200
3021.T,1579,1599,1579,1591,4900
3023.T,2025,2055,2025,2054,20800
3024.T,1227,1227,1187,1219,3300
3028.T,2323,2337,2310,2325,55500
302A.T,574,584,574,575,1700
3030.T,858,861,855,861,6400
3031.T,670,687,670,682,75600
3034.T,2300,2320,2252,2308,100200
3035.T,755,757,753,756,3100
3036.T,3235,3300,3225,3260,77900
3038.T,3199,3219,3137,3166,2619500
303A.T,573,575,558,572,9500
3040.T,2359,2385,2337,2346,121700
3041.T,411,411,407,407,1700
3042.T,305,307,299,307,73900
3045.T,1465,1466,1465,1466,200
3046.T,5960,6010,5840,5920,326800
3048.T,1769,1772,1746,1756,388800
304A.T,1934,1934,1934,1934,100
3050.T,1611,1619,1602,1610,197400
3053.T,200,202,199,202,190900
3054.T,346,355,345,355,95600
3058.T,711,718,710,718,800
3059.T,712,712,710,710,1100
305A.T,1146,1146,1146,1146,0
3063.T,1155,1175,1155,1167,16800
3064.T,2000,2000,1947,1972.5,1426500
3065.T,1590,1590,1586,1588,1200
3067.T,467,467,466,467,8800
3068.T,3045,3060,3045,3050,800
3069.T,164,166,164,166,66500
3070.T,53,54,52,52,547100
3071.T,101,103,101,102,43000
3075.T,1656,1656,1640,1640,5000
3076.T,2996,3000,2962,2967,81900
3077.T,1256,1319,1256,1276,14800
307A.T,800,800,800,800,0
3080.T,817,817,815,815,1800
3082.T,979,982,978,982,2500
3083.T,1230,1247,1221,1233,157700
3086.T,2627.5,2635,2586.5,2635,1100900
3087.T,3315,3320,3250,3260,109800
3088.T,2582.5,2608,2533.5,2535.5,1844700
3089.T,1049,1100,1049,1061,6100
308A.T,1310,1310,1310,1310,0
3091.T,2817,2837,2805,2821,37100
3092.T,1164,1164.5,1146.5,1155.5,2555900
3093.T,1897,1908,1873,1889,155800
3096.T,1610,1612,1603,1612,2600
3097.T,5520,5580,5420,5460,139500
3099.T,3220,3250,3152,3189,1599000
309A.T,700,700,700,700,0
3101.T,1604,1625,1593,1595,366400
3103.T,1380,1405,1347,1367,3494600
3104.T,3160,3250,3160,3200,71800
3105.T,2200.5,2271.5,2187.5,2255,544800
3106.T,10790,10930,10730,10790,22300
3107.T,3754,3754,3668,3712,643500
3109.T,1046,1053,1046,1049,24800
310A.T,1440,1440,1440,1440,0
3110.T,2801,2989,2794,2884,4612000
3111.T,175,177,175,177,4200
3113.T,83,84,82,82,57500
3116.T,2244.5,2244.5,2223.5,2224,344600
3121.T,251,260,251,253,55300
3123.T,650,651,649,650,2800
312A.T,1542,1542,1542,1542,0
3131.T,6150,6610,6150,6440,29100
3132.T,3695,3831,3665,3828,650500
3133.T,58,63,58,60,610100
3134.T,284,287,282,283,36700
3135.T,1150,1179,1148,1177,25800
3137.T,218,220,217,219,9800
3138.T,1134,1158,1134,1158,1400
3139.T,3435,3450,3435,3435,12800
313A.T,257.4,258.6,257.3,257.5,4090
3140.T,1014,1019,1013,1015,6400
3143.T,710,729,710,711,16900
3148.T,3380,3395,3345,3345,58700
314A.T,313.6,316.1,313.4,314.5,1374160
3150.T,2421,2439,2417,2422,34100
3151.T,1610,1618,1608,1612,42500
3153.T,2977,3010,2943,3010,74600
3154.T,767,778,767,777,14600
3156.T,5110,5260,5100,5210,45800
3157.T,1417,1436,1417,1435,1800
3159.T,381,384,378,382,75600
315A.T,2000,2000,1943,1955,104600
3160.T,580,580,579,579,5300
3161.T,666,670,665,670,17000
3166.T,1465,1465,1461,1461,1400
3167.T,1361,1375,1355,1362,632400
3168.T,1272,1278,1230,1246,60700
3169.T,682,692,676,676,16300
316A.T,2652,2661,2645,2657,126312
3172.T,1122,1123,1120,1122,3100
3173.T,1382,1420,1382,1401,10600
3174.T,396,397,395,395,13100
3175.T,980,982,978,981,16400
3176.T,1141,1165,1141,1150,282200
3177.T,4250,4370,4245,4370,800
3178.T,1209,1209,1207,1208,7500
3179.T,1173,1227,1173,1212,97400
317A.T,1350,1350,1350,1350,0
3180.T,1562,1595,1545,1573,33500
3181.T,1056,1056,1037,1053,2800
3182.T,1601,1624,1592,1595,90800
3183.T,1256,1264,1255,1264,10300
3184.T,4155,4155,4155,4155,0
3185.T,123,127,102,104,1020100
3186.T,2981,2984,2945,2955,560600
3187.T,412,430,391,397,187900
3189.T,106,113,106,110,344200
318A.T,351.1,354.1,350,354.1,1007780
3190.T,586,587,586,587,1000
3191.T,2280,2299,2258,2268,176000
3192.T,272,272,263,267,16100
3193.T,1315,1331,1296,1305,257700
3195.T,497,497,497,497,163500
3196.T,1647,1657,1645,1648,57900
3197.T,3348,3367,3291,3308,803300
3199.T,1315,1318,1310,1315,24700
319A.T,19670,20250,19300,19300,30200
3201.T,1970,1988,1959,1967,53200
3202.T,129,132,129,130,44600
3204.T,503,503,498,500,3300
3205.T,734,738,733,734,48300
320A.T,500,500,500,500,0
321A.T,785,785,785,785,0
3221.T,3215,3245,3215,3235,18000
3222.T,873,878,852,856,483300
3223.T,970,975,970,975,1300
3224.T,699,699,699,699,300
3226.T,116300,116800,116000,116700,5664
322A.T,765,765,765,765,0
3231.T,921.9,923.1,906.3,906.3,4232600
3232.T,599,603,595,603,216700
3234.T,124200,124600,122600,124100,6909
3236.T,279,279,275,277,33700
3237.T,95,95,93,94,58200
3238.T,382,386,381,383,22200
323A.T,371,373,370,372,3900
3241.T,583,583,577,579,2900
3242.T,524,525,522,524,18700
3245.T,1090,1095,1080,1083,268100
3246.T,691,691,688,690,3100
3248.T,889,897,880,897,11500
3249.T,136600,136700,135500,136500,6496
324A.T,708,718,707,712,13900
3252.T,2788,2806,2777,2789,114800
325A.T,1830,2010,1830,1980,889100
3261.T,423,425,420,420,1700
3266.T,79,81,79,81,25200
3267.T,622,631,620,629,11100
3269.T,143300,143500,142200,142500,7120
326A.T,1620,1620,1620,1620,0
3276.T,2234,2276,2234,2262,409300
3277.T,835,839,833,836,7900
3279.T,131000,131300,130200,131000,5454
3280.T,931,938,931,931,1400
3281.T,133300,133400,132400,133400,11254
3282.T,97400,97800,96600,97500,6858
3283.T,84100,84800,84000,84400,10921
3284.T,1283,1289,1267,1273,197000
3286.T,880,880,880,880,2900
3287.T,236000,237400,235600,236600,1340
3288.T,7768,7786,7563,7599,224500
3289.T,1302,1304,1282,1283,1402400
328A.T,1379,1379,1335,1360,305
3290.T,75300,75300,74600,74900,3146
3291.T,2276,2280,2250.5,2255,455800
3292.T,114000,114400,112200,113700,10324
3293.T,766,766,764,764,400
3295.T,147700,147900,146900,147800,3052
3296.T,80600,81200,80600,81000,3543
3297.T,1176,1176,1172,1176,300
3299.T,1699,1713,1695,1706,96800
329A.T,211.6,211.6,211.6,211.6,0
3300.T,1847,1861,1840,1859,34500
3302.T,3030,3060,3030,3060,20800
3306.T,705,706,692,692,9900
3309.T,71700,72100,71500,71900,9032
330A.T,551,559,542,550,6900
3315.T,99,102,99,101,12195400
3317.T,1494,1494,1471,1480,2300
331A.T,488,489,487,487,1800
3320.T,1306,1320,1301,1301,6700
3321.T,1674,1688,1664,1670,11500
3323.T,92,93,91,92,81700
3326.T,654,664,651,664,3000
3329.T,2142,2145,2140,2145,2400
332A.T,1149,1158,1140,1154,50100
3333.T,1309,1320,1303,1312,84000
333A.T,6240,6240,6240,6240,0
3349.T,6750,6770,6530,6608,787600
334A.T,1095,1100,1088,1099,2000
3350.T,251,258,248,251,18693800
3352.T,1800,1800,1800,1800,100
3353.T,2787,2787,2785,2785,1800
3355.T,1759,1791,1737,1784,44600
3358.T,95,95,94,95,14700
3359.T,518,521,518,520,24400
335A.T,320,325,319,319,10800
3360.T,2478,2495,2432,2442.5,244200
3361.T,909,912,905,910,4000
336A.T,1335,1374,1310,1315,1212000
3370.T,467,480,467,470,12100
3371.T,2130,2154,2120,2146,41500
3372.T,221,221,220,220,15100
3374.T,3830,3920,3750,3875,14200
3375.T,1759,1790,1759,1790,200
3377.T,381,382,381,382,4600
3382.T,2065,2071,2027,2040,7360200
3386.T,1237,1243,1237,1240,600
3387.T,776,780,764,768,795200
3388.T,2056,2099,2056,2099,29400
338A.T,3420,3580,3100,3100,1198200
3391.T,2334,2341,2272,2277,1334400
3392.T,808,808,798,803,9100
3393.T,3080,3150,3060,3115,86900
3395.T,2500,2509,2491,2494,69700
3396.T,862,862,859,859,500
3397.T,4419,4439,4329,4337,331900
3399.T,3710,3840,3665,3670,108800
339A.T,903,920,903,909,12400
3401.T,1674,1683.5,1663.5,1676.5,588700
3402.T,1232,1239,1221.5,1226.5,2622900
3405.T,1793,1793,1771,1779,879300
3407.T,1558.5,1568,1545.5,1568,5120600
3409.T,87,87,85,85,42400
340A.T,328,328,317,325,9700
3415.T,349,356,340,348,591900
3416.T,908,908,901,902,300
3417.T,1000,1003,999,1003,3900
3418.T,1048,1056,1048,1051,10700
341A.T,2265,2290,2251,2257,24400
3420.T,1569,1569,1552,1556,4400
3421.T,1618,1623,1606,1606,36300
3422.T,599,606,596,602,19300
3423.T,272,274,272,272,1800
3426.T,1287,1292,1287,1292,800
3431.T,1568,1572,1563,1566,40300
3433.T,2737,2784,2737,2772,154900
3434.T,1242,1247,1242,1244,2000
3435.T,1535,1549,1532,1532,1100
3436.T,2770,2940,2754,2900.5,10703900
3437.T,2647,2647,2631,2631,200
3439.T,686,686,678,686,2100
343A.T,1286,1310,1286,1310,4000
3440.T,857,860,852,857,7300
3441.T,2195,2195,2195,2195,13400
3443.T,1400,1405,1384,1392,132300
3444.T,1261,1345,1162,1215,3460200
3445.T,5180,5350,5150,5330,136400
3446.T,1604,1615,1586,1609,12300
3447.T,1011,1016,1009,1015,16900
3449.T,3805,3990,3780,3945,82000
3451.T,128200,128500,127900,128400,585
3452.T,1433,1433,1425,1430,20300
3454.T,1258,1260,1257,1257,400
3455.T,96300,96600,95700,96600,2634
3457.T,920,923,914,916,59500
3459.T,87400,87400,86000,86700,4848
345A.T,15790,15790,15485,15560,361
3461.T,619,625,618,620,6300
3462.T,143000,143400,142400,143400,6656
3463.T,110600,111000,110200,110700,863
3465.T,3255,3260,3215,3235,89700
3466.T,142400,142600,141100,142300,4429
3467.T,2686,2747,2686,2729,2600
3468.T,52900,54200,52900,53800,16614
3469.T,892,900,870,870,11700
346A.T,4638,4658,4615,4644,7418
3470.T,97700,98300,97600,98300,1048
3471.T,102800,102900,102100,102600,5735
3472.T,66600,67200,66600,67000,1125
3474.T,595,600,595,596,2500
3475.T,1508,1520,1471,1479,292300
3476.T,41700,41950,41550,41750,8152
3477.T,905,914,904,904,2600
3479.T,1900,1914,1877,1878,39300
347A.T,530,530,530,530,0
3481.T,112800,113400,112200,113400,3477
3482.T,2550,2560,2534,2541,69400
3484.T,1200,1235,1200,1200,6200
3486.T,2009,2021,1993,2004,85700
3487.T,136200,137000,135900,136500,2386
3488.T,104200,105300,104200,105300,575
3489.T,778,790,778,785,24200
348A.T,296.3,297.2,294.3,296,54770
3490.T,3040,3070,3010,3015,1300
3491.T,1320,1345,1276,1299,895400
3492.T,78800,79300,78500,79300,6071
3494.T,457,460,456,456,9400
3495.T,2318,2364,2318,2364,1300
3496.T,4810,4860,4750,4775,28800
3498.T,7200,7270,7110,7120,116300
349A.T,800.3,810.6,800.3,804.9,7270
3501.T,1173,1178,1172,1175,6600
350A.T,701,709,680,692,1090800
3512.T,1013,1028,959,1016,121300
3513.T,3465,3540,3455,3500,1900
351A.T,1760,1760,1760,1760,0
3521.T,156,158,156,156,10800
3524.T,1488,1488,1481,1481,1900
3529.T,1027,1055,1023,1045,43500
352A.T,540,544,534,544,500
3536.T,128,128,127,127,13400
3537.T,1747,1755,1742,1755,800
3538.T,1017,1017,1000,1006,15100
3539.T,1452,1479,1415,1442,240600
3542.T,1545,1545,1510,1527,10300
3543.T,2909,2917,2888,2888,191800
3544.T,1249,1252,1249,1249,9000
3547.T,1908,1908,1895,1895,19200
3548.T,669,673,668,671,75700
3549.T,4122,4166,4027,4057,248800
354A.T,3351,3351,3312,3327,36952
3550.T,215,216,214,215,15400
3551.T,1574,1594,1551,1590,17400
3553.T,924,932,921,928,20300
3556.T,794,796,789,790,22300
3557.T,511,511,509,510,2100
3558.T,1920,1937,1899,1904,74800
3559.T,448,470,445,466,8100
355A.T,350,350,350,350,0
3560.T,4250,4305,4250,4305,2600
3561.T,1499,1505,1490,1504,108100
3562.T,1580,1604,1580,1588,23200
3563.T,5229,5262,4921,4946,2609300
3565.T,480,496,450,491,1164600
3566.T,693,702,693,701,3200
3569.T,3215,3260,3215,3230,123700
356A.T,1524,1529,1523,1526,1413
3571.T,719,724,719,721,3400
3577.T,922,922,920,921,1400
357A.T,6240,6240,6240,6240,0
3580.T,755,762,754,760,48700
3583.T,1345,1345,1345,1345,100
358A.T,310,310,310,310,0
3591.T,4032,4037,3995,4027,96400
3597.T,8920,8980,8910,8910,500
3598.T,168,168,166,166,7900
359A.T,1600,1600,1600,1600,0
3600.T,1720,1720,1720,1720,0
3607.T,359,361,356,361,35400
3608.T,1237,1245,1232,1239,130000
360A.T,1060,1060,1060,1060,0
3611.T,2412,2419,2373,2377,16900
3612.T,1600,1608,1592,1599,195000
361A.T,1588,1588,1588,1588,0
3622.T,494,494,489,494,2600
3623.T,1261,1270,1255,1268,5900
3624.T,91,100,87,96,2300000
3625.T,672,685,672,680,6300
3626.T,4157,4160,3976,3991,730700
3627.T,264,264,261,262,14700
3628.T,660,669,658,669,1300
362A.T,4950,4950,4950,4950,0
3632.T,426,428,422,425,520600
3633.T,2490,2558,2477,2558,21500
3634.T,593,594,593,594,700
3635.T,1725,1735,1683,1683,761200
3636.T,4910,4970,4895,4940,27700
3639.T,231,236,231,236,5300
363A.T,2665,2710,2665,2670,66
3640.T,2774,2810,2774,2810,2500
3641.T,999,999,996,999,5100
3645.T,256,257,251,255,38700
3646.T,347,350,345,350,6000
3647.T,117,121,116,119,90600
3648.T,1058,1068,1058,1058,1600
3649.T,875,915,869,915,119500
364A.T,2399,2403,2394,2399,2592
3652.T,2542,2550,2435,2529,40000
3653.T,1079,1228,1079,1143,1022900
3656.T,174,180,173,179,1336300
3657.T,369,384,369,378,996200
3659.T,3180,3190,3114,3177,3163300
365A.T,780,789,778,788,24100
3660.T,487,491,483,489,478200
3661.T,823,828,797,803,527900
3662.T,942,952,942,949,56700
3663.T,1855,1865,1834,1853,140700
3664.T,25,25,24,25,39698900
3665.T,403,411,402,408,288600
3667.T,27,28,26,27,176600
3668.T,439,442,436,438,330700
366A.T,1145,1150,1135,1143,6300
3671.T,312,312,308,309,6300
3672.T,29,29,28,29,103300
3673.T,483,483,468,475,1809000
3674.T,337,339,336,339,3700
3675.T,594,603,592,601,20400
3676.T,1058,1059,1057,1058,1095600
3678.T,1240,1262,1240,1257,21000
3679.T,446,453,445,447,290300
367A.T,2810,2822,2793,2793,11100
3680.T,205,205,202,203,32000
3682.T,579,597,578,578,7100
3683.T,1093,1102,1078,1080,27700
3686.T,61,63,61,63,195300
3687.T,2158,2231,2148,2205,436800
368A.T,1431,1441,1418,1438,101800
3690.T,575,580,574,574,5100
3691.T,1753,1880,1753,1861,11400
3692.T,7750,7810,7020,7200,689400
3694.T,466,472,462,463,217600
3695.T,1594,1626,1594,1625,7900
3696.T,2169,2173,2145,2159,39300
3697.T,899.8,903.8,861.5,872.5,3706800
3698.T,1238,1238,1218,1226,1500
369A.T,2583,2652,2583,2620,4100
3708.T,2150,2179,2149,2174,44400
370A.T,1296,1296,1296,1296,0
3710.T,641,641,634,640,2700
3712.T,1040,1040,993,996,13700
3719.T,115,118,114,117,162500
371A.T,420,420,420,420,0
3723.T,2720,2750,2687,2742,8500
3726.T,401,402,397,399,25000
3727.T,165,169,164,169,42700
372A.T,5500,5570,5500,5550,2500
3733.T,11910,12100,11910,12080,2400
373A.T,1464,1469,1460,1460,2600
3741.T,3080,3155,3045,3120,40200
3744.T,458,461,456,457,4500
3747.T,406,407,404,405,17000
374A.T,240,240,240,240,0
3750.T,845,848,836,836,3600
3753.T,204,215,204,215,79900
3758.T,245,247,244,246,10800
375A.T,2125,2125,2125,2125,0
3760.T,697,710,693,710,8100
3762.T,2482,2540,2453,2525,434200
3763.T,1985,2015,1949,2009,59800
3765.T,2583,2585,2529,2543,201600
3766.T,1420,1420,1420,1420,400
3768.T,556,563,555,559,4200
3769.T,8697,8735,8623,8707,352900
376A.T,4731,4731,4731,4731,0
3771.T,1946,1946,1892,1892,80300
3772.T,1101,1101,1094,1098,12200
3773.T,1070,1087,1069,1069,32200
3774.T,3476,3489,3386,3399,368900
3776.T,240,250,240,248,126200
3777.T,46,46,43,44,3251600
3778.T,3615,3725,3535,3580,642300
3779.T,129,129,129,129,2100
3787.T,486,486,486,486,3000
3788.T,1950,1991,1946,1984,42500
378A.T,920,920,902,902,32200
3791.T,1030,1052,1030,1045,66500
3793.T,516,534,516,534,108200
3796.T,326,333,326,328,17300
3798.T,536,547,530,547,160300
3799.T,1127,1129,1125,1127,1500
379A.T,1306,1306,1306,1306,1
3800.T,1962,1974,1962,1972,700
3802.T,503,504,502,502,1000
3803.T,616,616,586,586,9800
3804.T,451,451,438,445,9800
3807.T,88,89,88,89,196700
380A.T,900,900,881,882,4864
3810.T,180,187,179,186,609900
3815.T,427,428,426,427,4700
3816.T,1100,1104,1098,1104,500
3817.T,4780,4800,4765,4770,24000
381A.T,2084,2088,2082,2084,4311
3823.T,42,53,37,53,47483200
3825.T,231,233,223,225,1178100
3826.T,491,500,491,495,12000
382A.T,1873,1873,1869,1869,383
3834.T,607,609,605,606,41200
3835.T,432,437,431,434,64800
3836.T,1219,1232,1212,1218,70800
3837.T,1355,1363,1348,1356,61900
3839.T,621,623,619,623,10400
383A.T,2540,2540,2528,2528,237
3840.T,62,63,61,61,129600
3841.T,1318,1318,1318,1318,100
3842.T,1113,1165,1102,1163,13700
3843.T,1698,1733,1698,1715,28300
3844.T,1332,1360,1324,1353,309100
3845.T,326,326,310,320,416000
3848.T,836,837,826,833,2000
3850.T,3865,3940,3815,3915,51700
3851.T,1378,1466,1377,1455,122100
3853.T,1065,1071,1050,1067,115200
3854.T,2161,2162,2128,2139,70900
3856.T,209,265,209,259,1469200
3858.T,304,310,302,304,25100
385A.T,2450,2450,2450,2450,0
3861.T,877.4,879,867.1,869.8,2036900
3863.T,1310,1327,1305,1324,408900
3864.T,1170,1197,1169,1197,90700
3865.T,907,915,906,911,181800
386A.T,1251,1253,1250,1251,7800
3877.T,2201,2228,2201,2225,22100
3878.T,819,834,819,825,15500
387A.T,919,920,912,915,1700
3880.T,983,986,978,981,220600
3891.T,5930,6320,5930,6270,105100
3892.T,1584,1593,1550,1592,1300
3895.T,463,474,463,474,10300
3896.T,415,415,411,411,3100
389A.T,2380,2380,2380,2380,0
3900.T,665,683,665,675,74700
3901.T,1505,1530,1505,1525,63800
3903.T,203,211,198,206,1285200
3904.T,419,423,414,423,11200
3905.T,1470,1523,1466,1509,985500
3907.T,1927,1995,1833,1956,168100
3908.T,354,357,354,355,1800
3909.T,185,192,185,192,8500
3910.T,284,285,284,284,5100
3911.T,177,180,176,178,69800
3912.T,1124,1136,1124,1136,4200
3913.T,1159,1160,1140,1158,1600
3914.T,2518,2660,2500,2660,34300
3915.T,2269,2309,2252,2305,53200
3916.T,940,950,938,944,66700
3917.T,484,491,482,489,12300
3918.T,1174,1184,1172,1172,1800
3920.T,998,998,998,998,600
3921.T,1610,1614,1594,1610,11600
3922.T,2211,2236,2204,2230,46400
3923.T,1104,1108.5,1078.5,1084,1141700
3925.T,1293,1312,1293,1311,21700
3926.T,470,482,461,476,42100
3927.T,895,917,887,914,31200
3928.T,239,242,236,242,5700
3929.T,242,243,240,243,13400
392A.T,267,268,266.2,266.8,32050
3930.T,770,774,768,770,8700
3931.T,1491,1502,1490,1499,1800
3932.T,3630,3730,3600,3695,127000
3933.T,546,546,545,545,700
3934.T,2274,2307,2272,2280,1300
3935.T,724,732,722,729,36500
3936.T,131,136,128,130,681100
3937.T,1190,1190,1169,1173,22200
3939.T,491,493,489,490,66100
393A.T,2000,2000,2000,2000,0
3940.T,133,135,132,133,245300
3941.T,1516.5,1525,1512.5,1523,701800
3943.T,1333,1333,1310,1322,2800
3944.T,3140,3140,3140,3140,500
3945.T,2163,2182,2158,2159,1500
3946.T,4330,4360,4325,4355,40600
3947.T,2474,2475,2452,2452,1300
3948.T,1171,1180,1171,1180,3100
394A.T,519.3,519.3,519.3,519.3,0
3950.T,1455,1471,1451,1462,53600
3951.T,913,913,905,906,19100
3953.T,780,780,778,779,600
3954.T,2932,2982,2932,2982,200
3955.T,854,869,854,861,11700
3958.T,547,548,547,548,1300
395A.T,1100,1100,1071,1080,39380
3962.T,991,995,983,994,148300
3963.T,333,336,323,327,85500
3964.T,1275,1295,1273,1288,371100
3965.T,884,887,877,885,4500
3967.T,581,582,565,566,13500
3968.T,640,649,631,647,204000
3969.T,1408,1410,1408,1410,2200
396A.T,473.6,473.6,473.5,473.5,20
3970.T,841,856,840,855,4800
3974.T,673,673,661,667,6700
3976.T,586,610,582,594,25900
3979.T,457,457,453,454,3000
3981.T,1218,1220,1215,1220,2300
3983.T,1900,1930,1900,1925,52000
3984.T,1548,1553,1537,1550,60700
3985.T,195,195,193,193,9100
3986.T,469,477,469,473,1500
3987.T,622,634,622,622,8300
3988.T,570,576,558,559,15400
3989.T,1545,1545,1544,1545,439300
398A.T,1350,1350,1350,1350,0
3991.T,955,970,955,959,1700
3992.T,473,475,471,473,29200
3993.T,3230,3265,3160,3175,177600
3994.T,6394,6417,6136,6136,414800
3996.T,199,207,199,207,36500
3997.T,398,407,396,407,68300
3998.T,292,292,288,291,3700
399A.T,2384,2384,2346,2359,23946
4004.T,13280,14100,13165,13710,2212000
4005.T,552,567.8,550.4,560.5,7589900
4008.T,1430,1454,1428,1454,154900
4011.T,2386,2386,2306,2333,23300
4012.T,1702,1721,1700,1701,1800
4013.T,639,647,635,639,24400
4014.T,478,481,457,472,52100
4015.T,512,520,505,518,15500
4016.T,1075,1083,1071,1083,2100
4017.T,212,215,211,215,2000
4019.T,625,632,611,630,28900
401A.T,95400,96300,94900,96300,799
4020.T,816,820,815,815,1500
4021.T,7792,7991,7788,7964,366300
4022.T,1782,1821,1757,1793,520300
4023.T,4365,4405,4355,4405,161000
4025.T,5420,5490,5380,5420,13700
4026.T,1530,1545,1520,1539,61300
4027.T,2286,2351,2268,2338,65300
4028.T,2865,2895,2842,2873,206600
402A.T,509,520,507,520,705100
4031.T,1074,1096,1074,1089,7800
403A.T,2415,2415,2415,2415,0
4040.T,3790,3870,3790,3830,4800
4041.T,3820,3840,3810,3830,84200
4042.T,2541,2566.5,2536.5,2561,742700
4043.T,3994,4078,3980,4044,413100
4044.T,4230,4320,4230,4285,59000
4045.T,1799,1808,1792.5,1798.5,245900
4046.T,1976,2002,1953,1992,198300
4047.T,2045,2142,2036,2135,496100
404A.T,1239,1240,1199,1199,2959
4051.T,5850,6000,5850,5900,17800
4052.T,923,1040,909,948,4445200
4053.T,494,499,466,469,385100
4054.T,523,523,519,520,7900
4055.T,1630,1633,1591,1605,26300
4056.T,207,212,206,208,122200
4057.T,347,348,347,348,1400
4058.T,2399,2408,2350,2365,15200
4059.T,396,396,396,396,100
405A.T,3500,3500,3500,3500,0
4060.T,1215,1215,1199,1204,1600
4061.T,3190,3282,3180,3245,444000
4062.T,18740,19660,18720,19115,7107000
4063.T,5722,5755,5684,5693,4637600
4064.T,3375,3485,3355,3480,54100
4068.T,1731,1774,1731,1774,1800
4069.T,644,662,641,661,4600
406A.T,5450,5450,5450,5450,0
4071.T,2125,2125,2073,2092,229600
4072.T,3105,3170,3095,3130,36900
4073.T,462,468,462,468,2600
4074.T,782,782,765,776,4600
4075.T,1205,1455,1205,1343,2007700
4076.T,1953,1989,1953,1974,1100
4078.T,3460,3610,3440,3575,200200
407A.T,949,949,926,926,11300
4082.T,2392,2462,2357,2430,279800
4088.T,2964,3025,2960,3000,538000
408A.T,271.1,273.2,270,271.3,315480
4091.T,5430,5461,5410,5442,552000
4092.T,5250,5420,5190,5370,233500
4093.T,421,422,418,421,6100
4094.T,2271,2286,2261,2281,5100
4095.T,1753,1755,1736,1745,160300
4097.T,1184,1197,1180,1194,43700
4098.T,993,1005,993,994,7700
4099.T,2068,2114,2062,2099,487500
409A.T,1167,1175,1165,1168,150600
4100.T,1558,1653,1555,1633,80000
4102.T,1443,1443,1443,1443,0
4107.T,3865,3900,3810,3890,104600
4109.T,5180,5270,5170,5230,50300
410A.T,1140,1144,1127,1130,5800
4112.T,2011,2067,2011,2048,38100
4113.T,783,794,778,788,32400
4114.T,2505,2531,2498,2521.5,661100
4116.T,1276,1290,1267,1288,90300
4118.T,5940,5981,5906,5957,158800
4119.T,6000,6100,5980,5980,1400
411A.T,370,370,370,370,0
4120.T,3000,3000,2917,2930,600
4124.T,3005,3005,2975,2975,400
4125.T,3455,3595,3455,3535,8100
412A.T,4267,4346,4259,4259,1537
413A.T,3698,3769,3691,3691,2059
414A.T,852,862,852,860,94800
4151.T,2244,2262,2232,2241,1621600
415A.T,5350,5590,5300,5580,6900
4165.T,645,662,636,656,285900
4166.T,622,626,616,619,3500
4167.T,321,332,321,327,9900
4168.T,779,790,775,790,38200
4169.T,248,250,245,250,284200
416A.T,1325,1347,1323,1347,17000
4170.T,120,122,120,120,115100
4172.T,2357,2357,2263,2300,2000
4174.T,985,1279,922,1078,2464500
4175.T,2850,2989,2831,2989,12100
4176.T,278,284,277,277,93500
4177.T,1472,1496,1472,1480,900
4178.T,526,533,526,530,2300
4179.T,343,348,327,345,38600
417A.T,1939.5,1946,1917,1918,176200
4180.T,1508,1547,1484,1532,1456700
4182.T,3623,3747,3623,3720,1151800
4183.T,2112,2143.5,2098,2119.5,1270700
4186.T,7777,8104,7772,8015,731500
4187.T,3905,4015,3905,3980,109500
4188.T,1141,1161.5,1137.5,1154,3939800
4189.T,3160,3205,3155,3185,75600
4192.T,301,306,301,304,59300
4193.T,2169,2169,2152,2161,3000
4194.T,8539,8622,8370,8600,312800
4196.T,2161,2165,1902,2140,25900
4197.T,2361,2361,2361,2361,200
4198.T,500,505,499,505,2500
4199.T,795,801,793,796,4200
419A.T,2700,2700,2700,2700,0
4202.T,1395,1408,1393,1405.5,750800
4203.T,7686,7905,7666,7804,861700
4204.T,2513,2515,2476.5,2489,911000
4205.T,2308,2347,2297.5,2345.5,781200
4206.T,4184,4184,4142,4151,146700
4208.T,3380,3435,3378,3408,544400
4212.T,2970,2981,2950,2960,58100
4216.T,5990,6080,5960,6050,47100
4218.T,1919,1934,1917,1934,19400
421A.T,3710,3850,3675,3810,53800
4220.T,2312,2347,2295,2347,85300
4221.T,5420,5440,5400,5430,19800
4222.T,662,669,640,650,347600
4224.T,2103,2128,2103,2106,1000
4228.T,561,579,559,579,126400
4229.T,4035,4130,4035,4110,9400
422A.T,2450,2450,2450,2450,0
4231.T,1018,1035,1018,1027,9200
4234.T,1002,1008,991,997,16600
4235.T,670,677,669,671,14700
4237.T,335,338,333,337,12900
4238.T,1771,1806,1746,1787,41000
423A.T,320,320,318,319,13300
4240.T,312,317,311,316,5800
4241.T,644,659,644,650,3100
4242.T,1750,1765,1745,1764,1800
4243.T,994,1010,994,1004,1200
4245.T,715,715,707,707,3500
4246.T,1071,1088,1069,1078,174600
4247.T,1406,1406,1406,1406,0
4248.T,883,883,879,881,1800
4249.T,2800,2815,2778,2797,14200
424A.T,328,332.5,325.8,328,122540
4251.T,1154,1176,1152,1176,90200
4255.T,3560,3620,3550,3570,4700
4256.T,1130,1137,1116,1132,2900
4258.T,5540,5630,5180,5260,145100
4259.T,854,896,843,883,1354800
425A.T,355.3,356.8,352.4,354,843910
4260.T,216,217,215,215,1500
4261.T,2953,2953,2941,2941,1000
4262.T,1393,1395,1391,1393,3100
4263.T,424,424,415,422,41000
4264.T,1425,1457,1419,1450,11900
4265.T,283,285,281,281,16000
426A.T,1183,1187,1183,1184,3833
4270.T,1871,1890,1871,1890,2400
4272.T,2035,2062.5,2034,2053.5,349600
4274.T,1087,1257,1080,1236,876800
4275.T,1917,2066,1909,2005,406800
4284.T,446,450,442,449,26900
4286.T,1253,1320,1253,1298,26400
4287.T,466,473,463,468,2600
4288.T,460,468,458,464,7100
428A.T,1629,1640,1618,1630,10700
4290.T,699,701,692,696,344600
4293.T,522,522,513,513,236700
4299.T,1200,1213,1200,1210,3000
429A.T,3605,3665,3565,3665,886800
4301.T,1836,1876,1836,1876,12500
4307.T,5306,5310,5128,5170,1899200
4308.T,356,356,354,354,4900
430A.T,2480,2480,2480,2480,0
4310.T,2465,2497,2465,2486,8300
4316.T,99,99,84,88,324600
4317.T,558,565,558,564,600
4318.T,843,857,843,848,62600
431A.T,2708,2767,2699,2722,12700
4320.T,1646,1648,1645,1645,201000
4323.T,1877,1929,1866,1921,35200
4324.T,3701,3718,3623,3633,1009400
4326.T,1964,1991,1964,1971,15400
432A.T,1450,1450,1450,1450,0
4331.T,743,754,743,751,50000
4334.T,386,386,377,384,7900
4335.T,1087,1087,1082,1085,1200
4337.T,2602,2625,2600,2606,14000
433A.T,710,710,710,710,0
4341.T,919,920,918,920,600
4343.T,2766,2790,2742,2742,36400
4344.T,113,113,111,112,726000
4345.T,841,846,840,844,51400
4346.T,1065,1074,1036,1055,105200
4347.T,1813,1883,1810,1843,31000
434A.T,930,930,930,930,0
4350.T,504,508,501,505,37300
4351.T,853,853,848,848,1700
4356.T,1614,1614,1614,1614,100
435A.T,2803,2804,2772,2778,110372
4360.T,947,978,945,960,4000
4361.T,1564,1589,1564,1581,2400
4362.T,2638,2645,2627,2645,16200
4365.T,25000,25000,25000,25000,200
4366.T,438,440,432,436,24100
4368.T,2836,2899,2811,2871,807900
4369.T,2824,2946,2816,2941,513500
436A.T,1320,1341,1301,1328,94200
4370.T,415,417,397,404,94900
4371.T,1454,1472,1441,1454,20100
4372.T,1315,1315,1315,1315,0
4373.T,1180,1186,1150,1162,1358600
4374.T,2481,2536,2481,2506,5500
4375.T,682,684,666,680,220300
4376.T,171,178,169,178,46900
4377.T,2296,2337,2282,2309,63800
4378.T,465,470,464,464,24500
4379.T,464,480,454,467,321200
437A.T,1024,1024,1024,1024,0
4380.T,703,703,690,699,13400
4381.T,241,242,230,235,168600
4382.T,831,867,821,836,307000
4385.T,3911,3918,3824,3867,1134700
4386.T,880,881,871,871,2000
4387.T,511,521,508,520,6300
4388.T,376,380,374,378,12400
4389.T,1038,1055,1032,1034,5000
438A.T,1058,1074,1040,1044,205600
4390.T,4025,4135,4025,4110,38800
4391.T,1136,1140,1129,1130,3100
4392.T,974,1008,963,981,1169700
4393.T,5850,5930,5790,5880,28800
4394.T,685,692,668,679,50400
4395.T,578,597,578,582,66100
4396.T,1351,1374,1341,1365,83500
4397.T,406,406,400,401,20300
4398.T,1355,1368,1312,1321,7300
439A.T,5000,5000,5000,5000,0
4401.T,4400,4474,4380,4420,236600
4403.T,2599.5,2599.5,2566.5,2584.5,1013200
4404.T,2205,2223,2198,2219,14800
4406.T,233,235,232,233,145100
4409.T,788,794,786,786,2000
4410.T,1060,1075,1056,1073,33700
4412.T,1355,1355,1334,1346,4100
4413.T,2968,2968,2965,2966,390100
4414.T,1090,1091,1073,1080,7400
4415.T,1402,1415,1380,1409,9700
4416.T,401,405,401,405,2900
4417.T,5170,5500,5110,5300,230900
4418.T,1050,1091,1033,1090,205900
4419.T,1435,1445,1384,1415,285000
441A.T,260,275,258,275,58800
4420.T,819,821,818,820,488800
4421.T,951,952,951,951,3900
4422.T,503,517,492,505,165900
4424.T,331,334,327,328,22600
4425.T,1433,1447,1404,1414,124200
4426.T,163,163,163,163,0
4427.T,242,242,235,239,14100
4428.T,709,709,709,709,300
4429.T,746,749,738,748,1800
442A.T,931,931,840,856,32500
4430.T,1762,1765,1747,1760,5900
4431.T,3765,3805,3330,3340,317100
4432.T,3310,3310,3275,3290,85000
4433.T,856,870,856,865,30200
4434.T,2391,2437,2391,2413,19000
4436.T,416,420,414,418,16600
4437.T,722,729,721,729,700
4438.T,250,251,244,246,13100
4439.T,779,801,775,801,4100
443A.T,1807,1808,1806,1806,15
4440.T,2120,2570,2093,2185,4714000
4441.T,1562,1598,1510,1514,17500
4442.T,405,405,402,402,31700
4443.T,2150,2159,2072,2080,1075500
4444.T,943,960,943,955,2700
4445.T,1946,1979,1946,1972,1700
4446.T,848,850,760,760,432000
4447.T,504,505,499,500,7000
4448.T,351,360,351,358,40700
444A.T,1945,1945,1945,1945,0
4450.T,2333,2333,2305,2320,1300
4452.T,3498,3499,3431,3443,1951800
445A.T,274,274,274,274,0
4461.T,11650,12260,11600,12020,90000
4462.T,2756,2829,2736,2809,19200
4463.T,1914,1972,1900,1970,51600
4464.T,4045,4050,4045,4045,14500
4465.T,2364,2364,2342,2354,2300
446A.T,2112,2128,2000,2099,889300
4471.T,5900,6040,5900,6010,70900
4475.T,1760,1803,1717,1739,903300
4476.T,1098,1098,1081,1081,5700
4477.T,338,339,336,339,784100
4478.T,4025,4070,3885,3930,394200
4479.T,971,985,970,982,13700
447A.T,263.9,266,263.7,264.6,69130
4480.T,2420,2428,2363,2380,262100
4481.T,3260,3280,3240,3255,30700
4482.T,744,748,742,748,5200
4483.T,3600,3625,3560,3610,198600
4484.T,298,299,297,297,7900
4486.T,672,674,664,674,7300
4487.T,231,232,228,228,3200
4488.T,2141,2149,2111,2140,5500
448A.T,258,258.6,256.9,257,20540
4490.T,650,655,638,655,3400
4491.T,3330,3330,3300,3310,3700
4492.T,397,401,393,399,8000
4493.T,2009,2019,1872,1924,614200
4495.T,2042,2061,2023,2061,5000
4496.T,783,796,775,778,6500
4498.T,1180,1185,1156,1163,98200
4499.T,2322,2325,2200,2249,141000
449A.T,801.3,803.6,799.8,801,284040
4502.T,5838,5884,5788,5847,4665400
4503.T,2312,2332,2290,2315,4661900
4506.T,1569,1597.5,1553.5,1582.5,2346500
4507.T,2914,2947.5,2899.5,2904,2690100
450A.T,783.6,784.1,782.9,782.9,230
4512.T,299,302,295,302,35500
4516.T,3415,3434,3400,3429,253600
4519.T,6510,6533,6465,6500,1907400
451A.T,286.7,287.3,286.1,286.4,24310
4521.T,3900,3920,3885,3905,86900
4523.T,4798,4817,4745,4767,864600
4524.T,2238,2246,2236,2246,1200
4526.T,3335,3335,3305,3315,70500
4527.T,2901.5,2914.5,2845,2865,696200
4528.T,2356.5,2368.5,2331,2353.5,1053900
452A.T,800,801.9,798.7,801,275440
4531.T,352,356,352,353,12300
4534.T,3225,3265,3225,3250,35100
4536.T,1755.5,1765,1734,1742,714900
4538.T,2195,2243,2195,2231,12800
4539.T,1550,1550,1543,1550,2000
453A.T,723,726.8,723,723.2,48840
4540.T,3792,3803,3758,3766,511900
4543.T,2259.5,2270.5,2242.5,2242.5,2588100
4544.T,3498,3516,3476,3516,140600
4547.T,4065,4065,4015,4015,44400
4548.T,660,675,658,672,251300
4549.T,2258,2275,2245,2260,99200
4552.T,520,522,513,516,259000
4553.T,3570,3645,3570,3625,156900
4554.T,1744,1809,1744,1802,147500
4558.T,200,201,200,201,6900
4559.T,2018,2026,2011,2014,121900
455A.T,5970,5970,5970,5970,0
4563.T,36,36,34,36,4033900
4564.T,23,23,22,23,180110600
4565.T,1222,1250,1216,1233,766000
4568.T,2862,2874,2836.5,2836.5,3673000
4569.T,1129,1132,1118,1124,196400
456A.T,1414,1489,1396,1459,779900
4570.T,1160,1169,1128,1162,137400
4571.T,100,101,97,98,379000
4572.T,429,434,427,432,88000
4574.T,253,258,252,258,58600
4575.T,745,750,727,735,81400
4576.T,67,71,66,69,2309200
4577.T,1256,1292,1256,1289,50800
4578.T,11335,11500,11265,11425,1046300
4579.T,565,573,557,568,118200
457A.T,4130,4130,4130,4130,0
4582.T,56,57,55,56,578700
4583.T,85,88,85,88,1016500
4584.T,165,168,165,165,91300
4586.T,59,61,59,61,753500
4587.T,1067.5,1070.5,1046.5,1060.5,521700
4588.T,6160,6480,5880,6390,1972900
458A.T,1387,1387,1387,1387,0
4591.T,81,81,79,79,349800
4592.T,919,926,894,906,1374900
4593.T,289,292,280,289,1206500
4594.T,59,61,58,60,1084200
4595.T,1710,1718,1706,1718,55800
4596.T,66,67,65,67,551900
4597.T,29,29,28,29,62135600
4598.T,114,119,110,111,618900
4599.T,178,180,170,180,1283900
459A.T,10045,10045,9977,9977,8
460A.T,1230,1231,1080,1190,196600
4611.T,1521,1548,1521,1548,53700
4612.T,1127,1130,1114.5,1115,2095900
4613.T,2871,2883,2847.5,2859.5,1136200
4615.T,131,132,131,131,17600
4616.T,2500,2505,2500,2505,400
4617.T,3415,3530,3385,3490,480300
4619.T,2635,2644,2588,2620,43200
461A.T,2685,2685,2637,2679,161
4620.T,959,994,959,982,79900
4623.T,1845,1865,1845,1865,1800
4624.T,4010,4010,3940,3940,300
4625.T,890,890,867,867,12800
4626.T,4724,4734,4717,4728,247300
4627.T,1904,1919,1904,1916,3100
4628.T,9810,9890,9770,9880,6100
4629.T,2613,2613,2525,2607,6700
462A.T,266,280,266,274,169200
4631.T,4596,4697,4576,4637,454000
4633.T,2546,2600,2544,2597,132700
4634.T,5020,5030,4970,4980,124300
4635.T,2044,2090,2039,2072,37100
463A.T,1007,1026,1005,1008,16200
4641.T,863,870,861,866,83300
4642.T,1401,1420,1401,1420,600
4644.T,1055,1058,1053,1058,5800
4645.T,437,438,436,438,900
464A.T,1668,1691,1626,1670,860500
4650.T,270,271,270,271,9000
4651.T,245,251,243,248,224700
4657.T,455,458,452,454,2100
4658.T,1558,1578,1547,1568,126200
465A.T,1350,1350,1333,1336,3134
4661.T,3149,3154,3053,3053,3478300
4662.T,1610,1628,1608,1621,29700
4664.T,1200,1211,1128,1139,136800
4665.T,4698,4706,4646,4646,73700
4666.T,2005,2008.5,1991.5,1996.5,592700
4667.T,3295,3415,3145,3145,267000
4668.T,761,766,752,758,63600
466A.T,1006,1007,1002,1003,19007
4671.T,2853,2886,2853,2885,5700
4673.T,4710,4840,4710,4835,900
4674.T,1818,1818,1782,1795,134300
4676.T,4145,4175,4090,4109,431900
4678.T,334,334,329,330,4100
4679.T,262,263,261,263,10800
467A.T,273,273,272.5,272.5,100
4680.T,1215.5,1223.5,1176,1182.5,1671500
4681.T,1800,1816.5,1781.5,1781.5,323600
4684.T,5170,5180,5017,5067,1549700
4685.T,2679,2696,2670,2686,16900
4686.T,4330,4335,4260,4325,104800
4687.T,1053,1063,1048,1057,34500
4689.T,568.3,569.5,559.8,564.9,16929900
468A.T,268.9,269.6,268.7,269.2,2010
4691.T,2071,2096,2062,2065,23100
4694.T,3630,3660,3610,3640,47800
469A.T,1706,1730,1706,1729,3300
4704.T,6269,6424,6220,6332,1986900
4705.T,793,795,793,795,400
4707.T,342,342,338,341,5600
4709.T,1075,1085,1072,1077,33500
470A.T,501,501,501,501,0
4712.T,811,813,810,810,2300
4714.T,213,215,211,212,821500
4716.T,9472,9472,9162,9237,197600
4718.T,2565,2565,2524,2539,28600
4719.T,3290,3290,3270,3280,7800
471A.T,1535,1545,1524,1543,236100
4720.T,243,245,242,242,2400
4722.T,2426,2427,2424,2426,812000
4725.T,1930,1934,1922,1929,22700
4728.T,649,652,647,652,3800
472A.T,549,564,548,561,243900
4732.T,1944,1945,1907.5,1907.5,1012200
4733.T,8463,8495,8266,8301,157200
4735.T,300,305,298,299,10300
4736.T,580,592,580,590,3800
473A.T,1270,1287,1269,1276,2526
4743.T,1638,1660,1631,1654,91500
4746.T,7220,7250,7180,7230,31500
4750.T,550,550,546,547,3100
4751.T,1271.5,1275,1254,1263,3327700
4752.T,1594,1595,1594,1595,1500
4754.T,1497,1500,1497,1500,1500
4755.T,739.9,741.6,731.4,733.6,10169400
475A.T,725,729,696,696,23700
4760.T,1407,1407,1397,1403,2500
4761.T,1498,1498,1475,1479,13800
4762.T,2098,2180,2098,2114,1700
4763.T,1483,1496,1481,1489,18600
4765.T,628,628,622,627,363300
4766.T,207,207,197,199,50200
4767.T,379,389,379,388,141200
4768.T,3679,3690,3593,3606,1033500
4769.T,1150,1150,1150,1150,200
476A.T,1637,1675,1637,1655,700
4771.T,2681,2762,2681,2746,17800
4772.T,71,73,70,72,113900
4776.T,3140,3150,3030,3070,194400
4777.T,199,199,196,197,41800
477A.T,865,920,865,880,39800
4783.T,2615,2665,2601,2641,12800
4784.T,538,548,521,547,1863400
478A.T,767,783,759,781,43400
4792.T,1771,1778,1768,1775,12700
479A.T,1980,2049,1956,1999,99300
4800.T,1357,1358,1357,1357,8800
4801.T,2428,2438,2424,2429,23100
4809.T,2007,2047,2007,2035,16200
480A.T,941,955,930,931,10700
4811.T,861,898,861,890,16300
4812.T,2870,2871,2861,2864,664700
4813.T,395,403,376,384,1005200
4814.T,166,166,162,162,25000
4816.T,3140,3160,3085,3135,369700
4819.T,2358,2368,2297,2301,341300
481A.T,750,750,750,750,0
4820.T,589,591,584,585,48600
4825.T,2010,2020,1986,2011,240100
4826.T,535,543,535,540,134000
4828.T,1387,1389,1353,1364,74300
4829.T,105,107,105,107,145400
4832.T,1931,1933,1912,1912,6600
4833.T,55,56,52,53,2778100
4838.T,717,737,716,719,59400
4839.T,1004,1009,1003,1006,44200
483A.T,2160,2160,2158,2158,400
4840.T,707,730,692,721,196300
4845.T,349,350,346,350,35400
4847.T,1414,1434,1412,1427,91600
4848.T,1874,1889,1869,1886,73800
4849.T,1675,1683,1647,1683,370500
484A.T,430,430,430,430,0
485A.T,2295,2410,2239,2400,18432100
486A.T,2145,2145,2130,2131,1379
4875.T,293,305,286,305,129400
487A.T,2009,2043,1990,1994,1099
4880.T,320,327,320,326,34000
4881.T,51,51,50,50,90400
4882.T,168,175,167,171,530700
4883.T,33,34,32,32,1898000
4884.T,447,447,435,440,34900
4885.T,859,860,853,853,8100
4886.T,2080,2118,2080,2110,37900
4887.T,1624,1631.5,1618.5,1625,435300
4888.T,409,409,396,402,426100
4889.T,1153,1157,1126,1148,84200
488A.T,788.3,788.3,786.3,786.3,7220
4890.T,254,271,254,268,51700
4891.T,123,125,121,125,520700
4892.T,687,695,665,670,177100
4893.T,140,141,138,139,46700
4894.T,5780,5880,5640,5740,79100
4896.T,824,824,796,813,14200
489A.T,873,873,859,859,6
4901.T,3247,3255,3222,3230,3336000
4902.T,610.4,624.9,605,623.1,3653300
490A.T,15750,15750,15750,15750,0
4911.T,3545,3559,3472,3475,2101700
4912.T,1777.5,1790.5,1753.5,1753.5,823400
4914.T,1298,1309,1290,1306,121500
4918.T,297,297,291,292,19400
4919.T,3155,3185,3155,3170,151500
491A.T,548.4,548.4,548.4,548.4,0
4920.T,1130,1130,1130,1130,100
4922.T,5754,5760,5645,5649,226600
4923.T,1222,1235,1221,1235,19400
4925.T,1735,1735,1728,1735,500
4926.T,1246,1246,1246,1246,200
4927.T,1374,1376.5,1363,1371.5,393600
4928.T,4850,4855,4810,4820,68700
4929.T,740,740,737,740,2300
492A.T,962.7,962.7,962.7,962.7,120
4931.T,2039,2056,2028,2045,78700
4932.T,813,830,813,826,7700
4933.T,1440,1681,1430,1681,143100
4934.T,612,612,586,601,31200
4935.T,191,193,189,189,129900
4936.T,312,313,305,309,95300
4937.T,2434,2434,2402,2402,1800
493A.T,997.1,997.1,997.1,997.1,20
494A.T,981.7,981.7,981.7,981.7,0
4951.T,1528,1533,1521,1531,21700
4956.T,1474,1478,1460,1472,49900
4958.T,3345,3415,3330,3395,132500
495A.T,961.1,961.1,961.1,961.1,10
4960.T,556,564,549,554,23200
4966.T,18550,19280,18500,19080,52200
4967.T,5850,5880,5772,5814,165200
4968.T,2010,2073,1982,2069,149200
496A.T,932.1,932.7,927,927,29980
4970.T,9180,9810,9050,9610,53400
4971.T,6000,6140,5970,6100,251800
4972.T,3715,3895,3715,3870,54500
4973.T,4715,4820,4700,4800,50600
4975.T,5750,5870,5730,5750,85300
4976.T,1605,1605,1566,1570,600
4977.T,1181,1190,1181,1185,23800
4978.T,138,138,136,137,100600
4979.T,2850,2919,2834,2882,12700
497A.T,10440,10440,10440,10440,450
4980.T,2822,2886.5,2814.5,2875,766500
4985.T,4720,4755,4720,4730,42300
498A.T,8595,8621,8546,8577,29
4990.T,532,532,523,525,2600
4992.T,1857,1872,1840,1855,41100
4994.T,2751,2787,2747,2776,8600
4996.T,656,664,644,660,1718100
4997.T,1149,1159,1139,1147,295400
4998.T,1157,1170,1156,1170,8600
499A.T,7981,7994,7972,7972,9
500A.T,3615,3615,3410,3545,62300
5010.T,293,295,288,292,107500
5011.T,2275,2323,2275,2323,59400
5013.T,2837,2860,2818,2836,32100
5015.T,1000,1002,998,1000,4700
5016.T,3582,3699,3572,3654,13778500
5018.T,2313,2380,2313,2374,14500
5019.T,1610.5,1626.5,1587,1601,5333900
501A.T,1750,1750,1750,1750,0
5020.T,1410,1422,1400.5,1404,8479500
5021.T,4524,4563,4470,4490,588800
5025.T,595,595,594,594,300
5026.T,600,601,594,597,5600
5027.T,778,781,767,774,177400
5028.T,353,360,353,359,5300
5029.T,921,940,921,931,4300
502A.T,901.4,901.6,901.4,901.6,31680
5031.T,407,478,405,428,6093400
5032.T,3280,3290,3175,3240,631900
5033.T,1166,1193,1166,1169,35200
5034.T,2303,2319,2252,2283,14300
5035.T,366,368,360,366,2300
5036.T,1546,1551,1530,1551,62000
5038.T,2154,2170,2101,2107,39800
503A.T,2290,2290,2290,2290,0
504A.T,585,586,557,557,48500
505A.T,1352,1411,1352,1402,35700
506A.T,1010,1010,1010,1010,0
5071.T,1437,1469,1436,1456,172500
5074.T,568,575,564,574,679200
5076.T,2822,2832,2785,2815,1305700
50765.T,4640,4640,4633,4633,4600
5078.T,4695,4745,4695,4745,400
5079.T,2612,2612,2571,2574,10000
507A.T,2156,2156,2156,2156,0
509A.T,72200,72300,71000,71000,400
5101.T,6683,6737,6641,6711,606900
5105.T,3731,3789,3672,3695,1129400
5108.T,3762,3777,3731,3740,3301600
510A.T,1712,1712,1712,1712,0
5110.T,2016,2028,1991.5,1994,1715200
511A.T,11710,11710,11710,11710,0
5121.T,2672,2756,2672,2746,110400
5122.T,6160,6240,6160,6200,13100
5125.T,478,486,475,485,4200
5126.T,1403,1403,1400,1400,1200
5129.T,263,263,257,258,82400
512A.T,1170,1170,1150,1150,643
5131.T,190,213,190,213,7330500
5132.T,1948,1978,1900,1952,27500
5133.T,284,296,284,292,56700
5134.T,462,465,461,464,3400
5136.T,2208,2379,2208,2290,457200
5137.T,315,321,307,310,432200
5138.T,460,460,460,460,200
5139.T,917,929,909,915,11900
513A.T,811,820,793,806,460173
5142.T,1720,1763,1707,1727,78400
514A.T,469,469,469,469,0
515A.T,499.9,499.9,497.6,499.1,9330
5161.T,3515,3520,3475,3485,87500
5162.T,774,793,774,781,1900
516A.T,1990,2009,1990,1991,14
517A.T,1995,1995,1985,1985,8
5184.T,4125,4145,4125,4130,6600
5185.T,1960,1975,1957,1966,27600
5186.T,6620,6640,6570,6610,33200
5187.T,1134,1142,1134,1142,1100
5189.T,3560,3560,3500,3500,800
518A.T,2105,2105,2075,2100,16435
5192.T,4255,4270,4225,4245,59200
5194.T,638,643,638,641,2000
5195.T,2442,2454,2423,2441,55900
5199.T,1988,1988,1988,1988,500
519A.T,493,496,491,494,4800
5201.T,5550,5592,5521,5528,856400
5202.T,495,496,495,495,1022000
5204.T,3060,3060,3035,3035,2100
5208.T,2500,2547,2484,2546,115500
520A.T,465,465,414,416,452800
5210.T,2864,2900,2864,2876,21100
5214.T,4709,4762,4684,4690,557100
5216.T,146,146,141,143,157000
5218.T,1532,1625,1502,1569,151300
521A.T,1947,1969,1943,1944,42052
522A.T,3020,3020,3020,3020,1000
5232.T,5611,5710,5554,5634,152600
5233.T,4100,4163,4079,4142,411900
5237.T,1225,1225,1211,1211,8700
523A.T,1769,1809,1730,1785,50600
5240.T,182,184,179,181,178600
5242.T,2561,2595,2518,2595,5900
5243.T,2931,3085,2854,3010,248600
5244.T,178,180,176,177,176000
5246.T,821,821,804,807,231400
5247.T,554,554,547,547,300
5248.T,508,519,497,519,32800
5249.T,1253,1253,1253,1253,0
524A.T,1988,1988,1988,1988,0
5250.T,1200,1200,1176,1189,1800
5252.T,920,924,905,920,15900
5253.T,1651,1664,1607,1634,847600
5254.T,4140,4250,4140,4220,13200
5255.T,85,88,84,88,180300
5256.T,2754,2775,2732,2732,1600
5257.T,2894,2899,2894,2898,700
5258.T,429,439,427,436,60200
525A.T,1663,1663,1663,1663,0
5261.T,7700,7710,7590,7590,3500
5262.T,1147,1157,1138,1151,201900
5268.T,861,862,859,862,2300
5269.T,361,366,361,363,104700
526A.T,2345,2345,2245,2339,232
5271.T,2185,2195,2185,2195,400
5273.T,2094,2094,2054,2054,40000
5279.T,1203,1203,1198,1199,700
527A.T,1673,1673,1673,1673,0
5280.T,2200,2202,2183,2192,6700
5282.T,406,409,406,406,10900
5283.T,3080,3175,3080,3175,800
5284.T,2220,2220,2200,2214,6400
5285.T,1343,1355,1337,1349,28000
5287.T,916,922,889,907,30400
5288.T,1451,1454,1440,1445,129300
528A.T,1080,1080,1080,1080,0
5290.T,1222,1250,1222,1243,68500
5301.T,1940,2089,1925,1977,3656600
5302.T,5040,5070,4960,5060,37700
5304.T,2499,2499,2465,2465,23200
530A.T,1779,1781,1777,1781,35
5310.T,6630,7130,6600,7000,127100
531A.T,2365,2365,2308,2308,128
532A.T,2310,2310,2301,2310,221
5331.T,3450,3550,3435,3505,116400
5332.T,5610,5701,5594,5656,1085000
5333.T,4970,5125,4964,5070,1138100
5334.T,7150,7278,7094,7262,896100
5337.T,825,832,821,829,6300
533A.T,2214,2217,2214,2217,19
5341.T,137,138,137,137,20900
5344.T,51990,54400,51990,53750,67800
534A.T,2292,2292,2292,2292,5
5351.T,2044,2053,2029,2029,50900
5355.T,660,661,659,660,2600
5356.T,1234,1254,1233,1243,5100
5357.T,1733,1737,1723,1734,23600
535A.T,2069,2069,2068,2068,100
5363.T,677,682,677,680,45300
5367.T,1338,1426,1323,1415,168100
5368.T,1005,1010,998,998,7900
536A.T,2227,2227,2177,2177,108
537A.T,1113,1113,1092,1092,112
5380.T,1610,1699,1323,1346,21500
5381.T,888,920,885,898,168100
5384.T,3145,3265,3135,3225,299700
5388.T,1345,1360,1345,1360,6000
538A.T,4678,4678,4663,4663,21
5391.T,1493,1512,1488,1510,6000
5393.T,3241,3291,3234,3282,581400
539A.T,4751,4751,4751,4751,60
5401.T,681.5,684,675.1,678,21338500
5406.T,2036,2037.5,2019,2020,1121700
5408.T,636,647,636,646,139100
540A.T,2123,2123,2061,2089,35122
5410.T,3055,3060,3010,3025,89600
5411.T,1830,1839.5,1821,1826.5,3549300
541A.T,1124.5,1124.5,1104,1104,360
5423.T,1749,1775,1742,1753,487400
542A.T,1016,1048,1016,1038,3000
543A.T,273,274,266,271,20202200
5440.T,1972,1988,1971,1988,80200
5444.T,12180,12210,12030,12110,124100
5445.T,2039,2057,2033,2047,51600
5446.T,1087,1100,1076,1078,136000
5449.T,2582,2595,2551,2551,21600
544A.T,331,333,327,332,285300
5451.T,1418,1422,1413,1420,218800
5458.T,1301,1320,1301,1320,400
545A.T,999,999,992,998,44800
5461.T,2168,2190,2164,2176,63500
5463.T,1719.5,1725.5,1708,1715.5,721000
5464.T,928,934,923,933,16900
546A.T,2300,2396,2286,2370,168300
5471.T,2266,2345.5,2249,2331.5,752500
547A.T,437,438,431,434,982900
5480.T,5300,5380,5300,5360,43400
5482.T,3145,3165,3125,3150,99500
5484.T,4445,4445,4445,4445,100
548A.T,953,962,950,959,17600
5491.T,914,933,910,929,79200
549A.T,497,501,465,475,508600
550A.T,2170,2170,2158,2170,1500
551A.T,811,811,811,811,0
5527.T,736,739,732,732,9700
552A.T,2331,2339,2274,2339,7069
5532.T,3535,3535,3445,3475,9400
5533.T,2157,2157,2105,2105,1900
5534.T,850,850,850,850,0
5535.T,283,291,283,286,111800
5537.T,3175,3270,3155,3230,36600
5541.T,2660,2668,2626,2640,123900
5542.T,886,895,885,889,5800
554A.T,1501,1559,1500,1533,9600
555A.T,2000,2000,2000,2000,0
5563.T,412,422,410,419,415300
556A.T,2359,2450,2259,2359,158400
5570.T,627,629,623,623,4100
5571.T,1014,1014,1014,1014,0
5572.T,2999,3000,2755,2856,186200
5574.T,2863,2944,2840,2915,63600
5575.T,1096,1169,1094,1157,5400
5576.T,3020,3020,2997,2997,500
5578.T,898,908,894,900,14900
557A.T,2150,2150,2150,2150,0
5580.T,1546,1591,1460,1524,2200
5581.T,193,193,193,193,0
5582.T,2053,2118,2053,2072,16200
5586.T,932,937,920,922,37100
5587.T,800,811,767,790,64400
5588.T,843,858,832,856,19500
5589.T,2849,2893,2843,2885,1500
558A.T,5890,5890,5640,5750,11500
5590.T,726,736,718,733,77600
5591.T,862,871,854,870,5500
5592.T,2732,2739,2694,2694,16500
5597.T,1330,1330,1295,1318,38000
5598.T,3200,3200,3200,3200,0
5599.T,1049,1078,1041,1054,17700
559A.T,1198,1198,1168,1168,16500
5602.T,1617,1635,1614,1626,218500
5603.T,1330,1335,1310,1310,2600
5609.T,907,910,906,906,2400
560A.T,1123,1123,1123,1123,0
5612.T,1583,1584,1565,1570,4600
5616.T,652,652,635,649,2400
5618.T,281,283,281,283,400
5619.T,854,854,854,854,0
561A.T,5000,5000,5000,5000,0
5620.T,2200,2200,2200,2200,0
5621.T,1598,1622,1558,1583,30900
5622.T,1200,1200,1200,1200,0
562A.T,1000,1000,1000,1000,0
5631.T,7147,7401,6989,7189,1311900
5632.T,2326,2464,2320,2446,214400
563A.T,997,1002,995,998,902014
5644.T,7250,7300,7230,7230,4600
564A.T,1063,1063,1059,1060,103
5658.T,403,403,400,403,7400
5659.T,1340,1362,1340,1356,28000
565A.T,961,961,961,961,0
566A.T,2307,2307,2282,2288,190
567A.T,3000,3000,3000,3000,0
568A.T,160.1,161.1,159.3,159.6,64740
5695.T,3000,3000,3000,3000,0
5697.T,814,814,804,814,600
5698.T,720,739,718,735,108900
5699.T,1624,1624,1600,1624,2400
569A.T,171,172.8,169.6,171.7,25410
5702.T,1708,1746,1700,1735,161100
5703.T,2900,2929,2892,2914,188600
5704.T,396,396,386,388,11000
5706.T,22550,23310,22380,22805,1116200
5707.T,941,958,935,947,308100
570A.T,901.1,901.8,901.1,901.3,7390
5711.T,4921,5028,4892,4951,1497600
5713.T,9394,9614,9386,9461,1556500
5714.T,8750,8956,8746,8921,324300
5715.T,3955,4010,3910,3955,193200
571A.T,500.1,500.1,498.8,498.8,830
5721.T,54,55,53,53,399000
5724.T,3015,3140,3000,3090,40800
5726.T,2435,2435,2330,2404,1416000
5729.T,1690,1690,1661,1687,8900
572A.T,496.9,496.9,495.8,495.8,6000
573A.T,490,490.1,485,485,320590
5741.T,2180,2218,2176,2194,600400
5742.T,754,756,745,756,800
574A.T,887,887,887,887,0
5753.T,2495,2539,2464,2521,4300
5757.T,4765,4940,4765,4895,8500
575A.T,1899,1922,1896,1922,77900
576A.T,846,853,844,848,43394
577A.T,242.8,242.8,238.8,240.6,13970
578A.T,245.9,245.9,242.1,243.4,31000
579A.T,1010,1010,987,1000,3610
5801.T,3721,3828,3661,3719,22958800
5802.T,1964.5,2042.5,1961,1995,18106900
5803.T,4700,4838,4665,4744,31474800
5805.T,12700,13220,12610,12920,260100
580A.T,961,988,954,988,15483
5816.T,1439,1445,1431,1431,9600
5817.T,1068,1068,1045,1061,14500
5819.T,1733,1740,1733,1738,2300
581A.T,3520,3560,3330,3430,6148100
5820.T,826,848,815,848,42700
5821.T,2994,3105,2991,3105,38600
5830.T,3882,3909,3800,3829,689800
5831.T,3593,3602,3474,3513,1416200
5832.T,3615,3655,3569,3590,317300
5834.T,2785,2820,2770,2802,23100
5838.T,6525,6529,6381,6383,636200
583A.T,2000,2000,2000,2000,0
5840.T,505,505,505,505,0
5842.T,2974,2992,2920,2940,85000
5843.T,2318,2327,2308,2324,3500
5844.T,4872,4899,4795,4815,512900
5845.T,1201,1210,1195,1210,15300
584A.T,2500,2568,2497,2509,57600
5851.T,2646,2689,2625,2669,98300
5852.T,670,670,663,664,90900
5857.T,3540,3585,3510,3565,303300
5858.T,1177,1177,1164,1164,1700
585A.T,1061,1061,1052,1052,34
5866.T,300,300,300,300,0
5867.T,1328,1328,1300,1300,700
5868.T,1060,1064,1050,1058,7800
5869.T,1251,1259,1251,1254,1700
586A.T,254.8,255,250,250,176120
5870.T,880,897,880,894,3200
5871.T,1414,1414,1383,1396,8700
587A.T,109650,110000,109450,109700,224
5884.T,603,616,601,601,16500
5885.T,3060,3110,3000,3085,27700
5888.T,2800,2800,2709,2769,15900
5889.T,2301,2374,2283,2302,323100
5890.T,3500,3500,3500,3500,0
5891.T,1710,1710,1688,1688,4400
5892.T,2690,2751,2640,2741,62600
5893.T,510,510,510,510,0
589A.T,1440,1441,1376,1377,37500
5900.T,915,915,892,907,1800
5901.T,4502,4552,4485,4515,327400
5902.T,2695,2743,2676,2742,15600
5905.T,1389,1389,1363,1365,300
5906.T,770,774,770,773,1600
5909.T,945,961,945,960,12500
590A.T,1291,1302,1271,1283,117500
5911.T,2969,2981,2959,2966,58900
5915.T,2413,2443,2390,2413,2400
5918.T,8000,8000,8000,8000,0
591A.T,255,255,255,255,0
5921.T,4460,4460,4450,4450,500
5922.T,20100,20190,19910,19910,500
5923.T,1180,1186,1180,1186,300
5928.T,287,291,287,290,1200
5929.T,3464,3474,3438,3445,417400
5930.T,1899,1903,1883,1884,77200
5932.T,650,655,648,653,59700
5933.T,1106,1119,1106,1117,22300
5936.T,911,915,908,915,700
5938.T,1746,1747,1730,1737,1340400
5939.T,4695,4695,4665,4695,11100
593A.T,2111,2207,2045,2045,5920300
5940.T,750,751,740,748,12900
5941.T,2701,2701,2690,2696,3200
5942.T,638,638,631,638,32300
5943.T,2256,2260,2224,2227,94100
5945.T,2247,2250,2231,2250,1100
5946.T,1993,2010,1993,2001,39400
5947.T,3520,3521,3456,3461,230200
5949.T,1296,1316,1295,1314,102500
594A.T,430,430,430,430,0
5950.T,151,153,151,151,7700
5951.T,1138,1138,1120,1137,2700
5952.T,189,192,189,192,4000
5955.T,81,82,80,81,861500
5956.T,579,585,579,581,3700
5957.T,746,757,746,750,57500
5958.T,4355,4405,4355,4400,900
5959.T,933,942,933,940,47700
595A.T,452,452,452,452,0
5962.T,2078,2110,2078,2110,800
5965.T,1201,1218,1190,1190,15500
5966.T,2700,2705,2650,2705,500
5967.T,450,451,443,443,8800
5969.T,1184,1184,1184,1184,0
5970.T,2211,2225,2208,2220,66200
5971.T,8690,8690,8590,8660,3200
5973.T,619,619,609,612,2200
5974.T,841,843,841,841,300
5975.T,3230,3270,3230,3260,58400
5976.T,1459,1475,1459,1469,68000
597A.T,1000,1000,1000,1000,0
5981.T,1824,1866,1809,1849,102800
5982.T,4145,4145,4125,4125,1100
5983.T,14130,14130,14130,14130,0
5984.T,770,775,770,771,3000
5985.T,1986,2053,1973,2031,369600
5986.T,256,259,256,258,21500
5987.T,1605,1645,1605,1645,900
5988.T,1690,1702,1688,1697,60000
5989.T,1440,1472,1440,1468,128800
598A.T,1442,1471,1425,1446,48400
5990.T,1947,1948,1942,1942,700
5991.T,3229,3285,3202,3249,528300
5992.T,3675,3700,3670,3695,10600
5994.T,1010,1015,1010,1011,500
5997.T,885,916,877,907,17500
5998.T,2667,2840,2650,2794,17000
599A.T,300,300,300,300,0
6005.T,3075,3095,3062,3085,316800
600A.T,1867,1867,1842,1844,52
6013.T,2950,3010,2935,3000,268100
6016.T,11300,11630,10980,11480,162400
6018.T,5780,5940,5780,5840,500
601A.T,378,378,378,378,0
6022.T,2891,2891,2884,2884,400
6023.T,3185,3230,3145,3205,111400
6027.T,5940,6070,5600,5640,288100
6029.T,191,197,187,191,49000
602A.T,560,560,560,560,0
6030.T,1780,1830,1741,1830,19300
6031.T,274,283,272,277,34500
6033.T,1769,1790,1746,1760,31300
6034.T,612,612,578,588,7000
6035.T,707,722,707,717,15000
6036.T,3630,3640,3555,3590,87600
6037.T,1030,1070,1020,1069,191000
6038.T,836,836,826,830,2500
6039.T,1012,1012,1001,1011,14300
603A.T,885,896,845,862,1292600
6040.T,457,467,457,463,17200
6042.T,3855,3855,3855,3855,200
6044.T,1857,1869,1850,1851,8500
6045.T,2077,2112,2060,2110,18500
6046.T,153,153,151,151,14600
6047.T,387,394,385,391,72800
6049.T,256,256,252,252,3700
604A.T,1504,1565,1504,1565,491200
6050.T,1784,1807,1784,1807,13700
6054.T,110,111,109,111,5300
6055.T,1988,2145,1982,2117,707500
6058.T,1959,2013,1948,1972,445100
6059.T,369,369,365,369,4700
605A.T,191.5,194,191.5,193,20850
6061.T,3085,3140,3045,3045,5100
6062.T,1433,1440,1411,1424,66700
6063.T,1007,1007,1007,1007,500
6069.T,673,679,670,670,9000
606A.T,19955,20095,19555,19900,2725
6070.T,2509,2545,2507,2529,25800
6071.T,880,899,880,898,237200
6072.T,1119,1120,1077,1094,564200
6073.T,1545,1549,1530,1530,13500
6074.T,517,517,515,515,500
6078.T,1538,1557,1533,1557,20300
607A.T,240,250,236,246,593600
6080.T,4070,4240,4050,4225,141700
6081.T,143,146,136,144,733700
6082.T,990,995,988,995,13200
6083.T,1576,1606,1565,1590,35300
6085.T,139,139,120,121,7085100
6086.T,1010,1017,1000,1010,26800
6087.T,3550,3565,3550,3565,1400
6088.T,573,575,570,572,224600
6089.T,1149,1156,1144,1152,23500
608A.T,1475,1475,1450,1459,2117
6090.T,604,608,601,604,4900
6091.T,948,955,931,955,50100
6092.T,807,812,801,801,9800
6093.T,156,161,156,161,58900
6094.T,520,531,520,525,16100
6098.T,17000,17000,16605,16845,4507600
6099.T,713,724,713,720,54400
609A.T,1094,1094,1076,1076,13281
6101.T,4740,4890,4720,4805,207000
6103.T,4315,4400,4285,4320,262900
6104.T,4230,4330,4205,4280,152200
610A.T,1007,1007,998,1003,18759
6113.T,2277.5,2352,2271.5,2326.5,2585600
6118.T,1239,1258,1231,1241,267200
611A.T,985,985,981.5,981.5,220
6125.T,4490,4565,4415,4550,26900
612A.T,10040,10040,10040,10040,0
6134.T,6601,6860,6595,6766,490600
6135.T,14840,15040,14830,14930,89000
6136.T,3400,3459,3370,3433,240600
6137.T,1488,1522,1488,1511,16400
6138.T,1911,2000,1900,1965,12100
613A.T,1914,1914,1914,1914,57
6140.T,1085,1109,1078,1096,340600
6141.T,2711,2775,2709,2759,868000
6143.T,1577,1641,1576,1623,305700
6144.T,2815,2831,2798,2799,4000
6145.T,2405,2509,2391,2493,85300
6146.T,50160,51880,50150,51400,992600
6147.T,185,193,185,190,12500
6149.T,2160,2190,2155,2190,2300
614A.T,1468,1468,1468,1468,0
6150.T,2792,2793,2788,2790,1100
6151.T,1694,1711,1694,1708,19600
6155.T,536,539,536,539,600
6156.T,1858,1858,1818,1843,5300
6157.T,811,823,807,819,40300
6158.T,1028,1038,1027,1038,2700
6159.T,2246,2246,1996,2037,10700
615A.T,305,305,305,305,0
6161.T,1031,1049,1031,1035,4500
6165.T,528,533,526,533,30700
6166.T,642,658,642,658,56000
6167.T,958,991,957,977,47000
616A.T,568,568,568,568,0
6171.T,372,373,370,371,24400
6176.T,1074,1074,1056,1059,115000
6177.T,83,85,83,85,58400
6178.T,2520.5,2520.5,2472,2480.5,3946500
617A.T,2679,2679,2679,2679,0
6180.T,3865,3865,3805,3805,1000
6181.T,89,92,89,90,32400
6182.T,506,516,505,514,12600
6183.T,1365,1380,1354,1374,258300
6184.T,610,623,609,619,279800
6185.T,362,365,361,364,4900
6186.T,371,375,371,373,1300
6189.T,1015,1018,1008,1014,5600
6190.T,308,314,298,302,15600
6191.T,1695,1744,1622,1640,2454500
6193.T,1169,1199,1160,1199,11500
6194.T,865,875,863,868,121100
6195.T,201,203,200,201,22800
6196.T,1416,1417,1403,1411,249200
6198.T,200,202,198,200,6200
6199.T,1438,1469,1424,1454,27300
6200.T,724,728,719,722,263700
6203.T,2337,2722,2208,2476,20482200
6208.T,1719,2010,1687,1847,899000
6209.T,3815,3850,3805,3825,39100
6217.T,741,785,739,763,61200
6218.T,652,652,648,648,2700
6222.T,928,943,928,937,107400
6223.T,1934,1939,1919,1920,22500
6224.T,1202,1216,1198,1214,13900
6226.T,2231,2245,2199,2200,86100
6227.T,5300,5450,5230,5290,1341700
6228.T,517,526,517,517,7300
6229.T,1451,1470,1441,1453,11800
6230.T,2182,2182,2180,2180,200
6231.T,11700,12010,11700,11750,9600
6232.T,1251,1251,1205,1229,743200
6233.T,405,405,401,402,5500
6235.T,2276,2377,2276,2364,230300
6237.T,3870,3890,3830,3865,36400
6238.T,1468,1477,1445,1459,87400
6239.T,1420,1420,1400,1405,900
6240.T,516,520,513,513,376300
6245.T,1765,1800,1758,1799,52200
6246.T,1813,1837,1813,1823,6300
6247.T,1628,1722,1627,1715,79900
6248.T,1736,1751,1718,1718,700
6249.T,2850,2885,2850,2885,3500
6250.T,4370,4400,4305,4330,88300
6254.T,3155,3245,3130,3235,470000
6255.T,667,688,661,683,155800
6257.T,1013,1019,1013,1019,5600
6258.T,3380,3565,3365,3490,257200
6262.T,528,530,522,530,54500
6264.T,1751,1828,1745,1817,419600
6265.T,3085,3085,3035,3035,800
6266.T,3220,3375,3220,3360,155300
6267.T,3970,4000,3970,4000,800
6268.T,4342,4474,4342,4437,630100
6269.T,8902,9138,8890,9076,504400
6272.T,1506,1527,1504,1519,47900
6273.T,66050,67440,66030,66880,304500
6276.T,367,372,364,364,19100
6277.T,5700,5790,5610,5780,36000
6278.T,12520,12790,12450,12780,184700
6279.T,905,923,905,919,12600
6282.T,2875,2897,2871,2880,79200
6284.T,8540,8540,8340,8380,20800
6286.T,1469,1479,1468,1479,1400
6287.T,2669,2681,2656,2661,97000
6289.T,1875,1884,1860,1879,33100
6291.T,1296,1323,1295,1323,14400
6292.T,832,832,832,832,300
6294.T,1965,1965,1948,1951,18000
6298.T,1212,1240,1203,1228,94600
6301.T,7070,7150,7039,7060,2389900
6302.T,5507,5610,5475,5569,414700
6305.T,5651,5672,5586,5624,754100
6306.T,996,1001,993,998,55400
6307.T,472,472,466,468,1000
6309.T,1967,1996,1932,1963,279800
6310.T,1860,1903,1847,1877,73300
6315.T,2050,2148,2044,2132,2074000
6316.T,3015,3060,3005,3005,8500
6317.T,2457,2457,2295,2443,730700
6322.T,1585,1600,1583,1600,2700
6323.T,3314,3473,3306,3464,1070500
6324.T,5730,6000,5700,5850,658900
6325.T,417,418,417,417,4100
6326.T,2743.5,2799.5,2739,2767,3191100
6327.T,2774,2880,2722,2832,227400
6328.T,2319,2330,2300,2330,48100
6330.T,2616,2760,2588,2694,7056300
6331.T,3245,3275,3205,3255,88600
6332.T,2655,2686,2645,2652,143000
6333.T,3455,3485,3445,3450,26900
6334.T,492,492,481,481,400
6335.T,577,598,575,594,23000
6336.T,1415,1435,1385,1403,117700
6337.T,3165,3265,3095,3200,34400
6338.T,1580,1623,1580,1613,5300
6339.T,1146,1178,1146,1173,169600
6340.T,5150,5230,5130,5150,39700
6342.T,2922,2922,2922,2922,200
6343.T,147,148,146,147,47500
6345.T,1448,1453,1440,1443,91200
6346.T,5600,5660,5600,5630,800
6347.T,243,247,243,246,2700
6349.T,1943,1955,1936,1949,88700
6351.T,2511,2532,2468,2488,42600
6356.T,1473,1699,1403,1444,10591600
6357.T,2628,2704,2628,2638,21100
6358.T,2146,2168,2146,2161,8200
6360.T,4690,4735,4690,4735,1100
6361.T,4180,4296,4136,4258,1837300
6363.T,2792,2847,2772,2824,132000
6364.T,2451,2487,2449,2463,49600
6365.T,5570,5570,5500,5500,400
6366.T,685,691,679,683,1715300
6367.T,20650,20740,20400,20415,855300
6368.T,11575,11800,11555,11695,373400
6369.T,2341,2394,2335,2379,83600
6370.T,7355,7450,7337,7412,555300
6371.T,2675,2688,2659,2669,126600
6376.T,3170,3280,3150,3230,438600
6378.T,1170,1183,1150,1163,314500
6379.T,2942,2953,2919,2919,132200
6380.T,3855,3935,3825,3840,17800
6381.T,1888,1893,1880,1888,43700
6382.T,1226,1226,1219,1224,4700
6383.T,5360,5445,5330,5368,989400
6384.T,1690,1713,1690,1713,5400
6387.T,7420,7800,7300,7670,451300
6390.T,1335,1338,1328,1338,33300
6391.T,4625,4700,4625,4700,700
6392.T,7940,7940,7940,7940,100
6393.T,3040,3050,3015,3025,1300
6395.T,1340,1358,1318,1343,286700
6396.T,4565,4565,4565,4565,0
6400.T,290,290,286,288,14500
6402.T,1593,1607,1586,1607,2900
6405.T,1229,1229,1190,1207,10200
6407.T,4855,5060,4785,4975,535600
6408.T,4250,4250,4245,4245,700
6412.T,2237,2241,2211,2215,297100
6413.T,1033,1050,1033,1050,41000
6417.T,2122.5,2137,2110.5,2117.5,751300
6418.T,1218,1239,1213,1236,85000
6419.T,3240,3245,3205,3205,62500
6420.T,3425,3445,3420,3430,30500
6424.T,880,886,880,886,1300
6425.T,741,752,735,742,194000
6428.T,328,328,325,326,2900
6430.T,2459,2499,2459,2499,37800
6432.T,7180,7220,7080,7180,140100
6433.T,1174,1229,1168,1169,79400
6436.T,3908,3915,3886,3902,164400
6440.T,702,729,698,723,212400
6444.T,176,179,175,177,72200
6445.T,1336,1353,1330,1349,18200
6448.T,4385,4471,4371,4471,1182300
6454.T,1919,1939,1904,1926,353600
6455.T,2522,2531,2491,2498,71900
6457.T,4401,4440,4375,4421,132100
6458.T,1223,1230,1220,1220,173900
6459.T,1616,1637,1616,1630,48700
6460.T,3410,3422,3300,3322,1163000
6463.T,1517,1539,1517,1533,72400
6464.T,335,342,332,338,224200
6465.T,5395,5401,5277,5297,310600
6466.T,4215,4285,3900,3920,97100
6467.T,343,344,339,341,5200
6469.T,2671,2789,2640,2739,51600
6470.T,1054,1076,1053,1070,24400
6471.T,1040.5,1059,1036.5,1045,2684300
6472.T,371.9,377.1,368.2,373.7,1872700
6473.T,1999,2032,1989,2008.5,897000
6474.T,5170,5260,5130,5200,44800
6479.T,3344,3468,3328,3419,2958600
6480.T,1565,1645,1561,1613,499900
6481.T,5779,6010,5754,5918,661400
6482.T,691,702,690,697,49500
6484.T,2267,2279,2240,2279,2700
6485.T,1625,1633,1622,1625,16100
6486.T,2971,3000,2959,2961,79200
6488.T,1043,1055,1043,1055,2100
6490.T,8800,9090,8800,9030,59400
6492.T,15620,16780,14630,14640,66500
6493.T,488,502,488,494,137900
6494.T,98,99,97,98,248500
6495.T,110,112,108,109,365000
6496.T,5500,5500,5420,5480,2500
6497.T,1406,1454,1400,1449,10800
6498.T,1898,1944,1896,1924,196200
6501.T,5281,5301,5196,5221,8785600
6503.T,5022,5134,5006,5100,6786200
6504.T,12395,12705,12395,12475,520500
6505.T,2381,2387,2359,2359,22200
6506.T,4244,4360,4220,4296,3038200
6507.T,11000,11750,11000,11620,190600
6508.T,10260,10530,10180,10400,142500
6513.T,1294,1299,1277,1277,12400
6516.T,5050,5170,5050,5160,108000
6517.T,3970,3995,3905,3915,47100
6518.T,1619,1682,1611,1635,18900
6521.T,2992,3075,2961,3075,108800
6522.T,1456,1480,1417,1425,773800
6523.T,1278,1310,1276,1301,723200
6524.T,4600,4855,4560,4795,236700
6525.T,7850,8443,7842,8228,7817400
6526.T,1819.5,1921,1816.5,1893,5126400
6532.T,7839,7859,7616,7710,981200
6533.T,1130,1149,1130,1149,13400
6535.T,500,505,496,503,203300
6537.T,292,295,292,295,4000
6538.T,248,252,247,252,30500
6539.T,992,1001,992,1000,25400
6540.T,1489,1507,1488,1493,18700
6543.T,1188,1202,1188,1189,1200
6544.T,1519,1526,1500.5,1515,710600
6545.T,795,800,783,783,9400
6546.T,1174,1174,1170,1172,300
6547.T,2131,2165,2130,2143,35700
6548.T,132,132,127,128,48700
6549.T,1112,1120,1105,1106,4500
6551.T,620,623,616,620,11000
6552.T,170,171,170,171,1600
6554.T,1112,1125,1110,1112,10600
6555.T,428,428,428,428,400
6557.T,752,756,746,748,5100
6558.T,670,670,670,670,0
6560.T,1790,1809,1789,1800,12200
6561.T,805,814,805,814,4700
6562.T,989,1006,987,1006,31300
6563.T,460,500,450,466,93300
6564.T,1965,2025,1960,1993,50500
6566.T,1255,1255,1251,1252,400
6568.T,1216,1239,1216,1229,7400
6570.T,3430,3660,3320,3425,37900
6571.T,1268,1276,1265,1276,29400
6572.T,264,269,263,267,94700
6573.T,28,28,27,28,107100
6574.T,115,116,113,114,286900
6577.T,1390,1400,1377,1393,13000
6578.T,456,460,455,458,2700
6579.T,351,352,351,352,500
6580.T,888,888,860,865,8100
6584.T,771,773,763,766,305200
6586.T,5248,5278,5222,5252,559800
6588.T,2816,2865,2796,2854,141100
6590.T,3535,3710,3515,3700,1003800
6592.T,1655,1675,1649.5,1656.5,967300
6594.T,2625,2671,2611,2642,1667800
6596.T,990,990,990,990,0
6597.T,3435,3540,3400,3540,26000
6599.T,3710,3850,3650,3850,4300
6612.T,588,591,587,589,1600
6613.T,1931,2029,1928,1995,1273900
6614.T,866,872,857,869,3500
6615.T,240,242,239,240,25500
6616.T,1742,1805,1742,1781,56600
6617.T,6400,6610,6400,6560,53000
6619.T,143,145,138,139,4263800
6620.T,676,688,673,684,27200
6622.T,11650,12040,11650,11830,163100
6625.T,368,370,366,366,129400
6626.T,2389,2398,2347,2377,9500
6627.T,10070,10490,10040,10120,113300
6629.T,968,980,955,966,82700
6630.T,782,793,782,784,71600
6632.T,982.2,996,981,985.8,1272100
6633.T,317,318,315,318,7700
6634.T,69,71,69,71,70900
6635.T,668,682,668,675,33500
6637.T,4175,4175,4050,4115,20200
6638.T,1900,1955,1885,1955,98600
6643.T,5480,5550,5360,5390,4000
6644.T,1435,1460,1432,1453,256200
6645.T,5881,6000,5862,5909,1030800
6647.T,3595,3595,3550,3550,500
6648.T,1608,1640,1608,1624,35700
6651.T,4290,4350,4290,4320,48900
6652.T,3550,3615,3545,3585,56900
6653.T,2031,2061,2015,2061,66100
6654.T,1072,1075,1072,1075,1400
6656.T,748,770,743,746,35300
6658.T,450,454,448,453,24100
6659.T,50,50,46,46,4657200
6662.T,226,226,223,223,40500
6663.T,305,307,304,305,12700
6664.T,267,267,260,265,1700
6666.T,782,810,777,797,46500
6668.T,3530,3810,3450,3780,131300
6674.T,5080,5282,5071,5227,1174000
6675.T,2135,2170,2135,2165,27100
6676.T,3115,3160,3090,3140,45600
6677.T,3195,3220,3185,3200,36900
6678.T,2039,2057,2030,2057,11000
6694.T,831,847,828,847,3200
6696.T,313,313,308,313,13700
6699.T,493,498,492,497,37100
6701.T,4984,5008,4757,4795,7048100
6702.T,4069,4075,3932,3945,11226000
6703.T,2566,2613,2541,2601,424400
6706.T,3275,3320,3275,3275,20900
6707.T,6471,6680,6470,6646,131800
6718.T,2825,2839,2822,2832,11800
6721.T,72,77,72,77,813400
6723.T,3081,3216,3081,3155,7596000
6724.T,3067,3109,3050,3096,870200
6727.T,821,826,811,826,525700
6728.T,6730,7007,6730,6942,583200
6730.T,1132,1174,1132,1172,78900
6731.T,99,101,99,100,56300
6736.T,10320,10360,9810,10130,60900
6737.T,3050,3120,3050,3095,178600
6740.T,47,47,46,46,2233500
6741.T,1749,1771,1741,1771,129200
6742.T,980,1014,968,1011,266600
6743.T,1021,1050,1018,1040,21100
6744.T,3985,4030,3980,4015,55600
6745.T,1880,1894,1856,1866,106200
6748.T,746,757,742,754,5000
6750.T,2005,2015,1985,2004,128900
6752.T,4101,4268,4100,4205,7495300
6753.T,697,700.7,667,670.8,6661000
6754.T,3050,3138,3050,3115,715400
6757.T,893,893,882,889,6900
6758.T,3830,3834,3719,3725,11470100
6762.T,2766.5,2856,2760.5,2833.5,5913000
6763.T,2735,2781,2728,2768,8300
6768.T,809,817,798,806,525000
6769.T,1082,1116,1073,1113,38700
6770.T,2220.5,2237,2201,2212.5,1398700
6771.T,665,666,661,661,2900
6772.T,1030,1047,1029,1029,500
6775.T,124,127,124,124,35700
6776.T,283,285,280,285,7400
6777.T,18270,19200,18200,18950,104600
6778.T,624,628,620,623,11900
6779.T,2785,3065,2785,3040,1360500
6785.T,3045,3095,3015,3030,43900
6786.T,48,49,48,49,9700
6787.T,19500,21600,19150,20850,1022400
6788.T,4995,5050,4995,5020,4900
6794.T,2985,3100,2985,3065,132400
6797.T,1208,1214,1207,1207,4800
6798.T,3205,3265,3160,3245,10900
6800.T,3945,4110,3900,4100,186600
6803.T,100,100,98,99,456200
6804.T,2490,2529,2486,2503,237100
6806.T,23690,24120,23685,23900,105400
6807.T,2491,2511,2476,2501,171800
6809.T,1735,1758,1732,1753,72500
6810.T,2479,2523,2457,2507,124800
6814.T,7070,7210,6970,7030,270700
6817.T,1186,1205,1184,1196,83100
6819.T,479,480,478,478,4700
6820.T,3545,3625,3545,3615,6000
6822.T,4980,5000,4860,4920,7400
6823.T,3190,3220,3180,3210,38100
6824.T,4250,4250,4140,4160,13500
6832.T,2374,2401,2335,2335,18000
6834.T,4680,5020,4675,4915,815500
6835.T,255,268,254,268,413300
6836.T,823,845,823,841,3100
6837.T,358,368,358,363,11000
6838.T,1403,1420,1321,1375,978300
6840.T,737,770,731,755,191300
6841.T,4525,4603,4520,4570,645200
6844.T,2840,2937,2835,2920,69900
6845.T,1432.5,1455,1431,1447,1073900
6848.T,867,872,866,869,6200
6849.T,1565,1571.5,1555.5,1560.5,538800
6850.T,1711,1731,1711,1718,20400
6853.T,772,779,766,768,31100
6855.T,6160,6500,6150,6460,343000
6856.T,21195,21765,21150,21560,172900
6857.T,30380,31350,29810,30160,8444200
6858.T,845,845,825,825,30600
6859.T,3810,3885,3810,3865,52700
6861.T,75460,76510,75320,75660,443900
6862.T,4070,4245,4050,4170,149500
6863.T,981,1000,981,999,78500
6864.T,1553,1575,1537,1568,14700
6866.T,9800,10050,9800,9950,19000
6867.T,406,408,403,408,1500
6869.T,1838,1844,1812,1841.5,1782400
6870.T,2080,2091,2070,2070,2500
6871.T,11670,12690,11630,12390,1266100
6874.T,2333,2350,2333,2350,2500
6875.T,10280,10570,10130,10460,63200
6877.T,5240,5290,5210,5250,25900
6882.T,1105,1136,1100,1136,26300
6888.T,500,502,498,500,1800
6890.T,8410,8900,8370,8760,679300
6894.T,2147,2185,2145,2169,1000
6897.T,638,651,638,644,23000
6898.T,5200,5200,5060,5190,2900
6899.T,2285,2305,2270,2298,3300
6902.T,1919,1922,1904.5,1910.5,5685400
6904.T,615,635,615,635,33200
6905.T,1283,1296,1274,1289,89200
6907.T,757,765,736,741,19100
6908.T,2767,2786,2760,2770,72700
6912.T,2473,2589,2469,2517,13700
6914.T,3015,3075,3000,3060,112200
6915.T,3400,3410,3380,3400,15400
6918.T,3425,3545,3390,3490,28900
6919.T,1420,1429,1416,1421,2300
6920.T,33780,36070,33710,35590,3200000
6923.T,3465,3492,3443,3466,587800
6925.T,3461,3570,3461,3549,308400
6926.T,192,193,191,191,4000
6927.T,972,979,965,974,25000
6928.T,2855,2937,2840,2897,36100
6929.T,3635,3660,3620,3630,81800
6932.T,2561,2592,2548,2561,18900
6941.T,7240,7550,7230,7490,162100
6942.T,1438,1446,1436,1439,4200
6943.T,5550,5550,5550,5550,0
6946.T,6660,6700,6250,6510,306400
6947.T,4855,4885,4815,4850,62300
6951.T,6723,6915,6700,6872,147600
6952.T,2044,2078,2037,2078,1378300
6954.T,5700,5802,5656,5716,3324400
6955.T,403,407,400,403,41200
6958.T,719,744,719,737,380900
6960.T,11800,11880,11710,11760,40500
6961.T,9180,9600,9140,9570,110600
6962.T,749,811,748,801,349700
6963.T,4320,4517,4304,4511,2618400
6964.T,688,688,687,687,1900
6965.T,2139,2192.5,2134.5,2176.5,1773000
6966.T,831,867,829,862,2623900
6969.T,986,998,985,998,12100
6971.T,3488,3561,3464,3531,3497900
6976.T,8597,9319,8527,9197,34475900
6977.T,1373,1390,1373,1390,200
6981.T,6970,7516,6967,7399,20483200
6982.T,581,581,581,581,200
6986.T,740,762,734,747,378900
6988.T,3242,3250,3206,3229,1602800
6989.T,2304,2330,2281,2330,2800
6993.T,86,91,85,91,2531500
6994.T,1118,1165,1111,1143,61100
6995.T,3135,3160,3110,3130,81700
6996.T,2455,2616,2452,2591,586700
6997.T,2576,2813,2576,2794,898700
6998.T,3405,3700,3360,3675,153300
6999.T,2066,2166,2063,2144,251200
7003.T,4153,4237,4121,4170,1619400
7004.T,1151,1163,1149,1161,602200
7011.T,3739,3803,3610,3701,36099500
7012.T,2310,2411,2295.5,2372,17581900
7013.T,2707.5,2801.5,2649,2772.5,17329100
7014.T,4650,4810,4635,4750,1329200
7018.T,13110,13310,12690,12880,30600
7021.T,2250,2280,2250,2280,800
7022.T,357,358,350,355,50300
7030.T,964,965,957,965,2100
7031.T,682,682,675,675,300
7033.T,1572,1600,1545,1558,89000
7034.T,309,320,305,312,58800
7035.T,228,232,228,229,9900
7036.T,667,668,666,666,1100
7037.T,799,799,790,795,28500
7038.T,577,585,577,580,10200
7039.T,1368,1381,1365,1373,8900
7040.T,970,970,970,970,100
7041.T,346,350,326,343,23000
7042.T,688,697,688,697,800
7043.T,936,945,933,945,1400
7044.T,513,522,509,519,8100
7046.T,1330,1340,1320,1320,3900
7047.T,2160,2192,2151,2173,136600
7048.T,161,165,161,162,103100
7049.T,777,780,775,775,12500
7050.T,1472,1555,1472,1532,48400
7057.T,900,900,900,900,0
7058.T,3050,3095,3050,3060,2300
7059.T,917,932,915,927,76500
7060.T,586,588,582,584,5500
7061.T,491,496,480,483,107300
7062.T,680,680,680,680,0
7063.T,73,73,69,71,241200
7064.T,955,1028,955,1028,4800
7065.T,965,965,954,954,3400
7066.T,463,463,458,459,2600
7067.T,1070,1070,1070,1070,0
7068.T,605,608,601,601,16900
7069.T,499,505,494,504,5700
7071.T,390,396,389,395,175800
7072.T,1070,1076,1070,1076,300
7073.T,2333,2333,2302,2331,1400
7074.T,183,184,181,181,9800
7075.T,999,1009,999,1008,9000
7077.T,984,996,984,996,600
7078.T,340,344,337,339,8000
7079.T,2538,2578,2538,2578,1800
7080.T,880,885,871,882,8400
7081.T,1294,1294,1294,1294,0
7082.T,1406,1407,1406,1406,12400
7083.T,1119,1121,1111,1114,3600
7084.T,2855,2902,2750,2775,10700
7085.T,887,890,877,882,185700
7087.T,1441,1441,1428,1438,2500
7089.T,1360,1381,1360,1361,7900
7090.T,951,956,951,956,1300
7091.T,1250,1264,1246,1247,7600
7093.T,592,592,576,580,1700
7094.T,1834,1864,1827,1852,35800
7095.T,1187,1189,1162,1166,96300
7096.T,744,753,739,749,4000
7097.T,2730,2730,2701,2714,6300
7102.T,3515,3580,3515,3540,21600
7110.T,1950,1950,1902,1919,44600
7111.T,494,505,494,503,3200
7112.T,694,695,692,694,1600
7114.T,791,792,788,790,2200
7115.T,1460,1469,1450,1465,2800
7119.T,2136,2165,2086,2134,33700
7120.T,995,1000,995,999,2800
7122.T,2373,2405,2373,2403,2200
7126.T,1456,1456,1410,1419,5200
7127.T,711,711,708,709,7500
7128.T,2815,2842,2802,2842,50800
7129.T,1184,1184,1170,1183,1700
7130.T,2794,2805,2773,2790,52400
7131.T,3825,3840,3765,3765,6000
7133.T,1341,1342,1330,1342,2700
7134.T,1446,1446,1406,1426,9500
7135.T,183,183,180,181,21900
7137.T,1200,1200,1200,1200,0
7138.T,154,155,140,144,1601400
7139.T,4700,4700,4700,4700,0
7140.T,800,801,799,799,700
7148.T,1722,1726,1691,1691,411200
7150.T,523,528,514,521,16000
7157.T,1440,1466,1440,1449,254600
7161.T,615,620,610,618,143200
7162.T,292,296,291,291,9400
7164.T,3150,3153,3130,3145,262000
7167.T,1708.5,1719.5,1658.5,1683,2263300
7170.T,330,330,330,330,0
7172.T,2089,2094,2063,2063,139800
7173.T,1685,1703,1673,1699,1003300
7175.T,1959,1986,1912,1986,4600
7176.T,757,757,757,757,0
7177.T,1172,1173,1157,1161,207500
7180.T,1634,1642,1599.5,1612,835600
7181.T,1794.5,1796.5,1751.5,1763,1619600
7182.T,3301,3318,3239,3260,4981600
7183.T,254,255,254,254,29500
7184.T,3525,3550,3385,3420,136600
7185.T,3930,3935,3905,3905,8000
7186.T,1939.5,1945,1870.5,1887.5,3283600
7187.T,1315,1325,1312,1325,39100
7189.T,4926,4972,4850,4915,485700
7191.T,1176,1203,1174,1184,55300
7192.T,719,729,703,708,82800
7196.T,738,749,737,749,12800
7198.T,836,841,834,836,65900
7199.T,2070,2095,2069,2075,120700
7201.T,312.6,314.2,310.9,312.6,19010800
7202.T,2206.5,2212.5,2190,2193,1470300
7203.T,3025,3042,3010,3021,19958900
7208.T,1282,1303,1282,1300,900
7211.T,362.1,365.5,360,360.2,5500700
7212.T,733,745,733,739,13200
7213.T,680,689,673,687,29300
7214.T,1115,1115,1082,1091,3100
7215.T,424,427,423,424,2300
7217.T,441,443,437,437,5400
7218.T,1077,1093,1077,1085,2600
7219.T,2434,2434,2412,2413,500
7220.T,2647,2762,2635,2724,439300
7222.T,926,928,918,918,83200
7224.T,1897,1923,1897,1912,113300
7226.T,2300,2310,2290,2290,200400
7228.T,3950,3995,3950,3955,700
7231.T,3020,3110,3020,3110,69100
7235.T,1555,1567,1552,1566,12900
7236.T,1445,1468,1438,1467,154700
7238.T,105,108,104,106,4033600
7239.T,2317,2339,2317,2338,64400
7240.T,2994,3013,2968,2968,305300
7241.T,1088,1098,1085,1096,328600
7242.T,4660,4680,4630,4650,55200
7244.T,549,559,549,556,60800
7245.T,1074,1109,1074,1101,282600
7246.T,997,1003,994,998,223100
7247.T,367,373,367,370,29600
7254.T,825,825,815,815,2100
7255.T,501,502,500,500,3300
7256.T,437,445,431,433,135000
7259.T,2250,2253,2219.5,2221,1557300
7261.T,1151,1157,1143,1147.5,3293100
7264.T,1334,1358,1334,1358,600
7265.T,3735,3735,3620,3655,2300
7266.T,956,979,956,979,21900
7267.T,1681,1685,1666,1675,7972400
7269.T,2034,2047.5,2020,2027,4475600
7270.T,2650,2656,2614.5,2629,2033600
7271.T,808,811,803,807,33200
7272.T,1758,1767,1743,1749.5,3629200
7273.T,640,644,620,622,159200
7276.T,2604.5,2631,2598,2602.5,521200
7277.T,335,338,335,338,12600
7278.T,5900,5920,5870,5880,176800
7279.T,2467,2509,2466,2488,71000
7280.T,1330,1348,1322,1348,161100
7282.T,5124,5164,5108,5138,301600
7283.T,2097,2136,2096,2110,131100
7284.T,1163,1164,1163,1163,300
7287.T,2636,2719,2613,2689,168800
7291.T,464,470,461,466,19100
7292.T,6680,6720,6650,6680,4200
7294.T,889,891,886,890,35700
7296.T,4140,4170,4115,4155,92900
7297.T,855,857,852,853,4900
7299.T,1783,1796,1783,1787,1900
7305.T,2745,2764,2744,2756,8400
7309.T,18050,18065,17800,17905,246100
7313.T,1818,1818,1807,1807,224300
7314.T,1320,1321,1320,1321,500
7318.T,1289,1350,1281,1344,79200
7320.T,1433,1449,1425,1447,18400
7322.T,2062,2074,2001,2022,349600
7325.T,695,702,674,685,13900
7326.T,2268,2268,2248,2262,20100
7327.T,2660,2679,2595,2614,733900
7337.T,2400,2408.5,2352,2362.5,339200
7343.T,1262,1262,1250,1252,4000
7345.T,933,944,930,930,1000
7347.T,799,800,793,795,4700
7350.T,7850,7920,7740,7810,67300
7351.T,490,495,489,495,10400
7352.T,317,325,316,319,103100
7353.T,498,508,498,499,7500
7354.T,390,403,385,397,468200
7356.T,116,116,114,114,15400
7357.T,1690,1707,1690,1700,1400
7358.T,1772,1830,1772,1809,15200
7359.T,279,282,273,282,29400
7360.T,650,671,650,658,2700
7361.T,1197,1199,1183,1199,2400
7362.T,872,878,857,878,600
7363.T,1279,1299,1278,1299,600
7366.T,1829,1861,1810,1850,69100
7367.T,330,335,330,332,2400
7368.T,1681,1711,1681,1700,1300
7369.T,373,374,370,370,9700
7370.T,711,712,708,710,2300
7371.T,805,818,801,810,27400
7372.T,393,393,390,391,6200
7373.T,925,927,917,920,42200
7374.T,1522,1532,1510,1515,14300
7375.T,1186,1310,1173,1272,130300
7376.T,785,796,770,785,10600
7377.T,1700,1700,1693,1693,1300
7378.T,1538,1544,1506,1507,10400
7380.T,2664,2669,2600,2617,367500
7381.T,1311,1319,1284,1293,268500
7383.T,387,388,381,385,292200
7384.T,5160,5230,5080,5160,83300
7388.T,2323,2330,2306,2314,15400
7389.T,1947,1994,1947,1968,683300
7399.T,613,614,613,613,2500
7409.T,1453,1453,1420,1435,84100
7412.T,362,364,360,361,312900
7413.T,2760,2827,2760,2820,600
7414.T,1408,1422,1408,1413,55200
7416.T,682,685,682,682,900
7417.T,1863,1900,1863,1899,3200
7419.T,1264,1265,1247,1259,360700
7421.T,1616,1639,1616,1639,65700
7422.T,426,426,413,417,6700
7425.T,1092,1092,1092,1092,400
7426.T,593,597,593,594,400
7427.T,824,831,820,821,6800
7433.T,5390,5560,5390,5500,135400
7434.T,1845,1845,1845,1845,100
7435.T,1244,1266,1235,1242,11400
7438.T,1722,1741,1722,1731,29000
7442.T,473,479,473,475,7800
7443.T,660,668,660,667,2400
7444.T,2014,2014,1966,1976,1300
7446.T,4460,4460,4460,4460,100
7447.T,1658,1658,1646,1651,46000
7453.T,4109,4117,3991,4003,1962700
7456.T,6840,6970,6780,6860,97100
7458.T,1883,1891,1869,1869,337800
7459.T,2965,2973.5,2919.5,2923.5,295500
7460.T,1646,1662,1605,1632,28300
7461.T,473,473,466,468,2900
7462.T,406,410,400,403,14800
7463.T,960,974,958,968,56000
7464.T,1502,1525,1502,1519,1900
7466.T,1411,1431,1411,1428,29000
7472.T,3935,3935,3900,3900,600
7475.T,3770,3770,3765,3765,86800
7476.T,2550,2550,2500.5,2510,101700
7477.T,1517,1557,1517,1557,500
7480.T,3420,3510,3400,3510,40000
7481.T,2580,2599,2579,2580,5200
7482.T,1503,1524,1491,1516,33200
7483.T,3080,3120,3080,3110,44500
7486.T,802,805,800,805,700
7487.T,1850,1854,1821,1842,10000
7490.T,2185,2187,2185,2186,2800
7494.T,242,244,242,243,27000
7500.T,9940,9940,9940,9940,100
7501.T,1416,1451,1402,1450,900
7502.T,1703,1710,1702,1702,1000
7504.T,4350,4350,4235,4305,42900
7505.T,2098,2134,2088,2106,10600
7506.T,1388,1389,1388,1388,500
7508.T,1443,1450,1438,1439,36300
7509.T,4765,4765,4765,4765,200
7510.T,2661,2700,2645,2696,42900
7512.T,867,869,864,869,89000
7513.T,1465,1468,1435,1458,177100
7514.T,851,853,850,852,2200
7515.T,4650,4650,4580,4580,600
7516.T,4570,4575,4515,4530,57200
7520.T,2570,2604,2570,2598,12900
7521.T,2799,2799,2799,2799,0
7522.T,908,921,908,916,150700
7523.T,1875,1876,1875,1875,1200
7524.T,176,180,176,177,18200
7525.T,3545,3575,3540,3570,7800
7527.T,50,50,48,50,1417400
7531.T,1319,1319,1319,1319,100
7532.T,742.9,746.7,726,727.3,13061700
7537.T,1747,1789,1738,1789,46500
7538.T,391,397,391,392,7800
7539.T,810,813,809,811,7200
7544.T,549,554,549,554,1900
7545.T,1980,1995,1964,1964,180500
7550.T,11590,11655,11340,11340,288900
7551.T,703,714,703,711,6700
7552.T,3960,3965,3855,3900,108400
7554.T,1162,1179,1162,1175,39700
7555.T,749,749,748,749,800
7561.T,710,716,710,716,8400
7562.T,3835,3845,3835,3840,2700
7564.T,5630,5650,5500,5570,505000
7565.T,8300,8300,8300,8300,0
7567.T,602,609,600,602,8000
7570.T,1401,1408,1387,1406,9000
7571.T,85,85,83,83,262500
7575.T,1550,1555,1545,1552,83600
7578.T,80,80,75,78,33400
7581.T,6870,6870,6640,6700,393300
7585.T,408,408,406,407,3100
7590.T,396,398,392,398,22900
7593.T,517,524,517,522,538700
7595.T,1267,1274,1264,1264,133800
7596.T,2338,2348,2326,2344,23000
7599.T,1221,1226,1215,1221,396900
7600.T,647,665,647,653,250700
7601.T,161,163,161,161,9400
7602.T,195,219,195,196,740000
7603.T,34,36,33,34,848400
7604.T,912,912,906,911,2300
7606.T,2390,2406,2378,2382,182100
7607.T,2990,3030,2989,3025,24100
7608.T,878,895,876,894,56600
7609.T,3820,3920,3775,3900,66400
7610.T,136,137,135,135,517500
7611.T,3040,3055,2985,2993,99200
7613.T,1508,1542,1503,1532,145100
7614.T,1558,1558,1545,1554,7400
7615.T,97,99,97,98,41300
7616.T,2070,2075,2038.5,2038.5,493300
7619.T,988,988,980,985,900
7621.T,3410,3415,3400,3405,2000
7624.T,158,158,155,158,58200
7625.T,459,463,458,462,4300
7628.T,1140,1150,1135,1148,34400
7630.T,1089,1092,1078,1082,384100
7634.T,5030,5030,5030,5030,100
7636.T,796,797,794,795,7700
7637.T,3310,3450,3305,3450,26500
7638.T,1392,1400,1386,1397,15500
7640.T,187,189,185,187,22200
7643.T,1716,1720,1715,1720,2400
7646.T,1950,1950,1940,1941,12000
7649.T,1307.5,1313.5,1284,1289,1351600
7670.T,1185,1199,1185,1198,3300
7673.T,1666,1669,1666,1669,200
7674.T,2650,2738,2650,2738,17800
7677.T,2750,2750,2750,2750,300
7678.T,3405,3575,3370,3550,17000
7679.T,1634,1655,1634,1646,29300
7680.T,3190,3190,3190,3190,0
7681.T,1025,1064,1022,1033,17700
7682.T,3920,3950,3920,3950,700
7683.T,1398,1412,1390,1412,44400
7685.T,2886,2933,2851,2933,319000
7686.T,439,439,437,438,11800
7687.T,458,459,437,453,8100
7689.T,342,422,334,422,589200
7691.T,30,30,30,30,0
7692.T,79,79,78,78,186600
7694.T,567,590,565,587,26700
7695.T,911,917,909,916,1400
7698.T,2850,2940,2849,2881,4800
7699.T,698,698,698,698,0
7701.T,3773,3828,3756,3780,1309000
7702.T,451,456,450,456,14400
7707.T,206,211,204,210,92200
7709.T,80,80,60,65,1518900
7711.T,5580,5820,5210,5210,656600
7713.T,2300,2397,2300,2369,10900
7715.T,3775,3925,3775,3895,47400
7716.T,3050,3055,3020,3045,237300
7717.T,5310,5580,5310,5490,118000
7719.T,534,590,523,532,1193900
7721.T,6600,6830,6520,6700,282600
7722.T,771,783,771,779,12400
7723.T,2868,2873,2853,2864,14400
7725.T,1649,1744,1646,1736,74300
7726.T,1366,1408,1361,1393,5000
7727.T,845,849,832,841,75500
7729.T,15725,16335,15685,16255,194500
7730.T,1446,1459,1445,1449,175100
7731.T,1695,1713,1682.5,1696.5,1084100
7733.T,1987,2007.5,1975,1975,3037200
7734.T,3380,3405,3365,3395,55700
7735.T,11805,12330,11805,12140,1535200
7740.T,1333,1344,1327,1339,242200
7741.T,22400,22590,22240,22330,937600
7743.T,792,793,792,792,390400
7744.T,1970,1979,1948,1957,261400
7745.T,2769,2866,2765,2831,69300
7746.T,792,808,785,795,197400
7747.T,3262,3272,3226,3253,1009400
7749.T,2860,2915,2860,2890,5300
7751.T,4458,4458,4409,4425,1780900
7752.T,1627,1632.5,1609,1619.5,1475800
7760.T,2005,2054,2003,2020,82000
7762.T,2243,2285,2224,2285,1588800
7769.T,3825,3830,3800,3815,13700
7771.T,247,251,247,249,71800
7774.T,791,822,786,815,56900
7775.T,423,424,422,423,12200
7776.T,225,227,222,226,97300
7777.T,412,423,395,407,4162000
7779.T,228,231,226,229,553500
7780.T,1709,1728,1701,1727,232000
7781.T,873,885,867,878,29800
7782.T,489,491,486,488,4000
7791.T,828,833,828,833,4000
7792.T,1469,1494,1469,1490,12200
7793.T,1499,1499,1488,1490,1400
7794.T,946,979,942,963,150700
7795.T,215,216,212,215,39500
7800.T,977,984,973,983,2500
7803.T,467,473,447,463,2747800
7804.T,2400,2408,2381,2396,2900
7805.T,715,719,713,714,2400
7806.T,7870,8040,7800,7960,137700
7807.T,862,862,855,855,600
7808.T,2740,2740,2730,2730,400
7809.T,1323,1324,1323,1324,900
7810.T,158,158,151,154,434500
7811.T,2125,2215,2115,2204,221700
7812.T,2073,2101,2073,2101,1300
7813.T,910,918,901,915,1200
7814.T,599,603,599,599,3100
7815.T,331,345,331,338,4800
7818.T,1200,1207,1182,1199,227900
7819.T,1000,1008,994,995,16100
7820.T,700,703,700,701,22900
7821.T,1920,1953,1918,1950,127500
7822.T,253,260,253,257,102700
7823.T,827,837,824,829,64700
7826.T,10120,10420,9880,10350,319600
7827.T,1698,1738,1698,1715,7900
7831.T,66,67,66,66,12500
7832.T,5679,5692,5509,5559,1875300
7833.T,679,682,677,680,1200
7836.T,76,76,75,75,107300
7837.T,344,346,343,344,1400
7839.T,2088,2094,2030,2041,139500
7840.T,1301,1306,1296,1300,15200
7841.T,1070,1080,1070,1080,2500
7844.T,519,535,519,532,167600
7846.T,2102,2110,2083.5,2100,284600
7847.T,626,631,626,631,2700
7849.T,3005,3020,2986,2986,5800
7850.T,793,797,792,795,1700
7856.T,2026,2027,2009,2018,51500
7857.T,1289,1289,1289,1289,700
7859.T,282,292,282,290,132200
7860.T,1271,1279,1269,1274,103200
7863.T,930,930,930,930,100
7864.T,3295,3310,3285,3300,92100
7865.T,332,332,331,332,2700
7867.T,3900,3933,3813,3864,641400
7868.T,520,530,518,527,305300
7871.T,1000,1006,995,999,1000
7872.T,617,617,616,617,800
7874.T,961,970,961,963,61000
7875.T,800,815,798,810,14100
7877.T,2218,2218,2218,2218,100
7878.T,1206,1206,1090,1168,48200
7879.T,669,673,669,670,7400
7883.T,405,405,401,401,6800
7885.T,1131,1145,1131,1144,13300
7886.T,591,591,590,590,200
7887.T,1552,1582,1552,1572,2800
7888.T,865,878,865,875,61300
7893.T,1095,1097,1090,1095,30000
7896.T,505,505,505,505,100
7897.T,105,106,105,106,69700
7898.T,925,925,905,907,9200
7901.T,835,838,710,782,29000
7902.T,1088,1088,1088,1088,400
7906.T,2429,2430,2362,2370,263300
7908.T,239,240,237,239,101300
7911.T,4630,4689,4584,4630,1340000
7912.T,3014,3023,2960,2979,1103400
7914.T,1753,1764,1749,1755,40800
7915.T,1158,1198,1158,1192,223300
7916.T,1900,1900,1900,1900,100
7917.T,1210,1228,1210,1228,98900
7918.T,108,108,106,106,52300
7919.T,225,226,224,226,3800
7921.T,4090,4160,4090,4135,10200
7927.T,2330,2364,2320,2351,21100
7928.T,613,618,613,614,1400
7931.T,3750,3750,3655,3670,30900
7932.T,11460,11540,11450,11520,5100
7936.T,4141,4148,4047,4115,4597900
7937.T,2549,2557,2522,2532,12400
7938.T,2102,2120,2101,2102,2500
7939.T,604,605,600,605,500
7942.T,2860,2912,2845,2892,52800
7943.T,2983,3035,2979,3010,57600
7944.T,3700,3745,3690,3695,42500
7946.T,378,378,373,374,1700
7947.T,2817,2843,2804,2827,152300
7949.T,2807,2828,2805,2813,29600
7951.T,1255,1262,1247.5,1249.5,1422600
7952.T,3205,3280,3205,3255,10900
7953.T,399,399,397,399,1900
7955.T,953,957,948,954,45800
7956.T,1975,1976,1943,1956,732300
7957.T,2572,2587,2571,2575,1000
7962.T,793,797,783,793,39100
7963.T,1806,1830,1805,1815,3300
7965.T,1478,1481,1464,1465,88700
7966.T,5180,5410,5180,5340,771600
7970.T,2186,2200,2172,2189,79700
7971.T,695,705,695,697,42300
7972.T,2463,2484,2444,2473,199000
7974.T,8473,8473,8118,8118,7686000
7975.T,1154,1154,1150,1150,900
7976.T,3265,3270,3205,3225,85800
7979.T,2206,2227,2206,2208,45300
7980.T,857,899,855,877,59300
7981.T,3100,3110,3085,3095,75200
7983.T,1184,1196,1183,1183,2800
7984.T,910,910,892.6,899.6,853300
7986.T,1909,1914,1909,1914,900
7987.T,557,566,557,566,34000
7988.T,4899,4912,4860,4870,210500
7989.T,2658,2672,2656,2671,24600
7990.T,2383,2403,2376,2391,45700
7991.T,1070,1071,1060,1064,5000
7992.T,103,104,102,103,15200
7994.T,2347,2360,2330,2347,197400
7995.T,6230,6500,6230,6420,48100
7997.T,1089,1093,1082,1082,1100
8001.T,2340.5,2345.5,2304,2321,15176200
8002.T,5054,5070,4943,4952,5142800
8005.T,1759,1765,1756,1765,94100
8006.T,1492,1492,1472,1490,800
8007.T,804,804,796,801,76800
8008.T,2100,2117,2090,2099,57700
8011.T,1381,1391,1343,1365,127100
8012.T,1125,1140.5,1122,1130.5,600300
8013.T,370,370,367,367,3700
8014.T,4230,4230,4190,4205,19600
8015.T,7470,7470,7256,7329,1945200
8016.T,715,719,712,717,460100
8018.T,842,853,838,853,23500
8020.T,2271.5,2291.5,2258,2272.5,627600
8022.T,4050,4080,3990,4015,131100
8023.T,1057,1057,1036,1040,6100
8025.T,1304,1316,1302,1309,1600
8029.T,2646,2673,2646,2661,8900
8030.T,3915,3915,3900,3905,1400
8031.T,5180,5193,5069,5069,6301600
8032.T,1250,1271,1243,1260,200000
8035.T,49230,51170,49000,50650,3588300
8037.T,4780,4820,4765,4810,87300
8039.T,3440,3470,3440,3450,900
8040.T,1039,1039,1038,1038,300
8041.T,4610,4635,4610,4630,1800
8043.T,1547,1549,1533,1536,139600
8045.T,2054,2060,2040,2040,1300
8046.T,974,976,966,967,9000
8050.T,9240,9720,9220,9570,740600
8051.T,1969,1974,1951,1969,164300
8052.T,2913,2928,2895,2915,57600
8053.T,1803.5,1808.5,1762.5,1770,8412000
8056.T,4934,4934,4819,4840,312100
8057.T,2206,2256,2192,2246,188000
8058.T,4966,4979,4893,4910,6425900
8059.T,3620,3620,3570,3615,56600
8060.T,3736,3745,3674,3696,276800
8061.T,2917,3005,2901,2971,102700
8065.T,3020,3090,2983,3015,213800
8066.T,3555,3585,3495,3585,29500
8070.T,985,1015,985,1012,131200
8074.T,6400,6410,6340,6400,21900
8075.T,3060,3110,3060,3110,52000
8076.T,2115,2134,2106,2106,3400
8077.T,213,213,210,212,9200
8078.T,1922,1924,1888,1890,417000
8079.T,4405,4460,4405,4440,35400
8081.T,2516,2547,2510,2544,39400
8084.T,4755,4770,4715,4715,22100
8085.T,4170,4210,4170,4180,600
8086.T,1452.5,1455.5,1442.5,1450.5,581000
8088.T,2100.5,2126,2092.5,2098,506500
8089.T,2009,2010,1973,1980,4000
8091.T,2411,2411,2380,2386,4800
8093.T,1764,1783,1764,1773,21500
8095.T,514,517,512,514,33900
8097.T,2412,2455,2412,2451,147000
8098.T,4505,4515,4410,4415,97200
8101.T,2617,2638,2610,2610,18600
8103.T,977,984,973,984,83600
8104.T,714,718,713,713,2900
8105.T,75,75,73,74,436500
8107.T,31,31,30,31,527800
8111.T,2147,2151.5,2130.5,2141,424000
8113.T,985,986.8,961,961,3711300
8115.T,1340,1340,1339,1339,3200
8117.T,2130,2142,2126,2137,958300
8118.T,1202,1213,1180,1180,2100
8119.T,791,791,791,791,200
8123.T,1369,1374,1368,1374,900
8125.T,1968,1976,1955,1968,114500
8127.T,533,533,525,526,8900
8129.T,4050,4055,3997,4005,133200
8130.T,3210,3220,3185,3185,103200
8131.T,2602,2608,2561,2579,34400
8132.T,7420,7420,7270,7270,3400
8133.T,2310,2323,2297,2315,96100
8135.T,430,430,428,430,6200
8136.T,1260,1262,1211,1220,15782900
8137.T,4305,4435,4300,4435,47500
8138.T,4175,4175,4175,4175,0
8139.T,2192,2235,2184,2220,3400
8141.T,1565,1567,1565,1565,16300
8142.T,1399,1405,1387,1390,64800
8143.T,145,187,145,165,1172200
8144.T,1261,1261,1261,1261,100
8147.T,1417,1461,1417,1461,3700
8150.T,3180,3245,3180,3220,26400
8151.T,1801,1824,1801,1818,111800
8152.T,7150,7250,7150,7250,1100
8153.T,4000,4015,3965,3965,258300
8154.T,4820,4930,4805,4915,100200
8157.T,4175,4245,4150,4245,25300
8158.T,1293,1321,1291,1314,28200
8159.T,3985,4080,3985,4070,18800
8160.T,2480,2483,2457,2458,83500
8163.T,1539,1544,1530,1536,103200
8165.T,101,101,100,100,152100
8166.T,78,79,78,78,56100
8167.T,1417,1440,1416,1434,69600
8173.T,4200,4235,4165,4205,124100
8174.T,3111,3130,3079,3081,297700
8179.T,1360,1369,1346,1347,225500
8181.T,985,987,984,986,2000
8185.T,995,1005,994,1002,164700
8194.T,2737,2744,2704,2712,176300
8198.T,3335,3375,3315,3315,18800
8200.T,2307,2334,2307,2316,54200
8202.T,148,148,147,148,31700
8203.T,750,756,750,753,29400
8207.T,301,302,301,301,19000
8214.T,1727,1729,1713,1715,126800
8217.T,797,805,797,803,58200
8218.T,3935,3945,3900,3910,78400
8219.T,769,771,758,763,722300
8225.T,3645,3690,3645,3690,200
8226.T,376,388,374,382,145700
8227.T,3244,3253,3198,3216,525700
8230.T,308,308,306,306,9900
8233.T,2100,2134,2081,2103,1265500
8237.T,2242,2311,2223,2263,247800
8242.T,2880.5,2889.5,2831.5,2845,300400
8244.T,1892,1899,1878,1883,30800
8247.T,322,322,320,320,2400
8252.T,2912,2914.5,2875.5,2891,807400
8253.T,4700,4711,4580,4600,510700
8254.T,297,304,288,294,119100
8255.T,1345,1363,1334,1344,215200
8260.T,393,393,384,392,14500
8267.T,1387,1392,1350,1351,6245800
8273.T,996,1002,988,990,265200
8275.T,1005,1015,1004,1008,36500
8276.T,2739,2754,2725,2725,74400
8278.T,2100,2116,2085,2090,88000
8281.T,1130,1133,1120,1122,115800
8282.T,1893,1897,1874.5,1891,654300
8285.T,787,808,787,804,59000
8291.T,550,550,548,549,49300
8301.T,21800,21800,21800,21800,0
8303.T,1621.5,1628.5,1598,1609,2716300
8304.T,3529,3544,3464,3482,1212500
8306.T,3713,3733,3642,3668,41635100
8308.T,2529,2539.5,2438,2463,9753600
8309.T,1795,1804,1769.5,1773,6799200
8316.T,6935,6995,6802,6842,13158600
8331.T,2784,2794,2691.5,2718,2240300
8334.T,2929,2947.5,2849.5,2877,798900
8336.T,2837,2853,2789,2806,154500
8337.T,2706,2718,2627,2643,57700
8338.T,748,756,729,736,1215600
8341.T,4101,4128,3986,4037,762300
8343.T,9420,9460,9180,9260,98700
8344.T,4965,4990,4865,4915,110300
8345.T,2692,2717,2625,2642,361700
8346.T,1020,1024,1001,1009,786700
8349.T,1700,1720,1689,1698,16000
8354.T,7848,7870,7664,7735,653300
8358.T,2876,2884,2813,2829,518400
8359.T,2728,2742,2680,2707,732700
8360.T,7350,7380,7160,7200,116400
8361.T,8190,8250,8130,8230,146200
8362.T,7650,7700,7510,7580,87300
8364.T,3130,3175,3120,3140,21600
8365.T,2315,2317,2302,2317,4100
8366.T,2907,2921,2823,2854,826600
8367.T,1982,1993,1952,1960,298200
8368.T,2436,2454,2395,2425,615000
8370.T,5160,5170,5100,5130,123100
8377.T,8360,8396,8148,8236,219200
8381.T,2599,2603,2558,2576,242900
8383.T,1970,1982,1941,1951,22100
8386.T,3115,3125,3040,3055,173700
8387.T,4150,4200,4065,4090,140800
8388.T,10340,10400,10060,10110,78200
8392.T,3090,3110,3005,3025,128400
8393.T,2725,2742,2668,2692,161400
8395.T,6630,6740,6560,6580,29600
8399.T,3315,3325,3255,3295,123300
8410.T,348,351,344.1,344.4,4274200
8411.T,8738,8793,8527,8598,8521300
8416.T,1118,1122,1109,1111,18100
8418.T,3245,3258,3195,3210,357300
8421.T,191800,192400,191700,191700,135
8424.T,4518,4536,4482,4498,198400
8425.T,1370,1373,1350,1355,511000
8439.T,2676,2697.5,2640,2655.5,331300
8473.T,3301,3325,3250,3281,2388500
8508.T,761,768,754,757,505600
8511.T,2428,2446,2426,2432,131200
8518.T,156,156,154,155,19400
8522.T,7170,7190,7000,7050,86700
8524.T,1325,1329,1297,1301,1130900
8537.T,3180,3215,3135,3180,24200
8541.T,3345,3345,3250,3300,85300
8542.T,1940,1946,1907,1907,21700
8544.T,2868,2882,2816,2843,191000
8550.T,1100,1107,1081,1092,497400
8551.T,8460,8570,8320,8500,38500
8558.T,1500,1511,1478,1500,151500
8562.T,391,392,382,388,150100
8563.T,1182,1188,1172,1178,49900
8566.T,6910,6940,6870,6880,27000
8570.T,1655,1658.5,1632,1645,374200
8572.T,492.2,492.6,486.5,487.8,902500
8584.T,3730,3765,3725,3735,107200
8585.T,862,865,853,853,293700
8591.T,6152,6185,6067,6109,2745300
8593.T,1403,1403,1378.5,1384,3433000
8595.T,2255.5,2271,2255.5,2260.5,320700
8596.T,1537,1548,1529,1535,9800
8600.T,1148,1163,1141,1149,436800
8601.T,1861,1875,1817,1836.5,4526500
8604.T,1658.5,1670,1628,1644.5,11720200
8609.T,1229,1241,1217,1224,375000
8613.T,1295,1307,1283,1291,270300
8614.T,711,713,700,705,435900
8616.T,895,897,883,890,737900
8617.T,611,611,607,607,7300
8622.T,933,943,924,935,332100
8624.T,1699,1716,1685,1711,96200
8628.T,1218,1220,1185,1190,1133800
8630.T,6980,6989,6793,6800,2254900
8697.T,2202.5,2229.5,2182.5,2197.5,3168100
8698.T,724,729,717,723,983400
8699.T,1120,1126,1115,1126,44300
8700.T,2111,2120,2079,2109,1000
8704.T,1389,1405,1372,1393,81900
8705.T,222,225,222,224,40200
8706.T,1890,1895,1869,1878,93800
8707.T,4690,4750,4650,4710,135000
8708.T,1750,1763,1741,1755,113200
8713.T,2776,2804,2752,2791,54500
8714.T,1084,1102,1079,1093,980400
8715.T,1015,1040,1014,1029,186200
8725.T,5244,5249,5127,5158,4944300
8729.T,165,165,162.7,163,48347000
8737.T,614,619,612,614,20400
8739.T,2602,2617,2583,2616,95500
8742.T,612,625,610,619,8700
8746.T,108,113,108,108,96800
8747.T,2184,2186,2166,2170,4400
8750.T,1915,1919.5,1879,1894.5,9934400
8766.T,8275,8285,8077,8079,5141600
8769.T,501,520,500,520,52900
8771.T,1768,1783,1762,1776,108200
8772.T,904,906,892,892,3900
8783.T,50,51,50,51,139700
8789.T,160,161,157,158,978300
8793.T,4215,4230,4210,4210,12300
8795.T,5030,5036,4910,4913,758800
8798.T,137,138,135,137,11400
8801.T,1509,1509,1469.5,1471.5,8174200
8802.T,3621,3646,3550,3550,2683700
8803.T,2349,2354,2338,2344,177000
8804.T,3350,3363,3281,3283,453200
8818.T,1116,1121,1088,1091,612000
8830.T,3252,3252,3155,3164,2188100
8835.T,798,800,795,800,3100
8836.T,27,27,26,27,8200
8841.T,994,1025,994,1006,89200
8844.T,1236,1250,1227,1230,47000
8848.T,791,791,791,791,506000
8850.T,4705,4740,4665,4670,31900
8860.T,740,743,738,741,61200
8864.T,946,962,946,954,41000
8869.T,809,813,807,813,34700
8871.T,3180,3210,3180,3195,41300
8876.T,2178,2194.5,2164,2185,500300
8877.T,5210,5220,5180,5180,10900
8881.T,652,658,652,655,65400
8887.T,359,364,359,364,9400
8891.T,1990,2032,1990,2006,3000
8892.T,1113,1119,1108,1115,175000
8894.T,20,20,19,19,880000
8897.T,448,452,446,450,567000
8898.T,1136,1141,1132,1132,2700
8904.T,816,822,816,822,7300
8908.T,880,882,878,881,2200
8912.T,156,158,156,156,45500
8914.T,872,883,872,880,37000
8917.T,1063,1075,1055,1073,31500
8918.T,11,11,10,10,235841500
8919.T,3470,3505,3455,3460,171500
8920.T,686,704,686,699,35900
8923.T,1682,1691,1665,1665,117900
8927.T,489,493,484,488,346800
8928.T,2293,2295,2285,2292,2300
8929.T,1360,1372,1348,1354,35500
8931.T,1317,1322,1314,1317,1700
8934.T,2368,2372,2350,2363,132000
8935.T,1966,1974,1955,1955,28200
8938.T,327,338,321,337,3300
8944.T,249,250,248,248,14900
8945.T,1083,1088,1080,1088,3600
8946.T,75,76,74,76,69100
8951.T,122200,122600,121000,121700,23219
8952.T,114200,114900,113900,114700,14321
8953.T,110800,111500,110500,111500,12689
8954.T,95900,96300,95200,96300,13564
8955.T,95100,95400,94300,94900,5760
8956.T,126200,127000,125900,126900,2965
8957.T,184700,184800,182300,184800,2201
8958.T,111700,112000,111300,111600,5252
8960.T,155500,156300,155000,156200,5797
8961.T,71000,71300,70600,71200,4420
8963.T,61200,61300,60500,61200,67729
8964.T,76400,76700,76000,76300,5373
8966.T,130200,130400,129300,130300,3081
8967.T,92400,92700,90500,91900,9268
8968.T,173200,173700,172200,173500,1484
8972.T,146900,147400,146000,147000,8427
8975.T,92700,92800,92300,92700,2817
8976.T,303000,306000,302000,305500,1807
8977.T,134700,135000,134200,134700,1186
8979.T,185300,186200,184900,186200,648
8984.T,114900,115700,114600,115100,7373
8985.T,83700,84000,83200,83900,20032
8986.T,92600,92700,92100,92600,5863
8987.T,133600,134000,132600,133500,2375
8995.T,1878,1994,1801,1900,347100
8996.T,1092,1101,1083,1100,1600
8999.T,563,566,559,564,28500
9001.T,3010,3020,2967,2975,502900
9003.T,2679,2690,2651.5,2651.5,287800
9005.T,1707,1707.5,1673,1673,1545300
9006.T,1577,1587.5,1568,1574.5,523100
9007.T,1850,1855,1819,1827.5,1205300
9008.T,814.4,817,801.7,803.4,1411600
9009.T,1405,1416.5,1386.5,1387,1138500
9010.T,2613,2634,2568,2599,181000
9012.T,2099,2100,2093,2093,400
9017.T,1988,1989,1988,1989,200
9020.T,3595,3609,3528,3528,2027000
9021.T,3090,3102,3041,3057,1733800
9022.T,3864,3904,3830,3842,1749700
9023.T,1569,1572,1535.5,1540,1272700
9024.T,3644,3658,3494,3494,752500
9025.T,2900,2924,2886,2916,64600
9028.T,3345,3375,3300,3300,13400
9029.T,1819,1819,1795,1796,4400
9031.T,3197,3197,3123,3128,310400
9033.T,632,634,631,634,5500
9034.T,1650,1700,1650,1676,11200
9036.T,1226,1246,1226,1246,800
9037.T,1824,1824,1810,1816,105400
9039.T,3000,3025,2995,2996,89800
9041.T,3546,3569,3527,3540,450100
9042.T,4703,4730,4655,4666,500300
9044.T,3200,3221,3180,3196,369900
9045.T,3284,3297,3264,3265,203600
9046.T,2483,2500,2478,2486,6500
9048.T,1899.5,1909,1891.5,1897.5,835700
9049.T,6630,6630,6630,6630,0
9051.T,1320,1320,1302,1302,1100
9052.T,2006,2011,1994,2005,65400
9057.T,3200,3220,3175,3215,400
9059.T,924,928,922,925,2400
9060.T,4140,4140,4140,4140,0
9063.T,4110,4150,4100,4110,2200
9064.T,2013,2014,1977,1977,611900
9065.T,8094,8108,7971,8060,151700
9068.T,7160,7250,7140,7240,16600
9069.T,2300,2315,2275,2288.5,319300
9072.T,5140,5148,5099,5133,107200
9073.T,1242,1242,1242,1242,100
9074.T,5010,5010,4815,4900,5200
9075.T,6280,6310,6220,6250,56000
9076.T,2747.5,2750.5,2701,2709.5,201200
9081.T,4065,4085,4015,4020,12100
9082.T,2404,2404,2221,2221,2900
9083.T,1980,1982,1980,1980,2500
9087.T,2240,2240,2155,2155,900
9090.T,913,915,902,907,523300
9101.T,7370,7377,7234,7234,1656500
9104.T,7120,7145,7000,7025,1697500
9107.T,3430,3449,3383,3385,3050900
9110.T,10490,10510,10490,10490,57300
9115.T,1076,1126,1075,1088,47100
9119.T,1743,1753,1720,1728,120500
9127.T,3700,3700,3580,3625,3100
9130.T,1742,1858,1706,1758,493700
9142.T,3591,3597,3543,3561,534600
9143.T,1500,1505,1482.5,1489.5,1079300
9145.T,579,580,570,580,15200
9147.T,5451,5512,5440,5481,784500
9158.T,776,776,770,774,5900
9159.T,1940,1942,1940,1940,3500
9160.T,329,337,329,337,112200
9162.T,229,231,228,230,4600
9163.T,2378,2395,2359,2391,14700
9165.T,1760,1782,1759,1782,4100
9166.T,711,715,662,686,2589700
9168.T,421,428,420,427,64100
9171.T,1465,1475,1455,1472,1300
9173.T,2812,2816,2810,2810,900
9193.T,885,888,885,885,2700
9201.T,3029,3039,3001,3011,1346100
92015.T,10150,10180,10110,10110,4000
9202.T,2988,2999.5,2960.5,2976,1730600
92025.T,4791,4792,4760,4792,8300
9204.T,425,433,425,429,53400
9206.T,1975,1975,1930,1970,4700
9211.T,1481,1498,1465,1498,62100
9212.T,274,274,266,266,27700
9213.T,999,999,999,999,100
9214.T,1307,1307,1307,1307,1000
9215.T,980,994,977,986,1300
9216.T,1636,1669,1636,1664,11000
9218.T,785,793,782,793,22600
9219.T,885,893,881,881,2100
9220.T,1292,1299,1279,1299,5700
9221.T,1192,1195,1186,1191,24800
9222.T,50,50,50,50,0
9223.T,354,370,348,361,175400
9225.T,974,974,957,957,2000
9227.T,817,870,810,820,403000
9229.T,112,114,110,112,100200
9233.T,1160,1160,1151,1152,6000
9235.T,409,414,397,411,78600
9236.T,1305,1305,1273,1282,2700
9237.T,861,878,831,831,107900
9238.T,371,371,365,370,5200
9240.T,372,394,370,386,224000
9241.T,1256,1258,1256,1258,400
9242.T,1962,1969,1952,1952,1000
9243.T,480,480,480,480,0
9244.T,1401,1410,1380,1405,5300
9245.T,1955,1958,1951,1951,3800
9246.T,1100,1117,1085,1117,1700
9247.T,1821,1828,1796,1808,166200
9248.T,1708,1708,1685,1699,94400
9249.T,1636,1638,1617,1617,5100
9250.T,1049,1049,1031,1031,3700
9251.T,1564,1617,1545,1602,143500
9252.T,4165,4180,4130,4130,5600
9253.T,743,743,743,743,500
9254.T,1103,1103,1100,1101,600
9256.T,997,1025,992,1006,20700
9257.T,511,513,511,512,1900
9258.T,291,291,285,288,800
9259.T,854,858,843,854,5500
9262.T,670,689,668,674,34100
9264.T,1603,1615,1600,1607,13400
9265.T,3645,3645,3620,3620,200
9267.T,3470,3485,3430,3465,58200
9268.T,401,405,398,400,68900
9270.T,1980,2014,1977,2001,35100
9271.T,908,941,908,936,6000
9272.T,1435,1450,1421,1450,7100
9273.T,743,755,743,754,40500
9274.T,1085,1110,1084,1102,238300
9278.T,2700,2733,2650,2654,96600
9279.T,2200,2235,2091,2120,648500
9282.T,31750,31750,30550,31000,395
9284.T,76700,76900,76200,76800,682
9285.T,40000,40300,39900,40100,188
9286.T,45400,45550,45300,45500,394
9301.T,1555,1558.5,1530.5,1536.5,634200
9302.T,3350,3369,3322,3369,195200
9303.T,4180,4190,4145,4145,72000
9304.T,2116,2122,2094,2097,95900
9305.T,2080,2115,2080,2104,47400
9306.T,2002,2008,1997,1997,1200
9307.T,930,931,917,927,6500
9308.T,2150,2165,2134,2149,74100
9310.T,1377,1397,1372,1388,76800
9311.T,7900,7900,7750,7750,200
9312.T,2828,2853,2828,2834,5000
9313.T,1055,1055,1055,1055,200
9319.T,1787,1824,1782,1810,21500
9322.T,2460,2470,2440,2459,6900
9324.T,2742,2757,2668,2683,78700
9325.T,1055,1057,1050,1050,5600
9326.T,474,479,474,477,3300
9327.T,188,191,187,188,6400
9330.T,888,890,888,890,1400
9331.T,707,707,707,707,100
9332.T,674,677,669,671,37700
9335.T,1406,1406,1406,1406,0
9336.T,3810,3830,3785,3820,89600
9337.T,1439,1469,1439,1439,10900
9339.T,1431,1438,1430,1433,600
9340.T,791,804,790,799,11700
9341.T,613,618,610,615,39500
9342.T,987,987,978,987,600
9343.T,789,796,785,792,10100
9344.T,1332,1332,1299,1305,5600
9345.T,598,598,593,593,700
9346.T,1826,1848,1818,1830,2300
9347.T,2979,2979,2955,2958,112700
9348.T,407,411,405,406,482200
9351.T,1917,1925,1907,1925,1200
9353.T,2981,2981,2981,2981,0
9355.T,2213,2228,2213,2226,400
9360.T,2775,2775,2775,2775,100
9361.T,2025,2025,2025,2025,100
9362.T,3705,3705,3705,3705,0
9363.T,527,539,527,537,7800
9364.T,4891,4899,4857,4880,240900
9365.T,1601,1630,1601,1630,700
9366.T,1129,1145,1129,1145,3700
9367.T,2049,2049,2048,2048,500
9368.T,959,965,959,962,11700
9369.T,2922,2984,2922,2956,29100
9376.T,845,845,844,845,2700
9380.T,436,437,435,437,6000
9381.T,2345,2345,2333,2343,11700
9385.T,754,756,748,753,2600
9399.T,14,14,13,13,590885
9401.T,5936,5985,5782,5841,333800
9404.T,3074,3108,2989.5,3006,519900
9405.T,858,882,858,882,72300
9408.T,2622,2622,2622,2622,0
9409.T,3210,3210,3130,3155,110800
9412.T,1964,1971,1932,1955,1029800
9413.T,3425,3430,3405,3410,66600
9414.T,920,1060,916,1050,1111500
9416.T,1068,1075,1065,1069,360200
9417.T,330,334,330,334,1400
9418.T,1800,1809,1779,1784,529900
9419.T,299,305,297,297,20300
9421.T,517,518,516,516,600
9423.T,104,105,104,105,104600
9424.T,121,122,120,121,1300300
9425.T,247,248,236,247,1135000
9428.T,1503,1503,1498,1498,1200
9432.T,178.4,179.3,176.5,178.1,159657500
9433.T,3081,3095,3042,3044,7076100
9434.T,252,252.9,249.1,250.6,85339900
94345.T,3801,3808,3799,3806,12900
94346.T,7581,7581,7581,7581,2400
9435.T,38460,38510,37880,38040,58500
9436.T,4360,4400,4340,4380,127100
9438.T,587,599,587,599,19200
9439.T,220,220,219,220,6700
9441.T,2908,2964,2908,2964,1900
9444.T,256,265,256,262,10800
9445.T,537,550,537,546,3700
9446.T,684,687,684,687,1100
9449.T,4006,4006,3931,3976,250300
9450.T,767,779,762,779,40200
9466.T,240,241,239,241,4700
9467.T,1118,1125,1103,1111,68500
9468.T,3716,3730,3660,3697,242300
9470.T,1055,1064,1054,1059,193200
9474.T,916,924,916,924,122800
9475.T,538,539,537,538,1100
9476.T,982,1020,982,1010,11100
9478.T,516,518,516,518,3300
9501.T,532.9,538,526.9,529.8,27307600
9502.T,2860,2908.5,2851,2889,3380800
9503.T,2998,3004,2936,2943.5,2709400
9504.T,1092,1096.5,1079,1084.5,1409500
9505.T,1104,1123.5,1098,1115,1152300
9506.T,1416,1424.5,1402,1409.5,3112100
9507.T,2190.5,2231.5,2164,2186.5,1460500
9508.T,2150.5,2168.5,2128,2140.5,1644600
9509.T,1126.5,1145.5,1120.5,1130,1720000
9511.T,1192,1198,1183,1191,189700
9513.T,4203,4215,4147,4179,480600
9514.T,329,339,329,337,78800
9517.T,831,849,825,840,170200
9519.T,862,871,835,865,1044600
9531.T,6386,6417,6310,6335,789300
9532.T,6189,6189,6052,6078,853600
9533.T,1325,1335,1308.5,1308.5,628300
9534.T,925,932,914,927,360600
9535.T,450,450,443,443,63200
9536.T,2590,2595,2573,2588,137500
9537.T,4310,4310,4310,4310,200
9539.T,1340,1344,1336,1344,900
9543.T,1377,1387,1366,1373,130500
9551.T,3025,3075,3020,3060,62200
9552.T,1070,1080,1055,1057,223700
9553.T,610,633,609,630,126000
9554.T,1704,1718,1691,1718,10500
9556.T,2210,2299,2119,2248,83400
9557.T,259,261,256,257,12400
9558.T,1988,1988,1973,1987,600
9560.T,886,897,880,896,12500
9561.T,419,425,418,425,8200
9562.T,693,694,649,649,9900
9563.T,329,340,328,340,30700
9564.T,561,572,561,566,21900
9565.T,654,654,654,654,200
9601.T,11140,11190,10850,10900,38600
9602.T,1672.5,1676,1609,1618.5,2465600
9603.T,1166,1175,1147,1163,485200
9605.T,6180,6200,6070,6070,44100
9610.T,107,110,107,108,122600
9612.T,1207,1224,1207,1223,36100
9616.T,3200,3204,3135,3147,796100
9619.T,2680,2708,2679,2690,31600
9621.T,3225,3235,3215,3225,38200
9622.T,1407,1422,1407,1415,26200
9625.T,933,939,923,938,4100
9627.T,5721,5781,5600,5734,433100
9628.T,1325,1335,1319,1324,62200
9629.T,1586,1608,1580,1594,18200
9632.T,3500,3525,3500,3520,10700
9633.T,1901,1903,1900,1900,4300
9635.T,2596,2596,2596,2596,0
9636.T,4195,4195,4195,4195,100
9639.T,2338,2367,2338,2347,5700
9640.T,1971,1984,1938,1983,5700
9644.T,756,758,751,751,45400
9647.T,6630,6630,6630,6630,0
9651.T,1930,1939,1921,1929,8400
9656.T,599,599,596,599,3500
9658.T,1084,1107,1079,1101,88700
9661.T,4205,4225,4175,4185,8400
9663.T,5040,5060,5010,5020,15600
9672.T,4905,4945,4895,4900,39300
9678.T,5430,5450,5240,5270,86700
9679.T,2321,2321,2298,2300,700
9682.T,1115,1115,1093,1101,333500
9684.T,3037,3039,2975.5,2996.5,1077000
9685.T,559,561,559,560,1400
9686.T,1735,1745,1728,1731,6200
9687.T,4645,4645,4580,4580,1600
9691.T,5160,5160,5160,5160,0
9692.T,2228,2230,2186,2186,159500
9697.T,4490,4490,4346,4351,2038200
9698.T,1308,1308,1291,1300,1400
9699.T,4635,4660,4605,4625,50400
9701.T,4395,4395,4395,4395,200
9702.T,2401,2457,2401,2445,13200
9704.T,27,28,27,27,220600
9706.T,5531,5555,5433,5475,556100
9708.T,950,953,938,942,101600
9709.T,1231,1231,1209,1212,6100
9713.T,915,920,915,920,3300
9715.T,3605,3605,3530,3545,74700
9716.T,1251,1251,1230,1235,249100
9720.T,6330,6330,6330,6330,0
9722.T,2755,2763,2660,2693,192700
9723.T,631,633,630,632,1100
9726.T,1905,1941,1901,1930,14100
9729.T,2572,2600,2552,2552,15700
9731.T,3370,3375,3365,3375,1600
9733.T,2310,2314,2301,2308,7600
9735.T,6512,6528,6381,6381,1112700
9739.T,2663,2674,2658,2666,14900
9740.T,2613,2673,2613,2655,19800
9742.T,2085,2141,2085,2126,23200
9743.T,1477,1485,1450,1464,391800
9744.T,3429,3434,3390,3400,509500
9746.T,4145,4145,4090,4110,81500
9753.T,1425,1425,1422,1422,500
9755.T,2826,2845,2810,2832,39200
9757.T,1184,1188,1177,1184,231000
9759.T,2938,2938.5,2871.5,2878,241200
9760.T,118,120,118,119,8200
9761.T,2431,2464,2430,2464,2600
9763.T,1294,1296,1288,1295,3000
9765.T,1171,1178,1170,1177,8200
9766.T,22000,22050,21165,21285,305600
9767.T,1631,1631,1630,1630,300
9768.T,3780,3795,3720,3755,9900
9769.T,2575,2590,2563,2590,10400
9778.T,5550,5550,5550,5550,100
9780.T,1095,1122,1092,1121,2800
9782.T,3450,3500,3440,3500,24900
9788.T,516,519,516,517,22800
9790.T,3010,3050,3010,3010,27500
9791.T,1163,1177,1163,1177,700
9793.T,3740,3750,3700,3710,79900
9795.T,2294,2305,2286,2301,11000
9799.T,933,941,933,937,4500
9812.T,242,242,242,242,2800
9816.T,254,254,248,248,2000
9818.T,1548,1550,1548,1550,2400
9820.T,3720,3720,3720,3720,300
9823.T,1010,1014,998,1004,86300
9824.T,7670,7760,7580,7610,47400
9827.T,630,632,628,630,11400
9828.T,3490,3490,3390,3390,68800
9830.T,2385,2398,2373,2393,69900
9831.T,724.5,724.9,711.8,715,3372000
9832.T,1620,1625,1604,1604,356400
9835.T,507,509,507,508,900
9837.T,1795,1802,1787,1791,32100
9842.T,1889,1895,1879,1880,86700
9843.T,3275,3286,3139,3178,2910800
9845.T,1351,1361,1350,1361,1900
9846.T,980,982,978,982,3500
9849.T,4510,4510,4510,4510,0
9850.T,991,995,989,993,52400
9853.T,910,910,908,909,800
9854.T,282,285,282,282,18100
9856.T,1219,1230,1216,1226,26000
9857.T,2600,2600,2582,2582,300
9861.T,3875,3898,3784,3797,266800
9867.T,10690,10690,10690,10690,100
9869.T,6800,6830,6710,6710,23100
9872.T,940,948,938,946,1500
9876.T,215,218,215,216,23900
9878.T,417,418,413,418,9900
9880.T,3315,3375,3295,3320,103400
9882.T,1772,1778,1752,1752,172500
9885.T,332,333,332,333,800
9887.T,5350,5350,5270,5300,35800
9888.T,1213,1244,1213,1227,51200
9889.T,1686,1707,1665,1705,202900
9890.T,1498,1498,1452,1455,14800
9895.T,1280,1280,1275,1275,600
9896.T,1370,1383,1370,1374,9400
9900.T,1180,1184,1136,1137,240600
9902.T,3175,3195,3150,3175,64500
9903.T,881,884,881,881,1400
9904.T,243,243,241,241,6300
9906.T,4240,4240,4000,4155,10100
9908.T,2834,2874,2818,2874,10600
9913.T,3610,3610,3610,3610,100
9928.T,2011,2044,2004,2034,18400
9929.T,474,474,471,473,800
9930.T,403,403,398,403,6100
9932.T,1296,1308,1296,1302,10900
9934.T,3067,3074,3050,3055,180700
9936.T,3030,3030,2954,2957,368700
9941.T,1153,1192,1153,1171,9700
9946.T,1795,1798,1782,1784,28400
9948.T,3790,3800,3745,3750,90100
9950.T,3425,3430,3420,3420,6500
9955.T,2820,2820,2809,2809,1300
9956.T,3360,3430,3360,3405,306000
9959.T,935,940,935,939,7700
9960.T,4125,4140,4030,4065,67100
9962.T,3471,3569,3442,3546,2037300
9969.T,235,237,235,236,3300
9972.T,269,273,269,272,3700
9973.T,20,21,20,20,700600
9974.T,7020,7110,7020,7050,34600
9976.T,1087,1094,1087,1094,2300
9978.T,45,45,44,45,27300
9979.T,1046,1051,1044,1047,34300
9980.T,94,95,93,94,47700
9982.T,2709,2709,2700,2700,700
9983.T,67350,67350,66320,66620,752900
9984.T,5828,6398,5775,6279,80534700
9986.T,2504,2504,2493,2494,2200
9987.T,5295,5295,5214,5214,154400
9989.T,3767,3775,3715,3719,378200
9990.T,753,754,751,753,24200
9991.T,1777,1787,1773,1781,16900
9993.T,1154,1154,1150,1152,4900
9994.T,2040,2061,2037,2061,11600
