symbol,open,high,low,close,volume
1301.T,4660,4675,4600,4665,49900
1305.T,4328,4336,4287,4328,85840
1306.T,428.5,429.1,424.3,427.5,11631790
1308.T,4239,4239,4191,4226,88864
1309.T,54920,55130,54090,55100,35
130A.T,432,434,421,430,11400
1311.T,2169,2169,2122,2143,8936
1319.T,760.5,760.5,748,748,6000
131A.T,1737,1737,1737,1737,0
1320.T,66530,67240,66350,67100,17327
1321.T,66800,67470,66550,67330,269220
1322.T,11540,11540,11380,11460,60
1325.T,299.8,299.8,295,298.9,13880
1326.T,63960,64200,63800,64030,5856
1328.T,16480,16540,16440,16495,24523
1329.T,6680,6750,6658,6729,599591
132A.T,220,220,220,220,0
1330.T,66910,67530,66640,67350,20579
1332.T,1277,1278.5,1229.5,1229.5,2855800
1333.T,1300,1300,1277,1280,601400
133A.T,1059,1070,1053,1070,244978
1343.T,1924,1927,1918,1925,456960
1345.T,1825,1826,1815,1821,77054
1346.T,66890,67460,66560,67400,12841
1348.T,4286,4286,4228,4255,57376
1349.T,17320,17430,17320,17430,31
134A.T,1500,1500,1500,1500,0
1356.T,104.4,106.6,104.2,104.7,4430000
1357.T,2874,2901,2820,2829,8494192
1358.T,125450,128200,124650,128200,6818
135A.T,3825,4190,3825,4180,165200
1360.T,70.5,71.2,69.1,69.4,122409640
1364.T,3796,3796,3745,3777,14215
1365.T,4070,4149,4037,4128,241351
1366.T,72,74,71,71,1161735
1367.T,3108,3110,3047,3110,37776
1368.T,151,155,151,153,45375
1369.T,64960,65560,64730,65380,677
1375.T,1170,1178,1168,1174,33800
1376.T,1640,1640,1620,1637,11000
1377.T,4365,4380,4325,4345,93700
1379.T,2155,2156,2130,2135,96900
137A.T,687,700,687,700,2100
1380.T,997,1000,997,1000,700
1381.T,3585,3600,3570,3590,2300
1382.T,875,876,875,875,400
1383.T,2999,3000,2992,2994,700
1384.T,2212,2213,2196,2207,11600
138A.T,3110,3110,3110,3110,100
1397.T,65270,65780,65270,65780,732
1398.T,1849,1850.5,1842.5,1847.5,191220
1399.T,3268,3268,3224,3231,4222
139A.T,3350,3350,3350,3350,0
1401.T,1322,1333,1322,1323,3600
1407.T,2345,2403,2309,2363,396900
140A.T,2024,2027,2024,2027,2
1414.T,1259.5,1269,1253.5,1262.5,1059300
1417.T,3580,3598,3542,3553,203100
1418.T,577,584,577,580,33500
1419.T,2855,2875,2844,2863,109100
141A.T,4080,4185,4015,4155,567900
1420.T,632,635,632,633,9200
1429.T,799,806,797,798,74300
142A.T,848,848,828,828,4900
1430.T,1031,1042,1031,1035,3900
1431.T,653,655,651,653,12700
1433.T,1268,1296,1268,1289,55900
1434.T,1584,1600,1581,1600,24600
1435.T,176,180,175,179,215300
1436.T,1730,1828,1715,1820,76400
1438.T,2283,2283,2283,2283,300
143A.T,700,700,700,700,400
1443.T,284,284,278,280,66500
1444.T,2665,2665,2665,2665,200
1446.T,537,540,537,537,2400
1447.T,411,418,410,418,25300
144A.T,450,450,450,450,0
1450.T,1470,1475,1451,1467,1900
1456.T,1290,1294,1277,1278,50661
1457.T,1753,1770,1753,1757,3886
1458.T,78860,80290,78110,80020,86907
1459.T,116,117,113,115,4530263
145A.T,904,912,902,909,6100
1466.T,197,198,195,195,493
1469.T,182,186.9,182,185.4,10390
146A.T,3515,3670,3515,3610,70500
1472.T,74,77,74,75,4285
1473.T,4200,4200,4150,4188,48850
1474.T,37200,37340,37190,37270,45
1475.T,421.8,422.5,417.6,421.6,4024800
1476.T,1842,1846,1837,1842,55698
1477.T,3396,3410,3369,3377,20876
1478.T,5442,5442,5366,5387,15821
1479.T,49500,49500,49500,49500,0
147A.T,986,996,975,995,97700
1480.T,40640,40640,40640,40640,0
1481.T,3948,3948,3928,3928,174
1482.T,1531,1534,1531,1534,24554
1483.T,3906,3906,3906,3906,0
1484.T,3896,3896,3893,3893,120
1485.T,54550,54550,54550,54550,0
1486.T,23130,23395,23020,23185,5612
1487.T,11720,11720,11695,11710,359
1488.T,1834,1835,1826,1830,68879
1489.T,3623,3628,3567,3578,755811
148A.T,1707,1707,1669,1669,200
1490.T,7970,7970,7970,7970,0
1491.T,719,719,707,710,6100
1493.T,25580,25735,25580,25735,2623
1494.T,43960,44090,43890,43960,2044
1495.T,11450,11450,11180,11285,59
1496.T,1623,1629,1623,1627,6163
1497.T,1730,1735,1730,1731,5745
1498.T,33160,33160,32470,32610,50
1499.T,9400,9400,9380,9380,312
149A.T,788,802,788,802,3700
150A.T,780,799,758,773,202600
1514.T,676,678,665,672,322100
1515.T,3535,3555,3260,3360,1811400
1518.T,2304,2317,2277,2289,355000
151A.T,654,666,645,657,11300
152A.T,1186,1186,1186,1186,0
153A.T,1457,1518,1457,1506,55900
1540.T,20930,21000,20860,20930,149864
1541.T,8265,8265,8179,8193,31153
1542.T,30400,30410,30100,30190,58382
1543.T,63310,63400,62880,63150,226
1545.T,231.6,233.8,231,233.8,2016820
1546.T,81360,81700,81000,81600,546
1547.T,13110,13185,13080,13140,10659
154A.T,6610,6610,6610,6610,0
1550.T,8084,8110,8060,8110,471
1551.T,7197,7197,7051,7051,50
1554.T,6783,6839,6767,6819,1405
1555.T,2389,2389,2350,2374,3095
1557.T,120500,121150,120100,121000,1117
1559.T,4758,4758,4640,4679,1256
155A.T,801,821,801,816,26500
1560.T,6470,6510,6450,6460,159
1563.T,2441,2511,2425,2507,62133
1566.T,53840,53840,53110,53370,256
1568.T,1007.5,1009.5,987.1,1004,2175340
1569.T,733.5,740,732.8,733.5,120740
156A.T,856,907,856,903,112200
1570.T,66000,67220,65390,66980,2384665
1571.T,304,304,299,300,377026
1572.T,6911,7170,6911,7143,4180
1573.T,8201,8201,7970,7976,1530
1577.T,61350,62000,60320,60740,18603
1578.T,5163,5205,5136,5191,3048
1579.T,711.7,726.4,706.6,723,14167750
157A.T,755,776,749,762,7400
1580.T,802.2,806.1,795,796,465020
1585.T,2660,2660,2640.5,2640.5,30
1586.T,3060,3086,3060,3083,209
158A.T,2227,2227,2227,2227,0
1591.T,37290,37290,36800,37000,1541
1592.T,3414,3414,3368,3383,3885
1593.T,38150,38150,37740,37910,191
1595.T,1828,1833,1825,1827,19694
1596.T,3074,3074,3074,3074,0
1597.T,1852,1855,1845,1854,388636
1599.T,37850,37850,37500,37500,18
159A.T,750.9,750.9,731,737.1,3560
1605.T,3925,3929,3780,3780,5239700
160A.T,1953,1975,1953,1955,3900
1615.T,792,793,773.5,787.1,4569530
1617.T,48660,48660,47940,48090,321
1618.T,36340,36340,35210,35210,1133
1619.T,44900,44900,44420,44700,906
161A.T,1125,1125,1125,1125,0
1620.T,36930,36930,36230,36540,162
1621.T,31010,31010,30370,30410,1013
1622.T,35550,35550,34960,35020,315
1623.T,63390,64100,63310,63620,387
1624.T,82790,82790,81880,82520,151
1625.T,62660,63500,62450,63180,744
1626.T,48050,48760,48050,48530,280
1627.T,12950,12950,12600,12600,7560
1628.T,22100,22100,21910,21910,239
1629.T,285,285.1,262,275.5,2065130
162A.T,16480,16750,16480,16750,2183
1630.T,37210,37690,37160,37550,237
1631.T,42800,42800,41800,42480,6097
1632.T,43630,44050,42880,43610,191
1633.T,48830,49290,48830,48980,249
163A.T,18560,18755,18485,18750,4827
164A.T,1980,1980,1980,1980,0
1651.T,3380,3380,3315,3331,99794
1652.T,5054,5054,5054,5054,0
1653.T,5170,5170,5170,5170,10
1654.T,3340,3340,3340,3340,0
1655.T,868.4,873.7,866.5,872.6,1790380
1656.T,302.7,304.1,301.7,304,234000
1657.T,7249,7271,7218,7271,1540
1658.T,4372,4372,4276,4360,2100
1659.T,3794,3807,3784,3795,5652
1660.T,10475,10495,10445,10445,1950
1662.T,1945,1947,1873,1875,1281600
1663.T,2011,2011,1970,1977,200800
166A.T,1122,1125,1095,1104,489800
1671.T,5607,5640,5579,5596,141576
1673.T,9475,9490,9430,9442,2200
1674.T,25845,25845,25450,25450,654
1675.T,20055,20190,19960,19960,119
1676.T,43510,43520,42250,42950,157
1677.T,58450,58810,58450,58810,90
1678.T,307,307.4,304.7,306.4,596560
1679.T,67270,67270,66970,66970,20
167A.T,3210,3235,3175,3195,137400
1680.T,8279,8322,8261,8305,1435
1681.T,3355,3392,3336,3375,9982
1684.T,2699.5,2820,2664.5,2715.5,380
1686.T,3125,3125,3125,3125,20
1689.T,726,730,724,725,71805
168A.T,1077,1085,1077,1085,4100
1690.T,2474,2482,2474,2475,270
1691.T,15090,15090,15000,15000,13
1692.T,688.2,688.2,688.2,688.2,0
1693.T,8831,8882,8819,8819,7730
1694.T,2255,2299,2255,2299,140
1695.T,3699,3715,3629,3650,32349
1698.T,4452,4452,4394,4411,423902
1699.T,652.1,654.8,649.2,651.4,196270
170A.T,3121,3121,3100,3120,56
1711.T,249,249,243,245,27000
1716.T,1400,1403,1390,1400,33400
1717.T,943,943,937,939,7200
1718.T,7150,7200,7150,7170,800
1719.T,1920,1924,1906,1916,585700
171A.T,2167,2167,2167,2167,0
1720.T,1177,1180,1162,1170,180900
1721.T,5417,5440,5356,5401,326600
1723.T,2325,2354,2290,2325,124500
1724.T,721,722,715,717,2100
172A.T,2234,2234,2234,2234,0
1736.T,2434,2434,2382,2392,5300
173A.T,1565,1596,1565,1565,1300
1758.T,2549,2550,2549,2550,700
175A.T,655,662,643,646,4300
1762.T,4180,4210,4110,4125,33100
1764.T,2729,2729,2729,2729,300
1766.T,13690,13820,13630,13760,9800
1768.T,1024,1027,1020,1027,5400
1770.T,2106,2130,2105,2105,900
1773.T,90,93,89,91,30000
177A.T,850,852,846,846,1200
1780.T,1475,1499,1474,1495,25500
1783.T,49,52,49,51,674800
1786.T,354,360,354,360,479200
1787.T,5640,5680,5640,5680,400
1788.T,4120,4120,4110,4120,500
178A.T,1648,1658,1645,1655,3265
1793.T,2104,2104,2080,2088,800
1795.T,5720,5720,5720,5720,100
1798.T,1100,1100,1083,1083,3500
1799.T,3310,3310,3275,3280,10100
179A.T,240,240.5,239.8,240.5,323660
1801.T,12775,12820,12605,12690,521200
1802.T,3012,3036,2991,3011,2416500
1803.T,2411,2420,2352,2370.5,3346900
1807.T,1948,1948,1948,1948,400
1808.T,2908.5,2921.5,2839,2854,1075800
180A.T,276,277.2,275,276.9,860460
1810.T,1461,1466,1450,1460,31900
1811.T,7740,7740,7680,7680,300
1812.T,4930,4949,4867,4938,1600500
1813.T,2810,2847,2804,2846,45400
1814.T,3610,3640,3595,3605,51500
1815.T,4495,4505,4445,4470,70700
181A.T,521.2,521.7,519.7,521.7,1920
1820.T,5600,5626,5558,5617,164600
1822.T,824,833,821,828,228300
1826.T,1086,1094,1084,1093,9200
1827.T,1320,1354,1313,1354,7800
1828.T,2490,2519,2457,2496,15900
182A.T,478.3,479.3,477.4,479.3,74640
1833.T,5820,5830,5750,5780,107900
1835.T,3975,3985,3940,3975,77500
183A.T,429.6,429.6,429.6,429.6,10
1840.T,257,259,254,259,22200
1844.T,476,476,472,474,23300
1847.T,3440,3440,3395,3410,10900
1848.T,769,772,758,765,17000
184A.T,322,326,319,320,3700
1850.T,426,437,425,436,46300
1852.T,897,900,893,897,299900
1853.T,326,326,325,326,18600
185A.T,886,886,886,886,0
1860.T,1528,1530,1507.5,1515,938200
1861.T,1283,1291,1277,1291,643400
1866.T,1157,1165,1151,1160,4600
1867.T,2687,2734,2670,2722,5200
186A.T,1040,1068,1025,1047,2703600
1870.T,2158,2158,2128,2137,124500
1871.T,2196,2196,2160,2185,99300
1873.T,322,325,321,324,113000
1878.T,3320,3337,3282,3311,1697900
1879.T,2311,2329,2264,2273,171100
1882.T,1610,1612,1596,1609,359400
1885.T,2115,2116,2048,2087,507800
1887.T,542,552,540,551,271600
1888.T,3680,3730,3675,3675,16200
188A.T,872,874,862,869,4908
1893.T,1446,1446.5,1420.5,1445.5,1233300
1897.T,3310,3310,3310,3310,100
1898.T,1487,1498,1481,1495,210000
1899.T,4440,4490,4345,4445,63900
189A.T,1013,1025,1013,1016,500
1904.T,5070,5110,5070,5100,6200
1905.T,1461,1461,1436,1461,3900
1909.T,16256049152,16278046720,16256049152,16256049152,0
190A.T,71,72,70,71,163300
1911.T,1303.5,1309,1292,1300.5,4646000
1914.T,841,842,828,831,23500
1921.T,1920,1948,1903,1948,10700
1925.T,4799,4799,4697,4697,2118700
1926.T,3790,3830,3790,3805,166400
1928.T,3400,3402,3363,3379,2691000
1929.T,1192,1202,1188,1198,41800
192A.T,1268,1268,1264,1264,600
1930.T,1564,1572,1556,1567,57400
1934.T,2586,2600,2567,2590,97500
1938.T,2494,2542,2474,2528,139500
1939.T,2327,2359,2283,2292,191200
1941.T,5190,5190,5110,5140,52200
1942.T,5626,5748,5611,5630,672300
1944.T,7020,7084,6972,7047,423100
1945.T,2099,2124,2059,2104,272700
1946.T,2213,2236,2200,2226,159500
1948.T,11420,11420,11420,11420,1400
194A.T,1805,1843,1730,1767,72400
1950.T,3975,4005,3955,3995,61200
1951.T,2623.5,2625.5,2602,2610.5,424600
1952.T,3145,3150,3120,3135,72200
1959.T,8059,8158,8040,8095,190600
195A.T,666,696,666,683,16200
1960.T,1651,1673,1646,1656,14700
1961.T,2384,2400,2364,2394,270600
1963.T,2382.5,2401.5,2319,2344,1704600
1964.T,3955,3975,3930,3965,15000
1965.T,6770,6860,6620,6820,57400
1966.T,1741,1749,1741,1747,2600
1967.T,2074,2089,2066,2080,8800
1968.T,2488,2519,2470,2490,106500
1969.T,4284,4315,4255,4314,373000
196A.T,315,338,310,330,195500
1972.T,1318,1320,1306,1315,29100
1975.T,3870,3880,3825,3865,64600
1976.T,1688,1700,1675,1700,64700
1979.T,3870,3895,3835,3855,210700
197A.T,504,506,500,504,174500
1980.T,2721,2780,2715,2737,408900
1981.T,1347,1354,1340,1352,700
1982.T,2969,3000,2923,2992,149900
198A.T,164,172,164,170,52800
1992.T,2936,2936,2936,2936,0
1994.T,625,627,615,618,17900
1997.T,3885,3890,3885,3890,500
199A.T,1350,1350,1350,1350,0
2001.T,2962,2968,2944,2953,138900
2002.T,2059,2059.5,2033.5,2046.5,837200
2003.T,1810,1829,1805,1823,33300
2004.T,3870,3880,3815,3860,103600
2009.T,1105,1105,1101,1105,6200
200A.T,4215,4331,4191,4309,1474117
2011.T,869.5,876,858,863.1,24690
2012.T,237.4,238.2,236.3,237.9,373510
2013.T,311.1,311.6,309.7,311.1,255020
2014.T,316.5,318,315.1,317.9,695570
2015.T,2081,2084,2071,2084,1062
2016.T,1746,1746,1730,1730,325
2017.T,1534,1534,1512,1524,29118
2018.T,1254,1257,1250,1256,84
2019.T,997,1001,987,999,11720
201A.T,179,179,175.9,178.3,151460
2034.T,1975,1975,1951,1975,9364
2038.T,2290,2310,2258,2286,67937
2039.T,512,518,512,517,104024
203A.T,160,160,160,160,0
2042.T,8230,8240,8187,8223,261
2044.T,34590,35090,34590,35090,8
2046.T,24010,24285,24000,24155,332
2047.T,3472,3472,3410,3410,3
204A.T,1250,1250,1250,1250,0
2050.T,32750,32750,32750,32750,0
2053.T,2003,2016,1989,2012,46000
2055.T,349,358,344,353,19800
205A.T,1650,1650,1635,1640,11200
2060.T,1445,1451,1428,1448,98400
206A.T,175,176,170,174,65600
2070.T,16870,16870,16870,16870,0
2071.T,20800,20800,20800,20800,0
2072.T,22360,22360,22360,22360,0
2073.T,15480,15480,15480,15480,0
207A.T,1400,1400,1400,1400,0
2080.T,2125,2130,2096,2111,43668
2081.T,2195,2197,2172,2197,82
2082.T,1241,1241,1241,1241,2
2083.T,3967,3970,3923,3961,3054
2084.T,3936,3936,3850,3881,17490
2085.T,800,800,787,788.2,6640
2086.T,3086,3086,3086,3086,100
2087.T,3441,3441,3441,3441,1149
2088.T,2692,2692,2692,2692,1
2089.T,2880,2880,2880,2880,1
208A.T,2892,2905,2891,2899,5100
2090.T,4294,4294,4294,4294,3
2091.T,4462,4462,4462,4462,5
2092.T,4511,4511,4511,4511,4
2093.T,5192,5199,5166,5197,1167
2094.T,786,786,783,786,1391
2095.T,1188,1188,1185,1186,72
2096.T,1015,1015,1004,1007,6146
2097.T,937,938,933,933,49947
2098.T,980,985,977,985,1084
209A.T,780,780,780,780,0
2108.T,5460,5480,5360,5400,34800
2109.T,3825,3865,3795,3850,84000
210A.T,1563,1570,1558,1570,19459
2112.T,468,471,466,468,32600
2114.T,680,683,676,680,16000
2117.T,2825,2826,2804,2822,19200
211A.T,3385,3385,3370,3380,700
2120.T,231,235,231,233,619200
2121.T,3705,3720,3635,3655,377700
2122.T,1500,1500,1486,1499,2800
2124.T,975,987,972,975,230800
2127.T,664,664.7,652.9,660,5391000
212A.T,2802,2925,2777,2897,127000
2130.T,906,916,906,914,29400
2134.T,20,21,20,20,768300
2136.T,1417,1435,1409,1435,1400
2138.T,451,452,449,452,2900
2139.T,524,524,521,521,1900
213A.T,389,399.8,387,394.3,379950
2146.T,227,228,226,227,4104300
2148.T,1185,1193,1182,1182,32300
2152.T,1529,1529,1529,1529,0
2153.T,1851,1866,1841,1856,43800
2154.T,2001,2014,1985,1988,141400
2156.T,281,282,280,280,600
2157.T,1020,1035,1018,1027,497100
2158.T,623,634,618,624,254600
215A.T,1603,1683,1584,1679,1569000
2160.T,2841,2875,2806,2872,741800
2163.T,960,968,960,965,16300
2164.T,123,124,120,120,160400
2168.T,1645,1675,1641,1661,121000
2169.T,1730,1730,1721,1721,2200
216A.T,1250,1250,1250,1250,0
2170.T,666,690,666,683,302900
2173.T,715,721,705,720,7500
2175.T,2484,2530,2391,2518,313400
2179.T,831,831,830,830,500
217A.T,382,382,382,382,0
2180.T,1886167168,1886167168,1886167168,1886167168,0
2181.T,300,302.3,296.5,299.3,8652300
2183.T,206,208,206,206,29500
2185.T,2005,2010,1997,2000,1400
2186.T,904,919,902,904,17500
218A.T,1166,1176,1124,1153,257000
2193.T,126,130,126,129,240700
2195.T,398,398,385,392,53100
2198.T,775,787,775,787,18700
219A.T,2178,2284,2124,2236,431900
2201.T,2544,2544,2509.5,2527,367200
2204.T,3175,3205,3165,3200,5800
2206.T,5057,5084,5014,5064,184600
2207.T,3480,3480,3435,3450,67500
2208.T,3095,3110,3070,3110,2100
2209.T,2408,2419,2401,2419,16100
220A.T,944,954,939,954,3500
2211.T,2475,2496,2470,2491,18800
2212.T,3809,3809,3750,3789,575600
2215.T,613,614,611,612,2000
2216.T,1105,1106,1091,1098,69100
2217.T,1485,1496,1480,1496,26100
221A.T,1104,1128,1096,1103.5,98680
2220.T,1355,1362,1337,1340,189800
2221.T,3055,3070,3045,3060,3600
2222.T,2621,2655.5,2582,2648,691000
2224.T,3670,3695,3670,3695,700
2226.T,4940,4940,4885,4890,4900
2229.T,3063,3069,3033,3043,250700
222A.T,60,60,60,60,0
2235.T,3615,3640,3611,3640,4673
2236.T,1480,1480,1469,1474,5426
2237.T,2471,2495,2471,2495,15120
2238.T,5229,5229,5195,5197,3055
2239.T,27035,27175,27035,27075,2124
223A.T,1804,1805,1785,1803,2051
2240.T,5253,5253,5245,5245,1397
2241.T,930.4,934.8,928,933.8,7190
2242.T,690.5,690.5,689.2,689.5,670
2243.T,4190,4259,4182,4244,95033
2244.T,3532,3560,3524,3558,66450
2245.T,694.1,694.1,690.5,691,13690
2247.T,2271,2286,2266,2284,18388
2248.T,2784,2789,2784,2787,7876
2249.T,9297,9297,9224,9224,1492
224A.T,1652,1652,1618,1618,2750
2250.T,369.6,371.8,369.4,371.8,250
2251.T,908.5,916.1,904.6,906.7,15940
2252.T,1457,1457,1440,1449,3348
2253.T,1340,1340,1326,1334,15246
2254.T,1031,1036,1029,1029,6134
2255.T,197.2,197.9,196.3,197.7,596230
2256.T,216.6,217.2,215.4,217.2,213000
2257.T,217.5,217.9,216.1,217.5,45020
2258.T,222.6,223,221,222.7,360890
2259.T,177.9,178.2,177.9,178.2,20
2264.T,1106.5,1106.5,1090,1100,1845200
2266.T,1120,1121,1107,1112,84400
2267.T,2826,2839.5,2805,2822,990700
2268.T,4040,4045,4030,4040,9800
2269.T,4515,4527,4405,4408,1183900
226A.T,600,600,600,600,0
2270.T,3820,3820,3740,3760,135200
227A.T,1230,1230,1230,1230,0
2281.T,2439,2439,2424,2434,119700
2282.T,6100,6134,6017,6090,687400
2286.T,911,924,911,923,6300
2288.T,2234,2255,2229,2253,134700
228A.T,1716,1730,1700,1701,2400
2291.T,507,508,507,508,1700
2292.T,2832,2832,2780,2801,249100
2293.T,2720,2720,2715,2715,400
2294.T,2566,2584,2559,2578,18500
2296.T,5050,5090,5020,5040,93800
229A.T,760,760,760,760,0
2300.T,497,498,497,497,1200
2301.T,1707,1724,1690,1723,79700
2303.T,1367,1396,1367,1377,17900
2304.T,911,915,905,913,10900
2305.T,1849,1870,1843,1866,25600
2307.T,1053,1063,1049,1060,19900
2311.T,781,781,777,781,2900
2315.T,66,71,66,71,4745000
2317.T,452,456,450,453,1124300
2321.T,139,144,139,144,133100
2323.T,318,328,318,324,25500
2325.T,4685,4720,4660,4680,21400
2326.T,4495,4570,4485,4535,103800
2327.T,3974,4017,3950,3992,255600
2329.T,502,503,501,501,32600
2330.T,88,88,85,86,168000
2331.T,1217,1217,1200.5,1210,905000
2332.T,1693,1708,1686,1704,6500
2334.T,565,584,564,574,1040300
2335.T,1105,1105,1092,1098,69400
2337.T,392,399,392,394,730200
2338.T,120,129,120,125,237000
233A.T,1850,1852,1833,1847,39647
2340.T,520,521,518,519,29100
2341.T,172,172,171,172,8300
2342.T,246,255,246,254,42500
2345.T,103,106,103,106,87400
2349.T,2473,2495,2461,2461,1100
234A.T,1540,1540,1493,1493,3045
2351.T,339,339,333,334,3700
2353.T,267,270,266,270,1257400
2354.T,1343,1475,1334,1443,1126100
2359.T,2145,2153,2126,2144,10900
235A.T,1454,1454,1444,1447,72208
236A.T,437.1,438.6,437.1,437.8,128170
2370.T,24,25,24,25,364400
2371.T,3683,3708,3681,3690,149200
2373.T,417,417,411,411,8700
2375.T,215,219,215,219,55700
2376.T,780,789,780,781,2500
2378.T,1046,1050,1044,1046,35800
2379.T,1805,1828,1797,1814,258200
237A.T,144.4,145.3,144,145.2,786190
2384.T,5000,5090,4955,5030,48800
2385.T,218,221,216,220,29700
2388.T,33,34,33,33,47500
238A.T,121.7,121.8,121,121.3,417850
2391.T,1178,1179,1175,1176,1100
2393.T,4250,4285,4240,4240,4000
2395.T,1356,1365,1330,1350,204700
239A.T,450,450,450,450,0
2404.T,524,529,524,529,8300
2408.T,854,859,853,853,2600
2410.T,2882,2898,2858,2877,20500
2411.T,470,475,469,470,6100
2413.T,1762.5,1800,1760,1789.5,3087500
2415.T,1658,1695,1645,1669,6000
2418.T,602,607,600,604,78100
241A.T,420,425,420,424,6300
2424.T,596,597,596,597,2500
2425.T,666,666,665,665,600
2428.T,633,638,633,638,28400
2429.T,2828,2835,2807,2826,32500
2432.T,2608,2629,2598,2620,1301900
2433.T,1366,1370.5,1340.5,1354,605100
2435.T,208,209,208,209,9300
2436.T,590,609,587,596,44100
2437.T,611,666,611,644,147200
2438.T,365,368,364,364,28900
243A.T,1122,1122,1122,1122,0
2440.T,124,127,124,126,111500
2445.T,397,403,396,402,57200
2449.T,1039,1048,1037,1045,1700
244A.T,1195,1195,1155,1163,2500
2454.T,355,355,353,353,5100
2459.T,177,180,177,179,17100
245A.T,2558,2570,2528,2550,3800
2461.T,389,391,389,389,54500
2462.T,1524,1533,1521,1526,12900
2464.T,368,377,364,377,10000
2469.T,2820,2854,2798,2842,11100
246A.T,923,933,923,933,700
2471.T,276,283,276,280,260700
2475.T,1816,1824,1800,1800,12000
2477.T,3320,3375,3300,3340,13500
2479.T,260,265,259,265,125700
247A.T,984,1050,978,1042,1570300
2480.T,1759,1768,1752,1752,1400
2481.T,680,684,680,684,800
2483.T,2231,2231,2210,2230,5100
2484.T,159,162,157,161,1260600
2485.T,450,450,448,450,10800
2488.T,1461,1465,1448,1461,3900
2489.T,415,429,413,428,167600
248A.T,812,822,807,815,10300
2491.T,492,501,492,494,126700
2492.T,669,710,666,700,4989500
2493.T,945,945,941,945,1300
2497.T,534,537,533,536,23700
2498.T,3190,3195,3165,3185,8000
2499.T,308,308,306,307,8100
249A.T,340,340,340,340,0
2501.T,1849,1878,1820.5,1857.5,1115100
2502.T,1657.5,1657.5,1632.5,1639,5504200
2503.T,2940,2945,2877.5,2912,2863600
250A.T,1595,1595,1581,1589,27300
2510.T,805.9,805.9,780,800.1,148230
2511.T,1147,1154,1131.5,1142.5,860070
2512.T,723.6,723.6,715.5,715.5,105070
2513.T,3575,3593,3550,3561,4138
2514.T,2092,2092,2042,2064,52
2515.T,1628,1635,1616,1627,45031
2516.T,620.2,633.7,616.4,632.4,1222700
2517.T,1099,1100,1082,1084,16240
2518.T,2452,2452,2417,2439,42
2519.T,1148.5,1197.5,1142,1147,32010
251A.T,256,256,256,256,0
2520.T,2367,2367,2322,2347,2858
2521.T,2179,2189,2179,2189,16456
2522.T,8674,8730,8645,8720,1160
2523.T,3200,3200,3200,3200,0
2524.T,4202,4202,4182,4198,17
2525.T,65050,65680,64920,65680,324
2526.T,37550,37550,37550,37550,0
2527.T,1100,1100,1094,1094,4011
2528.T,1103,1103,1090,1092,8499
2529.T,2429,2429,2376,2382,6226
252A.T,2566,2566,2566,2566,0
2530.T,17115,17445,17110,17445,21
2531.T,2290,2457.5,2271.5,2457.5,1107100
2533.T,451,465,450,460,141200
253A.T,1021,1040,1021,1034,8100
254A.T,1214,1216,1204,1204,6300
2552.T,1925,1925,1917,1923,8106
2553.T,2385.5,2444,2372,2372,3400
2554.T,746.1,746.1,738.1,739.5,4300
2555.T,1860,1860,1839,1844.5,31210
2556.T,1841,1845,1836.5,1842,22520
2557.T,4168,4168,4129,4147,8100
2558.T,3468,3489,3459,3485,152400
2559.T,2969,2983,2950,2980,368001
255A.T,4900,5160,4860,5150,59600
2560.T,53020,53020,53020,53020,0
2561.T,1978,2000,1978,1988,56113
2562.T,3727,3728,3715,3715,23071
2563.T,408.4,409.1,408.1,409.1,381870
2564.T,3752,3752,3700,3700,552602
2565.T,886,886,882,886,180611
2566.T,1015,1020,1009,1014,1147
2567.T,542.6,542.9,541.8,542.9,2520
2568.T,7862,7931,7849,7929,8061
2569.T,4296,4320,4296,4320,6475
256A.T,2110,2203,2110,2181,402900
2573.T,4060,4085,4035,4035,3200
2579.T,3840,3887,3777,3795,1008900
257A.T,3338,3384,3338,3381,87
2585.T,1510,1547,1476,1541,631200
2586.T,74,75,73,73,658700
2587.T,4540,4555,4471,4514,1730700
2588.T,3715,3715,3680,3680,900
258A.T,2069,2069,2056,2060,31
2590.T,2963,3020,2950,3005,54200
2593.T,3222,3227,3171,3187,409800
25935.T,1808,1808,1800,1801,14100
2594.T,2026,2030,2006,2022,169600
2597.T,1247,1280,1247,1280,13400
2602.T,2080,2094,2059,2071,171200
2607.T,4556,4575,4468,4516,300600
2612.T,2341,2370,2320,2345,59700
2613.T,2303,2308,2288,2291,87500
261A.T,2000,2009,1974,2002,27700
2620.T,362,362.8,360.1,362.5,259480
2621.T,997,1000,996,1000,199342
2622.T,1692,1700,1692,1698,1747
2623.T,1936,1936,1919,1922,15044
2624.T,6498,6557,6468,6546,30139
2625.T,4139,4139,4081,4109,6276
2626.T,3301,3371,3301,3371,925
2627.T,1579,1600,1579,1600,3143
2628.T,3845,3873,3774,3775,5325
2629.T,3728,3728,3638,3697,1395
262A.T,1705,1764,1685,1754,309000
2630.T,16205,16230,16205,16225,2710
2631.T,32810,33110,32760,33110,13348
2632.T,17905,17980,17905,17960,4294
2633.T,560.1,560.7,555.9,560.3,98450
2634.T,3192,3204,3192,3204,4375
2636.T,4886,4901,4886,4901,3
2637.T,2571,2611,2571,2606,3243
2638.T,2585,2633,2585,2628,121280
2639.T,1771,1771,1716,1725,1311
263A.T,800,800,800,800,0
2640.T,4284,4319,4281,4290,9327
2641.T,4581,4581,4500,4521,991584
2642.T,53990,53990,53990,53990,1
2643.T,4305,4305,4305,4305,0
2644.T,3759,3843,3756,3820,484608
2645.T,3095,3110,3094,3106,77
2646.T,3833,3833,3774,3803,4434
2647.T,5697,5712,5676,5701,4878
2648.T,3311,3347,3306,3312,653
2649.T,575,575.3,575,575.3,12930
264A.T,292,309,292,302,82000
2652.T,436,443,436,438,90400
2653.T,2801,2814,2800,2814,21600
2654.T,436,442,433,439,17600
2656.T,162,168,161,165,192600
2659.T,3375,3400,3360,3395,173600
265A.T,761,776,755,761,20300
2664.T,3625,3790,3610,3755,98800
2666.T,184,186,184,186,24800
2667.T,102,102,99,100,96200
2668.T,1271,1273,1263,1263,1200
2669.T,3945,3945,3920,3930,5200
266A.T,1350,1350,1350,1350,0
2670.T,2687.5,2737.5,2677,2729,816100
2673.T,111,112,111,111,24300
2674.T,2699,2699,2607,2607,69600
2676.T,2047,2071,2044,2065,12500
2678.T,1279,1283,1270,1270,322300
267A.T,1815,1815,1815,1815,0
2681.T,2434,2453,2401,2424,98700
2683.T,995,997,995,996,1100
2685.T,3285,3335,3270,3285,216600
2687.T,494,495,493,494,3700
2689.T,1932,1946,1924,1946,2600
268A.T,1587,1660,1568,1625,3220700
2693.T,277,278,272,273,76000
2694.T,72,73,72,72,86400
2695.T,1711,1744,1697,1740,306500
2698.T,3335,3420,3335,3335,28600
269A.T,2727,2865,2722,2836,9100
2700.T,1796,1796,1771,1780,7400
2702.T,8200,8270,8160,8190,459000
2705.T,9500,9670,9410,9490,30300
2708.T,1904,1917,1904,1916,900
271A.T,1500,1500,1500,1500,0
2721.T,108,109,106,107,110400
2722.T,360,360,359,359,4400
2726.T,1497,1578,1485,1553,1756900
2730.T,2491,2526,2476,2512,210800
2733.T,2691,2697,2683,2690,69300
2734.T,1189,1205,1185,1198,99200
2735.T,697,725,696,716,136400
2736.T,609,609,604,607,3100
2737.T,34500,34950,32800,33050,88700
273A.T,10000,10000,9901,9980,169
2742.T,3970,4110,3955,4060,27800
2747.T,3095,3150,3095,3145,500
2749.T,656,666,655,663,268000
274A.T,2284,2302,2283,2290,48900
2750.T,1369,1369,1358,1358,4500
2751.T,3790,3790,3765,3790,2800
2752.T,1141,1160,1139,1150,113700
2753.T,1391,1401,1388,1395,21600
2760.T,4090,4150,4075,4115,87000
2762.T,70,70,69,70,40300
2764.T,160,170,160,167,375400
2767.T,2529,2534,2491,2495,373900
2768.T,5878,5887,5685,5762,1985200
2769.T,929,929,921,925,3800
276A.T,3635,3920,3635,3895,42700
2776.T,102,104,102,104,162400
2778.T,113,116,113,115,21100
277A.T,1832,1887,1828,1851,100500
2780.T,4845,4905,4770,4800,147500
2782.T,4450,4660,4420,4595,633800
2784.T,2317,2325.5,2302,2308.5,314700
2788.T,411,419,411,419,32000
2789.T,476,479,475,477,1600
278A.T,19000,20700,18570,20470,5762500
2790.T,2128,2128,2113,2113,5700
2791.T,4600,4745,4560,4695,83000
2792.T,1443,1456,1437,1450,43200
2795.T,971,971,958,968,900
2796.T,506,506,505,505,1500
2798.T,2997,3005,2994,3005,3100
279A.T,1550,1550,1550,1550,0
2801.T,1814,1821,1768.5,1784.5,3837900
2802.T,5193,5233,5121,5174,3479300
2804.T,1862,1872,1857,1867,14700
2805.T,7280,7430,7140,7320,80500
2806.T,1925,1934,1919,1934,300
2809.T,4700,4745,4655,4711,203300
280A.T,1051,1112,1051,1101,40600
2810.T,3925,3926,3875,3903,222900
2811.T,2739,2753,2720.5,2739,270100
2813.T,3920,3965,3920,3920,300
2814.T,1945,1980,1937.5,1975,5800
2815.T,5440,5460,5410,5420,57800
2816.T,1416,1417,1415,1417,1200
2818.T,1767,1773,1767,1773,2700
2819.T,2537,2554,2528,2548,8200
281A.T,421,434,421,426,34000
2820.T,6100,6350,6080,6240,34400
282A.T,2231,2267,2220,2255,115247
2831.T,3695,3695,3685,3685,500
2836.T,3381,3448,3360,3398,86
2837.T,4855,4886,4837,4863,1501
2838.T,8486,8534,8460,8534,2661
2839.T,4940,4940,4940,4940,0
283A.T,1340,1340,1326,1338,681
2840.T,2647,2671,2640,2671,96272
2841.T,1691,1701,1691,1701,298090
2842.T,12250,12250,12100,12100,9528
2843.T,3644,3644,3642,3642,18
2844.T,5470,5497,5455,5485,4156
2845.T,3540,3560,3537,3560,20239
2846.T,2564,2590,2564,2587,7630
2847.T,3046,3046,2974,3005,458
2848.T,3118,3118,3054,3069,204
2849.T,5680,5680,5549,5549,142
284A.T,2335,2335,2335,2335,0
2851.T,407.2,407.2,397.1,399.1,420
2852.T,174.4,175.1,173.9,174.5,24220
2853.T,607.8,607.8,607.8,607.8,0
2854.T,2715,2748,2706,2732,20419
2855.T,935,937,933,935,582
2856.T,646.2,646.2,644.3,644.5,12870
2857.T,619.5,619.5,618.5,619,30
2858.T,1489,1504,1488,1500,464
2859.T,3201,3214,3198,3214,39
285A.T,51830,55200,51330,54460,30527100
2860.T,3290,3290,3268,3280,1428
2861.T,5509,5509,5463,5501,339
2862.T,3819,3819,3819,3819,1
2864.T,1322,1322,1310,1319,265
2865.T,1266,1273,1260,1273,303383
2866.T,966,967,959,963,68652
2867.T,1705,1730,1677,1698,382
2868.T,1130,1136,1126,1133,72578
2869.T,2920,2954,2920,2953,106036
286A.T,835,835,800,801,22500
2870.T,7615,7617,7541,7541,13639
2871.T,2125,2141,2098.5,2108.5,1350100
2872.T,1946,1946,1931,1932,3700
2874.T,2180,2205,2151,2162,128900
2875.T,10365,10365,10175,10315,272200
2876.T,469,476,461,476,7800
2877.T,753,760,752,757,1100
287A.T,1171,1171,1150,1157,523300
2882.T,2021,2035,2016,2030,16300
2883.T,2029,2030,2025,2027,1500
2884.T,622,630,620,628,46500
288A.T,94,95,93,94,44600
2892.T,4550,4600,4550,4585,3100
2894.T,372,372,363,368,14100
2897.T,2990,2990.5,2955,2980.5,1145900
2901.T,148,148,146,147,101000
2903.T,1601,1605,1600,1601,2400
2904.T,755,756,753,755,1100
2907.T,1530,1540,1530,1531,800
2908.T,1614,1623,1609,1621,38900
290A.T,1427,1471,1408,1464,854200
2910.T,1400,1449,1391,1447,137000
2911.T,2250,2252,2245,2245,700
2914.T,6928,6928,6765,6803,5485700
2915.T,2051,2092,2045,2088,41200
2916.T,745,745,739,745,4400
2917.T,922,925,922,923,2700
2918.T,2766,2789,2750,2789,61600
291A.T,1980,1989,1980,1989,2000
2922.T,1988,2000,1987,2000,12400
2923.T,7820,7970,7820,7920,2200
2924.T,1912,1937,1912,1937,3500
2926.T,125,131,125,128,240000
2927.T,866,866,860,864,30000
2929.T,601,610,598,610,93500
292A.T,680,680,680,680,0
2930.T,130,133,130,133,436600
2931.T,345,353,344,351,584800
2932.T,1124,1126,1113,1126,10400
2933.T,1121,1133,1121,1132,68000
2934.T,2000,2034,2000,2021,6400
2935.T,1201,1210,1197,1208,19600
2936.T,275,279,269,275,39700
2937.T,1755,1759,1755,1757,2200
2938.T,1256,1273,1240,1256,73500
293A.T,950,950,950,950,0
294A.T,2936,2936,2936,2936,0
295A.T,9975,9975,9910,9910,3
2961.T,1540,1574,1530,1530,500
2962.T,1530,1676,1452,1608,554600
296A.T,1104,1130,1082,1120,106900
2970.T,1076,1093,1066,1071,5300
2971.T,107000,107600,107000,107000,1218
2972.T,105400,105800,104800,105200,998
2975.T,1476,1500,1462,1495,156200
2978.T,337,337,330,333,4000
2979.T,101000,101200,100500,100800,2648
297A.T,213,213,212,212,31100
2980.T,2360,2433,2345,2431,308700
2981.T,2222,2222,2217,2222,1600
2982.T,433,442,432,441,314100
2983.T,1734,1819,1733,1816,59100
2984.T,755,755,750,750,4600
2986.T,2784,2843,2781,2829,102000
2989.T,93800,95200,93600,95100,3591
298A.T,338,353,338,350,3900
2990.T,262,262,262,262,0
2991.T,521,551,521,551,52200
2993.T,2220,2262,2219,2219,1500
2997.T,1324,1324,1323,1324,8500
2998.T,542,565,542,552,89700
2999.T,516,520,511,512,31800
299A.T,1288,1342,1288,1308,180900
3001.T,2975,2982,2943,2962,20200
3002.T,4100,4100,4055,4095,192800
3003.T,1768.5,1778,1757,1768,1961600
3004.T,2087,2089,2076,2084,1300
300A.T,3220,3265,3175,3195,20700
3010.T,190,192,190,190,83600
3011.T,144,145,144,145,12400
301A.T,550,550,550,550,0
3020.T,4340,4425,4340,4355,1400
3021.T,1576,1600,1576,1595,6200
3023.T,2020,2028,2001,2026,18800
3024.T,1172,1172,1161,1161,400
3028.T,2320,2330,2298,2304,77500
302A.T,600,609,600,609,1200
3030.T,857,864,853,864,17700
3031.T,675,680,674,678,40600
3034.T,2275,2301,2260,2281,87400
3035.T,773,776,773,774,4300
3036.T,3335,3335,3200,3300,137200
3038.T,3107,3204,3014,3032,6305300
303A.T,574,589,572,585,4000
3040.T,2344,2356,2307,2355,67000
3041.T,415,415,412,412,2900
3042.T,297,300,296,298,14000
3045.T,1456,1460,1456,1456,1200
3046.T,5610,5770,5600,5700,172900
3048.T,1743,1763.5,1726,1748,429700
304A.T,1940,1940,1940,1940,0
3050.T,1585,1609,1585,1601,207900
3053.T,200,208,200,207,234200
3054.T,381,381,370,373,15700
3058.T,705,705,703,703,500
3059.T,710,713,709,709,1200
305A.T,1146,1146,1146,1146,0
3063.T,1125,1145,1117,1144,46700
3064.T,1875,1918.5,1858,1909.5,1832000
3065.T,1588,1590,1588,1588,800
3067.T,464,465,464,465,1500
3068.T,3040,3060,3035,3045,1300
3069.T,167,169,167,169,63300
3070.T,67,68,66,68,427700
3071.T,106,107,105,106,32100
3075.T,1640,1643,1637,1639,7100
3076.T,2953,3010,2950,3005,93400
3077.T,1250,1280,1236,1240,20700
307A.T,800,800,800,800,0
3080.T,809,812,805,812,2400
3082.T,981,988,976,987,12100
3083.T,1341,1341,1202,1247,854400
3086.T,2716,2811,2696,2767.5,2307000
3087.T,3355,3385,3355,3360,83800
3088.T,2600,2625,2584.5,2598,1776500
3089.T,1083,1090,1076,1079,2500
308A.T,1310,1310,1310,1310,0
3091.T,2800,2879,2794,2849,68400
3092.T,1133,1150,1130.5,1142.5,2437500
3093.T,1892,1902,1844,1880,220800
3096.T,1605,1610,1605,1609,900
3097.T,5650,5770,5640,5710,112800
3099.T,3180,3212,3135,3203,3180600
309A.T,700,700,700,700,0
3101.T,1657,1657,1623,1636,436900
3103.T,1450,1485,1422,1425,7086000
3104.T,3330,3360,3310,3330,76900
3105.T,2270.5,2288,2217.5,2239,799100
3106.T,11100,11140,10850,10940,23900
3107.T,3761,3783,3686,3783,322100
3109.T,1062,1063,1054,1058,29800
310A.T,1440,1440,1440,1440,0
3110.T,2984,3090,2975,3060,3257400
3111.T,184,186,183,185,8200
3113.T,81,83,81,83,23600
3116.T,2306,2308,2280.5,2291,464100
3121.T,273,276,268,268,43600
3123.T,652,655,650,654,2400
312A.T,1542,1542,1542,1542,0
3131.T,6000,6670,5990,6630,50900
3132.T,3547,3564,3476,3547,591200
3133.T,67,68,66,67,129900
3134.T,309,312,306,310,43200
3135.T,1146,1160,1140,1150,5800
3137.T,206,206,205,205,5600
3138.T,1132,1134,1131,1132,3300
3139.T,3440,3450,3425,3425,19000
313A.T,262.6,264,261.8,263.3,28830
3140.T,1020,1020,1015,1016,3200
3143.T,700,724,700,724,49400
3148.T,3400,3445,3400,3425,55600
314A.T,330.2,331.4,329.5,331.3,1567550
3150.T,2416,2455,2411,2434,47000
3151.T,1637,1637,1605,1619,89000
3153.T,2963,3025,2963,3010,79800
3154.T,791,800,787,792,20500
3156.T,5210,5250,5120,5220,90200
3157.T,1460,1460,1445,1445,2100
3159.T,402,406,401,405,62600
315A.T,2020,2020,1971,1990,89325
3160.T,581,581,578,578,5600
3161.T,669,673,664,666,5100
3166.T,1470,1470,1467,1467,1700
3167.T,1330,1339,1323,1339,278800
3168.T,1280,1288,1255,1276,95700
3169.T,681,687,679,687,4700
316A.T,2716,2735,2706,2733,132376
3172.T,1121,1125,1120,1120,9000
3173.T,1514,1520,1495,1511,5200
3174.T,400,400,399,400,4500
3175.T,957,958,955,956,8800
3176.T,1178,1202,1155,1163,463300
3177.T,4345,4345,4135,4240,2400
3178.T,1220,1220,1207,1218,18400
3179.T,1192,1211,1188,1200,74000
317A.T,1350,1350,1350,1350,0
3180.T,1629,1670,1629,1670,51500
3181.T,1054,1055,1054,1054,1400
3182.T,1661,1684,1658,1668,52200
3183.T,1256,1276,1256,1273,15300
3184.T,4200,4200,4200,4200,100
3185.T,143,146,141,146,37300
3186.T,3125,3245,3085,3230,669400
3187.T,370,393,361,373,139600
3189.T,118,121,112,113,651900
318A.T,341.8,343.9,341.1,342.2,1362270
3190.T,585,585,582,583,500
3191.T,2205,2237,2205,2231,116700
3192.T,286,286,279,283,16700
3193.T,1402,1465,1395,1464,179200
3195.T,689,710,689,706,24200
3196.T,1625,1644,1620,1639,58400
3197.T,3360,3419,3329,3384,1050800
3199.T,1321,1331,1317,1326,32900
319A.T,21700,21700,20300,20800,43100
3201.T,1967,1993,1956,1993,82400
3202.T,130,131,129,131,30800
3204.T,499,503,499,501,2400
3205.T,733,739,733,736,46000
320A.T,500,500,500,500,0
321A.T,785,785,785,785,0
3221.T,3230,3290,3230,3270,29200
3222.T,837,849,835,839,445800
3223.T,963,973,963,964,3300
3224.T,694,699,694,694,3000
3226.T,117700,118500,117300,117500,6219
322A.T,765,765,765,765,0
3231.T,932,932.3,924.7,926,3616300
3232.T,614,619,601,601,250500
3234.T,127200,127500,126600,126600,3218
3236.T,284,291,284,290,110100
3237.T,94,97,93,95,141200
3238.T,385,386,382,386,7900
323A.T,380,380,373,373,8300
3241.T,603,608,600,602,3800
3242.T,521,526,520,522,33800
3245.T,1117,1130,1112,1125,284400
3246.T,689,693,686,689,3000
3248.T,885,897,885,897,2200
3249.T,137000,137400,136400,136700,6476
324A.T,723,733,718,726,15800
3252.T,2900,2913,2860,2903,160800
325A.T,1744,1846,1724,1804,253800
3261.T,423,423,417,418,2300
3266.T,80,80,79,79,3400
3267.T,646,653,639,645,16400
3269.T,144600,145400,144200,144200,6129
326A.T,1620,1620,1620,1620,0
3276.T,2246,2247,2245,2246,159200
3277.T,809,824,806,824,18300
3279.T,134600,134800,133700,133700,5061
3280.T,936,941,936,941,2100
3281.T,134300,135700,134300,134800,14506
3282.T,98000,98600,97900,98000,7084
3283.T,85700,86400,85500,85700,16301
3284.T,1301,1301,1286,1295,211100
3286.T,890,893,890,890,2100
3287.T,240200,242400,240200,240500,1884
3288.T,7691,7691,7521,7655,568900
3289.T,1322,1324.5,1307.5,1312,2457400
328A.T,1361,1383,1361,1373,1465
3290.T,74400,74900,74300,74500,2724
3291.T,2306,2322.5,2296,2305.5,535300
3292.T,117300,117600,116900,117100,4968
3293.T,770,772,770,771,800
3295.T,149400,149800,149000,149100,3026
3296.T,81800,81900,81300,81300,4696
3297.T,1171,1173,1171,1172,800
3299.T,1717,1738,1706,1731,75900
329A.T,211.6,211.6,211.6,211.6,0
3300.T,1810,1834,1803,1816,66100
3302.T,3010,3045,2989,3030,48400
3306.T,713,715,661,688,62800
3309.T,72800,73100,72600,72600,11334
330A.T,561,586,561,586,27800
3315.T,100,101,99,100,4595600
3317.T,1480,1496,1470,1484,1800
331A.T,489,490,488,490,3000
3320.T,1312,1319,1309,1319,1400
3321.T,1652,1691,1648,1689,36000
3323.T,93,96,93,94,425400
3326.T,655,657,655,655,2900
3329.T,2145,2145,2141,2144,2100
332A.T,1090,1125,1081,1125,49800
3333.T,1292,1310,1287,1303,123900
333A.T,6240,6240,6240,6240,0
3349.T,6972,6981,6784,6825,839300
334A.T,1063,1075,1030,1030,4200
3350.T,309,315,291,293,59535900
3352.T,1795,1820,1795,1800,900
3353.T,2812,2813,2812,2813,600
3355.T,1857,1857,1829,1835,22000
3358.T,95,97,94,94,52700
3359.T,527,530,525,527,26600
335A.T,343,345,317,320,222800
3360.T,2383.5,2426.5,2378.5,2416.5,273200
3361.T,896,896,896,896,100
336A.T,1899,2045,1475,1497,49704800
3370.T,477,482,475,482,8000
3371.T,2110,2137,2098,2114,43400
3372.T,221,221,220,220,23300
3374.T,3940,4050,3935,4030,27500
3375.T,1813,1813,1748,1748,800
3377.T,384,386,383,386,2500
3382.T,2072,2072,2046.5,2060.5,10377300
3386.T,1251,1257,1247,1254,800
3387.T,758,779,757,777,1356200
3388.T,2108,2131,2102,2124,21100
338A.T,2517,2988,2494,2696,2094000
3391.T,2272,2340.5,2270,2318.5,1451600
3392.T,832,832,821,822,12000
3393.T,3005,3040,2991,3040,43000
3395.T,2450,2471,2439,2456,75200
3396.T,868,868,865,865,1400
3397.T,4286,4321,4262,4288,274800
3399.T,3895,4065,3875,4065,91900
339A.T,910,924,893,923,10700
3401.T,1760,1762,1716.5,1737,666300
3402.T,1265,1269,1232,1244.5,4384300
3405.T,1877,1877,1821,1838.5,1381700
3407.T,1654,1655.5,1610,1612,5267900
3409.T,90,92,89,91,26300
340A.T,320,337,313,318,27200
3415.T,363,367,360,364,229200
3416.T,907,907,907,907,200
3417.T,1030,1040,1030,1035,4500
3418.T,1051,1057,1051,1053,5400
341A.T,2088,2110,2082,2110,17100
3420.T,1588,1589,1579,1588,2500
3421.T,1714,1749,1710,1737,39300
3422.T,614,620,610,617,15900
3423.T,272,276,272,275,11000
3426.T,1301,1301,1301,1301,0
3431.T,1585,1585,1574,1577,85100
3433.T,2676,2725,2673,2724,150500
3434.T,1244,1249,1239,1249,5600
3435.T,1491,1509,1486,1509,6200
3436.T,3137,3314,3125,3229,10189800
3437.T,2727,2727,2727,2727,0
3439.T,679,679,674,674,800
343A.T,1310,1325,1310,1318,5400
3440.T,866,872,866,871,8300
3441.T,2699,2767,2637,2741,26700
3443.T,1348,1359,1331,1340,209600
3444.T,1050,1055,1016,1016,83300
3445.T,5550,5730,5540,5610,107400
3446.T,1536,1630,1536,1620,26900
3447.T,1009,1017,1006,1009,16800
3449.T,3760,3970,3730,3925,123300
3451.T,128100,128900,127800,128000,789
3452.T,1470,1485,1465,1478,31800
3454.T,1275,1275,1271,1271,1300
3455.T,95300,97200,95300,96900,9119
3457.T,933,937,932,937,68500
3459.T,89600,89700,89000,89000,1848
345A.T,15850,15850,15710,15725,440
3461.T,626,628,623,626,10400
3462.T,145900,146200,145300,145300,7012
3463.T,109500,110500,109500,109900,3281
3465.T,3300,3330,3260,3275,210500
3466.T,144800,145700,144400,144400,6832
3467.T,2889,2910,2889,2905,2400
3468.T,52600,52800,52400,52700,7422
3469.T,895,898,893,893,2900
346A.T,4840,4877,4806,4865,2183
3470.T,98400,99100,98100,98800,1922
3471.T,104400,104700,103900,103900,6557
3472.T,65600,66200,65600,65700,1188
3474.T,603,610,603,607,5000
3475.T,1500,1506,1492,1501,83100
3476.T,41000,41250,40900,41100,5490
3477.T,898,900,897,898,4100
3479.T,1864,1898,1864,1879,69100
347A.T,530,530,530,530,0
3481.T,113700,114000,113200,113200,3335
3482.T,2528,2561,2514,2556,78500
3484.T,1152,1157,1152,1156,1000
3486.T,1954,1973,1936,1963,43400
3487.T,135300,136200,134900,135100,2240
3488.T,102500,103000,102400,102700,1217
3489.T,835,839,827,834,36300
348A.T,302.6,302.6,298.9,299.9,118820
3490.T,3050,3050,3035,3035,800
3491.T,1539,1599,1531,1586,151000
3492.T,78400,79400,78000,78900,9478
3494.T,443,446,443,446,4300
3495.T,2260,2260,2260,2260,0
3496.T,4750,4780,4700,4730,48400
3498.T,7190,7480,7140,7480,257700
349A.T,842.9,842.9,829.4,839.1,1280
3501.T,1180,1183,1171,1180,17900
350A.T,777,824,760,819,803500
3512.T,1029,1040,1021,1029,19800
3513.T,3350,3420,3290,3420,4300
351A.T,1760,1760,1760,1760,0
3521.T,157,157,156,156,6800
3524.T,1481,1481,1481,1481,8400
3529.T,1006,1013,968,982,79200
352A.T,537,543,536,543,3000
3536.T,128,129,127,129,29500
3537.T,1752,1759,1742,1759,1400
3538.T,1012,1022,1012,1013,7100
3539.T,1430,1432,1363,1364,326200
3542.T,1440,1550,1440,1549,25400
3543.T,2913,2914,2898,2902,180600
3544.T,1248,1250,1248,1249,27500
3547.T,1878,1896,1861,1886,23500
3548.T,701,704,701,704,107900
3549.T,4162,4268,4150,4218,270900
354A.T,3390,3401,3347,3350,218360
3550.T,216,217,216,216,9100
3551.T,1608,1620,1606,1613,10800
3553.T,922,925,916,922,34100
3556.T,793,805,791,798,45800
3557.T,515,516,514,514,4500
3558.T,1780,1812,1780,1809,62300
3559.T,456,460,455,458,1600
355A.T,350,350,350,350,0
3560.T,4360,4370,4360,4370,1000
3561.T,1560,1562,1552,1558,73100
3562.T,1561,1576,1557,1568,16100
3563.T,5875,6063,5791,6022,2073900
3565.T,477,490,476,484,150200
3566.T,772,772,764,769,1700
3569.T,3435,3445,3375,3405,146500
356A.T,1555,1564,1552,1562,3617
3571.T,739,740,734,739,2600
3577.T,938,939,930,930,1900
357A.T,6240,6240,6240,6240,0
3580.T,762,762,754,758,57400
3583.T,1343,1348,1343,1345,600
358A.T,310,310,310,310,0
3591.T,4100,4137,4066,4128,128400
3597.T,9030,9100,9000,9100,500
3598.T,167,167,165,166,8900
359A.T,1600,1600,1600,1600,0
3600.T,1720,1720,1720,1720,200
3607.T,350,353,348,350,20600
3608.T,1239,1247,1229,1246,178600
360A.T,1080,1080.5,1080,1080.5,70
3611.T,2447,2480,2417,2468,28000
3612.T,1600,1612,1593,1612,263300
361A.T,1588,1588,1588,1588,0
3622.T,496,497,496,497,200
3623.T,1252,1285,1247,1266,19800
3624.T,90,94,89,91,760800
3625.T,659,674,652,652,8600
3626.T,4055,4074,4002,4022,884900
3627.T,263,266,263,265,16800
3628.T,630,660,630,642,19100
362A.T,4950,4950,4950,4950,0
3632.T,423,425,418,418,475200
3633.T,2601,2646,2601,2607,11400
3634.T,593,593,588,588,1900
3635.T,1676,1687.5,1656,1664.5,871100
3636.T,5000,5080,5000,5050,33200
3639.T,235,242,235,242,8500
363A.T,2759,2759,2733,2751,249
3640.T,2807,2836,2793,2810,7200
3641.T,994,998,994,998,1900
3645.T,260,310,260,303,2159100
3646.T,357,359,354,354,3300
3647.T,119,122,118,119,117700
3648.T,1065,1089,1065,1089,6300
3649.T,819,855,819,850,59900
364A.T,2503,2503,2480,2489,7473
3652.T,2403,2483,2378,2429,28100
3653.T,1615,1615,1306,1379,4200100
3656.T,188,192,187,190,1993600
3657.T,362,369,362,368,77600
3659.T,3135,3154,3098,3120,2785100
365A.T,784,794,783,792,48800
3660.T,506,537,504,534,1263600
3661.T,820,829,814,824,502500
3662.T,970,982,959,969,197100
3663.T,1843,1869,1826,1834,164200
3664.T,24,26,24,25,45875100
3665.T,426,432,426,430,177000
3667.T,28,28,27,28,94000
3668.T,429,432,424,428,495800
366A.T,1169,1192,1168,1184,20400
3671.T,306,307,303,305,17000
3672.T,29,30,28,29,141600
3673.T,463,487,459,485,1009400
3674.T,343,344,340,340,5400
3675.T,601,609,601,607,53700
3676.T,1059,1059,1058,1058,124000
3678.T,1260,1265,1255,1259,17500
3679.T,449,458,449,457,473400
367A.T,2883,2985,2827,2976,80500
3680.T,207,207,205,207,24000
3682.T,586,587,580,585,3500
3683.T,1105,1126,1105,1125,18200
3686.T,60,61,60,60,118700
3687.T,2088,2134,2085,2108,359100
368A.T,1438,1448,1424,1442,98000
3690.T,580,597,579,594,36500
3691.T,1820,1916,1801,1898,19100
3692.T,5700,6320,5650,6300,343900
3694.T,437,447,437,444,99800
3695.T,1484,1573,1484,1554,27100
3696.T,2146,2217,2142,2213,90000
3697.T,905,935,903,906.5,5142200
3698.T,1200,1231,1200,1223,6300
369A.T,2532,2611,2530,2585,20300
3708.T,2127,2151,2122,2143,47900
370A.T,1296,1296,1296,1296,0
3710.T,646,646,637,638,9300
3712.T,1086,1104,1086,1098,6600
3719.T,115,117,115,115,133200
371A.T,420,420,420,420,0
3723.T,2729,2755,2720,2724,7900
3726.T,400,402,397,400,18300
3727.T,163,171,163,167,116800
372A.T,5500,5540,5470,5540,2300
3733.T,12400,12550,12270,12390,6100
373A.T,1474,1477,1466,1466,3200
3741.T,3270,3445,3260,3440,157900
3744.T,458,459,452,456,12800
3747.T,420,424,411,413,24100
374A.T,240,240,240,240,0
3750.T,822,835,822,826,5700
3753.T,234,238,213,216,293500
3758.T,246,249,246,248,14700
375A.T,2125,2125,2125,2125,0
3760.T,710,717,707,711,7400
3762.T,2418,2470,2391,2456,194200
3763.T,2064,2064,2027,2036,38200
3765.T,2541,2558,2505,2527,257400
3766.T,1429,1429,1429,1429,100
3768.T,560,560,560,560,600
3769.T,8989,9164,8900,9084,334900
376A.T,4835,4835,4835,4835,0
3771.T,1896,1914,1892,1911,66900
3772.T,1103,1108,1099,1100,13700
3773.T,1048,1073,1042,1069,35600
3774.T,3237,3299,3220,3290,392500
3776.T,245,252,245,251,128200
3777.T,47,48,46,47,433100
3778.T,3550,3675,3515,3650,602100
3779.T,128,132,128,129,18200
3787.T,370,372,366,366,6900
3788.T,1962,2005,1962,1989,18900
378A.T,945,954,934,951,54400
3791.T,1050,1064,1047,1055,73600
3793.T,487,502,483,496,118300
3796.T,328,344,326,344,75200
3798.T,529,549,527,549,283200
3799.T,1131,1138,1127,1127,2200
379A.T,1353,1353,1338,1338,6
3800.T,1968,1978,1955,1968,5300
3802.T,504,505,503,503,600
3803.T,580,619,580,619,14400
3804.T,475,475,470,471,10200
3807.T,87,88,85,88,341700
380A.T,935,951,930,948,6904
3810.T,175,185,174,179,594900
3815.T,429,430,428,429,4700
3816.T,1150,1168,1134,1160,2900
3817.T,4850,4895,4850,4880,19300
381A.T,2123,2128,2119,2127,1199
3823.T,31,32,31,32,86300
3825.T,237,250,234,237,4241600
3826.T,495,499,495,496,6500
382A.T,1889,1889,1889,1889,4750
3834.T,614,616,610,616,50900
3835.T,437,440,435,437,36800
3836.T,1205,1212,1196,1207,70800
3837.T,1366,1404,1364,1385,90500
3839.T,639,642,639,641,700
383A.T,2618,2618,2600,2616,405
3840.T,57,59,56,59,111900
3841.T,1393,1419,1393,1396,2800
3842.T,1057,1069,1052,1052,2100
3843.T,1715,1749,1715,1737,19300
3844.T,1332,1333,1320,1323,88500
3845.T,287,295,285,290,163000
3848.T,837,841,837,841,1000
3850.T,3850,3865,3685,3840,50900
3851.T,1360,1360,1310,1347,225600
3853.T,1135,1135,1116,1128,115100
3854.T,2424,2464,2415,2441,102600
3856.T,274,290,218,218,1057300
3858.T,304,305,299,301,25000
385A.T,2450,2450,2450,2450,0
3861.T,879.6,883.8,868.8,875.2,4521500
3863.T,1315,1318,1296,1306,582700
3864.T,1168,1191,1157,1177,172400
3865.T,905,907,895,897,168300
386A.T,1253,1257,1252,1252,3300
3877.T,2203,2222,2193,2212,33800
3878.T,852,861,852,856,18300
387A.T,919,921,918,918,800
3880.T,970,970,959,962,214400
3891.T,6310,6640,6300,6610,150800
3892.T,1607,1607,1599,1600,2000
3895.T,481,481,469,481,30800
3896.T,402,412,402,412,5900
389A.T,2380,2380,2380,2380,0
3900.T,643,667,642,653,157100
3901.T,1505,1513,1499,1509,44400
3903.T,270,282,270,281,427700
3904.T,428,431,426,431,5200
3905.T,1560,1575,1489,1529,2832000
3907.T,2289,2319,2104,2172,448800
3908.T,354,356,352,353,700
3909.T,191,193,189,189,6800
3910.T,283,285,282,283,1700
3911.T,184,185,183,184,125800
3912.T,1130,1141,1125,1125,4200
3913.T,1086,1090,1073,1090,4400
3914.T,2318,2420,2318,2386,24400
3915.T,2396,2493,2394,2474,122900
3916.T,944,952,942,945,66100
3917.T,449,456,446,456,7400
3918.T,1206,1206,1194,1194,4400
3920.T,987,998,987,997,2000
3921.T,1610,1625,1606,1616,7500
3922.T,2129,2150,2126,2150,19700
3923.T,1132,1155,1115,1127.5,1456200
3925.T,1314,1327,1314,1320,19400
3926.T,407,416,398,398,24500
3927.T,880,883,862,880,32700
3928.T,236,236,232,235,6900
3929.T,241,241,239,239,10900
392A.T,271,273.4,270.1,273.4,44240
3930.T,762,781,762,777,6900
3931.T,1522,1522,1504,1504,1000
3932.T,3680,3710,3620,3685,79300
3933.T,552,562,552,552,3000
3934.T,2275,2301,2275,2278,1100
3935.T,709,724,709,718,31500
3936.T,136,140,136,137,232400
3937.T,1183,1213,1182,1205,50700
3939.T,495,497,490,491,86500
393A.T,2000,2000,2000,2000,0
3940.T,129,131,129,131,255500
3941.T,1580,1588,1553,1566.5,845300
3943.T,1320,1331,1318,1320,1300
3944.T,3235,3235,3235,3235,1300
3945.T,2160,2178,2160,2178,500
3946.T,4390,4405,4335,4370,58500
3947.T,2490,2498,2455,2475,3600
3948.T,1176,1180,1172,1176,900
394A.T,529.3,529.3,529.3,529.3,100
3950.T,1456,1461,1427,1461,108600
3951.T,907,917,901,917,32400
3953.T,794,794,794,794,0
3954.T,3240,3240,3085,3185,2500
3955.T,847,847,844,847,500
3958.T,551,554,551,553,11600
395A.T,1115,1115,1084,1115,50920
3962.T,1011,1022,1005,1020,167600
3963.T,339,351,339,345,44700
3964.T,1331,1360,1323,1355,409200
3965.T,909,909,897,897,3800
3967.T,566,570,563,565,12500
3968.T,636,652,636,642,192700
3969.T,1406,1406,1400,1401,2800
396A.T,482,482,481.1,481.1,420
3970.T,845,851,845,851,1700
3974.T,672,672,665,665,3200
3976.T,612,614,583,591,55300
3979.T,443,447,436,442,22400
3981.T,1228,1236,1225,1236,700
3983.T,2051,2074,2047,2053,28100
3984.T,1520,1559,1520,1552,148400
3985.T,193,193,190,192,4300
3986.T,476,476,471,471,3800
3987.T,678,678,670,672,12600
3988.T,560,561,560,560,600
3989.T,1503,1538,1492,1523,173000
398A.T,1350,1350,1350,1350,0
3991.T,977,977,962,962,1400
3992.T,470,476,470,474,21800
3993.T,3155,3235,3150,3205,239000
3994.T,6772,6888,6467,6710,1387300
3996.T,206,206,200,205,11900
3997.T,383,394,383,392,109900
3998.T,292,292,291,292,700
399A.T,2416,2416,2372,2375,35504
4004.T,15640,15925,15285,15530,1529200
4005.T,616.7,619.2,594,594.7,18479600
4008.T,1480,1480,1457,1465,206000
4011.T,2435,2717,2430,2603,202500
4012.T,1744,1751,1730,1751,3400
4013.T,648,660,648,655,22000
4014.T,506,515,502,515,4500
4015.T,518,522,514,519,11100
4016.T,1044,1056,976,1040,8000
4017.T,215,218,215,216,2600
4019.T,640,655,640,651,48700
401A.T,95700,96500,95700,96000,1420
4020.T,838,846,835,835,700
4021.T,7980,8023,7852,7902,467200
4022.T,1928,1984,1911,1961,445200
4023.T,4580,4580,4490,4545,259100
4025.T,5820,5930,5780,5810,17000
4026.T,1666,1670,1648,1660,33700
4027.T,2365,2470,2365,2458,106500
4028.T,3080,3085,3020,3035,190100
402A.T,515,528,511,522,1119000
4031.T,1123,1125,1107,1111,10900
403A.T,2415,2415,2415,2415,0
4040.T,3980,4015,3965,3990,6800
4041.T,3950,3955,3855,3875,205100
4042.T,2680,2687.5,2632.5,2655.5,1008900
4043.T,3909,3913,3847,3898,502000
4044.T,4425,4460,4370,4455,63600
4045.T,1851.5,1878.5,1819,1833.5,231000
4046.T,2062,2063,1987,1995,374700
4047.T,2143,2164,2108,2143,568500
404A.T,1233,1260,1233,1243,3448
4051.T,6050,6230,6050,6090,22700
4052.T,970,999,720,740,6498200
4053.T,454,468,453,468,64800
4054.T,521,523,518,522,15000
4055.T,1651,1677,1651,1675,22800
4056.T,281,289,243,256,2191400
4057.T,354,357,347,355,4500
4058.T,2397,2492,2380,2445,35700
4059.T,392,394,392,394,2900
405A.T,3500,3500,3500,3500,0
4060.T,1227,1227,1218,1224,4400
4061.T,3230,3247,3175,3245,573700
4062.T,19850,20500,19385,20475,7940600
4063.T,5805,5860,5786,5786,6593000
4064.T,3380,3525,3310,3515,140900
4068.T,1775,1777,1772,1774,1700
4069.T,704,732,704,720,11900
406A.T,5450,5450,5450,5450,0
4071.T,2058,2102,2058,2079,210700
4072.T,3040,3120,3035,3120,17700
4073.T,492,500,491,491,5700
4074.T,790,794,787,794,1800
4075.T,1460,1629,1383,1394,977400
4076.T,2018,2018,2005,2005,300
4078.T,3835,3845,3790,3835,239100
407A.T,933,950,933,941,8300
4082.T,2594,2617,2530,2570,1137200
4088.T,2841,3025,2824,3010,3237300
408A.T,279.2,282.4,278,282.3,278820
4091.T,5522,5590,5452,5471,490700
4092.T,5250,5300,5120,5260,70300
4093.T,425,429,424,425,20900
4094.T,2280,2292,2270,2279,5700
4095.T,1756,1770,1740,1748,177900
4097.T,1192,1208,1175,1202,43700
4098.T,1020,1022,1016,1017,1400
4099.T,2178,2240,2168,2215,469400
409A.T,1163,1189,1163,1186,195400
4100.T,1588,1608,1570,1574,34600
4102.T,1446,1446,1439,1446,600
4107.T,4050,4095,3905,3930,392500
4109.T,5280,5380,5260,5360,49100
410A.T,1142,1152,1136,1143,8600
4112.T,2193,2208,2154,2169,59000
4113.T,790,803,786,795,19300
4114.T,2639,2639.5,2583,2586,1090900
4116.T,1353,1358,1324,1328,159500
4118.T,6185,6185,6043,6117,195700
4119.T,5900,6000,5840,6000,1400
411A.T,370,370,370,370,0
4120.T,3000,3000,3000,3000,100
4124.T,3070,3070,2900,2938,5700
4125.T,3790,3840,3660,3705,13600
412A.T,4415,4435,4338,4434,2239
413A.T,3775,3860,3775,3860,2192
414A.T,843,849,835,843,92700
4151.T,2411,2422,2390.5,2403.5,2172200
415A.T,5100,5150,5100,5150,400
4165.T,725,749,725,737,486500
4166.T,630,633,630,633,1000
4167.T,340,345,325,325,28200
4168.T,759,781,759,779,49700
4169.T,263,269,262,267,360800
416A.T,1304,1305,1293,1294,4400
4170.T,134,139,130,131,1051300
4172.T,2282,2282,2278,2278,500
4174.T,857,875,855,861,12900
4175.T,2856,2915,2851,2915,3100
4176.T,275,278,270,275,110200
4177.T,1541,1557,1525,1525,2500
4178.T,537,543,533,540,2400
4179.T,349,358,349,354,12600
417A.T,1882,1938,1877,1906.5,444700
4180.T,1464,1533,1454,1512,3287800
4182.T,3830,3873,3799,3847,1659500
4183.T,2282,2282,2210.5,2224,2446500
4186.T,8050,8330,8043,8276,713600
4187.T,4235,4300,4210,4280,53700
4188.T,1261,1269.5,1235.5,1237.5,6708400
4189.T,3355,3355,3290,3300,85900
4192.T,281,290,275,286,181100
4193.T,2168,2168,2158,2165,2000
4194.T,8977,9143,8977,9143,190700
4196.T,2154,2167,2120,2157,9200
4197.T,2352,2379,2340,2379,1000
4198.T,506,506,502,506,900
4199.T,800,824,800,806,4500
419A.T,2700,2700,2700,2700,0
4202.T,1465,1469,1439.5,1449,1236700
4203.T,7044,7070,6921,7056,438700
4204.T,2580,2599.5,2548,2549,1480800
4205.T,2480,2488,2428.5,2458,966000
4206.T,4111,4120,4059,4088,208200
4208.T,3519,3525,3423,3442,1130800
4212.T,2938,2947,2899,2931,43900
4216.T,5750,5990,5750,5930,61700
4218.T,1950,1950,1937,1939,18400
421A.T,3835,4050,3835,4000,67700
4220.T,2466,2494,2402,2478,160600
4221.T,5520,5590,5470,5570,39200
4222.T,692,700,677,699,225400
4224.T,2137,2137,2104,2104,6000
4228.T,612,614,598,600,198200
4229.T,4295,4325,4185,4195,21000
422A.T,2450,2450,2450,2450,0
4231.T,1040,1057,1040,1056,22200
4234.T,1029,1031,1001,1009,32300
4235.T,685,685,680,685,16100
4237.T,366,366,355,355,39100
4238.T,1854,1883,1845,1846,39400
423A.T,325,325,321,322,23300
4240.T,314,317,314,317,1600
4241.T,662,667,652,652,13600
4242.T,1790,1797,1782,1782,1500
4243.T,1068,1070,1052,1055,3100
4245.T,712,723,712,722,10000
4246.T,1122,1123,1106,1108,238200
4247.T,1411,1411,1386,1387,600
4248.T,883,885,882,884,1400
4249.T,3020,3020,2956,2968,22400
424A.T,340,341.3,339.9,340.3,268490
4251.T,1162,1164,1155,1164,88400
4255.T,3450,3555,3450,3555,3500
4256.T,1120,1133,1117,1123,8400
4258.T,4190,4400,4190,4340,27700
4259.T,814,875,808,860,2738500
425A.T,374,374.1,372,373.4,244070
4260.T,209,209,207,207,2600
4261.T,2934,2979,2934,2973,3100
4262.T,1398,1399,1387,1387,2100
4263.T,423,434,422,424,137400
4264.T,1447,1455,1442,1450,11000
4265.T,285,288,283,285,11600
426A.T,1219,1231,1211,1216,843
4270.T,1910,1925,1903,1925,4800
4272.T,2085,2100,2051,2061.5,495300
4274.T,1056,1077,1051,1067,25700
4275.T,1953,1982,1920,1928,202000
4284.T,461,461,454,458,30200
4286.T,1274,1297,1233,1294,27500
4287.T,486,486,479,483,4400
4288.T,458,467,458,467,7700
428A.T,1565,1610,1544,1587,25300
4290.T,699,701,693,693,539300
4293.T,516,527,515,521,470300
4299.T,1222,1232,1222,1231,5000
429A.T,3740,3810,3690,3710,476600
4301.T,1904,1925,1903,1922,23300
4307.T,5268,5306,5228,5244,1839500
4308.T,358,360,358,359,8100
430A.T,2480,2480,2480,2480,0
4310.T,2510,2520,2503,2507,7400
4316.T,133,137,110,111,633200
4317.T,568,571,563,568,3200
4318.T,843,848,841,847,88300
431A.T,2645,2853,2645,2831,57000
4320.T,1648,1648,1646,1647,72300
4323.T,1886,1967,1873,1948,46200
4324.T,3700,3779,3682,3761,852700
4326.T,2000,2020,1990,2015,18600
432A.T,1450,1450,1450,1450,0
4331.T,742,748,737,746,39900
4334.T,400,402,396,401,18200
4335.T,1090,1091,1088,1089,1800
4337.T,2701,2737,2679,2726,19400
433A.T,710,710,710,710,0
4341.T,895,905,895,895,1700
4343.T,2839,2895,2827,2883,93900
4344.T,112,115,111,115,744400
4345.T,832,835,828,833,40000
4346.T,1015,1084,1015,1053,187300
4347.T,1636,1651,1632,1636,20200
434A.T,930,930,930,930,0
4350.T,500,507,495,502,63500
4351.T,866,899,865,870,7100
4356.T,1631,1631,1631,1631,200
435A.T,2811,2812,2779,2797,166447
4360.T,995,1010,976,976,7500
4361.T,1613,1613,1591,1613,1100
4362.T,2730,2730,2685,2693,22600
4365.T,24370,24370,24370,24370,0
4366.T,450,451,438,440,99100
4368.T,2858,2915,2850,2883,821900
4369.T,3015,3100,3010,3065,667100
436A.T,1145,1184,1131,1158,116200
4370.T,506,506,391,408,733900
4371.T,1439,1450,1435,1437,12900
4372.T,1295,1340,1290,1290,6400
4373.T,1219,1219,1197,1205,1106600
4374.T,2431,2483,2431,2443,1300
4375.T,672,687,667,678,169600
4376.T,166,169,165,167,20700
4377.T,2448,2469,2415,2469,47100
4378.T,536,540,528,536,7700
4379.T,434,441,432,439,18900
437A.T,1024,1024,1024,1024,0
4380.T,680,687,680,685,8500
4381.T,260,300,260,285,663800
4382.T,752,772,752,768,70200
4385.T,4353,4482,4297,4443,1621100
4386.T,891,900,890,892,3300
4387.T,547,551,536,551,7200
4388.T,372,372,364,372,24100
4389.T,1055,1091,1055,1069,11600
438A.T,974,1007,974,1000,67800
4390.T,4010,4130,3985,4060,52800
4391.T,1155,1166,1155,1155,900
4392.T,1096,1113,1034,1035,2569200
4393.T,5280,5580,5240,5520,54900
4394.T,715,762,669,686,182000
4395.T,716,735,716,716,19800
4396.T,1377,1414,1373,1388,88400
4397.T,414,420,412,412,40000
4398.T,1290,1299,1290,1297,2000
439A.T,5000,5000,5000,5000,0
4401.T,4586,4589,4508,4551,343300
4403.T,2650.5,2671,2626,2635.5,923800
4404.T,2207,2238,2200,2238,17500
4406.T,250,251,248,250,199400
4409.T,789,789,781,782,4700
4410.T,1123,1124,1104,1120,41600
4412.T,1350,1422,1350,1409,33100
4413.T,2964,2967,2963,2964,305700
4414.T,1084,1088,1068,1083,5900
4415.T,1410,1415,1386,1405,11900
4416.T,413,414,408,413,1900
4417.T,4335,4475,4280,4340,49700
4418.T,1119,1163,1111,1144,230100
4419.T,1397,1429,1374,1406,443800
441A.T,257,265,257,265,19400
4420.T,849,850,825,831,409100
4421.T,942,944,936,942,800
4422.T,570,600,565,584,64600
4424.T,349,350,336,339,58200
4425.T,1489,1570,1466,1556,326200
4426.T,163,163,163,163,0
4427.T,227,231,219,226,6500
4428.T,703,712,698,712,2400
4429.T,713,717,711,717,1100
442A.T,976,979,963,979,3000
4430.T,1799,1799,1777,1777,10300
4431.T,3500,3605,3475,3540,77000
4432.T,3390,3420,3360,3385,114500
4433.T,861,864,854,860,56200
4434.T,2462,2486,2430,2471,24900
4436.T,419,424,415,415,42800
4437.T,746,749,746,746,1400
4438.T,258,274,254,268,35200
4439.T,796,805,790,800,2700
443A.T,1838,1841,1836,1836,57
4440.T,2032,2147,1601,1650,3219200
4441.T,1483,1549,1483,1519,19600
4442.T,412,413,406,410,41400
4443.T,2260,2270,2180,2228,1372000
4444.T,965,968,965,968,200
4445.T,1954,1954,1914,1949,1900
4446.T,833,846,816,842,28600
4447.T,503,505,498,502,27400
4448.T,340,358,340,355,82000
444A.T,1945,1945,1945,1945,0
4450.T,2329,2351,2327,2342,1200
4452.T,3510,3527,3488,3495,2381100
445A.T,274,274,274,274,0
4461.T,12900,13130,12760,13050,159100
4462.T,2946,2970,2913,2927,28200
4463.T,2029,2039,2003,2026,10300
4464.T,3505,3505,3470,3470,200
4465.T,2395,2421,2395,2411,1100
446A.T,2247,2350,2243,2312,653600
4471.T,6350,6370,6140,6230,137700
4475.T,1650,1677,1623,1664,532400
4476.T,1105,1117,1103,1111,8700
4477.T,350,351,345,347,975000
4478.T,4145,4210,4050,4145,660700
4479.T,987,1034,978,1007,157300
447A.T,279.9,279.9,277.4,277.9,126760
4480.T,2568,2598,2536,2553,164300
4481.T,3340,3365,3340,3355,45500
4482.T,741,741,733,735,3700
4483.T,3440,3585,3410,3575,517500
4484.T,297,298,291,298,14600
4486.T,669,689,669,688,3800
4487.T,227,230,227,230,2100
4488.T,2245,2280,2229,2258,3900
448A.T,269,269,267.6,268.1,9240
4490.T,661,671,660,671,7800
4491.T,3295,3360,3295,3360,4000
4492.T,412,412,396,396,33100
4493.T,1780,1820,1740,1808,164700
4495.T,2001,2062,1997,2036,5900
4496.T,775,779,774,779,500
4498.T,1276,1306,1276,1287,42900
4499.T,2345,2510,2345,2485,121300
449A.T,820.2,824.3,818.1,824.3,40330
4502.T,5757,5759,5647,5753,5384700
4503.T,2380,2392,2355.5,2355.5,5484800
4506.T,1654,1695,1635.5,1653,4424700
4507.T,2945.5,2968,2903.5,2909,3499800
450A.T,795.7,796.6,795.6,796.6,5770
4512.T,307,315,303,306,51700
4516.T,3474,3490,3433,3448,319200
4519.T,6818,6873,6794,6795,1920500
451A.T,298,298,295,296.4,33370
4521.T,3960,3960,3920,3920,96600
4523.T,4795,4805,4686,4694,1312400
4524.T,2244,2247,2244,2245,700
4526.T,3325,3325,3250,3270,165700
4527.T,3021,3037,2918.5,2918.5,1663000
4528.T,2460,2480,2419.5,2448.5,1559800
452A.T,820,820,812.5,817,393710
4531.T,361,365,356,362,65700
4534.T,3280,3285,3245,3255,42200
4536.T,1845.5,1859.5,1818.5,1829.5,1180100
4538.T,2262,2275,2250,2266,8600
4539.T,1576,1577,1564,1570,1000
453A.T,746.4,746.7,741.2,746.6,238240
4540.T,3730,3749,3712,3714,549800
4543.T,2446,2463.5,2420.5,2432,3436100
4544.T,3455,3497,3411,3497,199800
4547.T,4045,4055,4015,4040,52000
4548.T,704,707,700,704,173400
4549.T,2301,2357,2291,2341,142500
4552.T,527,531,521,525,301100
4553.T,3600,3615,3550,3580,145300
4554.T,1749,1768,1722,1762,87400
4558.T,201,202,201,202,1600
4559.T,1977,1990,1961,1983,232400
455A.T,5970,5970,5970,5970,0
4563.T,39,40,39,39,384900
4564.T,22,23,21,22,157386000
4565.T,1188,1191,1123,1140,1449600
4568.T,2846.5,2860,2781,2794,5495600
4569.T,1160,1167,1145,1149,214600
456A.T,1496,1575,1489,1562,427600
4570.T,1041,1065,1036,1062,52300
4571.T,100,102,100,102,163900
4572.T,406,411,403,408,54200
4574.T,254,255,251,255,92400
4575.T,806,810,770,793,268200
4576.T,90,91,82,87,1195600
4577.T,1308,1314,1300,1305,105900
4578.T,12280,12320,12030,12030,1258300
4579.T,551,554,543,549,84500
457A.T,4130,4130,4130,4130,0
4582.T,61,62,60,61,769300
4583.T,97,112,87,112,18049300
4584.T,161,165,161,164,309600
4586.T,57,59,56,58,1313000
4587.T,1095,1105.5,1056.5,1069,733500
4588.T,4110,4630,4110,4595,1411200
458A.T,1387,1387,1387,1387,0
4591.T,82,85,82,85,524100
4592.T,911,932,898,925,667000
4593.T,293,294,281,281,2318600
4594.T,52,52,50,51,1555600
4595.T,1720,1720,1709,1711,49300
4596.T,63,65,63,64,510400
4597.T,28,30,28,29,74592400
4598.T,112,123,109,121,2502600
4599.T,319,319,308,312,176500
459A.T,10200,10200,10155,10155,29
460A.T,1016,1030,991,1020,23900
4611.T,1555,1566,1530,1555,71100
4612.T,1135.5,1155,1127.5,1142,2844400
4613.T,2800,2818.5,2786,2810.5,615800
4615.T,133,134,132,134,15800
4616.T,2430,2432,2411,2411,1900
4617.T,3475,3535,3420,3525,146500
4619.T,2681,2681,2651,2653,28800
461A.T,2725,2725,2678,2679,1254
4620.T,926,931,916,931,79900
4623.T,1860,1860,1845,1845,2000
4624.T,4120,4120,4100,4120,1900
4625.T,865,877,850,850,9400
4626.T,4715,4734,4700,4724,425000
4627.T,1937,1940,1918,1940,37900
4628.T,9840,9900,9750,9850,9600
4629.T,2286,2302,2255,2301,5700
462A.T,291,297,283,286,420900
4631.T,4900,4920,4788,4856,959600
4633.T,2618,2623,2582,2602,153300
4634.T,5060,5090,4980,5040,111800
4635.T,2183,2189,2139,2180,20500
463A.T,990,999,980,997,10900
4641.T,861,869,855,859,88800
4642.T,1408,1416,1408,1409,1000
4644.T,1063,1063,1060,1062,4500
4645.T,434,434,431,434,1000
464A.T,1706,1732,1691,1716,746000
4650.T,271,271,269,269,2000
4651.T,270,271,268,271,83100
4657.T,467,467,465,465,1600
4658.T,1565,1592,1563,1586,113600
465A.T,1370,1370,1335,1339,2021
4661.T,3138,3165,3073,3136,5433300
4662.T,1636,1652,1636,1641,24400
4664.T,1103,1131,1070,1083,70400
4665.T,4632,4681,4619,4665,86800
4666.T,2015.5,2022,2002.5,2016,844200
4667.T,3650,3775,2970,2970,1395700
4668.T,777,779,769,779,104500
466A.T,1039,1043,1034,1039,16972
4671.T,2896,2958,2890,2940,13700
4673.T,4850,4880,4800,4825,2600
4674.T,1935,1947,1916,1932,232500
4676.T,4175,4234,4163,4197,600500
4678.T,331,332,330,330,1000
4679.T,265,265,262,264,900
467A.T,277.9,277.9,276.6,276.9,280
4680.T,1261,1366,1245.5,1298.5,4373700
4681.T,1805.5,1813.5,1799.5,1807,309900
4684.T,5092,5158,5073,5082,2030600
4685.T,2666,2710,2661,2700,18700
4686.T,4305,4315,4235,4280,61500
4687.T,1043,1086,1043,1071,172800
4689.T,535,536,526.1,531.1,21949900
468A.T,279,279,276,278,3970
4691.T,2128,2213,2120,2209,44500
4694.T,3655,3700,3605,3645,67700
469A.T,1634,1648,1631,1631,1600
4704.T,5880,6100,5856,6100,1187300
4705.T,800,800,799,799,500
4707.T,345,345,338,340,17900
4709.T,1076,1086,1071,1081,45400
470A.T,501,501,501,501,0
4712.T,831,837,828,829,18700
4714.T,207,210,204,206,1172000
4716.T,9366,9439,9240,9295,272000
4718.T,2594,2655,2531,2649,41800
4719.T,3415,3420,3390,3405,4900
471A.T,1545,1552,1536,1542,185700
4720.T,242,245,241,243,2100
4722.T,2448,2449,2446,2446,412400
4725.T,1963,1969,1946,1952,37500
4728.T,645,650,643,649,3600
472A.T,539,559,537,558,122900
4732.T,1972.5,1989,1963,1981,1103800
4733.T,8649,8674,8513,8550,120300
4735.T,300,300,299,300,1400
4736.T,580,582,580,580,1000
473A.T,1300,1309,1294,1305,2393
4743.T,1632,1636,1622,1627,94000
4746.T,7100,7130,7060,7120,20300
4750.T,570,570,563,563,8700
4751.T,1289.5,1302.5,1281,1292.5,3192000
4752.T,1566,1566,1566,1566,0
4754.T,1493,1493,1493,1493,100
4755.T,742.8,757.8,739.9,754.4,21566900
475A.T,696,707,671,705,18700
4760.T,1543,1544,1524,1544,1900
4761.T,1440,1441,1433,1434,2100
4762.T,2148,2157,2125,2157,2400
4763.T,1484,1504,1484,1499,27600
4765.T,631,642,626,639,179900
4766.T,213,213,211,212,9800
4767.T,383,392,381,390,159500
4768.T,3644,3662,3613,3654,1016200
4769.T,1153,1160,1148,1148,900
476A.T,1644,1673,1644,1673,1600
4771.T,2688,2769,2687,2703,8000
4772.T,72,72,71,72,64100
4776.T,3075,3150,3055,3140,201000
4777.T,198,202,198,199,34500
477A.T,791,845,790,818,60800
4783.T,2623,2665,2623,2654,6100
4784.T,545,572,541,566,2023600
478A.T,783,817,783,811,119700
4792.T,1780,1789,1777,1784,14400
479A.T,1891,1989,1878,1987,59700
4800.T,1358,1359,1357,1357,15700
4801.T,2431,2450,2425,2450,9500
4809.T,2032,2032,2019,2029,14400
480A.T,959,963,926,962,22300
4811.T,877,913,877,908,25100
4812.T,2853,2854,2850,2851,2666300
4813.T,427,434,420,421,384500
4814.T,169,173,168,169,34300
4816.T,3085,3170,3050,3115,426800
4819.T,2163,2198,2151,2198,180200
481A.T,750,750,750,750,0
4820.T,600,604,598,600,88000
4825.T,2025,2066,2020,2049,222200
4826.T,534,545,531,543,198700
4828.T,1414,1433,1403,1418,119100
4829.T,108,110,108,110,167200
4832.T,1933,1939,1906,1908,33900
4833.T,55,59,54,59,7215000
4838.T,692,706,692,701,21600
4839.T,1002,1017,1002,1016,123300
483A.T,2160,2160,2160,2160,500
4840.T,782,856,774,810,846000
4845.T,351,355,350,355,35500
4847.T,1356,1367,1345,1355,67900
4848.T,1826,1857,1821,1845,47100
4849.T,1645,1661,1626,1639,267500
484A.T,430,430,430,430,0
485A.T,1725,1843,1675,1818,5520600
486A.T,2220,2268,2201,2268,12999
4875.T,241,255,236,239,130600
487A.T,2097,2097,2066,2078,777
4880.T,340,349,338,346,26100
4881.T,51,51,50,51,90500
4882.T,141,145,141,145,129900
4883.T,35,35,34,35,159300
4884.T,420,430,410,425,85900
4885.T,900,906,900,904,4700
4886.T,2055,2056,2036,2049,52100
4887.T,1570,1582,1565.5,1578.5,643700
4888.T,359,365,356,361,104900
4889.T,1137,1198,1135,1193,298500
488A.T,780.8,784.7,778.8,780.5,41860
4890.T,305,305,298,303,59500
4891.T,106,108,105,105,250200
4892.T,595,613,580,611,60000
4893.T,146,148,143,145,85800
4894.T,5380,5410,5220,5370,61200
4896.T,798,823,787,812,16500
489A.T,886,888,885,887,28
4901.T,3333,3346,3307,3313,3293400
4902.T,663,664.5,652.9,658.5,2288000
490A.T,15750,15750,15750,15750,0
4911.T,3366,3479,3332,3445,2634500
4912.T,1852,1855,1817,1828.5,1578500
4914.T,1305,1306,1285,1294,190300
4918.T,297,299,297,297,6800
4919.T,3190,3200,3155,3170,126500
491A.T,555,555,555,555,0
4920.T,1145,1149,1135,1135,400
4922.T,5720,5798,5611,5745,338700
4923.T,1244,1247,1238,1243,23000
4925.T,1735,1740,1735,1739,1100
4926.T,1249,1249,1244,1247,400
4927.T,1352,1368.5,1349.5,1360,563000
4928.T,4810,4840,4785,4810,78700
4929.T,743,743,738,740,1200
492A.T,963.9,966.8,963.9,966.8,28540
4931.T,2031,2047,2026,2041,32700
4932.T,760,771,758,771,7600
4933.T,1436,1473,1430,1463,41000
4934.T,596,597,594,596,6900
4935.T,200,206,198,206,365400
4936.T,319,324,318,322,37400
4937.T,2346,2473,2346,2465,15600
493A.T,995.4,995.4,995.4,995.4,10
494A.T,977.7,977.7,977.7,977.7,0
4951.T,1513,1523,1504,1523,32800
4956.T,1470,1480,1458,1479,51400
4958.T,3280,3290,3255,3290,43100
495A.T,968.2,968.2,968.2,968.2,100
4960.T,669,678,630,659,195600
4966.T,19300,19520,19170,19440,32300
4967.T,5675,5734,5655,5695,199600
4968.T,2057,2149,2028,2139,210300
496A.T,934,940,934,940,12320
4970.T,10530,10670,10400,10520,50000
4971.T,6180,6350,6160,6250,258200
4972.T,3985,4095,3950,4040,58200
4973.T,4715,4750,4670,4730,74000
4975.T,5600,5690,5400,5460,145500
4976.T,1526,1550,1522,1522,900
4977.T,1199,1203,1190,1200,30300
4978.T,147,148,145,146,328800
4979.T,2942,3005,2908,3000,21200
497A.T,10630,10630,10630,10630,5
4980.T,2876.5,2922.5,2870,2901.5,832500
4985.T,4800,4815,4760,4790,63100
498A.T,8967,9027,8967,9011,102
4990.T,515,530,515,528,1800
4992.T,1980,1980,1948,1976,68600
4994.T,2870,2873,2828,2858,12500
4996.T,777,777,768,774,363200
4997.T,1264,1295,1246,1286,423300
4998.T,1203,1203,1190,1194,9700
499A.T,8405,8461,8400,8459,289
500A.T,3485,3525,3470,3525,3200
5010.T,284,285,281,283,78500
5011.T,2252,2282,2252,2272,51800
5013.T,2895,2900,2860,2892,26900
5015.T,1001,1001,997,999,13700
5016.T,3586,3641,3550,3619,12260400
5018.T,2345,2393,2320,2374,16600
5019.T,1509,1512.5,1462,1470,5203300
501A.T,1750,1750,1750,1750,0
5020.T,1372,1377,1335.5,1345.5,9312400
5021.T,4420,4432,4324,4347,626700
5025.T,578,585,578,585,300
5026.T,600,621,599,616,12800
5027.T,725,754,721,748,253500
5028.T,352,358,352,358,8800
5029.T,907,937,896,917,17000
502A.T,901.3,901.4,901.2,901.3,105410
5031.T,330,342,330,341,13100
5032.T,2985,3010,2966,2989,448400
5033.T,1172,1209,1106,1172,212100
5034.T,2400,2456,2359,2359,34800
5035.T,373,373,368,368,1400
5036.T,1571,1584,1543,1546,89000
5038.T,2105,2150,2105,2108,48200
503A.T,2290,2290,2290,2290,0
504A.T,576,579,566,569,55900
505A.T,1387,1451,1380,1435,21000
506A.T,1010,1010,1010,1010,0
5071.T,1366,1390,1366,1389,1100
5074.T,600,608,586,588,1765300
5076.T,2750.5,2754.5,2710.5,2739,1285700
50765.T,4632,4650,4630,4632,8600
5078.T,4780,4780,4780,4780,100
5079.T,2623,2623,2603,2603,8400
507A.T,2156,2156,2156,2156,0
509A.T,71500,71500,70800,70900,138
5101.T,7149,7150,6950,7095,1215400
5105.T,3658,3670,3616,3650,1322900
5108.T,4049,4056,3938,3961,3639300
510A.T,1712,1712,1712,1712,0
5110.T,2152,2157,2098.5,2099,3298000
511A.T,11710,11710,11710,11710,0
5121.T,2627,2669,2610,2668,64000
5122.T,6320,6360,6140,6240,34000
5125.T,473,476,470,470,3000
5126.T,1402,1428,1402,1428,800
5129.T,290,293,284,286,156400
512A.T,1220,1226,1217,1225,1870
5131.T,121,124,116,116,331500
5132.T,2035,2114,2009,2105,24000
5133.T,300,305,300,303,24600
5134.T,484,487,484,487,1200
5136.T,1972,2033,1972,1997,25300
5137.T,316,338,316,324,1852200
5138.T,461,462,461,462,300
5139.T,932,956,932,947,8900
513A.T,815,823,808,820,279049
5142.T,1827,1838,1785,1808,63200
514A.T,469,469,469,469,0
515A.T,498.4,499.7,498.4,498.6,15770
5161.T,3600,3620,3535,3570,165900
5162.T,799,803,799,799,2000
516A.T,2047,2047,2020,2035,35
517A.T,1977,1989,1964,1989,1105
5184.T,4120,4130,4120,4120,7400
5185.T,2011,2020,2000,2014,46200
5186.T,6600,6720,6560,6720,57000
5187.T,1149,1154,1140,1144,3000
5189.T,3650,3650,3570,3615,2000
518A.T,2145,2145,2092,2099,13522
5192.T,4405,4415,4330,4355,102400
5194.T,645,648,635,648,7200
5195.T,2467,2469,2436,2465,61800
5199.T,1984,1984,1984,1984,0
519A.T,499,519,495,519,15300
5201.T,5633,5651,5550,5591,1533400
5202.T,491,492,490,491,1963700
5204.T,3075,3080,3055,3055,4100
5208.T,2541,2553,2488,2534,252900
520A.T,350,426,333,392,1995100
5210.T,2896,2923,2880,2911,29500
5214.T,4625,4742,4606,4736,788100
5216.T,151,154,151,152,58900
5218.T,1642,1654,1626,1643,70900
521A.T,2086,2098,2071,2087,74289
522A.T,3020,3020,3020,3020,0
5232.T,5415,5437,5290,5376,188800
5233.T,4150,4158,4050,4116,371400
5237.T,1233,1233,1216,1221,2400
523A.T,1671,1758,1659,1724,84700
5240.T,211,213,203,206,360400
5242.T,2282,2292,2232,2235,1700
5243.T,2728,3020,2715,2970,391000
5244.T,172,174,172,173,138100
5246.T,823,834,804,808,656300
5247.T,566,577,565,570,3200
5248.T,502,513,502,506,17100
5249.T,1253,1253,1253,1253,0
524A.T,1988,1988,1988,1988,0
5250.T,1039,1045,1035,1045,500
5252.T,745,745,745,745,200
5253.T,1626,1654,1606,1654,960400
5254.T,3820,4040,3820,4035,16500
5255.T,91,93,91,91,149600
5256.T,2634,2672,2601,2672,700
5257.T,2835,2877,2835,2877,500
5258.T,425,438,425,433,90100
525A.T,1663,1663,1663,1663,0
5261.T,7640,7770,7640,7680,1600
5262.T,1126,1132,1120,1127,125300
5268.T,899,899,880,891,4600
5269.T,365,368,364,364,125200
526A.T,2214,2316,2214,2316,2154
5271.T,2261,2261,2261,2261,0
5273.T,2050,2050,2005,2022,38000
5279.T,1203,1216,1182,1203,2500
527A.T,1673,1673,1673,1673,0
5280.T,2222,2238,2222,2225,11000
5282.T,425,426,422,425,25900
5283.T,3170,3170,3160,3160,200
5284.T,2248,2255,2245,2248,3800
5285.T,1341,1370,1340,1366,27900
5287.T,880,894,878,882,8000
5288.T,1518,1522,1501,1512,215100
528A.T,1080,1080,1080,1080,0
5290.T,1147,1162,1142,1158,60900
5301.T,1809.5,1831.5,1775.5,1819.5,1082000
5302.T,5020,5060,4925,4995,46100
5304.T,2628,2629,2609,2618,9500
530A.T,1808,1812,1807,1811,8
5310.T,6840,6960,6690,6930,91100
531A.T,2399,2399,2331,2333,136
532A.T,2393,2393,2310,2320,61
5331.T,3500,3510,3450,3500,203400
5332.T,5880,5917,5826,5907,827600
5333.T,5096,5253,5060,5244,1854100
5334.T,7827,7904,7766,7852,1266100
5337.T,829,833,827,833,3300
533A.T,2265,2279,2262,2279,18
5341.T,143,145,142,142,18400
5344.T,51430,54160,51200,53510,141500
534A.T,2327,2348,2326,2348,42
5351.T,2044,2053,2038,2046,84300
5355.T,670,671,668,670,2900
5356.T,1300,1318,1300,1302,1900
5357.T,1770,1772,1760,1765,32100
535A.T,2121,2158,2121,2158,314
5363.T,685,686,682,682,46400
5367.T,1350,1376,1333,1354,167800
5368.T,1010,1015,1009,1009,3100
536A.T,2239,2246,2238,2246,9
537A.T,1134,1134,1122,1128,97
5380.T,1229,1229,1229,1229,400
5381.T,910,934,910,924,147400
5384.T,3270,3335,3235,3325,353200
5388.T,1325,1328,1316,1316,3400
538A.T,4785,4785,4784,4784,2
5391.T,1500,1510,1500,1502,5400
5393.T,3266,3322,3255,3307,400500
539A.T,4849,4856,4830,4856,28
5401.T,702.5,703,689.3,691.9,47309000
5406.T,2035.5,2046.5,2024.5,2029.5,1983000
5408.T,653,670,650,664,301400
540A.T,2165,2165,2099,2140,75526
5410.T,3125,3130,3085,3100,55400
5411.T,1869.5,1881.5,1834,1835,8248800
541A.T,1131,1131,1115,1115.5,1200
5423.T,1754,1754,1701,1701,322000
542A.T,1080,1084,1075,1075,4700
543A.T,285,286,278,280,11342800
5440.T,2052,2067,2016,2036,131100
5444.T,12450,12570,12280,12365,162700
5445.T,2076,2078,2055,2071,117800
5446.T,1079,1098,1079,1092,4300
5449.T,2667,2698,2613,2614,21900
544A.T,342,344,341,341,212200
5451.T,1437,1440,1415,1420,260900
5458.T,1368,1371,1352,1359,1600
545A.T,999,1004,994,1001,56300
5461.T,2137,2145,2130,2137,62500
5463.T,1754,1772,1742,1751.5,890700
5464.T,939,946,937,946,16700
546A.T,2451,2468,2412,2459,140100
5471.T,2279.5,2282,2232,2269.5,702400
547A.T,433,435,430,431,1566800
5480.T,5480,5490,5390,5410,59500
5482.T,3295,3295,3245,3270,91900
5484.T,4445,4445,4445,4445,0
548A.T,951,981,945,956,62900
5491.T,915,925,912,925,17900
549A.T,507,510,500,505,20800
550A.T,2180,2218,2175,2210,1800
551A.T,811,811,811,811,0
5527.T,743,749,738,742,21700
552A.T,2384,2385,2351,2385,3547
5532.T,3435,3635,3430,3635,21200
5533.T,2030,2048,2030,2048,700
5534.T,850,850,850,850,0
5535.T,287,298,286,297,155000
5537.T,3335,3525,3335,3510,63500
5541.T,2606,2633,2567,2569,177900
5542.T,949,952,937,947,5700
554A.T,1572,1595,1530,1585,30100
555A.T,2000,2000,2000,2000,0
5563.T,438,442,433,440,581500
556A.T,2215,2338,2202,2328,21100
5570.T,691,691,645,646,37700
5571.T,1027,1027,1008,1015,1000
5572.T,2898,3070,2859,3070,61900
5574.T,3150,3190,3000,3075,292800
5575.T,1176,1213,1132,1175,19000
5576.T,2997,3015,2995,3005,3000
5578.T,870,905,869,890,57900
557A.T,2150,2150,2150,2150,0
5580.T,1620,1628,1600,1601,2800
5581.T,193,193,193,193,0
5582.T,2020,2120,2020,2110,27600
5586.T,897,959,891,942,202600
5587.T,799,800,790,790,18400
5588.T,836,854,830,854,10900
5589.T,2957,2989,2937,2989,2700
558A.T,5460,6120,5400,5880,59400
5590.T,704,725,701,725,109000
5591.T,854,906,854,895,29100
5592.T,2619,2704,2619,2664,27600
5597.T,1371,1396,1363,1370,24100
5598.T,3200,3200,3200,3200,0
5599.T,1009,1023,1009,1011,13600
559A.T,1175,1182,1160,1170,13500
5602.T,1716,1717,1685,1689,259200
5603.T,1318,1325,1312,1320,7000
5609.T,914,917,914,914,2500
560A.T,1123,1123,1123,1123,0
5612.T,1606,1609,1585,1609,11400
5616.T,659,663,657,657,900
5618.T,284,289,284,287,3800
5619.T,835,850,835,850,1200
561A.T,5000,5000,5000,5000,0
5620.T,2200,2200,2200,2200,0
5621.T,1644,1644,1577,1577,22000
5622.T,1200,1200,1200,1200,0
562A.T,1000,1000,1000,1000,0
5631.T,7291,7384,7210,7303,488400
5632.T,2364,2370,2311,2322,139700
563A.T,1031,1039,1026,1036,1190043
5644.T,7350,7430,7320,7340,3200
564A.T,1090,1090,1088,1090,482
5658.T,408,412,404,410,28900
5659.T,1391,1405,1388,1402,31700
565A.T,961,961,961,961,0
566A.T,2352,2352,2314,2316,4477
567A.T,3000,3000,3000,3000,0
568A.T,171.1,171.3,170.1,170.3,99560
5695.T,2950,2951,2907,2951,600
5697.T,826,826,817,826,2800
5698.T,751,755,733,739,162500
5699.T,1614,1614,1582,1582,8800
569A.T,178.4,178.4,176.8,178,124440
5702.T,1875,1884,1846,1852,241600
5703.T,3015,3025,2987,3010,195900
5704.T,386,402,386,397,9000
5706.T,25745,26090,25370,25635,1459100
5707.T,1062,1084,1010,1013,702700
570A.T,901.7,901.7,901.3,901.5,13950
5711.T,5497,5497,5160,5231,3263300
5713.T,10460,10465,10010,10075,2628800
5714.T,9600,9640,9202,9254,480900
5715.T,4325,4345,4145,4240,194900
571A.T,499.2,499.2,498.2,498.2,2140
5721.T,58,59,56,57,661600
5724.T,3380,3395,3190,3190,93900
5726.T,2700,2786,2670,2722,380200
5729.T,1762,1763,1725,1733,13700
572A.T,496.2,496.2,496.2,496.2,0
573A.T,492,496.4,490.9,495,78920
5741.T,2283,2294,2240,2240,519300
5742.T,755,759,755,755,1700
574A.T,887,887,887,887,0
5753.T,2524,2550,2524,2550,1000
5757.T,5110,5160,5100,5120,2700
575A.T,1871,1903,1867,1903,51900
576A.T,962,986,960,986,7275
577A.T,259.6,259.6,255.1,255.1,4650
578A.T,256,258,256,257,20850
579A.T,1109,1109,1088,1103,9846
5801.T,3683,3867,3646,3844,20437200
5802.T,2125,2151.5,2112,2133,10920500
5803.T,5000,5112,4955,5053,34565900
5805.T,13630,13830,13450,13740,279300
580A.T,1051,1051,1023,1030,7221
5816.T,1460,1474,1456,1458,9700
5817.T,1002,1078,1002,1062,99200
5819.T,1781,1789,1755,1772,5900
581A.T,3825,4030,3735,3920,4243400
5820.T,823,823,806,815,22500
5821.T,2981,3080,2965,3055,46200
5830.T,4005,4027,3883,3939,1136500
5831.T,3689,3695,3607,3671,2459400
5832.T,3551,3569,3483,3534,393200
5834.T,2710,2776,2710,2776,46200
5838.T,6558,6660,6429,6658,1685600
583A.T,2000,2000,2000,2000,0
5840.T,505,505,505,505,0
5842.T,2958,3050,2941,3045,77700
5843.T,2365,2387,2363,2373,3800
5844.T,4994,4995,4880,4961,910200
5845.T,1208,1224,1205,1218,30300
584A.T,2631,2885,2615,2828,273200
5851.T,2755,2771,2721,2751,166800
5852.T,686,690,676,690,98000
5857.T,3895,3900,3770,3810,519400
5858.T,1193,1194,1180,1180,2300
585A.T,1088,1088,1077,1082,309
5866.T,300,300,300,300,0
5867.T,1325,1338,1323,1338,1400
5868.T,1024,1048,1024,1048,8100
5869.T,1250,1263,1250,1258,3800
586A.T,253.5,254,251.5,253,311270
5870.T,897,897,881,881,4900
5871.T,1414,1420,1382,1382,12700
587A.T,111800,112700,111500,112700,43
5884.T,619,628,614,614,8500
5885.T,3150,3425,3120,3380,54700
5888.T,2886,2912,2885,2908,2200
5889.T,2570,2669,2535,2650,108500
5890.T,3500,3500,3500,3500,0
5891.T,1666,1708,1666,1702,12500
5892.T,2503,2591,2470,2553,61200
5893.T,510,510,510,510,0
589A.T,1428,1473,1350,1394,166900
5900.T,860,860,860,860,900
5901.T,4545,4588,4501,4527,310200
5902.T,2705,2719,2682,2715,18600
5905.T,1361,1380,1361,1380,200
5906.T,768,774,766,772,4000
5909.T,963,968,957,967,11500
590A.T,1300,1343,1283,1330,212900
5911.T,2975,2987,2962,2987,94300
5915.T,2450,2473,2415,2454,7200
5918.T,8010,8010,8010,8010,100
591A.T,255,255,255,255,0
5921.T,4410,4410,4390,4390,400
5922.T,20200,20200,20200,20200,0
5923.T,1167,1176,1167,1175,1900
5928.T,291,293,290,293,14500
5929.T,3565,3604,3546,3583,704700
5930.T,1910,1915,1901,1907,91300
5932.T,647,653,645,649,99300
5933.T,1124,1133,1118,1129,28200
5936.T,916,917,909,916,2600
5938.T,1762,1762.5,1746.5,1758.5,1761300
5939.T,4800,4805,4790,4805,400
593A.T,3500,3790,2870,2870,35627300
5940.T,757,770,756,757,12000
5941.T,2766,2766,2720,2726,2400
5942.T,637,638,633,637,29500
5943.T,2381,2383,2307,2307,109100
5945.T,2310,2310,2289,2296,800
5946.T,2116,2151,2113,2144,34000
5947.T,3630,3635,3576,3582,219700
5949.T,1370,1374,1348,1350,118600
594A.T,430,430,430,430,0
5950.T,159,159,155,156,13700
5951.T,1230,1235,1215,1217,5700
5952.T,188,191,187,190,21000
5955.T,82,84,82,84,606200
5956.T,572,573,572,573,700
5957.T,771,777,770,774,70100
5958.T,4495,4540,4470,4535,2300
5959.T,951,954,945,952,64500
595A.T,452,452,452,452,0
5962.T,2150,2150,2080,2138,1500
5965.T,1207,1214,1203,1203,1600
5966.T,2636,2636,2636,2636,100
5967.T,479,479,467,467,22600
5969.T,1225,1225,1225,1225,100
5970.T,2287,2287,2254,2264,142600
5971.T,8250,8250,8250,8250,0
5973.T,609,616,609,613,1700
5974.T,848,848,825,835,3000
5975.T,3430,3535,3420,3495,178600
5976.T,1495,1495,1481,1491,65100
597A.T,1000,1000,1000,1000,0
5981.T,1885,1895,1867,1878,113200
5982.T,4155,4170,4140,4165,4300
5983.T,13590,13590,13590,13590,100
5984.T,786,791,785,791,2900
5985.T,1988,2083,1976,2033,938400
5986.T,257,259,256,257,21100
5987.T,1660,1690,1636,1636,1200
5988.T,1684,1700,1677,1693,122500
5989.T,1517,1517,1494,1499,116700
598A.T,1532,1944,1506,1820,1442100
5990.T,1953,1968,1945,1968,800
5991.T,3284,3330,3256,3327,539500
5992.T,3690,3705,3660,3690,15600
5994.T,1005,1032,1000,1032,7400
5997.T,910,915,897,906,3800
5998.T,2700,2799,2684,2752,27000
599A.T,300,300,300,300,0
6005.T,3179,3203,3144,3181,271400
600A.T,1931,1931,1907,1913,606
6013.T,2982,3015,2977,3010,182200
6016.T,10990,11400,10810,11240,96600
6018.T,6140,6140,6140,6140,0
601A.T,378,378,378,378,0
6022.T,2900,2910,2863,2910,600
6023.T,3045,3235,3045,3230,176300
6027.T,4970,5160,4760,5120,350800
6029.T,185,187,185,185,2900
602A.T,560,560,560,560,0
6030.T,1610,1632,1601,1601,9800
6031.T,288,316,288,310,295800
6033.T,1649,1679,1649,1662,16000
6034.T,625,637,625,633,2000
6035.T,731,740,731,739,17100
6036.T,3415,3580,3415,3535,327100
6037.T,1035,1068,1035,1068,19900
6038.T,832,832,820,821,8600
6039.T,1004,1022,996,1011,49200
603A.T,1329,1449,1124,1145,14284700
6040.T,468,471,460,461,31700
6042.T,3835,3835,3835,3835,0
6044.T,1893,1909,1890,1901,4000
6045.T,2240,2281,2202,2240,40900
6046.T,150,169,148,154,485200
6047.T,399,405,392,400,107300
6049.T,252,254,252,253,8100
604A.T,1244,1435,1175,1308,3207200
6050.T,1802,1810,1802,1803,13200
6054.T,112,115,112,113,27200
6055.T,2110,2181,2109,2148,524500
6058.T,1959,2029,1953,2021,285300
6059.T,362,362,359,361,5500
605A.T,198.9,198.9,195.2,197,24820
6061.T,3160,3230,3120,3205,5500
6062.T,1395,1424,1395,1413,61100
6063.T,997,1005,994,994,1200
6069.T,679,693,677,693,21200
606A.T,22795,22795,22150,22400,4595
6070.T,2587,2616,2583,2608,23600
6071.T,915,951,915,935,273100
6072.T,1023,1048,1015,1030,250900
6073.T,1518,1528,1518,1527,10200
6074.T,520,520,512,517,3100
6078.T,1571,1576,1549,1568,54500
607A.T,244,317,243,317,14561700
6080.T,4195,4205,4170,4185,36200
6081.T,151,157,147,155,308000
6082.T,1009,1017,1007,1017,22600
6083.T,1630,1654,1630,1648,24600
6085.T,180,182,161,162,6850800
6086.T,1035,1035,1019,1026,14000
6087.T,3570,3585,3570,3585,2400
6088.T,550,558,546,546,361100
6089.T,1161,1170,1158,1167,34400
608A.T,1485,1485,1471,1474,8823
6090.T,613,624,613,614,7000
6091.T,880,888,873,888,3500
6092.T,842,852,837,837,16600
6093.T,161,162,160,161,32600
6094.T,566,571,560,568,11700
6098.T,16355,16815,16210,16235,6130000
6099.T,728,729,719,722,142800
609A.T,1131,1131,1080,1087,50920
6101.T,5010,5190,4965,5180,320900
6103.T,4555,4640,4485,4630,342800
6104.T,4500,4535,4455,4485,83800
610A.T,1041,1052,1031,1052,44927
6113.T,2490,2512.5,2467,2508.5,2197900
6118.T,1205,1252,1204,1250,236900
611A.T,994,998,993.9,998,140
6125.T,4600,4690,4580,4650,30500
612A.T,10110,10110,10100,10100,20
6134.T,6862,6948,6837,6886,563200
6135.T,15490,15490,15290,15380,62000
6136.T,3557,3602,3531,3600,241700
6137.T,1515,1539,1515,1530,43000
6138.T,2013,2039,1983,2039,7700
613A.T,1941,1945,1939,1943,616
6140.T,1160,1177,1156,1160,646200
6141.T,2852.5,2881.5,2819.5,2877.5,1617700
6143.T,1740,1753,1689,1728,351100
6144.T,2851,2893,2844,2844,700
6145.T,2409,2438,2395,2432,61200
6146.T,54000,55100,53740,54460,1291800
6147.T,190,192,190,191,4700
6149.T,2227,2265,2216,2218,9800
614A.T,1468,1468,1468,1468,0
6150.T,2799,2799,2799,2799,300
6151.T,1720,1731,1715,1727,9400
6155.T,535,538,531,535,7100
6156.T,1869,1872,1860,1860,3500
6157.T,818,839,816,838,78400
6158.T,1033,1037,1020,1020,3700
6159.T,1900,1900,1890,1890,900
615A.T,305,305,305,305,0
6161.T,1064,1074,1052,1059,5800
6165.T,550,560,545,555,79500
6166.T,666,685,666,672,130000
6167.T,1003,1010,1000,1003,43800
616A.T,568,568,568,568,0
6171.T,375,375,372,373,10000
6176.T,1137,1137,1137,1137,87900
6177.T,88,88,85,85,512100
6178.T,2600,2603,2503.5,2512.5,7210100
617A.T,2679,2679,2679,2679,0
6180.T,3835,3875,3820,3875,800
6181.T,91,96,90,96,145700
6182.T,516,544,516,537,63600
6183.T,1386,1394,1379,1385,217500
6184.T,565,577,562,573,166700
6185.T,367,368,367,368,3300
6186.T,377,377,375,375,1300
6189.T,1009,1017,1009,1010,3800
6190.T,338,338,330,333,6100
6191.T,766,775,758,771,122600
6193.T,1246,1246,1221,1232,7700
6194.T,853,871,850,869,108700
6195.T,200,203,200,201,18000
6196.T,1403,1414,1390,1401,328500
6198.T,203,204,200,202,69400
6199.T,1312,1355,1305,1345,11300
6200.T,729,737,727,736,368800
6203.T,1501,1527,1490,1512,115600
6208.T,1596,1611,1592,1609,27000
6209.T,3950,3950,3890,3890,76500
6217.T,794,795,770,776,53300
6218.T,644,659,642,659,10700
6222.T,933,962,930,953,148200
6223.T,1892,1918,1891,1918,40700
6224.T,1195,1218,1191,1212,24300
6226.T,2086,2127,2085,2098,111800
6227.T,5790,6050,5760,5950,517100
6228.T,538,538,514,532,48100
6229.T,1509,1526,1500,1501,20300
6230.T,2160,2170,2155,2170,500
6231.T,12360,12430,12090,12370,15500
6232.T,1486,1492,1440,1450,578200
6233.T,401,402,396,397,15100
6235.T,2490,2521,2464,2506,266900
6237.T,4000,4030,3970,4005,49500
6238.T,1425,1434,1410,1430,75500
6239.T,1510,1510,1476,1503,3500
6240.T,535,540,531,539,195200
6245.T,1835,1890,1808,1868,80800
6246.T,1861,1865,1848,1865,3800
6247.T,1745,1755,1698,1700,66700
6248.T,1716,1720,1716,1720,300
6249.T,2825,2832,2805,2832,2400
6250.T,4480,4540,4350,4530,157000
6254.T,3390,3470,3360,3455,405400
6255.T,643,650,638,648,101900
6257.T,1025,1029,1016,1025,23100
6258.T,3390,3475,3385,3455,194900
6262.T,521,526,520,522,36200
6264.T,1860,1959,1858,1927,582300
6265.T,3070,3115,3030,3040,1800
6266.T,3350,3540,3340,3485,279900
6267.T,4040,4050,4040,4050,700
6268.T,4399,4477,4392,4457,970200
6269.T,9300,9444,9182,9385,643000
6272.T,1541,1549,1536,1546,67300
6273.T,66980,67770,66730,67140,182700
6276.T,369,385,368,385,82500
6277.T,5450,5450,5330,5420,26200
6278.T,13340,13630,13330,13430,117700
6279.T,914,926,914,924,11700
6282.T,2892,2892,2858,2880,96900
6284.T,8610,8800,8600,8660,43300
6286.T,1543,1553,1540,1542,2900
6287.T,2780,2797,2757,2797,76800
6289.T,1880,1906,1867,1876,64400
6291.T,1342,1355,1336,1348,20000
6292.T,855,855,838,844,14800
6294.T,1959,1971,1953,1965,16900
6298.T,1252,1286,1251,1273,147700
6301.T,7580,7616,7386,7493,2528300
6302.T,5879,5892,5701,5830,944700
6305.T,6030,6080,5912,5977,1174800
6306.T,997,1006,995,1005,72700
6307.T,493,495,490,493,3500
6309.T,2044,2059,2036,2052,77400
6310.T,2000,2066,1975,2059,273300
6315.T,2210,2245,2182,2212,2936600
6316.T,2999,3015,2972,2975,5300
6317.T,1785,1815,1783,1812,22400
6322.T,1582,1586,1582,1582,800
6323.T,3754,3783,3680,3750,1118500
6324.T,5440,5780,5390,5730,1197700
6325.T,416,416,414,414,2300
6326.T,3038,3043,2974,3006,5908600
6327.T,3050,3215,3025,3150,204900
6328.T,2373,2397,2370,2387,43900
6330.T,2627,2630,2442,2476,8791900
6331.T,3210,3230,3145,3205,145500
6332.T,2802,2806,2760,2788,81700
6333.T,3390,3410,3340,3400,38800
6334.T,490,498,480,491,6200
6335.T,598,606,598,600,27000
6336.T,1850,1899,1837,1886,25500
6337.T,3400,3600,3400,3560,56800
6338.T,1633,1659,1625,1649,9900
6339.T,1200,1209,1192,1198,94400
6340.T,5290,5310,5210,5260,74500
6342.T,2968,2968,2968,2968,0
6343.T,149,152,149,150,41600
6345.T,1465,1477,1458,1473,127300
6346.T,5650,5650,5650,5650,100
6347.T,249,250,247,249,4500
6349.T,2013,2017,1997,2004,146600
6351.T,2600,2600,2537,2582,51600
6356.T,1293,1319,1293,1317,46100
6357.T,2654,2660,2617,2660,14000
6358.T,2157,2173,2149,2167,16300
6360.T,4730,4745,4700,4720,1500
6361.T,4320,4454,4315,4436,3110000
6363.T,2959,3050,2923,2990,282000
6364.T,2458,2512,2450,2510,46700
6365.T,5620,5620,5620,5620,0
6366.T,707,709,689,693,2183700
6367.T,20820,20900,20430,20500,1808300
6368.T,12510,12765,12425,12740,199800
6369.T,2435,2441,2422,2431,80800
6370.T,7851,7851,7674,7833,784800
6371.T,2681,2703,2679,2703,121500
6376.T,3575,3585,3480,3505,436400
6378.T,1196,1206,1181,1206,78800
6379.T,2964,2973,2921,2949,168100
6380.T,4010,4025,3970,3990,4700
6381.T,1971,1992,1970,1990,99700
6382.T,1248,1253,1241,1242,10300
6383.T,5667,5676,5568,5661,1554200
6384.T,1720,1730,1697,1718,7500
6387.T,8260,8500,8250,8320,47000
6390.T,1337,1344,1326,1338,85400
6391.T,4850,4850,4800,4800,400
6392.T,7890,7890,7770,7770,500
6393.T,3025,3025,3005,3005,2000
6395.T,1420,1433,1405,1427,226200
6396.T,4560,4705,4560,4700,1300
6400.T,290,290,288,289,5100
6402.T,1585,1614,1585,1614,3600
6405.T,1228,1252,1224,1249,31900
6407.T,5190,5250,5160,5210,298100
6408.T,4250,4295,4250,4295,400
6412.T,2214,2228,2192,2192,221400
6413.T,1112,1112,1091,1091,103400
6417.T,2018,2039.5,2009.5,2025,851000
6418.T,1222,1233,1213,1229,96400
6419.T,3175,3205,3175,3200,43100
6420.T,3505,3580,3505,3560,39700
6424.T,901,903,901,901,1000
6425.T,733,761,730,760,277900
6428.T,324,327,323,326,10700
6430.T,2500,2520,2480,2518,41100
6432.T,7520,7620,7380,7620,144100
6433.T,1098,1110,1077,1081,38600
6436.T,3982,3983,3951,3969,211700
6440.T,736,740,707,715,288600
6444.T,190,190,185,187,73600
6445.T,1408,1408,1385,1396,29600
6448.T,4934,4934,4825,4893,1085200
6454.T,1851,1893,1851,1880,295600
6455.T,2441,2497,2425,2485,69300
6457.T,4603,4638,4539,4611,180800
6458.T,1230,1244,1228,1241,203400
6459.T,1686,1695,1671,1680,66100
6460.T,3164,3176,3138,3166,610400
6463.T,1628,1628,1604,1612,235100
6464.T,346,355,343,353,299300
6465.T,5630,5668,5587,5616,318600
6466.T,3770,3805,3730,3760,7800
6467.T,343,345,340,345,8500
6469.T,2772,2819,2746,2781,58100
6470.T,1120,1124,1114,1120,44300
6471.T,1104,1112.5,1092.5,1112,2063500
6472.T,382.2,386.4,377,386.4,2200100
6473.T,2200.5,2211,2158,2188.5,1217400
6474.T,5450,5470,5400,5470,56200
6479.T,3240,3358,3232,3332,3135200
6480.T,1689,1716,1671,1706,413100
6481.T,6268,6388,6216,6348,892300
6482.T,717,731,714,728,60800
6484.T,2228,2229,2228,2228,500
6485.T,1660,1663,1624,1661,101800
6486.T,3035,3055,2988,2995,101000
6488.T,1045,1048,1037,1040,2900
6490.T,9320,9590,9240,9580,77800
6492.T,13490,14050,13490,13640,9100
6493.T,499,501,496,497,45600
6494.T,96,98,96,96,310800
6495.T,114,115,113,113,347400
6496.T,5390,5480,5390,5410,1600
6497.T,1441,1488,1441,1487,3400
6498.T,1866,1890,1857,1884,368600
6501.T,5425,5426,5330,5377,8019400
6503.T,5217,5306,5188,5248,7714900
6504.T,13135,13180,12895,13110,890000
6505.T,2418,2439,2417,2439,26700
6506.T,4504,4593,4476,4570,2829500
6507.T,11600,11870,11560,11790,107000
6508.T,10700,10920,10430,10800,228400
6513.T,1313,1314,1284,1288,36400
6516.T,5170,5210,5140,5170,69400
6517.T,4010,4050,3960,4005,57600
6518.T,1750,1755,1738,1747,2800
6521.T,2999,3070,2986,3010,106700
6522.T,1557,1590,1483,1500,2252800
6523.T,1470,1472,1422,1436,822800
6524.T,4525,4745,4520,4710,273900
6525.T,8447,8533,8122,8295,5562600
6526.T,1935.5,1986,1935.5,1954,3974100
6532.T,8011,8019,7814,7824,875300
6533.T,1151,1159,1150,1152,12100
6535.T,516,522,512,518,286200
6537.T,299,300,298,299,8300
6538.T,248,254,247,249,28700
6539.T,1004,1006,1000,1004,25600
6540.T,1530,1531,1514,1520,19300
6543.T,1218,1220,1198,1220,3600
6544.T,1470.5,1490,1462,1479.5,487500
6545.T,811,818,803,803,5000
6546.T,1160,1224,1155,1179,5500
6547.T,2145,2199,2128,2197,93200
6548.T,120,122,118,122,39600
6549.T,1111,1128,1102,1120,4100
6551.T,628,637,628,629,14200
6552.T,175,176,174,176,15500
6554.T,1107,1118,1106,1117,4000
6555.T,429,432,426,432,1100
6557.T,742,752,742,751,19000
6558.T,659,671,659,671,500
6560.T,1832,1881,1830,1859,27800
6561.T,837,846,837,845,5400
6562.T,933,1009,926,986,129900
6563.T,455,455,453,453,1600
6564.T,1938,1985,1924,1979,42100
6566.T,1301,1301,1229,1255,1900
6568.T,1243,1251,1243,1249,400
6570.T,4170,4395,4120,4255,60600
6571.T,1304,1313,1298,1308,32900
6572.T,267,281,266,277,357900
6573.T,28,28,27,27,199500
6574.T,123,126,120,121,930700
6577.T,1972,1973,1965,1965,2300
6578.T,506,510,476,482,32400
6579.T,347,353,347,353,300
6580.T,873,899,873,888,7700
6584.T,755,779,753,775,349000
6586.T,5324,5332,5238,5247,879200
6588.T,2988,3015,2962,2975,94800
6590.T,3790,4000,3785,3950,1580400
6592.T,1753,1767,1735.5,1758.5,2078700
6594.T,2497,2743,2488,2611,11866100
6596.T,990,990,990,990,0
6597.T,3465,3645,3465,3565,49400
6599.T,3695,3765,3560,3765,18000
6612.T,601,606,594,594,3600
6613.T,1789,2018,1786,2003,3919000
6614.T,871,871,850,870,7700
6615.T,237,254,237,240,69100
6616.T,1907,1937,1892,1911,74700
6617.T,6780,6820,6670,6730,68800
6619.T,161,172,161,169,3820900
6620.T,708,726,699,724,92500
6622.T,12230,12310,12070,12260,124900
6625.T,376,380,376,378,121800
6626.T,2334,2454,2334,2449,34100
6627.T,10700,11120,10700,11090,57000
6629.T,978,996,973,994,104000
6630.T,792,808,792,804,134500
6632.T,1011,1018.5,986,991.1,1583100
6633.T,318,320,316,316,8100
6634.T,72,73,71,71,81200
6635.T,662,667,661,662,2200
6637.T,4170,4260,4170,4205,21900
6638.T,1911,1911,1880,1900,71300
6643.T,5720,5820,5710,5720,3500
6644.T,1475,1478,1459,1477,379400
6645.T,6144,6217,6045,6217,1050200
6647.T,3350,3370,3350,3370,400
6648.T,1653,1665,1638,1661,26500
6651.T,4295,4315,4260,4300,64800
6652.T,3675,3685,3615,3630,75000
6653.T,2140,2160,2104,2110,44600
6654.T,1077,1093,1070,1078,42800
6656.T,812,825,812,822,34100
6658.T,450,454,448,452,36300
6659.T,48,49,47,49,3182700
6662.T,232,236,230,230,6800
6663.T,310,314,310,312,12500
6664.T,259,259,255,257,1200
6666.T,770,789,770,776,25800
6668.T,3880,4130,3865,4075,70200
6674.T,4980,4984,4881,4961,942300
6675.T,2142,2185,2142,2172,27600
6676.T,3060,3090,2995,3070,55900
6677.T,3200,3210,3175,3200,63200
6678.T,2040,2045,2030,2040,10000
6694.T,727,750,717,750,12500
6696.T,320,327,320,325,14600
6699.T,512,519,512,513,99200
6701.T,4799,4884,4739,4828,7323600
6702.T,3899,3947,3848,3900,7988300
6703.T,2654,2708,2633,2700,742900
6706.T,3280,3320,3280,3300,24400
6707.T,6820,6868,6738,6805,114600
6718.T,2854,2866,2846,2853,20800
6721.T,72,73,72,73,79600
6723.T,3221,3336,3221,3302,9905200
6724.T,3229,3255,3205,3237,1567500
6727.T,840,860,840,850,572900
6728.T,7170,7276,7110,7210,378900
6730.T,1268,1298,1187,1201,1851500
6731.T,106,108,106,108,51900
6736.T,9040,9340,8920,8920,24600
6737.T,3120,3135,3095,3115,206900
6740.T,47,47,46,47,4385400
6741.T,1810,1871,1806,1866,223900
6742.T,985,994,968,994,219200
6743.T,1020,1026,1004,1024,25500
6744.T,4145,4180,4130,4160,79300
6745.T,1906,1932,1897,1902,162300
6748.T,781,788,779,782,11300
6750.T,2034,2047,2023,2041,111700
6752.T,4178,4219,4116,4163,6123800
6753.T,650,650.7,634.3,644.7,2195600
6754.T,3170,3242,3163,3220,797500
6757.T,877,878,875,876,2100
6758.T,3895,3913,3848,3885,12054400
6762.T,2863,2931.5,2842.5,2907.5,7939800
6763.T,2804,2827,2800,2826,13500
6768.T,781,792,777,781,557200
6769.T,1150,1153,1113,1126,105700
6770.T,2247,2285,2245,2258,1392400
6771.T,667,669,660,660,17100
6772.T,1071,1071,1048,1048,200
6775.T,126,127,124,126,94600
6776.T,290,290,283,286,16400
6777.T,18140,19120,18130,19030,99400
6778.T,667,680,666,678,9200
6779.T,2568,2646,2562,2604,400100
6785.T,2922,3215,2922,3195,193200
6786.T,48,50,48,49,20800
6787.T,17640,18810,17570,18670,413600
6788.T,5010,5010,4950,4985,10000
6794.T,2969,3025,2966,3025,132300
6797.T,1206,1230,1202,1230,2300
6798.T,3290,3345,3290,3310,8700
6800.T,3700,3810,3700,3780,89300
6803.T,98,99,98,99,375900
6804.T,2608,2637,2607,2630,219900
6806.T,24665,25055,24550,24770,145000
6807.T,2453,2467,2439,2450,151000
6809.T,1762,1772,1745,1763,67300
6810.T,2442,2507,2434,2470,202900
6814.T,7480,7790,7440,7730,326000
6817.T,1180,1208,1175,1202,159600
6819.T,475,478,474,478,50200
6820.T,3575,3600,3545,3565,8800
6822.T,5040,5040,5040,5040,400
6823.T,3280,3330,3280,3320,35300
6824.T,4250,4280,4115,4235,20400
6832.T,2312,2360,2299,2337,59900
6834.T,4655,5230,4655,5170,1231100
6835.T,255,260,255,259,159200
6836.T,804,850,804,817,22200
6837.T,366,373,366,371,9000
6838.T,1508,1578,1503,1551,353400
6840.T,750,774,748,760,174900
6841.T,4711,4765,4686,4724,1667400
6844.T,3020,3050,3000,3040,65400
6845.T,1451,1483.5,1451,1474.5,1574800
6848.T,864,878,864,865,5500
6849.T,1508,1520.5,1496,1514.5,916900
6850.T,1663,1687,1660,1680,35700
6853.T,757,766,755,760,16500
6855.T,6030,6270,6010,6230,468100
6856.T,22465,22950,22405,22550,248900
6857.T,32370,33100,32090,33090,7464900
6858.T,826,833,823,824,24900
6859.T,3780,3900,3780,3880,73400
6861.T,78750,79000,76850,77720,663200
6862.T,3965,4175,3935,4110,487900
6863.T,967,983,961,980,85900
6864.T,1544,1575,1544,1567,27700
6866.T,10170,10340,10140,10200,22300
6867.T,404,412,401,403,9800
6869.T,1934,1948,1904.5,1948,3117100
6870.T,2180,2185,2170,2182,700
6871.T,11840,12100,11650,11940,677700
6874.T,2355,2355,2339,2339,2300
6875.T,10740,10860,10460,10690,104100
6877.T,5520,5550,5400,5470,39700
6882.T,1121,1127,1108,1118,37000
6888.T,498,501,497,497,7800
6890.T,8920,9100,8800,8930,921700
6894.T,2185,2185,2153,2184,400
6897.T,691,699,644,646,366700
6898.T,4200,4205,4130,4155,700
6899.T,2357,2357,2312,2333,3300
6902.T,1930,1937.5,1916,1916.5,6900400
6904.T,641,647,607,631,129700
6905.T,1303,1325,1303,1319,77000
6907.T,764,788,757,786,22500
6908.T,2765,2803,2758,2792,86600
6912.T,2598,2638,2528,2546,24300
6914.T,3120,3150,3110,3130,100900
6915.T,3410,3420,3360,3395,9900
6918.T,3540,3585,3530,3575,27800
6919.T,1429,1443,1422,1442,16300
6920.T,32990,34080,32680,33180,3214400
6923.T,3616,3648,3583,3632,402800
6925.T,3655,3692,3628,3670,504700
6926.T,194,197,191,193,35600
6927.T,984,1000,984,993,38900
6928.T,2963,2996,2943,2949,32500
6929.T,3720,3735,3680,3700,95400
6932.T,2487,2523,2474,2519,46300
6941.T,7470,7610,7390,7550,184900
6942.T,1449,1449,1436,1439,6000
6943.T,5530,5530,5490,5490,1200
6946.T,6000,6260,6000,6200,279200
6947.T,5010,5010,4930,4930,41400
6951.T,6750,6893,6634,6867,257400
6952.T,2337.5,2350,2302,2331,1507700
6954.T,5796,5958,5784,5931,5339000
6955.T,408,414,407,411,53900
6958.T,768,774,753,770,515800
6960.T,11710,11760,11480,11760,78100
6961.T,9380,9860,9330,9780,111900
6962.T,756,760,749,752,177700
6963.T,4717,4907,4693,4865,3403400
6964.T,695,695,693,693,3700
6965.T,2280,2308.5,2260,2298.5,2273500
6966.T,925,940,919,939,1357800
6969.T,986,1012,986,1008,13800
6971.T,3507,3537,3453,3503,4191100
6976.T,8999,9639,8846,9426,31713600
6977.T,1432,1432,1372,1407,2400
6981.T,7001,7214,6871,7191,19759800
6982.T,575,587,575,587,500
6986.T,777,806,762,780,598800
6988.T,3451,3498,3353,3436,2589500
6989.T,2425,2432,2408,2420,7300
6993.T,85,87,85,86,875000
6994.T,1143,1161,1139,1151,51600
6995.T,3225,3230,3155,3160,236500
6996.T,2528,2624,2485,2600,1365000
6997.T,2652,2791,2643,2743,898700
6998.T,3600,3600,3465,3485,73900
6999.T,2211,2289,2200,2281,545900
7003.T,4214,4329,4191,4287,1972900
7004.T,1161,1169,1149,1155,639400
7011.T,3818,3820,3707,3754,15016100
7012.T,2457.5,2465.5,2411,2433.5,7882900
7013.T,2665,2666,2568,2624.5,12152000
7014.T,4650,4815,4625,4800,1878300
7018.T,12550,13390,12550,13300,40000
7021.T,2249,2249,2174,2212,1300
7022.T,322,342,322,339,157600
7030.T,979,988,972,982,8500
7031.T,687,710,687,710,1800
7033.T,1600,1633,1586,1625,59700
7034.T,340,349,340,345,33500
7035.T,227,229,225,227,30000
7036.T,668,670,668,668,1500
7037.T,805,812,802,812,6300
7038.T,584,594,584,592,10700
7039.T,1380,1380,1362,1362,6800
7040.T,976,977,973,977,1100
7041.T,359,360,357,358,6000
7042.T,686,687,661,668,5500
7043.T,946,946,946,946,0
7044.T,512,512,505,505,6700
7046.T,1379,1388,1360,1388,1100
7047.T,2130,2183,2111,2170,158400
7048.T,160,165,158,161,231500
7049.T,800,805,793,794,23800
7050.T,1424,1425,1393,1410,8200
7057.T,923,923,923,923,700
7058.T,2970,2970,2970,2970,300
7059.T,914,939,910,930,112100
7060.T,600,603,597,597,6400
7061.T,472,478,472,477,29200
7062.T,685,686,685,686,400
7063.T,83,86,83,84,156900
7064.T,984,1001,972,1000,9200
7065.T,979,979,966,966,10200
7066.T,483,486,456,465,83700
7067.T,1041,1041,1040,1040,500
7068.T,602,605,600,600,24800
7069.T,543,547,536,545,3400
7071.T,406,410,403,405,251700
7072.T,1101,1120,1080,1113,4500
7073.T,2348,2395,2348,2353,700
7074.T,194,194,190,190,1400
7075.T,940,1013,931,1008,34000
7077.T,978,987,978,985,1300
7078.T,347,353,347,348,10500
7079.T,2541,2541,2541,2541,0
7080.T,888,906,885,905,12200
7081.T,1296,1296,1290,1290,5700
7082.T,1407,1407,1406,1406,4200
7083.T,1099,1101,1099,1101,1100
7084.T,2979,3030,2935,3005,4200
7085.T,914,927,908,920,421000
7087.T,1439,1450,1437,1437,7600
7089.T,1494,1502,1470,1477,13600
7090.T,929,944,929,944,700
7091.T,1261,1270,1240,1257,9300
7093.T,591,591,572,576,4000
7094.T,1838,1897,1838,1883,52800
7095.T,1238,1263,1238,1260,44300
7096.T,758,765,757,761,2800
7097.T,2750,2768,2750,2750,2600
7102.T,3595,3640,3550,3635,29300
7110.T,2023,2029,2017,2029,900
7111.T,534,534,523,528,2700
7112.T,698,698,695,695,900
7114.T,776,787,776,779,600
7115.T,1467,1477,1467,1469,2400
7119.T,1890,1892,1811,1870,11300
7120.T,1003,1006,996,998,19500
7122.T,2433,2463,2433,2436,4800
7126.T,1427,1435,1414,1435,2900
7127.T,710,710,705,709,6000
7128.T,2724,2785,2706,2773,90700
7129.T,1168,1175,1168,1175,900
7130.T,2851,2855,2829,2831,52400
7131.T,3745,3755,3720,3750,1900
7133.T,1311,1320,1301,1308,5300
7134.T,1340,1369,1340,1357,4700
7135.T,180,181,180,181,28200
7137.T,1200,1200,1200,1200,0
7138.T,158,163,151,152,1351300
7139.T,4700,4700,4700,4700,0
7140.T,799,802,799,802,300
7148.T,1690,1711,1688,1704,374800
7150.T,534,542,530,535,21800
7157.T,1425,1464,1420,1451,215800
7161.T,607,622,598,622,283500
7162.T,301,306,296,303,89500
7164.T,3202,3207,3180,3184,313600
7167.T,1710,1715,1663,1707,3006200
7170.T,330,330,330,330,0
7172.T,2094,2118,2090,2106,96200
7173.T,1700,1714,1679,1694,1131900
7175.T,1980,2000,1940,2000,7500
7176.T,757,757,757,757,0
7177.T,1173,1185,1160,1182,306000
7180.T,1622.5,1630,1584,1610,1425800
7181.T,1750,1761,1722,1735.5,1960800
7182.T,3432,3442,3325,3377,8978400
7183.T,254,254,254,254,14600
7184.T,3355,3405,3270,3405,189800
7185.T,3920,3925,3900,3925,8000
7186.T,1991,1991.5,1927.5,1956.5,3785900
7187.T,1353,1368,1352,1366,57100
7189.T,5012,5026,4860,4929,471300
7191.T,1130,1160,1128,1159,39400
7192.T,666,689,666,683,81400
7196.T,746,749,746,747,3900
7198.T,837,841,833,835,154000
7199.T,2100,2113,2082,2113,169200
7201.T,317,319.5,312.9,315,40616700
7202.T,2236,2265.5,2217,2222.5,2655800
7203.T,3126,3142,3081,3081,21768900
7208.T,1312,1321,1301,1305,1900
7211.T,377.2,380,367.8,369.2,13220500
7212.T,739,756,739,746,31200
7213.T,677,679,671,678,10100
7214.T,1115,1125,1115,1125,1000
7215.T,425,425,423,423,200
7217.T,457,457,453,453,400
7218.T,1172,1172,1117,1141,4100
7219.T,2501,2520,2500,2500,500
7220.T,2801,2929,2790,2926,1104300
7222.T,918,920,912,916,117100
7224.T,1955,1955,1927,1946,146300
7226.T,2302,2307,2290,2294,233100
7228.T,4050,4050,4045,4045,200
7231.T,3105,3130,3065,3095,50500
7235.T,1553,1563,1545,1558,35000
7236.T,1527,1533,1505,1511,252300
7238.T,107,107,105,106,6393800
7239.T,2364,2382,2347,2379,72600
7240.T,3067,3071,2995.5,3003,427600
7241.T,1120,1124,1112,1120,270400
7242.T,4840,4865,4765,4810,153100
7244.T,589,604,574,598,235300
7245.T,1160,1180,1149,1178,346200
7246.T,1037,1044,1020,1035,455000
7247.T,377,379,373,379,57700
7254.T,832,837,831,831,500
7255.T,505,510,505,510,1900
7256.T,447,447,428,429,140100
7259.T,2259,2270,2232.5,2249.5,2439300
7261.T,1211.5,1214.5,1175.5,1175.5,8786900
7264.T,1352,1363,1350,1351,900
7265.T,3720,3795,3720,3770,3500
7266.T,1014,1024,1003,1004,21800
7267.T,1735,1735,1690.5,1696.5,16244700
7269.T,2104.5,2116,2057.5,2067,6122500
7270.T,2660,2684.5,2635,2637.5,3927600
7271.T,806,808,797,805,56100
7272.T,1933.5,1935,1877.5,1884.5,4887100
7273.T,584,587,578,582,23600
7276.T,2713.5,2733.5,2687.5,2696,774800
7277.T,352,353,348,350,22200
7278.T,6160,6170,6120,6140,288200
7279.T,2646,2731,2591,2622,254700
7280.T,1311,1317,1302,1312,144400
7282.T,5430,5430,5344,5402,386100
7283.T,2341,2350,2305,2311,122000
7284.T,1160,1160,1160,1160,200
7287.T,2719,2725,2679,2700,139500
7291.T,464,475,464,470,56900
7292.T,6860,6920,6820,6860,4000
7294.T,911,914,907,914,45700
7296.T,4215,4240,4145,4175,171800
7297.T,866,866,866,866,100
7299.T,1862,1862,1848,1849,3900
7305.T,2780,2780,2745,2761,24600
7309.T,19210,19300,18835,19255,304300
7313.T,1858,1864.5,1844,1847.5,310700
7314.T,1310,1340,1310,1339,3100
7318.T,1329,1363,1321,1354,93400
7320.T,1480,1500,1475,1486,26500
7322.T,2210,2219,2102,2159,360700
7325.T,707,708,702,706,2200
7326.T,2104,2142,2101,2142,13700
7327.T,2653,2668,2591,2646,880600
7337.T,2413,2424,2365.5,2396,652800
7343.T,1284,1307,1284,1291,1900
7345.T,945,945,945,945,100
7347.T,795,800,795,799,4500
7350.T,7930,7970,7730,7910,76500
7351.T,484,484,474,474,3300
7352.T,318,329,318,326,31600
7353.T,526,534,524,531,16200
7354.T,400,421,398,420,448000
7356.T,117,117,114,115,38900
7357.T,1714,1735,1706,1720,3100
7358.T,1767,1834,1767,1814,24500
7359.T,285,285,279,281,16600
7360.T,632,645,632,638,1300
7361.T,1190,1200,1190,1196,2700
7362.T,880,880,852,858,3700
7363.T,1277,1300,1256,1300,2200
7366.T,1800,1835,1788,1834,47100
7367.T,330,330,329,330,1200
7368.T,1713,1713,1711,1711,200
7369.T,359,364,355,362,2700
7370.T,719,720,717,719,1800
7371.T,808,821,808,814,23000
7372.T,391,400,390,396,5200
7373.T,942,957,942,948,30800
7374.T,1535,1537,1528,1528,2600
7375.T,1148,1170,1131,1164,20600
7376.T,826,830,780,793,42200
7377.T,1710,1721,1709,1721,2400
7378.T,1552,1572,1548,1553,15100
7380.T,2657,2696,2600,2650,369800
7381.T,1290,1301,1265,1290,404800
7383.T,398,409,397,407,677700
7384.T,4880,4945,4675,4820,112000
7388.T,2314,2340,2310,2325,54300
7389.T,1981,1988,1884,1923,1278800
7399.T,617,623,617,623,3500
7409.T,1500,1525,1492,1511,66100
7412.T,389,394,388,390,359900
7413.T,2685,2685,2685,2685,0
7414.T,1445,1445,1431,1439,48400
7416.T,685,689,683,683,3000
7417.T,1872,1892,1865,1865,2700
7419.T,1255,1269,1248,1253,419000
7421.T,1600,1617,1588,1616,90000
7422.T,382,399,381,396,22400
7425.T,1095,1095,1077,1083,8100
7426.T,601,602,601,602,400
7427.T,833,837,830,836,2200
7433.T,5290,5300,5230,5280,61900
7434.T,1810,1810,1810,1810,300
7435.T,1311,1312,1293,1305,6700
7438.T,1659,1690,1648,1688,34300
7442.T,482,484,482,483,2100
7443.T,670,677,659,667,3400
7444.T,1982,1982,1969,1977,600
7446.T,4525,4525,4525,4525,0
7447.T,1695,1695,1679,1690,72500
7453.T,4130,4264,4099,4238,2968300
7456.T,6900,6990,6780,6900,122100
7458.T,1867.5,1873.5,1855,1869,206900
7459.T,2930,2959,2898.5,2919,727800
7460.T,1696,1698,1681,1682,10900
7461.T,476,476,476,476,200
7462.T,404,406,397,404,10000
7463.T,940,948,937,944,20400
7464.T,1522,1534,1522,1534,900
7466.T,1444,1460,1441,1458,25800
7472.T,3925,3925,3920,3920,400
7475.T,2500,2521,2500,2521,16600
7476.T,2478.5,2556.5,2450,2517,182400
7477.T,1617,1617,1617,1617,0
7480.T,3370,3425,3355,3420,59800
7481.T,2619,2624,2591,2591,2200
7482.T,1536,1557,1517,1553,37200
7483.T,3035,3065,3015,3060,60100
7486.T,810,810,810,810,100
7487.T,1795,1799,1790,1793,3900
7490.T,2188,2188,2186,2188,4500
7494.T,243,245,242,244,42200
7500.T,9780,9870,9700,9760,1700
7501.T,1430,1455,1430,1455,300
7502.T,1688,1692,1688,1692,800
7504.T,4805,4865,4750,4820,46800
7505.T,2180,2198,2172,2172,9300
7506.T,1390,1390,1387,1387,900
7508.T,1421,1437,1416,1429,44500
7509.T,4700,4700,4700,4700,0
7510.T,2752,2787,2732,2767,39100
7512.T,860,867,857,865,138000
7513.T,1383,1432,1377,1427,228500
7514.T,855,857,854,857,3000
7515.T,4610,4610,4610,4610,100
7516.T,4485,4510,4455,4495,60200
7520.T,2503,2565,2503,2529,14200
7521.T,2782,2810,2782,2810,1100
7522.T,945,953,938,947,145200
7523.T,1878,1878,1878,1878,1600
7524.T,176,176,175,175,4400
7525.T,3580,3610,3570,3585,13600
7527.T,53,55,52,55,1619100
7531.T,1300,1300,1300,1300,0
7532.T,750,781.8,747,776.2,20649700
7537.T,1787,1809,1762,1803,83000
7538.T,385,397,385,386,2700
7539.T,819,819,811,813,13000
7544.T,552,566,552,559,4200
7545.T,1988,2025,1978,2001,190500
7550.T,11800,12055,11675,11955,451400
75505.T,4931,4931,4930,4930,1300
7551.T,724,731,724,726,1900
7552.T,3780,3815,3640,3660,174200
7554.T,1186,1198,1180,1192,52500
7555.T,747,747,747,747,0
7561.T,710,721,705,712,19100
7562.T,3850,3850,3835,3840,1100
7564.T,5990,6120,5980,6070,537000
7565.T,8690,8700,8550,8550,300
7567.T,603,608,602,602,7800
7570.T,1419,1428,1415,1426,8600
7571.T,90,90,89,89,362800
7575.T,1535,1539,1521,1526,164100
7578.T,79,83,79,81,78300
7581.T,6880,7160,6840,7160,468800
7585.T,406,408,406,406,5100
7590.T,396,401,395,398,34400
7593.T,537,540,533,540,379800
7595.T,1303,1315,1298,1311,130800
7596.T,2325,2345,2320,2333,32300
7599.T,1244,1254,1237,1253,482900
7600.T,650,679,650,668,297900
7601.T,165,165,164,165,66100
7602.T,168,169,168,168,6000
7603.T,42,42,41,41,423200
7604.T,900,909,900,909,7000
7606.T,2385,2431,2378,2400,210900
7607.T,3050,3055,3025,3030,22100
7608.T,870,883,865,874,89600
7609.T,3855,3940,3835,3930,77400
7610.T,140,142,140,141,217100
7611.T,3035,3065,3010,3065,127100
7613.T,1633,1665,1612,1634,246000
7614.T,1544,1557,1541,1541,1900
7615.T,101,102,100,102,105600
7616.T,2109.5,2118,2091.5,2110,360600
7619.T,965,969,965,968,2100
7621.T,3460,3470,3445,3465,4200
7624.T,155,157,154,156,39700
7625.T,472,473,470,470,9800
7628.T,1186,1189,1182,1182,24300
7630.T,1086,1098,1064,1092,817400
7634.T,5030,5040,5030,5040,200
7636.T,797,798,792,797,5100
7637.T,3690,3710,3640,3670,20900
7638.T,1403,1407,1400,1404,8800
7640.T,194,197,188,196,40600
7643.T,1720,1730,1713,1724,3300
7646.T,1905,1911,1894,1902,9100
7649.T,1332,1343,1324,1330,1599800
7670.T,1233,1244,1220,1220,7100
7673.T,1729,1729,1686,1701,3700
7674.T,2630,2643,2630,2643,1200
7677.T,2750,2750,2750,2750,0
7678.T,3245,3270,3220,3260,7800
7679.T,1625,1652,1613,1642,55800
7680.T,3190,3190,3190,3190,0
7681.T,1005,1005,1005,1005,0
7682.T,3905,3920,3905,3920,1500
7683.T,1397,1407,1393,1407,14900
7685.T,3065,3240,3045,3215,357900
7686.T,464,479,440,440,199200
7687.T,449,449,441,445,7600
7689.T,309,381,309,381,114000
7691.T,30,30,30,30,0
7692.T,79,81,79,80,157800
7694.T,623,699,612,642,473200
7695.T,891,909,891,908,5400
7698.T,2715,2716,2710,2710,1400
7699.T,680,680,680,680,300
7701.T,3905,3922,3826,3846,894700
7702.T,454,457,453,455,12700
7707.T,207,213,207,212,148400
7709.T,61,61,56,58,534600
7711.T,5030,5100,4990,5040,34500
7713.T,2336,2415,2336,2378,20800
7715.T,3865,3935,3820,3865,70000
7716.T,3140,3170,3070,3125,281300
7717.T,5470,5660,5470,5630,158300
7719.T,500,523,494,519,175900
7721.T,6980,7230,6980,7200,248000
7722.T,777,781,772,775,39700
7723.T,2856,2867,2837,2867,25100
7725.T,1690,1746,1690,1740,60700
7726.T,1367,1399,1367,1388,10000
7727.T,822,842,814,836,127300
7729.T,16785,17060,16685,16850,197500
7730.T,1502,1514,1494,1506,181900
7731.T,1886,1888.5,1853,1880,2020000
7733.T,2070.5,2078,2040,2061,4332400
7734.T,3305,3375,3305,3350,77900
7735.T,13055,13275,12910,13030,1576000
7740.T,1362,1386,1355,1382,568500
7741.T,24330,24620,24100,24140,985000
7743.T,792,793,792,792,379700
7744.T,2040,2065,2026,2055,225600
7745.T,2850,2868,2790,2837,90400
7746.T,782,798,777,792,345300
7747.T,3468,3524,3392,3521,2172500
7749.T,2965,2978,2960,2960,2500
7751.T,4640,4647,4576,4615,3045600
7752.T,1703.5,1704.5,1677.5,1690,1647000
7760.T,1929,1974,1929,1962,95400
7762.T,2580,2624,2565,2613,2073500
7769.T,3905,3915,3880,3915,20200
7771.T,265,270,264,266,91700
7774.T,873,874,840,850,63000
7775.T,427,427,426,427,7500
7776.T,214,219,214,216,139300
7777.T,353,365,353,361,820500
7779.T,218,224,218,222,977300
7780.T,1880,1889,1835,1867,306800
7781.T,894,894,880,880,7700
7782.T,493,494,488,491,4100
7791.T,832,832,824,829,800
7792.T,1477,1485,1475,1485,5800
7793.T,1495,1501,1485,1501,1500
7794.T,976,1012,966,1007,401500
7795.T,223,226,222,226,24300
7800.T,1010,1010,1003,1005,2600
7803.T,435,452,433,451,1054000
7804.T,2381,2382,2359,2382,1100
7805.T,716,718,715,716,19700
7806.T,8300,8470,8130,8400,151600
7807.T,862,867,855,855,1500
7808.T,2780,2780,2780,2780,500
7809.T,1324,1325,1323,1325,3100
7810.T,167,169,164,169,154100
7811.T,1999,1999,1983,1987,5600
7812.T,2129,2159,2124,2125,900
7813.T,911,920,905,905,2400
7814.T,640,640,630,630,5700
7815.T,347,351,342,347,6200
7818.T,1140,1159,1133,1156,110900
7819.T,1010,1022,998,1015,21300
7820.T,708,711,705,707,35800
7821.T,1983,2007,1981,1995,110200
7822.T,258,258,256,258,13300
7823.T,847,857,845,853,37400
7826.T,10490,10860,10260,10430,707700
7827.T,1735,1749,1709,1748,2000
7831.T,66,68,66,68,35300
7832.T,5694,5696,5551,5565,2312200
7833.T,670,689,665,687,23200
7836.T,77,78,77,77,33200
7837.T,338,345,333,336,1700
7839.T,2085,2118,2068,2111,207300
7840.T,1295,1311,1291,1311,32700
7841.T,1082,1090,1082,1084,8500
7844.T,518,526,518,526,136300
7846.T,2110,2154.5,2100,2142.5,482300
7847.T,648,648,630,630,10800
7849.T,3055,3095,3055,3080,800
7850.T,811,811,805,809,1100
7856.T,1882,1892,1874,1878,47200
7857.T,1298,1298,1298,1298,300
7859.T,262,264,257,259,70700
7860.T,1277,1287,1277,1277,84700
7863.T,944,944,944,944,0
7864.T,3300,3335,3295,3300,100000
7865.T,338,341,337,338,1100
7867.T,3664,3676,3626,3654,406500
7868.T,545,552,540,542,158300
7871.T,1010,1017,1010,1011,2000
7872.T,617,619,614,617,3100
7874.T,953,960,950,958,66900
7875.T,809,809,800,808,12400
7877.T,2243,2243,2228,2228,300
7878.T,1538,1578,1513,1531,4400
7879.T,676,678,670,670,2200
7883.T,401,402,401,401,2300
7885.T,1138,1139,1120,1122,12500
7886.T,593,613,586,613,14700
7887.T,1585,1590,1569,1590,1200
7888.T,893,899,883,896,92900
7893.T,1115,1129,1110,1124,58600
7896.T,508,508,506,506,600
7897.T,105,106,104,106,127000
7898.T,919,924,912,924,3200
7901.T,845,848,843,843,1900
7902.T,1123,1130,1123,1130,300
7906.T,2555,2588,2545,2566,408900
7908.T,238,239,237,239,65700
7911.T,5110,5120,4987,5071,1636200
7912.T,3055,3083,3021,3056,1212200
7914.T,1727,1750,1720,1743,64300
7915.T,1214,1231,1208,1225,244300
7916.T,1880,1880,1880,1880,0
7917.T,1247,1256,1236,1252,159300
7918.T,107,108,106,106,31500
7919.T,228,229,226,227,6900
7921.T,4175,4180,4120,4160,23700
7927.T,2270,2282,2260,2282,12700
7928.T,620,620,617,617,2100
7931.T,3605,3635,3575,3615,19600
7932.T,11710,11830,11710,11800,3000
7936.T,4150,4299,4126,4266,5062900
7937.T,2677,2678,2637,2658,15400
7938.T,2146,2147,2132,2139,1600
7939.T,601,601,601,601,500
7942.T,3030,3040,2951,2987,90400
7943.T,3065,3065,3025,3040,43900
7944.T,3810,3845,3795,3835,50600
7946.T,345,359,345,356,19500
7947.T,2872,2890,2854,2871,366900
7949.T,2788,2839,2772,2830,49600
7951.T,1327,1331.5,1313.5,1325,2215600
7952.T,3510,3525,3465,3510,10900
7953.T,400,400,397,400,6300
7955.T,987,997,980,992,32400
7956.T,2059.5,2068,2042,2056,918300
7957.T,2591,2595,2551,2595,2900
7962.T,796,806,796,799,34300
7963.T,1828,1839,1816,1826,1500
7965.T,1451,1456,1440,1446,100300
7966.T,5420,5440,5300,5400,2444300
7970.T,2202,2207,2185,2199,113100
7971.T,705,709,702,709,63100
7972.T,2520,2554,2517,2535,137000
7974.T,8847,8950,8803,8839,5577200
7975.T,1162,1169,1161,1168,1000
7976.T,3135,3140,3095,3110,54600
7979.T,2292,2314,2262,2300,74400
7980.T,845,856,845,845,12800
7981.T,3115,3125,3090,3110,80700
7983.T,1229,1235,1204,1206,4400
7984.T,926.6,930.7,920.5,926.3,998400
7986.T,1914,1916,1914,1916,900
7987.T,563,566,560,563,39600
7988.T,5063,5110,5035,5051,254800
7989.T,2641,2651,2634,2648,34600
7990.T,2405,2421,2380,2407,91100
7991.T,1068,1081,1064,1064,10300
7992.T,105,106,102,105,110200
7994.T,2395,2397,2376,2390,144100
7995.T,6540,6550,6440,6470,38500
7997.T,1084,1086,1079,1079,1000
8001.T,2262,2262.5,2194,2204,18736400
8002.T,5210,5226,5001,5073,4957100
8005.T,1759,1803,1750,1794,387200
8006.T,1547,1547,1458,1546,3800
8007.T,803,808,798,802,129100
8008.T,2103,2129,2077,2122,75300
8011.T,1433,1469,1425,1429,150600
8012.T,1145,1147,1130,1143.5,854900
8013.T,371,372,363,368,4500
8014.T,4345,4365,4300,4340,44400
8015.T,7728,7736,7421,7588,2030400
8016.T,723,725,713,718,816300
8018.T,854,865,850,860,35800
8020.T,2312,2312,2245.5,2274.5,626800
8022.T,4110,4170,4095,4135,201900
8023.T,1054,1057,1050,1057,2300
8025.T,1316,1324,1313,1324,300
8029.T,2684,2700,2670,2697,11900
8030.T,3905,3905,3905,3905,100
8031.T,5100,5101,4990,5019,11348300
8032.T,1216,1219,1201,1212,200300
8035.T,52500,54490,52330,53320,2599600
8037.T,4610,4625,4510,4525,35700
8039.T,3520,3520,3500,3515,3000
8040.T,1054,1058,1048,1048,1800
8041.T,4695,4700,4640,4655,2700
8043.T,1515,1516,1500,1510,146600
8045.T,2037,2050,2037,2050,1900
8046.T,1011,1014,1000,1007,15200
8050.T,10490,10490,10050,10140,362200
8051.T,1930,1950,1910,1942,193800
8052.T,2890,2940,2880,2940,125500
8053.T,1857,1859,1796.5,1820,14980400
8056.T,4806,4857,4787,4814,360700
8057.T,2338,2344,2276,2299,225400
8058.T,5059,5074,4872,4902,12672100
8059.T,3720,3720,3615,3690,125700
8060.T,3695,3700,3657,3685,266400
8061.T,3090,3140,3025,3135,149100
8065.T,3610,3610,3525,3560,52000
8066.T,3640,3640,3480,3595,32400
8070.T,985,999,985,986,95900
8074.T,6480,6480,6380,6460,31500
8075.T,3125,3150,3085,3120,49600
8076.T,2140,2141,2075,2116,6300
8077.T,213,215,213,215,3700
8078.T,1949,1968,1910,1923,495700
8079.T,4515,4535,4495,4500,36400
8081.T,2497,2508,2467,2503,37300
8084.T,4800,4805,4725,4755,47100
8085.T,4240,4245,4240,4245,400
8086.T,1498,1505,1464.5,1470,647900
8088.T,2201,2211.5,2123,2124,928100
8089.T,1995,2000,1991,1993,900
8091.T,2414,2436,2405,2436,7300
8093.T,1788,1807,1777,1803,30700
8095.T,536,540,533,539,73600
8097.T,2425,2442,2415,2437,141200
8098.T,4520,4525,4450,4465,153600
8101.T,2668,2691,2649,2684,32000
8103.T,975,977,964,973,131700
8104.T,712,714,705,705,6700
8105.T,81,84,81,84,1143200
8107.T,30,31,30,31,74300
8111.T,2098,2128,2091,2113,511400
8113.T,970,975.4,956.3,968.9,5816900
8115.T,1312,1312,1311,1312,800
8117.T,2161,2198,2155,2182,202200
8118.T,1198,1198,1170,1170,1700
8119.T,792,794,785,793,800
8123.T,1407,1424,1407,1424,400
8125.T,1974,1982,1960,1975,150700
8127.T,532,536,531,535,9800
8129.T,3951,3991,3915,3961,157000
8130.T,3185,3205,3180,3180,110700
8131.T,2414,2444,2392,2420,40300
8132.T,7200,7330,7190,7290,11200
8133.T,2349,2363,2330,2338,94100
8135.T,430,445,430,437,16000
8136.T,1278.5,1309.5,1256,1265.5,17285600
8137.T,4155,4225,4120,4220,37200
8138.T,4300,4300,4300,4300,100
8139.T,2233,2270,2198,2198,4000
8141.T,1567,1568,1567,1567,31600
8142.T,1429,1435,1419,1434,63000
8143.T,142,142,142,142,0
8144.T,1260,1260,1260,1260,300
8147.T,1418,1418,1416,1416,500
8150.T,3310,3340,3270,3335,49200
8151.T,1880,1887,1863,1871,120000
8152.T,7150,7190,7120,7140,900
8153.T,3890,3915,3875,3905,134400
8154.T,4855,4915,4810,4910,109300
8157.T,4150,4180,4125,4170,33600
8158.T,1400,1407,1374,1404,97700
8159.T,4070,4095,4000,4095,39100
8160.T,2465,2498,2460,2479,76100
8163.T,1536,1547,1528,1529,117900
8165.T,105,107,105,107,134600
8166.T,78,79,78,78,21100
8167.T,1368,1403,1355,1396,95000
8173.T,4115,4260,4090,4225,128300
8174.T,3102,3102,3050,3073,199000
8179.T,1344,1361,1335,1354,160600
8181.T,985,990,985,990,2700
8185.T,975,995,975,987,237700
8194.T,2749,2788,2737,2782,234000
8198.T,3410,3450,3395,3430,17400
8200.T,2325,2365,2321,2360,160000
8202.T,147,149,147,149,43000
8203.T,775,790,772,779,120300
8207.T,302,302,301,301,19600
8214.T,1741,1753,1736,1748,173100
8217.T,793,802,793,800,59600
8218.T,3880,3935,3870,3920,84900
8219.T,764,771,761,771,588900
8225.T,3575,3575,3575,3575,0
8226.T,384,389,382,386,145200
8227.T,3239,3276,3221,3249,635400
8230.T,312,312,310,310,6200
8233.T,2217.5,2253,2175,2227,1671800
8237.T,2137,2245,2103,2213,529400
8242.T,2880,2907.5,2850.5,2889.5,284400
8244.T,1941,1942,1852,1876,79300
8247.T,326,339,323,332,12100
8252.T,2900.5,2933,2887,2921.5,1214700
8253.T,4734,4734,4625,4674,847200
8254.T,247,250,238,243,86500
8255.T,1285,1299,1285,1290,110700
8260.T,384,405,384,385,62300
8267.T,1412,1433,1399,1409,15571500
8273.T,1021,1033,1012,1015,781900
8275.T,1005,1012,1001,1007,28800
8276.T,2697,2722,2686,2698,146500
8278.T,2022,2053,2015,2046,108600
8281.T,1133,1144,1128,1133,116000
8282.T,1900.5,1924.5,1891,1902,609600
8285.T,772,794,767,788,66800
8291.T,548,550,546,549,59300
8301.T,21700,21700,21700,21700,0
8303.T,1580,1582.5,1543,1568,3707200
8304.T,3412,3428,3365,3405,1549400
8306.T,3790,3790,3701,3785,53609400
8308.T,2568,2571,2492,2550,9041500
8309.T,1811.5,1814.5,1769,1801,9802400
8316.T,7181,7181,6964,7083,14975900
8331.T,2838,2864.5,2793,2861,2672800
8334.T,2910,2926,2840.5,2899.5,1045500
8336.T,2845,2859,2781,2834,267800
8337.T,2778,2797,2721,2773,104700
8338.T,780,787,739,769,2476000
8341.T,4054,4058,3956,4018,728100
8343.T,8910,9050,8680,9030,128800
8344.T,4645,4670,4455,4635,146700
8345.T,2530,2553,2465,2539,250200
8346.T,1006,1013,975,992,1078600
8349.T,1692,1703,1665,1703,27600
8354.T,8009,8022,7811,7925,781400
8358.T,2991,3005,2922,2979,1003500
8359.T,2779.5,2787.5,2687,2732,1493900
8360.T,7220,7280,7030,7190,137300
8361.T,8360,8380,8070,8260,131100
8362.T,7150,7160,6830,7050,99600
8364.T,3240,3270,3130,3240,41700
8365.T,2380,2415,2350,2368,6900
8366.T,2872,2908,2811,2862,702100
8367.T,1991,2007,1941,1970,577700
8368.T,2410,2429,2329,2376,884000
8370.T,5120,5160,5020,5160,152400
8377.T,8420,8428,8106,8316,403500
8381.T,2641,2651,2579,2611,383100
8383.T,1937,1959,1919,1953,21900
8386.T,3135,3165,3055,3115,234500
8387.T,3710,3785,3610,3775,173100
8388.T,9960,10060,9720,9940,131400
8392.T,2970,3005,2891,2991,326700
8393.T,2648,2675,2564,2651,305900
8395.T,6610,6650,6430,6570,54200
8399.T,3255,3290,3175,3235,154200
8410.T,342.5,343.7,338.2,340.3,3398800
8411.T,8810,8852,8580,8774,9815900
8416.T,1183,1183,1138,1166,68200
8418.T,3235,3255,3176,3226,509800
8421.T,193000,193300,192600,192700,120
8424.T,4502,4515,4450,4456,213800
8425.T,1395,1395,1362,1368,512100
8439.T,2774.5,2774.5,2678.5,2689,791300
8473.T,3340,3403,3301,3390,6382500
8508.T,771,798,766,777,1046500
8511.T,2510,2529,2481,2497,282200
8518.T,152,153,150,153,49700
8522.T,7300,7350,7080,7140,138100
8524.T,1333,1340,1298,1318,1614300
8537.T,3110,3155,3055,3155,47100
8541.T,3160,3210,3045,3210,279300
8542.T,1960,1990,1922,1988,41200
8544.T,2900,2934,2820,2870,308600
8550.T,1111,1122,1075,1101,619500
8551.T,7980,8040,7740,8000,32900
8558.T,1505,1518,1465,1501,168500
8562.T,401,402,386,400,335600
8563.T,1162,1180,1150,1179,46000
8566.T,6780,6780,6720,6730,36300
8570.T,1640.5,1649.5,1615.5,1627,743400
8572.T,478.7,481.7,478,481,975500
8584.T,3795,3800,3730,3750,130300
8585.T,861,862,854,855,369300
8591.T,6365,6399,6169,6242,3774400
8593.T,1417,1418.5,1394,1394,4684300
8595.T,2291,2299,2285,2296,285800
8596.T,1594,1595,1578,1589,27600
8600.T,1144,1148,1112,1136,426400
8601.T,1896,1898,1844,1867,5083900
8604.T,1670,1678.5,1636,1669,9393000
8609.T,1215,1243,1211,1238,742500
8613.T,1295,1315,1293,1315,219100
8614.T,735,743,729,742,415000
8616.T,895,910,890,903,1081600
8617.T,635,636,624,624,4100
8622.T,957,985,952,981,383800
8624.T,1706,1745,1695,1732,106700
8628.T,1212,1215,1190,1205,795200
8630.T,6898,6961,6841,6856,2516100
8697.T,2194,2244,2179.5,2239,5537200
8698.T,727,737,724,734,1365800
8699.T,1141,1157,1137,1157,39600
8700.T,2095,2160,2095,2125,1500
8704.T,1364,1428,1364,1420,240200
8705.T,218,222,218,220,98000
8706.T,1935,1954,1930,1949,162400
8707.T,4620,4690,4600,4685,132400
8708.T,1793,1814,1779,1810,116300
8713.T,2800,2820,2746,2817,75600
8714.T,1089,1095,1065,1083,796400
8715.T,1071,1085,1066,1076,271800
8725.T,5300,5315,5204,5240,4169600
8729.T,166,166.2,163.4,165.1,62212400
8737.T,621,622,616,618,24900
8739.T,2632,2655,2608,2644,114000
8742.T,564,579,564,578,5100
8746.T,155,156,130,134,1285100
8747.T,2234,2251,2200,2200,4700
8750.T,1906.5,1917,1870,1877.5,10026400
8766.T,8100,8137,7951,7976,5803200
8769.T,491,496,490,492,30000
8771.T,1725,1734,1710,1710,133300
8772.T,894,900,888,888,4100
8783.T,55,56,50,50,1775000
8789.T,160,161,158,159,780200
8793.T,4185,4190,4165,4180,10600
8795.T,4978,4978,4908,4952,1382400
8798.T,137,140,135,138,16100
8801.T,1516.5,1527,1510,1510,10270800
8802.T,3716,3747,3680,3693,3605800
8803.T,2388,2394,2377,2381,123300
8804.T,3392,3407,3365,3376,669200
8818.T,1108,1128,1107,1120,256600
8830.T,3247,3276,3229,3238,2677700
8835.T,798,804,796,801,9700
8836.T,27,28,27,27,53100
8841.T,1000,1007,997,1003,75100
8844.T,1250,1257,1240,1252,46800
8848.T,645,658,645,653,919900
8850.T,4720,4790,4710,4735,60100
8860.T,754,758,750,756,49400
8864.T,967,977,966,976,80300
8869.T,834,836,830,834,37800
8871.T,3250,3285,3245,3260,45000
8876.T,2283,2292,2255.5,2261.5,410300
8877.T,5170,5200,5130,5190,30500
8881.T,670,671,666,670,87500
8887.T,367,368,365,366,37700
8891.T,2083,2111,2066,2085,4200
8892.T,1095,1105,1091,1101,155400
8894.T,20,21,20,20,1006200
8897.T,454,455,450,455,637800
8898.T,1146,1146,1129,1135,4700
8904.T,830,833,825,830,18600
8908.T,883,892,883,892,8100
8912.T,162,164,162,163,88700
8914.T,894,912,889,906,65500
8917.T,1126,1134,1122,1122,17900
8918.T,11,11,10,11,371104600
8919.T,3610,3665,3575,3615,170500
8920.T,708,718,708,714,50700
8923.T,1746,1763,1726,1751,139800
8927.T,484,488,483,486,77100
8928.T,2303,2321,2297,2310,8100
8929.T,1370,1389,1370,1387,48400
8931.T,1313,1316,1308,1313,4500
8934.T,2450,2468,2427,2455,168400
8935.T,2000,2021,1966,2011,72800
8938.T,328,333,326,333,2000
8944.T,241,244,241,244,25200
8945.T,1090,1097,1089,1096,1300
8946.T,75,76,74,76,83200
8951.T,124200,125100,123400,124200,46628
8952.T,116600,117400,116300,116500,17175
8953.T,112800,113000,112200,112200,16641
8954.T,98200,98200,97000,97000,11610
8955.T,97000,97300,96500,96500,7948
8956.T,128500,128800,127500,127500,3122
8957.T,184000,185000,183500,184000,1740
8958.T,111300,111700,111000,111000,4106
8960.T,159400,160600,159200,159400,6645
8961.T,72100,72200,71600,71600,5083
8963.T,61700,62400,61600,62100,56760
8964.T,77200,77700,77000,77400,9091
8966.T,131500,131700,131000,131000,3839
8967.T,94000,94700,94000,94400,6267
8968.T,174000,174100,172800,172800,1646
8972.T,148200,148300,147100,147100,9663
8975.T,94400,94500,93700,93800,4366
8976.T,313500,314000,310500,311000,1523
8977.T,135400,136300,135000,135000,2228
8979.T,184800,187000,184700,185000,481
8984.T,116400,116700,116000,116000,8734
8985.T,83900,85200,83900,84400,26674
8986.T,94200,94600,93600,93600,4282
8987.T,137600,137800,136500,137100,2488
8995.T,1730,1918,1615,1648,571100
8996.T,1072,1091,1072,1080,2300
8999.T,567,572,561,571,55200
9001.T,2960,2961,2932.5,2941,630600
9003.T,2600,2610,2581,2597.5,238200
9005.T,1637,1641.5,1629,1629,2099400
9006.T,1555,1566,1536.5,1536.5,1063900
9007.T,1790,1799.5,1783,1787.5,1088700
9008.T,780,788.8,776.7,780.5,1917100
9009.T,1348,1375.5,1347,1367,1542500
9010.T,2602,2626,2585,2614,104200
9012.T,2118,2118,2118,2118,100
9017.T,1995,2005,1987,2005,3100
9020.T,3538,3551,3512,3520,3078100
9021.T,3017,3036,3001,3020,1943800
9022.T,3918,3927,3845,3857,2031500
9023.T,1502,1505,1489.5,1496,1606900
9024.T,3440,3515,3429,3515,1324400
9025.T,2850,2867,2835,2861,94100
9028.T,3455,3455,3385,3425,23600
9029.T,1865,1870,1850,1850,8200
9031.T,3106,3127,3058,3058,203000
9033.T,636,637,635,635,3000
9034.T,1647,1699,1647,1682,16900
9036.T,1242,1242,1210,1238,6100
9037.T,1830,1848,1827,1837,73700
9039.T,2970,2979,2959,2969,61100
9041.T,3473,3477,3427,3436,604600
9042.T,4656,4729,4645,4705,680300
9044.T,3099,3137,3083,3115,249200
9045.T,3200,3227,3180,3189,235300
9046.T,2486,2501,2476,2476,5200
9048.T,1883,1883,1862,1864,539700
9049.T,6630,6700,6620,6700,500
9051.T,1320,1350,1320,1320,2300
9052.T,2002,2017,1995,2011,26400
9057.T,3290,3290,3255,3265,1400
9059.T,917,924,916,922,4800
9060.T,4165,4165,4165,4165,100
9063.T,4165,4235,4165,4235,600
9064.T,1936,1969,1925,1965,1177300
9065.T,8061,8103,8002,8100,165100
9068.T,7160,7220,7110,7140,19800
9069.T,2218,2239,2204,2225.5,252700
9072.T,5067,5105,5036,5082,173800
9073.T,1227,1227,1227,1227,0
9074.T,4985,5040,4980,5040,1500
9075.T,6200,6220,6100,6150,80500
9076.T,2724,2732.5,2690,2692.5,386100
9081.T,3975,4000,3970,4000,8100
9082.T,1943,2025,1943,2025,3900
9083.T,1970,1990,1970,1990,2000
9087.T,2169,2169,2169,2169,100
9090.T,882,893,878,886,304400
9101.T,7438,7440,7076,7158,3576000
9104.T,7300,7318,6883,6969,4884400
9107.T,3450,3458,3288,3328,5482000
9110.T,10490,10500,10470,10490,124800
9115.T,1044,1114,1031,1100,49400
9119.T,1750,1764,1724,1733,234700
9127.T,3335,3370,3300,3310,6200
9130.T,1568,1580,1555,1571,33400
9142.T,3600,3605,3571,3580,662300
9143.T,1459,1491,1454.5,1481,1376800
9145.T,566,584,566,579,12000
9147.T,5574,5612,5486,5612,982400
9158.T,740,758,737,758,28300
9159.T,1990,2012,1986,1986,1100
9160.T,330,331,324,331,54400
9162.T,226,229,226,229,7100
9163.T,2350,2367,2345,2352,10200
9165.T,1732,1745,1690,1690,6500
9166.T,731,744,718,735,945300
9168.T,421,433,421,430,94100
9171.T,1498,1505,1492,1505,1800
9173.T,2828,2828,2820,2820,500
9193.T,883,890,880,882,5800
9201.T,2989,3009,2969,3003,2194100
92015.T,10210,10210,10185,10190,1300
9202.T,2979.5,3007,2973.5,2999.5,2384900
92025.T,4785,4785,4780,4780,900
9204.T,417,423,416,416,68600
9206.T,1961,1970,1950,1970,1800
9211.T,1409,1453,1403,1436,71400
9212.T,265,270,264,264,10000
9213.T,1018,1018,1018,1018,100
9214.T,1267,1267,1267,1267,100
9215.T,1011,1011,999,1000,1100
9216.T,1650,1666,1640,1653,23500
9218.T,776,788,772,781,16200
9219.T,900,900,887,891,9300
9220.T,1291,1300,1291,1300,200
9221.T,1191,1207,1191,1205,76100
9222.T,50,50,50,50,0
9223.T,430,435,430,435,4400
9225.T,974,974,974,974,1100
9227.T,844,862,840,841,116100
9229.T,113,116,110,111,201000
9233.T,1160,1170,1156,1170,6200
9235.T,470,483,470,479,17200
9236.T,1433,1433,1404,1404,600
9237.T,951,1010,932,1001,24000
9238.T,384,390,384,385,7200
9240.T,414,421,414,415,1600
9241.T,1240,1255,1233,1255,1600
9242.T,1944,1944,1922,1943,500
9243.T,480,480,480,480,0
9244.T,1427,1450,1427,1432,3000
9245.T,1961,1961,1954,1954,2500
9246.T,1127,1127,1127,1127,300
9247.T,1774,1831,1758,1818,352200
9248.T,1718,1718,1693,1712,11800
9249.T,1675,1679,1668,1676,4700
9250.T,990,999,986,999,1300
9251.T,1569,1571,1556,1567,22300
9252.T,3945,4025,3945,4000,8500
9253.T,733,733,733,733,100
9254.T,1103,1103,1103,1103,200
9256.T,1025,1058,1024,1053,26900
9257.T,520,520,517,517,300
9258.T,308,308,308,308,0
9259.T,845,854,840,852,10100
9262.T,680,687,678,687,14400
9264.T,1603,1615,1595,1607,17700
9265.T,3585,3625,3575,3605,1800
9267.T,3540,3715,3540,3665,109500
9268.T,413,415,408,413,194800
9270.T,2022,2068,2021,2055,84800
9271.T,975,981,955,959,18300
9272.T,1433,1448,1432,1445,5500
9273.T,761,765,758,765,51000
9274.T,1099,1107,1089,1097,287600
9278.T,2940,2988,2872,2966,87700
9279.T,2328,2392,2308,2373,273500
9282.T,34300,34300,31700,32000,1991
9284.T,75600,76100,75300,75500,1316
9285.T,40900,40900,39950,39950,1646
9286.T,45900,46050,45700,45800,2174
9301.T,1535,1545,1522,1540,996700
9302.T,3322,3348,3304,3328,187300
9303.T,4160,4165,4110,4135,121700
9304.T,2083,2083,2035,2042,139200
9305.T,2058,2066,2051,2061,50300
9306.T,2005,2021,2004,2004,2800
9307.T,972,981,970,970,2900
9308.T,2118,2118,2072,2081,69600
9310.T,1399,1417,1399,1410,67800
9311.T,7740,7740,7740,7740,0
9312.T,2860,2880,2857,2857,3000
9313.T,1035,1035,1023,1032,1800
9319.T,1807,1830,1797,1797,13400
9322.T,2497,2526,2407,2450,61800
9324.T,2518,2540,2493,2533,54400
9325.T,1069,1071,1060,1060,12100
9326.T,490,490,485,487,10400
9327.T,188,191,187,188,6800
9330.T,887,887,880,881,1500
9331.T,722,722,722,722,0
9332.T,684,685,679,683,72900
9335.T,1406,1406,1406,1406,0
9336.T,3770,3825,3760,3765,160600
9337.T,1438,1457,1433,1448,10900
9339.T,1430,1430,1430,1430,400
9340.T,765,765,758,760,4900
9341.T,629,631,622,628,72700
9342.T,943,990,943,989,4100
9343.T,815,825,801,823,73400
9344.T,1336,1339,1318,1320,19300
9345.T,588,597,588,597,1700
9346.T,1900,1906,1877,1880,5900
9347.T,2855,2897,2852,2889,77000
9348.T,419,419,413,416,534800
9351.T,1937,1940,1937,1939,2400
9353.T,3010,3010,2990,2990,1000
9355.T,2200,2209,2200,2208,900
9360.T,2745,2770,2741,2743,800
9361.T,2025,2025,2025,2025,100
9362.T,3710,3710,3680,3680,900
9363.T,524,534,520,527,7700
9364.T,4863,4886,4844,4873,249500
9365.T,1648,1648,1648,1648,700
9366.T,1115,1135,1115,1123,7100
9367.T,2054,2054,2050,2050,2000
9368.T,959,963,956,959,19100
9369.T,3010,3035,2933,2957,54300
9376.T,825,835,821,825,3100
9380.T,436,438,435,437,6200
9381.T,2310,2322,2301,2318,24700
9385.T,750,753,748,748,10800
9399.T,15,15,14,15,846198
9401.T,5929,5985,5894,5918,282400
9404.T,3032,3057,3011,3048,817500
9405.T,875,886,875,884,68600
9408.T,2622,2622,2622,2622,0
9409.T,3105,3130,3080,3120,293500
9412.T,1991,2065,1987,2033,1652900
9413.T,3425,3445,3415,3435,50700
9414.T,903,911,903,905,22300
9416.T,1034,1050,1032,1046,162500
9417.T,337,347,337,345,8800
9418.T,1722,1761,1720,1755,462500
9419.T,298,298,291,293,10700
9421.T,512,514,512,514,800
9423.T,104,105,104,104,101900
9424.T,116,120,116,119,3049800
9425.T,262,262,234,239,1010200
9428.T,1472,1482,1472,1482,600
9432.T,173.2,173.5,171.6,172.6,173891200
9433.T,2971,3005,2957.5,2981,7453100
9434.T,237.6,239.6,237.3,239.2,59202600
94345.T,3794,3801,3790,3801,8000
94346.T,7590,7590,7582,7582,1300
9435.T,39100,39240,38810,38970,71400
9436.T,4140,4180,4105,4170,96200
9438.T,586,595,582,591,26500
9439.T,228,228,222,223,20800
9441.T,3000,3015,3000,3000,1300
9444.T,280,281,260,273,15900
9445.T,534,538,533,535,1300
9446.T,698,698,692,696,3500
9449.T,4008,4091,3999,4091,261000
9450.T,782,792,771,771,46100
9466.T,241,245,236,245,11100
9467.T,1140,1158,1135,1139,50200
9468.T,3669,3679,3624,3649,490500
9470.T,1015,1023,1013,1016,129800
9474.T,920,928,910,912,200700
9475.T,528,531,528,531,2300
9476.T,989,989,987,987,200
9478.T,525,536,524,536,10700
9501.T,575,576.9,552.8,555,42468300
9502.T,2941,2975.5,2906.5,2926,3041100
9503.T,3030,3030,2941.5,2947,4278900
9504.T,1062,1062.5,1039,1041.5,1845000
9505.T,1076,1079.5,1048.5,1054.5,792200
9506.T,1381,1381,1346,1367.5,5858000
9507.T,2109,2121,2044,2078.5,1102600
9508.T,2205,2208,2143.5,2158.5,2168900
9509.T,1151,1151.5,1120.5,1125,2568900
9511.T,1200,1202,1176,1179,195100
9513.T,4174,4190,4058,4071,501200
9514.T,341,345,340,340,55100
9517.T,843,855,839,847,116600
9519.T,877,892,865,873,522200
9531.T,6323,6340,6117,6128,1012300
9532.T,5890,5899,5719,5719,955400
9533.T,1290,1293.5,1246.5,1246.5,686000
9534.T,947,949,911,916,460300
9535.T,434,442,432,439,136800
9536.T,2564,2564,2502,2503,145400
9537.T,4300,4300,4300,4300,600
9539.T,1330,1351,1330,1344,1500
9543.T,1342,1342,1318,1325,146900
9551.T,3155,3205,3145,3170,197500
9552.T,1176,1217,1171,1198,349800
9553.T,584,594,578,588,82300
9554.T,1674,1760,1652,1736,37300
9556.T,2200,2389,2193,2353,101300
9557.T,243,243,236,237,13100
9558.T,1988,2000,1950,1997,9900
9560.T,921,929,910,920,23600
9561.T,438,440,420,440,24900
9562.T,645,730,639,650,44200
9563.T,338,340,335,337,7900
9564.T,547,564,545,561,34900
9565.T,669,669,654,659,2200
9601.T,10620,10970,10620,10850,65200
9602.T,1570,1635.5,1556.5,1601,5993700
9603.T,1175,1199,1170,1185,491900
9605.T,5970,6070,5940,6000,48000
9610.T,141,142,125,133,1234800
9612.T,1205,1220,1195,1216,65800
9616.T,3210,3294,3185,3255,661100
9619.T,2701,2721,2671,2710,25900
9621.T,3150,3175,3135,3165,60800
9622.T,1425,1435,1420,1433,28900
9625.T,954,954,946,953,2600
9627.T,6119,6158,6100,6137,91000
9628.T,1328,1334,1324,1330,52500
9629.T,1571,1571,1538,1559,27700
9632.T,3655,3660,3580,3610,24300
9633.T,1932,1934,1917,1926,2500
9635.T,2560,2560,2560,2560,100
9636.T,4190,4190,4185,4185,300
9639.T,2404,2404,2385,2386,2200
9640.T,1976,1994,1970,1986,8800
9644.T,756,757,753,754,57000
9647.T,6780,6780,6780,6780,100
9651.T,2037,2078,2036,2078,8900
9656.T,603,603,602,603,1000
9658.T,1095,1105,1095,1096,49400
9661.T,4340,4340,4300,4310,14700
9663.T,5060,5110,5050,5090,29700
9672.T,4985,5040,4980,5010,35700
9678.T,5570,5620,5520,5620,136700
9679.T,2333,2333,2326,2326,200
9682.T,1128,1136,1122,1132,415500
9684.T,2938,2964,2887,2890,989200
9685.T,578,578,575,578,1000
9686.T,1700,1728,1700,1710,1400
9687.T,4690,4700,4640,4640,500
9691.T,5150,5150,5150,5150,0
9692.T,2394,2414,2381,2407,105400
9697.T,4256,4269,4213,4248,1923200
9698.T,1283,1299,1282,1292,1800
9699.T,4660,4715,4650,4710,93000
9701.T,4285,4350,4285,4325,800
9702.T,2346,2383,2325,2372,15300
9704.T,29,29,28,29,125100
9706.T,5688,5755,5670,5714,1494300
9708.T,990,990,974,976,566600
9709.T,1332,1332,1276,1296,11000
9713.T,914,915,911,912,1800
9715.T,3680,3740,3680,3725,175800
9716.T,1284,1288,1276,1280,249000
9720.T,6450,6450,6450,6450,300
9722.T,2843,2911,2783,2865,456300
9723.T,637,637,634,636,1600
9726.T,1919,1954,1919,1934,23000
9729.T,2481,2503,2471,2493,23100
9731.T,3370,3395,3370,3370,2400
9733.T,2339,2351,2330,2336,36700
9735.T,6465,6483,6396,6401,1165000
9739.T,2731,2734,2705,2723,18100
9740.T,2717,2749,2717,2744,14300
9742.T,2219,2234,2182,2183,25600
9743.T,1513,1518,1506,1514,243900
9744.T,3330,3365,3323,3350,316000
9746.T,4120,4180,4120,4160,63100
9753.T,1389,1429,1384,1411,11700
9755.T,2785,2813,2776,2808,51600
9757.T,1177,1186,1174,1179,271700
9759.T,2910,2910,2877,2883.5,194400
9760.T,119,120,119,119,13900
9761.T,2454,2454,2428,2436,800
9763.T,1306,1311,1295,1295,14000
9765.T,1177,1178,1172,1174,6400
9766.T,22020,22030,21500,21500,385800
9767.T,1635,1635,1615,1617,1000
9768.T,3785,3840,3770,3820,10600
9769.T,2583,2604,2579,2601,10100
9778.T,5530,5530,5530,5530,300
9780.T,1130,1160,1130,1150,6500
9782.T,3535,3570,3535,3550,15000
9788.T,519,520,518,520,26500
9790.T,3020,3045,3015,3015,23700
9791.T,1191,1191,1188,1188,3500
9793.T,3755,3780,3710,3710,78600
9795.T,2291,2301,2279,2295,12200
9799.T,955,967,953,962,5500
9812.T,248,248,245,245,1500
9816.T,254,256,254,256,5100
9818.T,1553,1553,1548,1548,800
9820.T,3895,3935,3890,3935,1600
9823.T,1016,1022,1014,1015,48300
9824.T,7280,7530,7040,7380,207300
9827.T,637,642,636,636,13900
9828.T,3355,3405,3330,3365,61200
9830.T,2395,2403,2350,2363,92400
9831.T,710,713.5,706.7,709,3277200
9832.T,1565,1579,1562,1578,189600
9835.T,509,513,506,509,2300
9837.T,1795,1800,1777,1790,88800
9842.T,1856,1876,1852,1868,167400
9843.T,3300,3388,3220,3254,8191500
9845.T,1394,1418,1388,1388,7100
9846.T,990,990,983,984,8700
9849.T,4505,4510,4505,4510,200
9850.T,989,995,989,990,29000
9853.T,909,912,907,910,4100
9854.T,290,295,287,287,74200
9856.T,1227,1239,1221,1237,55600
9857.T,2630,2630,2630,2630,300
9861.T,3820,3850,3774,3843,288600
9867.T,10610,10610,10600,10600,400
9869.T,6730,6730,6660,6690,27900
9872.T,960,964,960,963,2100
9876.T,226,226,223,223,14800
9878.T,413,414,411,411,4700
9880.T,3350,3380,3320,3355,121400
9882.T,1765,1783,1761,1771,234700
9885.T,334,336,334,336,1300
9887.T,5150,5310,5150,5280,49600
9888.T,1290,1296,1270,1292,37600
9889.T,1666,1684,1656,1679,167100
9890.T,1365,1387,1365,1375,7900
9895.T,1280,1290,1280,1280,300
9896.T,1446,1458,1440,1454,18400
9900.T,1120,1145,1117,1128,176900
9902.T,3065,3070,3045,3070,37700
9903.T,899,899,889,895,1100
9904.T,246,247,245,246,16200
9906.T,4385,4405,4340,4405,2700
9908.T,2844,2889,2826,2875,9100
9913.T,3615,3670,3560,3655,4900
9928.T,2010,2070,2004,2059,40800
9929.T,476,479,474,479,2300
9930.T,398,402,387,402,23500
9932.T,1321,1330,1310,1317,34000
9934.T,3060,3078,3029,3063,165400
9936.T,2942,2964,2931,2948,268000
9941.T,1235,1258,1219,1240,34300
9946.T,1778,1799,1767,1793,102100
9948.T,3705,3765,3685,3735,96300
9950.T,3440,3450,3440,3445,2300
9955.T,2820,2820,2812,2812,900
9956.T,3265,3280,3245,3260,134800
9959.T,962,966,961,964,10400
9960.T,3845,3965,3815,3950,86200
9962.T,3694,3716,3626,3670,1222100
9969.T,235,236,234,234,5400
9972.T,278,284,278,284,5500
9973.T,20,20,19,20,363600
9974.T,6860,6890,6820,6860,24400
9976.T,1083,1083,1083,1083,0
9978.T,44,45,44,44,41500
9979.T,1043,1056,1040,1056,114000
9980.T,94,96,94,96,120800
9982.T,2568,2598,2520,2587,6200
9983.T,68370,69950,68070,69100,1153800
9984.T,5197,5611,5181,5590,77803600
9986.T,2480,2481,2470,2472,1200
9987.T,5164,5204,5144,5162,209500
9989.T,3692,3743,3685,3726,479000
9990.T,752,759,752,757,48400
9991.T,1752,1765,1741,1760,40600
9993.T,1159,1159,1156,1159,2400
9994.T,2052,2056,2052,2054,2100
