symbol,open,high,low,close,volume
1301.T,4700,4740,4690,4740,25200
1305.T,4315,4333,4299,4312,54700
1306.T,426.7,428.9,425.3,427.4,12062040
1308.T,4209,4234,4200,4214,271722
1309.T,53610,54390,53610,54390,30
130A.T,436,440,432,435,5600
1311.T,2129,2150,2129,2138,5332
1319.T,752,752,752,752,1000
131A.T,1737,1737,1737,1737,0
1320.T,66800,66830,65900,66190,20086
1321.T,67040,67070,66050,66450,209091
1322.T,11245,11345,11165,11340,265
1325.T,292.1,294.4,292.1,293,6440
1326.T,61150,61780,61010,61490,8059
1328.T,15745,15915,15720,15840,14582
1329.T,6704,6709,6611,6644,178152
132A.T,220,220,220,220,0
1330.T,67200,67200,66160,66620,16146
1332.T,1190,1205,1190,1205,1379100
1333.T,1290.5,1306,1290.5,1306,378500
133A.T,1059,1062,1056,1057,266684
1343.T,1892,1899,1891.5,1896.5,703010
1345.T,1771,1778,1769,1775,11874
1346.T,66970,67060,66080,66400,15164
1348.T,4243,4270,4234,4247,71430
1349.T,17145,17225,17145,17150,117
134A.T,1500,1500,1500,1500,0
1356.T,105.2,106,104.2,104.9,2347220
1357.T,2874,2935,2862,2903,5323970
1358.T,125800,126000,122550,123800,4880
135A.T,4525,4745,4495,4650,75100
1360.T,70,72,69.8,71.3,124341760
1364.T,3749,3776,3749,3764,1877
1365.T,4050,4066,3968,4010,205814
1366.T,72,75,72,74,635355
1367.T,3073,3107,3055,3083,26512
1368.T,154,154,151,153,31861
1369.T,65140,65140,64300,64520,2221
1375.T,1170,1178,1170,1178,25800
1376.T,1596,1620,1596,1617,13200
1377.T,4400,4430,4400,4430,81500
1379.T,2112,2138,2112,2138,55400
137A.T,700,703,700,703,300
1380.T,1003,1003,997,997,1400
1381.T,3565,3605,3540,3595,2600
1382.T,890,892,885,887,2900
1383.T,3005,3030,3000,3020,1900
1384.T,2172,2194,2165,2165,8000
138A.T,3065,3070,3060,3060,600
1397.T,65330,65330,64690,64690,4298
1398.T,1792.5,1795,1788.5,1794,94840
1399.T,3278,3278,3200,3200,7481
139A.T,3350,3350,3350,3350,0
1401.T,1299,1323,1296,1311,3900
1407.T,2200,2241,2197,2240,390200
140A.T,2059,2059,2059,2059,4
1414.T,1284,1299.5,1283,1299.5,800800
1417.T,3587,3619,3580,3617,136200
1418.T,583,586,583,586,17500
1419.T,2900,2926,2893,2900,77500
141A.T,3740,3795,3660,3720,517900
1420.T,632,634,632,633,9800
1429.T,787,796,787,795,59500
142A.T,896,896,872,875,15200
1430.T,1059,1066,1053,1061,22800
1431.T,655,659,655,658,6600
1433.T,1200,1220,1200,1215,33500
1434.T,1602,1631,1602,1620,13100
1435.T,177,180,177,180,217600
1436.T,1730,1777,1695,1736,45600
1438.T,2309,2330,2285,2330,1500
143A.T,700,701,700,701,700
1443.T,276,279,273,274,32300
1444.T,2724,2724,2724,2724,300
1446.T,540,540,538,539,3100
1447.T,325,328,305,307,564500
144A.T,450,450,450,450,0
1450.T,1485,1495,1469,1485,3100
1456.T,1284,1302,1283,1296,17905
1457.T,1763,1767,1755,1761,12699
1458.T,78500,78790,76750,77540,92758
1459.T,115,119,114,117,5126960
145A.T,898,901,895,895,3100
1466.T,200,200,196,199,1264
1469.T,186.6,186.6,184.8,184.9,4390
146A.T,3615,3655,3605,3655,26800
1472.T,77,77,75,77,648
1473.T,4166,4180,4164,4170,49580
1474.T,37120,37120,37120,37120,4
1475.T,419.6,422.3,418.6,420.4,1193710
1476.T,1821,1821,1813,1817,39016
1477.T,3374,3394,3374,3381,945
1478.T,5416,5458,5400,5449,15148
1479.T,51200,51360,51200,51360,3
147A.T,982,1011,979,1010,94200
1480.T,39360,39360,39360,39360,0
1481.T,3949,3964,3949,3952,149
1482.T,1505,1508,1505,1507,194168
1483.T,3933,3940,3927,3927,3
1484.T,3930,3930,3930,3930,30
1485.T,54400,54400,54400,54400,1
1486.T,22720,22775,22700,22725,784
1487.T,11525,11525,11515,11525,158
1488.T,1805,1808,1800,1804,41417
1489.T,3579,3616,3578,3612,361464
148A.T,1700,1717,1693,1717,2900
1490.T,7970,7970,7970,7970,0
1491.T,759,775,756,762,29900
1493.T,25600,25800,25600,25765,40
1494.T,44140,44540,44140,44540,1089
1495.T,11000,11000,10800,10890,47
1496.T,1606,1627,1606,1618,122244
1497.T,1714,1719,1714,1719,1734
1498.T,32560,32560,31860,32420,29
1499.T,9383,9450,9383,9450,4
149A.T,804,810,798,804,5400
150A.T,840,879,825,855,340300
1514.T,652,659,645,646,221200
1515.T,3370,3385,3250,3275,499900
1518.T,2280,2301,2270,2285,247900
151A.T,626,631,620,627,12600
152A.T,1186,1186,1186,1186,0
153A.T,1599,1680,1590,1660,87000
1540.T,20015,20200,19980,20090,217931
1541.T,8049,8102,7977,8083,34092
1542.T,28550,28900,28455,28630,42644
1543.T,58380,58540,56820,57790,345
1545.T,229.4,230,228.4,228.7,1897790
1546.T,78310,78820,78310,78630,506
1547.T,12860,12910,12850,12890,9749
154A.T,6610,6610,6610,6610,0
1550.T,7885,7929,7885,7906,2616
1551.T,7173,7173,7056,7173,810
1554.T,6657,6661,6640,6649,557
1555.T,2240,2240,2224,2224,971
1557.T,118200,118750,118150,118500,559
1559.T,4689,4689,4631,4683,68
155A.T,843,855,832,844,50500
1560.T,6182,6182,6121,6181,48
1563.T,2407,2437,2401,2430,11908
1566.T,51510,51900,51510,51610,2084
1568.T,994.8,1006,989,997,1806950
1569.T,736,738.9,733,735.2,85950
156A.T,860,877,860,871,24900
1570.T,65800,65830,64270,64930,2042169
1571.T,302,307,302,305,1191491
1572.T,6473,6476,6381,6438,2040
1573.T,8350,8400,8341,8400,1630
1577.T,60720,61060,60550,60950,2091
1578.T,5164,5170,5099,5119,3037
1579.T,710.4,711.3,694.3,701.5,10779100
157A.T,738,769,738,768,6700
1580.T,800.5,811,799,806,233480
1585.T,2617.5,2617.5,2617.5,2617.5,0
1586.T,3000,3090,3000,3083,115
158A.T,2227,2227,2227,2227,0
1591.T,37240,37240,36870,37070,6127
1592.T,3388,3397,3370,3390,65183
1593.T,37900,37930,37690,37730,9847
1595.T,1801,1807,1800,1804,3208
1596.T,3049,3049,3049,3049,12
1597.T,1797,1798,1791,1797,43016
1599.T,37650,37650,37640,37640,5
159A.T,740,740,733.9,733.9,3020
1605.T,3939,4028,3916,3929,4688900
160A.T,1951,1983,1951,1965,2900
1615.T,772.3,778.7,764.3,768.8,3093450
1617.T,47880,48170,47730,48170,257
1618.T,37710,38200,37310,37750,1667
1619.T,45100,45100,44690,44830,1303
161A.T,1125,1125,1125,1125,0
1620.T,36580,36590,36180,36300,75
1621.T,30350,30580,30110,30550,779
1622.T,34390,34600,34380,34510,338
1623.T,62790,62790,61600,61880,841
1624.T,82000,82000,81330,81400,253
1625.T,62770,62800,61740,62020,118
1626.T,49250,50200,49250,50200,212
1627.T,13095,13175,12935,13100,2714
1628.T,22260,22545,22260,22440,213
1629.T,281,284.5,280.3,282.7,1075560
162A.T,16520,16600,16490,16490,20
1630.T,36780,36780,36260,36260,353
1631.T,41560,42090,41300,41540,1353
1632.T,43800,44360,43800,44050,2339
1633.T,48730,49250,48630,49250,145
163A.T,18540,18540,18025,18070,2670
164A.T,1980,1980,1980,1980,0
1651.T,3346,3369,3331,3355,11685
1652.T,5063,5063,5052,5052,20
1653.T,5111,5111,5111,5111,0
1654.T,3340,3340,3340,3340,0
1655.T,853.1,855,850.9,853.5,558130
1656.T,297.8,299.1,297.8,298.8,385860
1657.T,7043,7121,7043,7075,419
1658.T,4245,4252,4215,4240,27767
1659.T,3670,3700,3670,3679,4065
1660.T,10360,10380,10320,10350,1087
1662.T,1930,1969,1911,1939,1740300
1663.T,1962,1988,1959,1971,190900
166A.T,1076,1091,1072,1083,269300
1671.T,6156,6214,6105,6105,297833
1673.T,8968,9060,8946,9012,2530
1674.T,25155,25175,24850,25175,184
1675.T,18790,18790,18160,18440,87
1676.T,40490,41000,40490,41000,4
1677.T,57740,57740,57740,57740,10
1678.T,290.1,293,290.1,292.7,382130
1679.T,64600,64600,64600,64600,10
167A.T,3280,3305,3260,3290,127400
1680.T,8099,8146,8099,8121,933
1681.T,3300,3305,3290,3292,10407
1684.T,2745,2745,2745,2745,0
1686.T,3072,3072,3045,3060,30
1689.T,720,722,718,719,63352
168A.T,1059,1059,1058,1058,700
1690.T,2665,2703,2630,2676.5,3420
1691.T,17000,17575,16385,16570,173
1692.T,666.1,680,666.1,668,2100
1693.T,8562,8670,8555,8647,4860
1694.T,2150,2195,2136,2195,180
1695.T,3604,3604,3561,3583,4260
1698.T,4384,4422,4380,4415,20869
1699.T,706.3,710.9,700,700,3076910
170A.T,3117,3126,3110,3113,136
1711.T,247,248,246,246,13200
1716.T,1375,1383,1370,1373,30800
1717.T,938,940,934,934,7200
1718.T,7020,7050,7020,7050,800
1719.T,1899.5,1936.5,1899.5,1936.5,778100
171A.T,2167,2167,2167,2167,0
1720.T,1226,1240,1226,1239,341100
1721.T,5547,5648,5526,5648,559000
1723.T,2560,2639,2559,2600,271800
1724.T,716,719,715,719,4100
172A.T,2234,2234,2234,2234,0
1736.T,2445,2485,2445,2484,4600
173A.T,1553,1591,1553,1560,1400
1758.T,2378,2399,2378,2394,1200
175A.T,639,646,628,645,3200
1762.T,4190,4280,4190,4280,41700
1764.T,2714,2714,2665,2665,500
1766.T,13330,13560,13330,13560,20200
1768.T,1026,1035,1026,1035,3300
1770.T,2300,2345,2294,2317,16000
1773.T,87,87,86,86,6000
177A.T,827,830,824,825,4100
1780.T,1487,1496,1487,1496,23600
1783.T,66,70,65,68,1654600
1786.T,352,357,352,356,364200
1787.T,5650,5650,5610,5610,200
1788.T,4035,4035,4035,4035,100
178A.T,1602,1604,1515,1574,10681
1793.T,2096,2115,2096,2115,1300
1795.T,5830,5830,5830,5830,0
1798.T,1070,1091,1063,1091,1600
1799.T,3320,3340,3275,3310,21300
179A.T,237.4,237.7,236.4,237.7,34460
1801.T,12705,12785,12610,12730,527700
1802.T,3121,3140,3102,3129,1780300
1803.T,2415.5,2430,2394.5,2413,2135400
1807.T,1910,1933,1877,1933,2500
1808.T,2748,2785.5,2732,2785.5,561400
180A.T,271.6,273.1,271.6,272.6,396180
1810.T,1461,1474,1458,1474,29200
1811.T,7600,7680,7550,7630,2400
1812.T,4993,5069,4987,5069,1612900
1813.T,2982,3055,2978,3055,105100
1814.T,3615,3665,3615,3655,79400
1815.T,4520,4575,4520,4570,43800
181A.T,520.5,520.5,518,518,2070
1820.T,5663,5751,5648,5729,183700
1822.T,838,846,837,845,335500
1826.T,1070,1073,1070,1073,11400
1827.T,1403,1477,1396,1462,32500
1828.T,2484,2484,2453,2460,8400
182A.T,470.2,473.6,470.2,472.1,11790
1833.T,5740,5840,5740,5840,98600
1835.T,3935,3980,3935,3970,41200
183A.T,422.6,422.6,422.6,422.6,0
1840.T,249,251,249,251,19000
1844.T,449,452,447,448,62000
1847.T,3410,3425,3345,3390,48700
1848.T,823,827,808,808,33500
184A.T,328,331,326,331,2300
1850.T,433,439,432,439,11800
1852.T,901,912,900,912,472600
1853.T,322,324,322,323,15200
185A.T,886,886,886,886,0
1860.T,1515,1526,1509,1526,455100
1861.T,1323,1330,1317,1324,837800
1866.T,1129,1139,1120,1138,10000
1867.T,2741,2748,2721,2742,2200
186A.T,1070,1080,1041,1069,3400100
1870.T,2177,2195,2177,2193,87300
1871.T,2171,2221,2171,2200,79000
1873.T,307,313,307,311,76500
1878.T,3361,3392,3349,3392,846800
1879.T,2311,2338,2306,2336,143400
1882.T,1609,1620,1607,1620,270100
1885.T,2174,2205,2174,2205,366500
1887.T,548,555,548,553,142200
1888.T,3650,3685,3640,3670,12800
188A.T,818,820,814,818,1526
1893.T,1599.5,1620.5,1569,1583,2655200
1897.T,3490,3700,3445,3700,3300
1898.T,1491,1504,1491,1502,91000
1899.T,4685,4730,4670,4715,29600
189A.T,1059,1080,1059,1069,4500
1904.T,5150,5240,5140,5210,11500
1905.T,1450,1454,1430,1454,12000
190A.T,69,69,68,68,40700
1911.T,1239,1255,1239,1255,3096500
1914.T,799,810,799,807,24200
1921.T,1949,1999,1930,1996,22300
1925.T,4581,4626,4574,4626,1982800
1926.T,3920,3970,3900,3960,88800
1928.T,3359,3403,3358,3403,1706100
1929.T,1240,1252,1240,1245,93900
192A.T,1260,1266,1260,1266,500
1930.T,1600,1619,1588,1618,48000
1934.T,2635,2674,2635,2674,99300
1938.T,2630,2651,2614,2626,50300
1939.T,2279,2305,2274,2298,64800
1941.T,5160,5210,5140,5200,70900
1942.T,5530,5656,5528,5656,574400
1944.T,6999,7043,6962,7000,384500
1945.T,2160,2178,2133,2170,198000
1946.T,2225,2248,2221,2244,98700
1948.T,11420,11430,11420,11420,7600
194A.T,1650,1775,1650,1736,159700
1950.T,4080,4160,4080,4155,79700
1951.T,2600,2640,2600,2633,368300
1952.T,3240,3275,3240,3270,102600
1959.T,8091,8140,8052,8089,128800
195A.T,708,715,682,696,21400
1960.T,1667,1710,1667,1688,10000
1961.T,2500,2534,2486,2521,419200
1963.T,2357,2379.5,2339,2359.5,1008300
1964.T,3910,3960,3910,3960,19400
1965.T,6910,7160,6900,7150,72000
1966.T,1729,1740,1729,1740,1900
1967.T,2144,2145,2102,2122,23500
1968.T,2564,2591,2564,2591,132500
1969.T,4601,4676,4598,4662,375800
196A.T,312,319,310,317,41400
1972.T,1309,1319,1306,1319,31200
1975.T,3925,3990,3910,3990,46600
1976.T,1740,1744,1726,1742,55100
1979.T,3850,3890,3850,3870,148700
197A.T,514,520,512,519,376700
1980.T,2870,2914,2870,2907,354100
1981.T,1328,1335,1326,1331,1700
1982.T,3170,3230,3155,3225,65500
198A.T,164,167,164,164,16600
1992.T,2986,2986,2986,2986,0
1994.T,621,623,618,619,10600
1997.T,4015,4015,3965,3965,400
199A.T,1350,1350,1350,1350,0
2001.T,2980,3020,2978,3020,105600
2002.T,2071,2084.5,2058.5,2084.5,484500
2003.T,1891,1922,1891,1922,17600
2004.T,3930,3980,3925,3980,50700
2009.T,1105,1109,1104,1109,10100
200A.T,4194,4195,4045,4069,1563638
2011.T,856.9,865,856.9,864.8,21160
2012.T,237.9,238.2,237.2,237.2,52800
2013.T,304.8,304.8,303.2,304,231840
2014.T,311.4,316.2,308.3,308.6,160980
2015.T,2043,2047,2043,2043,909
2016.T,1711,1715,1711,1715,460
2017.T,1510,1529,1510,1529,4383
2018.T,1220,1225,1220,1222,105
2019.T,985,989,975,975,2455
201A.T,170.5,172.2,170.5,171.5,90870
2034.T,1892,1917,1892,1909,5532
2038.T,2808,2845,2755,2755,116159
2039.T,472,475,468,474,495723
203A.T,160,160,160,160,0
2042.T,8097,8180,8097,8116,847
2044.T,33950,33950,33900,33900,51
2045.T,18655,19035,18655,19000,9
2046.T,22445,22635,22200,22260,338
204A.T,1250,1250,1250,1250,0
2050.T,31660,31660,31660,31660,0
2053.T,2060,2093,2060,2078,67700
2055.T,344,346,343,344,4300
205A.T,1653,1670,1653,1668,15800
2060.T,1458,1489,1458,1488,106000
206A.T,163,167,162,165,63800
2070.T,16855,16855,16850,16850,3
2071.T,19665,19665,19665,19665,0
2072.T,21600,21695,21600,21695,351
2073.T,15860,15860,15860,15860,1
207A.T,1400,1400,1400,1400,0
2080.T,2075,2090,2069,2074,27717
2081.T,2161,2165,2156,2156,804
2082.T,1235,1252,1235,1244,32
2083.T,3935,3949,3898,3925,6382
2084.T,3890,3921,3887,3913,7640
2085.T,788.6,799,788.6,799,33050
2086.T,3027,3027,3027,3027,0
2087.T,3404,3404,3402,3402,792
2088.T,2619,2619,2598,2600,10
2089.T,2799,2845,2799,2845,368
208A.T,2890,2908,2890,2906,4900
2090.T,4225,4225,4225,4225,4
2091.T,4403,4403,4403,4403,1
2092.T,4428,4428,4428,4428,1
2093.T,5192,5193,5184,5184,127
2094.T,796,796,793,795,120049
2095.T,1156,1156,1146,1150,57
2096.T,1003,1003,987,989,5246
2097.T,934,934,919,920,178
2098.T,973,973,967,968,1967
209A.T,780,780,780,780,0
2108.T,5260,5310,5220,5290,31200
2109.T,3835,3885,3835,3880,54700
210A.T,1538,1549,1538,1549,2480
2112.T,466,471,462,465,37600
2114.T,676,677,674,675,9900
2117.T,2831,2869,2831,2869,15800
211A.T,3310,3310,3260,3280,1500
2120.T,233,240,232,237,775100
2121.T,3765,3885,3765,3840,354600
2122.T,1458,1458,1436,1440,11600
2124.T,1021,1051,1018,1051,452900
2127.T,647,657.9,646.4,657,2175000
212A.T,2604,2739,2601,2739,207900
2130.T,913,925,912,925,36800
2134.T,18,19,18,18,1695500
2136.T,1405,1409,1403,1403,600
2138.T,433,433,414,429,34100
2139.T,519,521,517,520,3000
213A.T,385.8,386.9,373.8,375.2,435140
2146.T,231,242,231,242,6233200
2148.T,1168,1168,1156,1158,44100
2152.T,1550,1550,1546,1547,800
2153.T,1864,1892,1864,1892,53000
2154.T,2015,2043,2013,2043,124000
2156.T,281,283,281,281,2200
2157.T,1000,1011,995,1008,455500
2158.T,622,639,622,627,147000
215A.T,1274,1319,1266,1319,2056900
2160.T,2859,2995,2859,2993,1082600
2163.T,946,955,946,951,21300
2164.T,113,113,107,110,138200
2168.T,1591,1595,1567,1595,215800
2169.T,1733,1734,1726,1734,1600
216A.T,1250,1250,1250,1250,0
2170.T,668,678,668,671,167300
2173.T,725,735,724,730,9000
2175.T,2680,2707,2660,2676,269400
2179.T,820,822,817,821,500
217A.T,382,382,382,382,0
2181.T,296.7,301.9,296.3,300.9,6551600
2183.T,205,207,203,207,25300
2185.T,2001,2002,1973,2002,1200
2186.T,899,899,897,899,800
218A.T,1010,1074,1008,1069,556800
2193.T,128,131,128,130,171900
2195.T,372,382,371,380,21700
2198.T,770,781,770,779,17900
219A.T,2410,2543,2391,2460,482900
2201.T,2490,2521,2490,2521,279600
2204.T,3150,3180,3150,3180,6700
2206.T,5018,5068,5018,5062,164900
2207.T,3465,3505,3465,3470,34400
2208.T,3145,3145,3130,3130,4300
2209.T,2369,2374,2364,2369,15700
220A.T,956,959,956,958,1000
2211.T,2517,2517,2506,2516,22800
2212.T,3774,3808,3744,3775,513900
2215.T,620,620,616,616,3200
2216.T,1093,1104,1093,1098,28700
2217.T,1480,1492,1480,1489,23100
221A.T,1087.5,1092,1055,1057,53130
2220.T,1338,1343,1311,1333,322000
2221.T,3040,3055,3040,3045,2300
2222.T,2578.5,2599,2567.5,2585,388400
2224.T,3715,3715,3695,3715,600
2226.T,4915,4920,4905,4905,4500
2229.T,3035,3076,3034,3076,190400
222A.T,60,60,60,60,0
2235.T,3529,3529,3494,3501,443
2236.T,1432,1432,1423,1426,2734
2237.T,2397,2397,2377,2396,14712
2238.T,5311,5320,5308,5317,234
2239.T,26170,26170,25950,26010,298
223A.T,1750,1773,1750,1760,2050
2240.T,5369,5369,5357,5359,412
2241.T,899.9,901.5,897,898.1,2690
2242.T,671.9,671.9,665.8,665.8,920
2243.T,4207,4212,4168,4190,106483
2244.T,3530,3537,3515,3518,44277
2245.T,684,684,684,684,60
2247.T,2230,2230,2220,2220,2242
2248.T,2712,2726,2712,2726,51964
2249.T,9675,9975,9595,9595,1080
224A.T,1530,1530,1500,1500,8130
2250.T,371.3,371.3,370.2,370.2,190
2251.T,912.1,914.2,911.8,914,12010
2252.T,1477,1477,1386,1386,8019
2253.T,1331,1331,1318,1320,11034
2254.T,960,968,959,964,27054
2255.T,194.6,195.3,194.2,194.4,454670
2256.T,213.3,214.5,213.3,214.1,69440
2257.T,215,215.9,214.7,215.6,34660
2258.T,219.6,220.4,219.6,219.7,13420
2259.T,174.5,175,174.5,175,2210
2264.T,1149,1171,1146.5,1158,2136100
2266.T,1104,1120,1103,1117,55300
2267.T,2865,2885.5,2849.5,2870,973300
2268.T,4040,4060,4040,4045,6600
2269.T,4310,4381,4299,4370,952100
226A.T,600,600,600,600,0
2270.T,3775,3830,3775,3820,111900
227A.T,1230,1230,1230,1230,0
2281.T,2435,2452,2424,2448,256200
2282.T,6289,6318,6256,6292,345300
2286.T,900,908,900,907,13200
2288.T,2292,2320,2292,2318,201600
228A.T,1700,1708,1683,1708,1600
2291.T,508,510,508,510,1300
2292.T,2799,2811,2784,2801,71800
2293.T,2680,2680,2673,2674,700
2294.T,2484,2507,2484,2504,14800
2296.T,5050,5090,5050,5060,99300
229A.T,760,760,760,760,0
2300.T,496,499,495,496,4900
2301.T,1758,1793,1757,1782,111800
2303.T,1352,1366,1334,1334,24400
2304.T,907,908,906,908,7900
2305.T,1850,1876,1850,1871,19500
2307.T,1078,1093,1078,1093,59600
2311.T,787,787,780,780,7500
2315.T,63,66,62,66,4023300
2317.T,438,443,438,441,711800
2321.T,145,146,144,145,194600
2323.T,345,375,344,366,146200
2325.T,4530,4600,4530,4565,15900
2326.T,4860,5070,4860,4945,182700
2327.T,3860,3963,3840,3925,310700
2329.T,501,504,501,502,38200
2330.T,92,93,90,92,658200
2331.T,1249,1270.5,1243.5,1270.5,1121700
2332.T,1688,1714,1681,1692,7500
2334.T,577,582,575,582,379000
2335.T,1098,1102,1096,1101,29500
2337.T,406,411,404,410,898800
2338.T,104,117,104,114,470500
233A.T,1750,1765,1749,1758,3528
2340.T,536,538,534,537,36000
2341.T,172,173,170,171,15500
2342.T,249,257,249,256,45200
2345.T,101,104,101,104,35300
2349.T,2461,2540,2386,2461,32700
234A.T,1511,1519,1511,1517,1465
2351.T,333,337,332,337,4200
2353.T,267,271,266,271,1969600
2354.T,1334,1348,1314,1329,469800
2359.T,2101,2127,2101,2122,12000
235A.T,1460,1469,1458,1469,2675
236A.T,436.1,436.1,435.3,435.7,62860
2370.T,25,25,24,24,283600
2371.T,3832,3832,3778,3795,467500
2373.T,440,445,437,444,11400
2375.T,200,202,199,199,44800
2376.T,794,794,793,793,1200
2378.T,1051,1054,1051,1053,25100
2379.T,1833,1850,1829,1850,193900
237A.T,142,143.1,142,142.8,361400
2384.T,5060,5190,5060,5180,91500
2385.T,220,222,219,220,22600
2388.T,32,33,32,32,53100
238A.T,119.1,120.1,119.1,120,315410
2391.T,1173,1173,1171,1173,2100
2393.T,4320,4450,4320,4440,5900
2395.T,1326,1349,1326,1349,170900
239A.T,450,450,450,450,0
2404.T,529,539,529,535,45300
2408.T,824,827,821,827,700
2410.T,2849,2893,2849,2885,50300
2411.T,469,470,466,468,23300
2413.T,1751,1797.5,1746.5,1797.5,2616200
2415.T,1635,1635,1601,1614,15800
2418.T,599,607,599,603,103800
241A.T,422,424,415,416,6300
2424.T,637,637,619,622,4500
2425.T,666,672,666,666,1700
2428.T,624,626,621,622,58000
2429.T,2891,2940,2891,2926,36400
2432.T,2552,2598.5,2541.5,2578,956500
2433.T,1340,1353.5,1332.5,1342,770800
2435.T,207,207,206,206,15900
2436.T,565,576,565,576,16300
2437.T,616,620,608,614,17200
2438.T,344,345,341,344,25000
243A.T,1122,1122,1122,1122,0
2440.T,121,124,121,124,216000
2445.T,399,404,399,404,61500
2449.T,1054,1072,1052,1060,2500
244A.T,1200,1209,1175,1209,2900
2454.T,351,354,347,351,18800
2459.T,177,179,176,177,30100
245A.T,2495,2500,2488,2489,600
2461.T,385,391,385,391,80500
2462.T,1507,1518,1507,1513,14000
2464.T,367,378,367,376,21500
2469.T,2785,2810,2761,2761,10100
246A.T,1069,1069,1048,1058,11100
2471.T,277,283,277,283,278600
2475.T,1747,1778,1747,1778,15400
2477.T,3235,3350,3235,3340,11800
2479.T,262,264,258,260,103500
247A.T,995,1026,995,1001,742700
2480.T,1833,1883,1829,1850,2100
2481.T,693,708,693,702,2300
2483.T,2223,2245,2222,2245,5200
2484.T,154,160,154,158,380300
2485.T,449,453,449,451,36200
2488.T,1444,1447,1433,1438,5600
2489.T,409,418,407,413,174300
248A.T,805,805,805,805,300
2491.T,478,481,477,478,70600
2492.T,701,725,696,720,2678900
2493.T,947,950,944,950,3300
2497.T,526,530,526,526,12400
2498.T,3135,3140,3105,3140,10100
2499.T,309,309,307,309,6900
249A.T,340,340,340,340,0
2501.T,1889.5,1909,1883.5,1909,941400
2502.T,1615.5,1645,1615.5,1645,4689100
2503.T,2861,2899,2861,2892.5,2571000
250A.T,1595,1610,1590,1610,26800
2510.T,793.2,795.8,793.2,795.8,11730
2511.T,1122,1125,1121.5,1121.5,60710
2512.T,709.9,710.8,708.9,710.8,11220
2513.T,3481,3496,3476,3483,1747
2514.T,2019,2021,2010,2017,4482
2515.T,1584,1592,1569,1584,71141
2516.T,610.4,627.9,610.4,623.5,338150
2517.T,1085,1085,1063,1063.5,1480
2518.T,2446,2452,2439,2439,551
2519.T,1133,1135.5,1118,1131,1390
251A.T,256,256,256,256,0
2520.T,2280,2296,2277,2285,9225
2521.T,2141,2146,2141,2143,3064
2522.T,8384,8486,8384,8432,1773
2523.T,3200,3200,3200,3200,0
2524.T,4181,4195,4170,4170,26763
2525.T,65310,65310,64500,64500,9688
2526.T,37460,37460,37250,37250,7326
2527.T,1077,1081,1077,1080,20270
2528.T,1061,1061,1054,1056,10610
2529.T,2400,2414,2397,2408,13330
252A.T,2566,2566,2566,2566,0
2530.T,17000,17120,16900,16980,93
2531.T,2468.5,2529.5,2468.5,2526.5,350400
2533.T,476,488,476,488,123900
253A.T,1052,1057,1040,1040,3900
254A.T,1199,1219,1197,1214,13100
2552.T,1894,1895,1890,1891,1850
2553.T,2468,2487,2420,2437,6780
2554.T,734.8,734.8,730,730.7,470
2555.T,1824.5,1824.5,1814,1814,980
2556.T,1820,1820,1811,1812.5,35500
2557.T,4142,4146,4139,4143,1660
2558.T,3405,3415,3399,3405,208241
2559.T,2908,2915,2900,2905,151212
255A.T,5210,5280,5110,5140,25300
2560.T,53090,53090,53090,53090,0
2561.T,1975,1980,1967,1980,5789
2562.T,3600,3611,3593,3611,2654
2563.T,401,402,400,400.4,114270
2564.T,3715,3719,3698,3719,22151
2565.T,874,874,869,870,2297
2566.T,1001,1001,995,997,13546
2567.T,541,542,541,542,110
2568.T,7782,7814,7762,7773,2387
2569.T,4233,4255,4233,4255,32962
256A.T,2344,2395,2253,2272,472700
2573.T,4065,4085,4060,4085,1800
2579.T,3870,3899,3856,3889,583500
257A.T,3349,3349,3327,3329,29
2585.T,1349,1390,1342,1381,497100
2586.T,68,68,65,66,1512300
2587.T,4553,4612,4531,4612,1043600
2588.T,3755,3755,3690,3720,2700
258A.T,2032,2032,2026,2026,401
2590.T,3000,3090,2968,3055,87000
2593.T,3199,3244,3197,3233,287100
25935.T,1798,1806,1798,1806,16200
2594.T,2005,2019,2005,2015,59000
2597.T,1250,1260,1250,1260,2700
2602.T,2099,2121,2087,2121,269400
2607.T,4504,4564,4487,4535,166600
2612.T,2840,2874,2840,2868,434600
2613.T,2270,2323,2270,2319,76100
261A.T,1961,1971,1958,1965,15800
2620.T,360.4,361.1,359.5,359.5,581660
2621.T,983,987,983,986,506189
2622.T,1676,1682,1676,1682,41
2623.T,1910,1910,1904,1906,96
2624.T,6509,6509,6424,6438,23302
2625.T,4098,4120,4098,4110,7753
2626.T,3351,3408,3351,3398,1116
2627.T,1581,1581,1581,1581,2
2628.T,3727,3824,3727,3776,2591
2629.T,3749,3849,3745,3830,5998
262A.T,1719,1781,1718,1778,140800
2630.T,15840,15915,15840,15885,15278
2631.T,32500,32580,32390,32500,12024
2632.T,17605,17715,17605,17675,4612
2633.T,550,550,544.4,545.7,33580
2634.T,3180,3180,3122,3124,24213
2636.T,4860,4869,4839,4862,19
2637.T,2607,2619,2573,2575,1313
2638.T,2600,2634,2573,2589,22304
2639.T,1690,1723,1690,1723,287
263A.T,800,800,800,800,0
2640.T,4249,4336,4249,4328,10766
2641.T,4555,4577,4538,4565,12171
2642.T,53590,53590,53590,53590,1
2643.T,4210,4210,4210,4210,41
2644.T,3760,3768,3640,3663,539573
2645.T,3087,3104,3087,3094,36
2646.T,3745,3758,3699,3700,3884
2647.T,5607,5607,5590,5590,704
2648.T,3247,3249,3246,3249,17
2649.T,568.2,568.4,566.3,566.3,390
264A.T,327,353,327,347,105800
2652.T,439,447,439,442,97300
2653.T,2800,2815,2800,2815,16500
2654.T,429,435,428,429,7700
2656.T,155,158,154,154,128600
2659.T,3415,3430,3395,3415,116400
265A.T,756,780,737,750,73300
2664.T,3685,3720,3675,3710,38600
2666.T,188,192,188,189,87400
2667.T,108,114,108,111,286000
2668.T,1273,1273,1270,1270,500
2669.T,3930,3950,3905,3930,3100
266A.T,1350,1350,1350,1350,0
2670.T,2676.5,2716,2673,2708.5,448600
2673.T,104,107,104,105,19900
2674.T,2564,2600,2555,2595,52200
2676.T,2082,2090,2077,2090,22800
2678.T,1266,1271,1241,1259,285600
267A.T,1815,1815,1815,1815,0
2681.T,2339,2392,2307,2356,95100
2683.T,994,994,992,994,1600
2685.T,3160,3185,3150,3175,149800
2687.T,492,492,488,490,2200
2689.T,1930,1940,1920,1925,2100
268A.T,1600,1600,1528,1549,2396600
2693.T,287,288,283,283,18500
2694.T,71,73,71,72,270300
2695.T,1664,1705,1659,1705,394800
2698.T,3230,3265,3220,3220,11000
269A.T,2856,2969,2856,2968,10700
2700.T,1745,1755,1733,1733,6100
2702.T,7980,8060,7880,7920,585300
2705.T,9070,9080,8990,8990,8800
2708.T,1888,1890,1885,1890,800
271A.T,1500,1500,1500,1500,0
2721.T,103,104,103,103,5500
2722.T,361,363,360,361,2500
2726.T,1480,1503,1475,1492,670000
2730.T,2527,2543,2503,2524,240800
2733.T,2697,2739,2697,2739,134700
2734.T,1246,1255,1239,1243,190100
2735.T,712,720,709,720,24300
2736.T,599,602,599,602,3100
2737.T,37700,38050,35250,36000,138700
273A.T,9650,9740,9650,9700,23
2742.T,3970,4025,3970,4020,34300
2747.T,3100,3145,3100,3145,300
2749.T,680,690,680,681,428900
274A.T,2248,2267,2238,2252,8800
2750.T,1352,1365,1352,1359,8300
2751.T,3590,3625,3585,3605,10800
2752.T,1146,1158,1146,1153,67700
2753.T,1395,1408,1395,1405,22700
2760.T,4285,4300,4145,4180,78200
2762.T,67,67,66,66,59200
2764.T,171,173,169,171,85200
2767.T,2610,2677,2604,2666,504600
2768.T,5810,5898,5800,5888,1059400
2769.T,922,923,920,920,2700
276A.T,4065,4175,4065,4155,8200
2776.T,96,98,95,97,179400
2778.T,112,114,112,113,53200
277A.T,1822,1854,1813,1851,80900
2780.T,4555,4600,4490,4520,56500
2782.T,4790,4800,4685,4785,471400
2784.T,2330.5,2389,2327,2382.5,491000
2788.T,384,394,384,392,65600
2789.T,475,476,473,473,2200
278A.T,18340,19370,17800,19010,1756700
2790.T,2090,2116,2080,2107,7500
2791.T,4590,4680,4565,4570,20900
2792.T,1440,1454,1440,1448,44600
2795.T,955,964,955,964,2400
2796.T,505,514,500,514,44700
2798.T,2991,2995,2990,2995,1100
279A.T,1550,1550,1550,1550,0
2801.T,1653.5,1684,1650.5,1684,2853300
2802.T,4946,5025,4907,4953,2715000
2804.T,1869,1890,1869,1890,19100
2805.T,7820,7910,7680,7770,94000
2806.T,1918,1925,1918,1925,700
2809.T,4569,4603,4546,4594,281700
280A.T,1100,1116,1082,1096,14900
2810.T,4028,4030,3980,4022,292100
2811.T,2708.5,2739.5,2703,2737,217100
2813.T,3900,3930,3855,3930,800
2814.T,1915,1950,1911,1931,3100
2815.T,5230,5270,5220,5260,127600
2816.T,1416,1419,1416,1419,2300
2818.T,1762,1766,1760,1761,2000
2819.T,2489,2517,2489,2512,10000
281A.T,396,407,396,398,42600
2820.T,6150,6470,6150,6420,26400
282A.T,2204,2207,2130,2141,117724
2831.T,3685,3685,3680,3680,900
2836.T,3355,3355,3310,3310,20
2837.T,4835,4885,4835,4875,1860
2838.T,8337,8354,8337,8346,53
2839.T,4864,4865,4864,4865,793
283A.T,1320,1320,1292,1294,728
2840.T,2630,2630,2607,2616,39434
2841.T,1665,1674,1665,1668,9842
2842.T,12350,12365,12300,12300,6362
2843.T,3614,3614,3604,3604,11137
2844.T,5335,5357,5335,5352,2646
2845.T,3528,3528,3487,3487,7048
2846.T,2502,2502,2494,2497,24788
2847.T,3017,3034,3017,3025,221
2848.T,3044,3049,3044,3049,16
2849.T,5486,5529,5486,5529,24
284A.T,2335,2335,2335,2335,0
2851.T,388,396,388,394.4,3390
2852.T,171.2,171.8,171.2,171.5,820
2853.T,604,604,604,604,0
2854.T,2698,2711,2675,2675,13801
2855.T,919,920,918,919,3127
2856.T,637.1,637.9,637,637.9,7130
2857.T,615.8,615.8,613,613,42090
2858.T,1498,1498,1485,1487,280
2859.T,3184,3184,3167,3168,154
285A.T,51780,52080,49410,49880,25108400
2860.T,3259,3259,3226,3226,406
2861.T,5321,5332,5320,5320,43
2862.T,3790,3790,3790,3790,0
2864.T,1277,1286,1277,1286,41
2865.T,1253,1259,1253,1254,125099
2866.T,942,947,942,945,18821
2867.T,1646,1649,1624,1624,4278
2868.T,1116,1119,1112,1112,79056
2869.T,2840,2853,2835,2849,275391
286A.T,793,803,788,794,34900
2870.T,7800,7811,7757,7757,11856
2871.T,2219.5,2234.5,2206,2228,723900
2872.T,1925,1928,1923,1928,1800
2874.T,2166,2212,2164,2179,145100
2875.T,9934,10030,9888,9973,507900
2876.T,480,485,480,485,3100
2877.T,744,747,744,745,1000
287A.T,1140,1146,1136,1144,286000
2882.T,2002,2017,2002,2017,15200
2883.T,2048,2049,2048,2048,3800
2884.T,618,623,618,623,47200
288A.T,93,93,92,92,21300
2892.T,4710,4795,4710,4760,4600
2894.T,360,362,358,358,3100
2897.T,2978.5,3001,2971.5,2991.5,885200
2901.T,148,148,145,145,70700
2903.T,1630,1630,1592,1610,1200
2904.T,756,757,754,754,3900
2907.T,1530,1540,1523,1540,2600
2908.T,1623,1636,1623,1636,53600
290A.T,1429,1458,1415,1429,863900
2910.T,1391,1418,1391,1415,33300
2911.T,2267,2270,2258,2258,800
2914.T,6810,6916,6809,6916,3711900
2915.T,2089,2113,2088,2102,15700
2916.T,738,741,738,740,1300
2917.T,927,927,925,925,1900
2918.T,2748,2780,2748,2766,41200
291A.T,2008,2008,2000,2000,2000
2922.T,1987,2004,1987,2004,11600
2923.T,7350,7410,7350,7410,800
2924.T,1911,1915,1910,1910,1100
2926.T,122,123,122,122,58500
2927.T,854,857,853,854,9900
2929.T,742,755,732,739,447200
292A.T,680,680,680,680,0
2930.T,130,134,130,134,355300
2931.T,349,354,349,352,323800
2932.T,1107,1107,1100,1101,9000
2933.T,1130,1137,1127,1137,66900
2934.T,1958,2038,1958,2028,4200
2935.T,1212,1217,1206,1216,26800
2936.T,282,284,281,283,20600
2937.T,1768,1769,1766,1766,1600
2938.T,1291,1295,1280,1289,50400
293A.T,950,950,950,950,0
294A.T,2921,2921,2921,2921,27
295A.T,9755,9755,9755,9755,0
2961.T,1490,1490,1469,1474,800
2962.T,1734,1851,1707,1831,295600
296A.T,1198,1248,1197,1245,93500
2970.T,1099,1104,1093,1100,2700
2971.T,107300,107400,106900,107000,391
2972.T,104500,104900,104400,104500,1067
2975.T,1407,1431,1406,1431,143100
2978.T,332,332,327,328,11200
2979.T,100300,100700,100000,100100,1032
297A.T,212,213,211,211,39500
2980.T,2314,2340,2309,2330,113300
2981.T,2281,2286,2265,2286,2100
2982.T,432,437,432,435,254800
2983.T,1689,1723,1689,1723,33400
2984.T,765,772,763,766,3400
2986.T,2945,2990,2941,2973,216700
2989.T,95500,95900,95100,95500,1442
298A.T,334,334,323,329,7400
2990.T,262,262,262,262,0
2991.T,516,524,516,522,15300
2993.T,2216,2220,2216,2220,500
2997.T,1323,1323,1322,1322,3600
2998.T,529,536,527,528,55000
2999.T,510,516,509,511,7800
299A.T,1240,1266,1240,1253,64400
3001.T,2998,3050,2981,3050,27800
3002.T,4075,4110,4075,4110,174300
3003.T,1742,1763.5,1738.5,1763.5,1153800
3004.T,2052,2094,2052,2075,13200
300A.T,3150,3245,3150,3190,30000
3010.T,188,189,188,188,65900
3011.T,141,143,140,142,8100
301A.T,550,550,550,550,0
3020.T,4580,4725,4580,4700,3800
3021.T,1585,1595,1581,1583,11000
3023.T,2077,2094,2073,2090,19900
3024.T,1196,1203,1196,1196,700
3028.T,2300,2332,2291,2317,57300
302A.T,586,586,579,584,2100
3030.T,861,867,861,861,7700
3031.T,688,691,685,690,80100
3034.T,2395,2432,2359,2383,128300
3035.T,767,767,758,761,7500
3036.T,3380,3415,3355,3360,67900
3038.T,3065,3149,3058,3143,1385100
303A.T,563,573,563,572,2700
3040.T,2470,2501,2445,2501,148600
3041.T,405,405,402,403,8200
3042.T,305,312,305,312,26900
3045.T,1470,1470,1470,1470,100
3046.T,5870,5940,5850,5880,127400
3048.T,1756,1774,1750.5,1760,393900
304A.T,1942,1986,1942,1965,1000
3050.T,1614,1629,1612,1621,146800
3053.T,200,203,200,201,146600
3054.T,370,377,366,367,27800
3058.T,714,714,711,714,600
3059.T,709,711,709,711,1100
305A.T,1146,1146,1146,1146,0
3063.T,1161,1185,1161,1179,23000
3064.T,1970,1989.5,1961.5,1987.5,1014700
3065.T,1586,1589,1586,1589,1600
3067.T,465,467,464,466,6100
3068.T,3040,3060,3040,3060,700
3069.T,169,169,165,167,156700
3070.T,52,53,52,52,190400
3071.T,102,103,101,102,25900
3075.T,1660,1660,1650,1660,6500
3076.T,3010,3030,2999,3030,89900
3077.T,1281,1311,1265,1311,23000
307A.T,800,800,800,800,0
3080.T,818,819,816,819,2300
3082.T,988,988,983,987,4100
3083.T,1240,1250,1225,1230,135000
3086.T,2688,2746.5,2682.5,2707,1069700
3087.T,3265,3275,3240,3250,66700
3088.T,2506,2563,2502,2555,1318400
3089.T,1060,1066,1049,1051,6300
308A.T,1310,1310,1310,1310,0
3091.T,2787,2836,2779,2801,48500
3092.T,1155,1164,1146,1161,1706500
3093.T,1928,1947,1918,1925,115400
3096.T,1616,1616,1607,1616,2600
3097.T,5320,5410,5220,5240,177300
3099.T,3293,3349,3277,3293,2007100
309A.T,700,700,700,700,0
3101.T,1657,1670,1647,1657,259200
3103.T,1459,1524,1447,1479,6643200
3104.T,3285,3305,3225,3245,62800
3105.T,2364.5,2385,2349,2371,462100
3106.T,10970,11210,10970,11180,24800
3107.T,3748,3800,3745,3782,720900
3109.T,1057,1067,1057,1067,28800
310A.T,1440,1440,1440,1440,0
3110.T,2999,3015,2828,2876,3977500
3111.T,176,177,176,176,1200
3113.T,81,82,80,82,103100
3116.T,2244.5,2268.5,2230,2268.5,449400
3121.T,251,255,251,253,29000
3123.T,650,652,632,650,6300
312A.T,1542,1542,1542,1542,0
3131.T,6610,6870,6590,6660,23100
3132.T,3945,3997,3900,3935,872300
3133.T,54,55,51,52,1645000
3134.T,294,294,288,294,31300
3135.T,1165,1178,1165,1166,5900
3137.T,219,219,217,218,17400
3138.T,1140,1140,1140,1140,800
3139.T,3435,3465,3435,3450,19000
313A.T,262.4,262.4,260,260.1,8800
3140.T,1015,1021,1014,1019,9200
3143.T,716,717,715,717,6600
3148.T,3330,3365,3330,3350,56100
314A.T,315.7,319.2,315.2,317.6,2157580
3150.T,2415,2440,2414,2440,34500
3151.T,1616,1650,1616,1650,56100
3153.T,3180,3300,3180,3280,173700
3154.T,779,786,775,786,13100
3156.T,5660,5830,5590,5700,167900
3157.T,1425,1435,1425,1430,3200
3159.T,375,378,375,377,18100
315A.T,1975,1983,1943,1953,81530
3160.T,580,581,579,581,5400
3161.T,668,675,668,670,8200
3166.T,1455,1458,1433,1456,3000
3167.T,1391,1417,1391,1404,773200
3168.T,1298,1298,1260,1264,46600
3169.T,676,680,676,676,2300
316A.T,2670,2676,2660,2668,146394
3172.T,1123,1125,1123,1124,2400
3173.T,1438,1443,1413,1413,4800
3174.T,391,392,390,390,25500
3175.T,981,983,981,981,10300
3176.T,1179,1201,1172,1193,273900
3177.T,4460,4600,4440,4550,2200
3178.T,1208,1208,1202,1205,13800
3179.T,1219,1244,1219,1235,86300
317A.T,1350,1350,1350,1350,0
3180.T,1588,1659,1575,1650,50300
3181.T,1043,1065,1037,1065,3300
3182.T,1635,1661,1627,1638,72200
3183.T,1263,1273,1260,1273,12800
3184.T,4155,4155,4155,4155,0
3185.T,120,141,118,124,4375600
3186.T,2918,2940,2890,2918,479200
3187.T,402,415,400,400,74600
3189.T,98,103,98,102,230400
318A.T,350,354.1,339,352.8,1349750
3190.T,587,587,584,584,1500
3191.T,2278,2292,2267,2281,81900
3192.T,260,264,258,261,13300
3193.T,1319,1328,1297,1313,156600
3195.T,466,466,445,447,164500
3196.T,1651,1675,1651,1672,59500
3197.T,3290,3317,3245,3277,868600
3199.T,1314,1320,1313,1320,28400
319A.T,19170,19590,18600,18690,31800
3201.T,2001,2015,1987,1993,50400
3202.T,130,131,129,131,15800
3204.T,501,501,499,499,1900
3205.T,733,740,733,735,63700
320A.T,500,500,500,500,0
321A.T,785,785,785,785,0
3221.T,3225,3240,3200,3210,53600
3222.T,850,862,845,848,307300
3223.T,980,983,980,983,2200
3224.T,698,700,688,690,10900
3226.T,116000,116400,115400,115800,6909
322A.T,765,765,765,765,0
3231.T,910.6,924,910,924,3204200
3232.T,599,603,598,602,152800
3234.T,124000,124100,122700,123000,4510
3236.T,280,284,279,283,131000
3237.T,94,96,94,95,147500
3238.T,384,384,381,383,36300
323A.T,378,380,376,376,1300
3241.T,576,590,576,585,2100
3242.T,524,530,524,529,45400
3245.T,1081,1101,1080,1101,386800
3246.T,690,695,690,694,7900
3248.T,895,895,887,892,2800
3249.T,136700,137000,135500,135500,6293
324A.T,705,729,705,727,12000
3252.T,2799,2823,2790,2819,115600
325A.T,1810,1940,1805,1868,392800
3261.T,426,426,424,426,2900
3266.T,80,80,79,80,38000
3267.T,623,630,617,620,26500
3269.T,142700,142800,141800,142400,7548
326A.T,1620,1620,1620,1620,0
3276.T,2266,2268,2265,2265,79900
3277.T,821,833,821,828,21400
3279.T,131100,132100,131000,131200,4295
3280.T,938,945,938,940,6600
3281.T,133300,133900,133000,133900,5640
3282.T,97100,97100,96200,96700,6904
3283.T,84300,84600,84100,84600,4993
3284.T,1280,1307,1280,1307,187300
3286.T,878,885,878,883,2100
3287.T,236200,237500,235400,236000,1257
3288.T,7657,7808,7581,7791,258900
3289.T,1290,1306,1286,1305.5,1763500
328A.T,1368,1373,1357,1368,853
3290.T,75600,75800,75100,75600,2206
3291.T,2274.5,2294,2268,2291.5,342300
3292.T,114100,114100,111800,112500,7378
3293.T,764,767,764,767,1000
3295.T,148000,148200,146600,147300,2232
3296.T,80900,81500,80800,80900,2945
3297.T,1182,1183,1177,1178,800
3299.T,1695,1707,1695,1701,64200
329A.T,211.6,211.6,211.6,211.6,0
3300.T,1868,1879,1859,1865,66100
3302.T,3085,3155,3065,3145,49300
3306.T,694,702,693,696,3700
3309.T,71900,72000,71400,71600,6338
330A.T,543,556,536,556,9800
3315.T,99,101,99,101,5182800
3317.T,1495,1495,1495,1495,200
331A.T,485,486,485,486,1700
3320.T,1310,1318,1307,1314,5100
3321.T,1792,1843,1750,1810,333900
3323.T,91,94,90,93,295800
3326.T,670,681,668,670,5500
3329.T,2144,2144,2136,2143,2200
332A.T,1166,1195,1160,1190,74600
3333.T,1302,1324,1302,1322,98900
333A.T,6240,6240,6240,6240,0
3349.T,6502,6666,6475,6643,337200
334A.T,1080,1097,1080,1096,1800
3350.T,236,248,236,238,12595800
3352.T,1799,1801,1791,1801,600
3353.T,2788,2788,2782,2782,2600
3355.T,1800,1810,1793,1808,19100
3358.T,94,95,93,93,36000
3359.T,520,525,520,523,57100
335A.T,335,378,326,326,442600
3360.T,2471.5,2500,2461,2489,193400
3361.T,910,910,888,888,4800
336A.T,1283,1344,1226,1340,1743000
3370.T,481,490,475,475,13000
3371.T,2154,2197,2154,2176,36000
3372.T,221,221,220,221,7000
3374.T,3980,4045,3925,4025,21800
3375.T,1814,1814,1774,1814,500
3377.T,384,391,384,391,5700
3382.T,2040,2063.5,2036,2054.5,5058100
3386.T,1246,1248,1240,1248,2600
3387.T,767,775,758,765,895500
3388.T,2124,2139,2124,2139,18300
338A.T,2940,3435,2905,3155,1278200
3391.T,2217.5,2244,2212.5,2220,1203200
3392.T,804,804,793,793,39400
3393.T,3110,3200,3110,3200,68800
3395.T,2484,2515,2455,2476,164600
3396.T,865,872,865,872,3900
3397.T,4400,4400,4332,4340,304400
3399.T,3655,3800,3620,3775,122100
339A.T,921,930,912,921,16300
3401.T,1716,1737.5,1708,1737.5,410500
3402.T,1270,1276,1255,1273,4067100
3405.T,1814.5,1825,1811.5,1819.5,1272500
3407.T,1599,1617.5,1595.5,1612,3195800
3409.T,85,85,83,85,20600
340A.T,319,323,316,320,6400
3415.T,353,361,345,350,546600
3416.T,900,900,885,886,1600
3417.T,995,1013,995,1008,4400
3418.T,1045,1053,1045,1051,12400
341A.T,2260,2310,2255,2295,40900
3420.T,1555,1560,1555,1555,1300
3421.T,1614,1631,1614,1626,30300
3422.T,600,618,600,610,34300
3423.T,273,273,269,271,32500
3426.T,1300,1300,1298,1299,800
3431.T,1561,1584,1561,1583,62100
3433.T,2813,2846,2798,2815,155100
3434.T,1249,1260,1249,1252,3600
3435.T,1527,1559,1525,1531,1800
3436.T,2990,2997.5,2853.5,2867.5,9644300
3437.T,2673,2673,2673,2673,100
3439.T,680,680,676,677,400
343A.T,1300,1327,1300,1311,4300
3440.T,866,874,858,872,31000
3441.T,1880,1882,1796,1797,264400
3443.T,1418,1445,1412,1430,183800
3444.T,1130,1179,1101,1115,991400
3445.T,5690,5800,5540,5710,309600
3446.T,1588,1601,1577,1589,13400
3447.T,1013,1023,1013,1023,27700
3449.T,4180,4215,4090,4175,130500
3451.T,128500,129200,128000,128900,557
3452.T,1440,1477,1440,1458,68300
3454.T,1255,1265,1252,1256,1700
3455.T,96500,96800,96500,96600,1755
3457.T,917,926,917,926,69900
3459.T,87200,87300,86200,86400,3302
345A.T,15810,15835,15710,15835,668
3461.T,628,634,628,630,3600
3462.T,142900,143200,142400,142800,4349
3463.T,110500,111200,110200,111200,352
3465.T,3280,3310,3270,3295,154200
3466.T,142600,142900,141900,142600,4594
3467.T,2761,2849,2754,2849,7400
3468.T,54000,55100,54000,55000,18240
3469.T,882,899,876,882,6900
346A.T,4714,4750,4700,4711,14146
3470.T,97600,98000,97300,97900,918
3471.T,102100,102500,101800,102100,4912
3472.T,67000,67500,66900,67500,721
3474.T,597,600,597,600,900
3475.T,1482,1505,1481,1505,95100
3476.T,41750,41950,41750,41800,4841
3477.T,925,932,911,911,3800
3479.T,1892,1930,1892,1916,61800
347A.T,530,530,530,530,0
3481.T,113400,113700,112900,113300,2463
3482.T,2550,2598,2549,2591,72600
3484.T,1213,1235,1201,1225,4200
3486.T,2016,2049,2016,2041,36800
3487.T,137100,137700,136900,137300,1366
3488.T,105400,105900,105300,105500,878
3489.T,791,800,791,793,13200
348A.T,298,300.3,298,298.8,23250
3490.T,3015,3050,3015,3050,500
3491.T,1307,1369,1292,1369,451700
3492.T,79000,79600,78900,79600,4997
3494.T,451,455,449,453,5900
3495.T,2302,2302,2302,2302,100
3496.T,4755,4905,4755,4895,23600
3498.T,7200,7240,7140,7200,124800
349A.T,824.8,824.8,816.4,816.4,1220
3501.T,1181,1199,1181,1189,19700
350A.T,698,725,698,725,555200
3512.T,1054,1057,1054,1057,300
3513.T,3615,3780,3615,3765,3700
351A.T,1760,1760,1760,1760,0
3521.T,157,157,156,157,17600
3524.T,1478,1482,1478,1480,1500
3529.T,1048,1059,1044,1046,19200
352A.T,535,541,534,534,1200
3536.T,127,127,126,126,15200
3537.T,1742,1742,1712,1720,2100
3538.T,1018,1042,1016,1036,19800
3539.T,1437,1453,1431,1450,105700
3542.T,1500,1506,1478,1484,5700
3543.T,2870,2895,2869,2884,114400
3544.T,1249,1253,1249,1249,11000
3547.T,1900,1924,1900,1915,23400
3548.T,668,673,668,673,96200
3549.T,3993,4104,3993,4100,347300
354A.T,3355,3392,3355,3391,15291
3550.T,215,217,215,216,11000
3551.T,1594,1602,1588,1590,13100
3553.T,931,939,931,939,29700
3556.T,792,805,792,793,31200
3557.T,511,513,507,507,9300
3558.T,1875,1911,1873,1900,66800
3559.T,461,462,461,461,700
355A.T,350,350,350,350,0
3560.T,4350,4525,4350,4520,5900
3561.T,1497,1497,1489,1493,66200
3562.T,1595,1600,1588,1597,10200
3563.T,4844,4875,4691,4766,4639100
3565.T,507,532,506,521,266200
3566.T,715,726,714,726,5200
3569.T,3265,3300,3265,3285,91900
356A.T,1567,1567,1531,1550,626
3571.T,728,728,719,722,5100
3577.T,923,928,919,928,3000
357A.T,6240,6240,6240,6240,0
3580.T,765,770,762,766,37100
3583.T,1367,1368,1367,1368,200
358A.T,310,310,310,310,0
3591.T,4030,4053,4011,4037,99200
3597.T,8950,9010,8880,8990,3100
3598.T,166,168,165,167,19300
359A.T,1600,1600,1600,1600,0
3600.T,1722,1722,1722,1722,200
3607.T,367,367,361,361,17500
3608.T,1242,1258,1241,1251,169200
360A.T,1060,1060,1060,1060,0
3611.T,2374,2409,2374,2396,20400
3612.T,1598,1623,1598,1622,206900
361A.T,1588,1588,1588,1588,0
3622.T,495,495,488,489,2100
3623.T,1290,1298,1281,1288,11000
3624.T,95,98,92,93,675000
3625.T,687,689,680,682,4500
3626.T,4043,4090,4016,4078,683600
3627.T,264,266,262,265,13900
3628.T,689,710,675,702,33400
362A.T,4950,4950,4950,4950,0
3632.T,421,431,421,426,404800
3633.T,2579,2593,2566,2585,12600
3634.T,593,596,590,591,1500
3635.T,1670.5,1716.5,1670,1713,724800
3636.T,4975,5050,4975,4990,21400
3639.T,237,237,234,234,1600
363A.T,2680,2686,2675,2682,243
3640.T,2840,2860,2791,2846,43400
3641.T,998,998,992,993,2600
3645.T,254,258,254,257,27900
3646.T,350,355,350,354,3600
3647.T,120,121,117,118,133300
3648.T,1045,1062,1045,1057,7600
3649.T,904,915,904,910,75100
364A.T,2418,2418,2400,2400,1771
3652.T,2514,2964,2514,2964,224300
3653.T,1101,1121,1037,1066,319400
3656.T,178,185,177,184,1457400
3657.T,376,396,376,394,702200
3659.T,3111,3156,3078,3128,2182400
365A.T,794,798,792,797,35200
3660.T,494,507,490,504,918500
3661.T,790,811,790,804,279000
3662.T,939,947,936,946,52400
3663.T,1821,1925,1821,1911,226200
3664.T,24,24,23,23,6596600
3665.T,409,414,407,412,148700
3667.T,28,28,27,28,128000
3668.T,445,459,445,456,711000
366A.T,1148,1158,1142,1143,14500
3671.T,305,309,302,305,9800
3672.T,28,29,28,29,99600
3673.T,472,496,471,489,635100
3674.T,335,337,335,337,4500
3675.T,602,605,599,602,21600
3676.T,1058,1059,1058,1058,231800
3678.T,1235,1266,1232,1257,28300
3679.T,449,456,449,454,201000
367A.T,2740,2770,2740,2759,12400
3680.T,204,205,201,203,46700
3682.T,583,587,583,583,1900
3683.T,1095,1102,1082,1082,17100
3686.T,61,62,61,61,95800
3687.T,2194,2250,2185,2194,373000
368A.T,1472,1477,1451,1469,54900
3690.T,576,579,574,575,4600
3691.T,1898,1977,1898,1914,18600
3692.T,7400,7950,7300,7770,486600
3694.T,459,473,458,473,171700
3695.T,1645,1651,1607,1627,9100
3696.T,2175,2201,2166,2176,52000
3697.T,855.6,896.9,855,879.2,3801900
3698.T,1211,1230,1211,1228,4600
369A.T,2606,2714,2606,2714,18200
3708.T,2191,2228,2183,2224,54500
370A.T,1296,1296,1296,1296,0
3710.T,640,641,638,639,1500
3712.T,1002,1010,1002,1002,1800
3719.T,118,119,116,116,205600
371A.T,420,420,420,420,0
3723.T,2728,2820,2710,2780,21500
3726.T,399,401,395,396,32800
3727.T,169,172,168,169,36100
372A.T,5570,5620,5550,5580,3600
3733.T,11840,11950,11840,11900,2400
373A.T,1470,1472,1463,1471,600
3741.T,3125,3180,3110,3130,56100
3744.T,462,466,461,465,6900
3747.T,401,405,399,405,23000
374A.T,240,240,240,240,0
3750.T,848,850,841,846,4500
3753.T,208,213,208,209,62700
3758.T,249,250,249,250,9000
375A.T,2125,2125,2125,2125,0
3760.T,701,710,697,708,10600
3762.T,2496,2558,2496,2544,329300
3763.T,2075,2140,2075,2135,48600
3765.T,2495,2542,2491,2534,159600
3766.T,1568,1568,1535,1540,3900
3768.T,564,569,564,569,2800
3769.T,8672,8869,8672,8869,256800
376A.T,4731,4731,4731,4731,0
3771.T,1912,1937,1910,1929,124500
3772.T,1096,1106,1096,1106,17600
3773.T,1069,1074,1062,1066,21000
3774.T,3398,3471,3393,3436,355900
3776.T,246,248,244,245,116700
3777.T,44,45,43,45,686300
3778.T,3550,3745,3550,3695,1143400
3779.T,124,125,121,122,29100
3787.T,678,678,676,677,106900
3788.T,2003,2025,1993,1996,25200
378A.T,902,903,895,900,33200
3791.T,1041,1054,1035,1044,90300
3793.T,547,562,539,562,185600
3796.T,328,330,328,330,13500
3798.T,557,561,554,560,221200
3799.T,1144,1145,1139,1139,6700
379A.T,1314,1315,1314,1315,2
3800.T,1974,1975,1973,1975,1300
3802.T,501,504,501,503,1700
3803.T,587,605,586,599,9200
3804.T,430,447,430,438,5200
3807.T,91,91,89,90,277400
380A.T,888,897,880,897,22214
3810.T,184,189,184,187,304000
3815.T,434,438,434,434,10700
3816.T,1098,1103,1090,1102,1400
3817.T,4760,4825,4760,4795,29300
381A.T,2106,2106,2093,2093,7154
3823.T,49,50,44,44,13706200
3825.T,223,227,221,226,547100
3826.T,503,505,500,504,7000
382A.T,1868,1869,1868,1869,13
3834.T,608,611,607,611,39700
3835.T,434,439,431,438,88300
3836.T,1213,1231,1212,1223,58600
3837.T,1355,1387,1355,1386,70200
3839.T,626,630,625,625,4500
383A.T,2540,2540,2533,2540,181
3840.T,61,62,60,60,145400
3841.T,1303,1303,1300,1300,1400
3842.T,1195,1230,1182,1229,10200
3843.T,1702,1737,1702,1732,22000
3844.T,1323,1353,1320,1349,211200
3845.T,324,345,323,337,109500
3848.T,832,834,832,834,400
3850.T,3860,3995,3860,3980,31600
3851.T,1450,1480,1421,1431,36900
3853.T,1052,1089,1052,1079,112300
3854.T,2109,2189,2109,2164,111100
3856.T,236,243,220,220,407500
3858.T,305,309,301,305,28700
385A.T,2450,2450,2450,2450,0
3861.T,877.3,888.9,875.9,888.9,2308200
3863.T,1334,1352,1326,1334,455500
3864.T,1212,1226,1210,1220,120500
3865.T,925,930,910,919,152200
386A.T,1253,1256,1252,1252,1800
3877.T,2247,2264,2246,2264,44600
3878.T,828,837,827,828,17900
387A.T,929,945,929,936,1000
3880.T,995,1018,990,1018,387700
3891.T,6440,6580,6280,6350,78800
3892.T,1575,1595,1564,1579,4400
3895.T,474,474,467,468,14000
3896.T,415,418,413,414,9000
389A.T,2380,2380,2380,2380,0
3900.T,669,684,669,678,57400
3901.T,1527,1542,1524,1531,38900
3903.T,199,204,196,199,1288600
3904.T,422,424,419,421,10200
3905.T,1446,1458,1429,1438,1019800
3907.T,2058,2274,2038,2161,496900
3908.T,362,369,360,366,5800
3909.T,191,198,191,196,25700
3910.T,285,285,285,285,200
3911.T,176,177,176,176,41100
3912.T,1135,1144,1134,1142,5900
3913.T,1160,1170,1105,1168,3100
3914.T,2545,2636,2545,2617,12900
3915.T,2259,2310,2251,2293,94600
3916.T,937,948,937,946,49000
3917.T,485,488,485,485,1900
3918.T,1194,1198,1180,1187,11500
3920.T,987,999,987,999,600
3921.T,1651,1688,1651,1681,14700
3922.T,2228,2247,2226,2226,15500
3923.T,1063.5,1096.5,1061.5,1089,1340100
3925.T,1314,1319,1309,1316,17800
3926.T,451,458,440,442,26800
3927.T,909,921,900,907,27300
3928.T,240,241,236,241,6600
3929.T,243,244,241,242,20000
392A.T,270,271,268.7,269.2,68040
3930.T,767,771,766,768,3200
3931.T,1505,1505,1492,1496,400
3932.T,3690,3925,3690,3900,104900
3933.T,543,548,543,548,1500
3934.T,2303,2306,2303,2305,700
3935.T,730,741,730,735,29400
3936.T,130,132,130,132,72200
3937.T,1162,1198,1162,1190,28600
3939.T,491,493,490,493,88400
393A.T,2000,2000,2000,2000,0
3940.T,134,136,134,136,230700
3941.T,1553,1564,1536,1555.5,897000
3943.T,1322,1333,1322,1323,800
3944.T,3135,3185,3115,3115,400
3945.T,2175,2175,2170,2172,1400
3946.T,4400,4455,4400,4435,49600
3947.T,2497,2499,2465,2465,2500
3948.T,1182,1182,1179,1180,4600
394A.T,525,525,525,525,0
3950.T,1485,1487,1465,1480,81100
3951.T,907,913,907,911,10000
3953.T,786,786,786,786,0
3954.T,2971,3025,2971,3025,200
3955.T,869,869,862,865,1600
3958.T,549,549,540,548,34400
395A.T,1093.5,1103,1080,1080,53280
3962.T,993,1005,993,1005,146400
3963.T,330,340,328,329,75400
3964.T,1310,1336,1310,1322,402400
3965.T,885,885,873,882,7600
3967.T,572,572,562,565,19400
3968.T,651,661,648,650,251600
3969.T,1406,1406,1395,1403,9100
396A.T,473.5,473.5,473.5,473.5,0
3970.T,845,845,843,843,2300
3974.T,666,668,660,660,16000
3976.T,586,595,571,575,49000
3979.T,454,473,454,468,13700
3981.T,1218,1225,1217,1225,1700
3983.T,1918,1933,1908,1908,28300
3984.T,1531,1553,1530,1552,64500
3985.T,195,196,195,195,5400
3986.T,472,477,472,475,7700
3987.T,625,640,625,635,4900
3988.T,557,565,555,565,1600
3989.T,1546,1546,1545,1545,396000
398A.T,1350,1350,1350,1350,0
3991.T,951,964,949,949,800
3992.T,469,476,469,470,35400
3993.T,3130,3220,3125,3180,142000
3994.T,5987,6192,5977,6060,410800
3996.T,210,213,210,212,34900
3997.T,412,443,405,438,396700
3998.T,295,295,290,294,1800
399A.T,2380,2403,2380,2390,11340
4004.T,14065,14170,13435,13560,1907000
4005.T,578.8,597.8,576.8,597.6,10759100
4008.T,1505,1510,1496,1507,143200
4011.T,2259,2355,2249,2333,39200
4012.T,1707,1733,1707,1708,11200
4013.T,638,648,630,647,47600
4014.T,460,464,449,458,29200
4015.T,515,530,511,520,44600
4016.T,1072,1088,1072,1088,2000
4017.T,215,216,212,214,2400
4019.T,619,625,613,614,26500
401A.T,97200,97500,96500,97500,2140
4020.T,817,822,817,822,800
4021.T,8230,8245,8074,8197,427500
4022.T,1801,1829,1782,1794,710600
4023.T,4265,4305,4170,4225,992000
4025.T,5710,5910,5710,5730,19900
4026.T,1552,1559,1550,1558,27900
4027.T,2427,2438,2363,2364,41200
4028.T,2938,2978,2929,2951,194800
402A.T,525,540,522,538,1199500
4031.T,1098,1109,1098,1106,3700
403A.T,2415,2415,2415,2415,0
4040.T,3920,3920,3850,3850,2800
4041.T,3900,3910,3870,3910,77100
4042.T,2628,2644,2617,2644,770800
4043.T,4192,4207,4133,4199,412300
4044.T,4565,4585,4430,4505,186000
4045.T,1830,1836,1822,1835,152100
4046.T,2038,2048,2015,2030,259700
4047.T,2203,2219,2119,2137,485700
404A.T,1243,1243,1218,1222,78428
4051.T,6110,6280,6110,6170,18200
4052.T,817,885,785,850,2634100
4053.T,477,492,475,491,161100
4054.T,518,521,518,521,15500
4055.T,1623,1635,1606,1635,12500
4056.T,206,208,203,206,91800
4057.T,348,348,348,348,0
4058.T,2308,2348,2308,2341,21800
4059.T,389,389,387,387,400
405A.T,3500,3500,3500,3500,0
4060.T,1218,1218,1198,1207,1400
4061.T,3370,3380,3309,3333,503900
4062.T,19350,19445,18120,18475,8663100
4063.T,5836,5845,5733,5762,5873900
4064.T,3555,3605,3545,3590,82800
4068.T,1765,1775,1765,1765,800
4069.T,670,670,653,656,4900
406A.T,5450,5450,5450,5450,0
4071.T,2080,2130,2067,2122,197400
4072.T,3155,3225,3155,3210,32200
4073.T,465,549,465,549,119000
4074.T,775,788,775,783,2100
4075.T,1380,1549,1283,1291,1294700
4076.T,1973,1987,1965,1987,500
4078.T,3640,3650,3575,3630,218000
407A.T,929,936,924,924,11300
4082.T,2433,2464,2418,2463,255000
4088.T,3040,3060,2959,2968,821100
408A.T,277.9,279.7,275.3,275.7,668610
4091.T,5514,5595,5457,5508,547300
4092.T,5560,5690,5340,5390,188500
4093.T,421,436,421,434,38200
4094.T,2285,2304,2285,2304,11400
4095.T,1788,1790,1776,1789,138600
4097.T,1195,1210,1189,1208,28500
4098.T,997,1002,996,1000,4600
4099.T,2164,2190,2138,2159,958600
409A.T,1155,1157,1146,1151,234400
4100.T,1605,1698,1605,1677,68400
4102.T,1450,1454,1444,1450,600
4107.T,3915,3945,3880,3915,123000
4109.T,5290,5330,5230,5260,36000
410A.T,1131,1134,1123,1134,2100
4112.T,2114,2140,2090,2101,45400
4113.T,789,799,787,796,17500
4114.T,2575,2607,2571,2607,921100
4116.T,1331,1348,1331,1348,128300
4118.T,6100,6161,6076,6161,185900
4119.T,6040,6110,6040,6040,2900
411A.T,370,370,370,370,0
4120.T,2882,2931,2881,2911,1800
4124.T,3005,3025,2986,3020,1000
4125.T,3565,3650,3565,3625,6500
412A.T,4370,4445,4320,4330,1766
413A.T,3785,3843,3770,3770,514
414A.T,875,880,874,877,42600
4151.T,2241,2264.5,2230.5,2262.5,1316800
415A.T,5430,5530,5430,5530,800
4165.T,649,664,648,656,172100
4166.T,623,638,623,633,2200
4167.T,327,336,327,334,7300
4168.T,784,792,780,789,39100
4169.T,248,259,247,259,388500
416A.T,1354,1365,1348,1365,17900
4170.T,117,119,116,117,190900
4172.T,2337,2337,2320,2322,600
4174.T,1021,1077,944,999,633700
4175.T,2960,2998,2911,2995,4200
4176.T,275,282,275,280,60200
4177.T,1523,1524,1501,1501,2400
4178.T,533,545,533,543,8500
4179.T,326,349,326,335,22300
417A.T,1901,1930,1900.5,1925,155700
4180.T,1532,1550,1522,1528,1082900
4182.T,3844,3848,3769,3810,998000
4183.T,2200,2229,2195,2229,1642700
4186.T,8159,8159,7862,7942,910800
4187.T,4165,4165,3995,4035,98000
4188.T,1193,1217,1191.5,1217,5140700
4189.T,3265,3280,3225,3245,120600
4192.T,311,318,309,318,204200
4193.T,2156,2159,2155,2159,1500
4194.T,8500,8572,8410,8552,211700
4196.T,1960,1960,1572,1572,187200
4197.T,2341,2377,2341,2377,200
4198.T,508,514,508,514,5900
4199.T,803,822,803,815,10600
419A.T,2700,2700,2700,2700,0
4202.T,1425,1441,1424.5,1432,931200
4203.T,8005,8094,7727,7744,1360100
4204.T,2517,2537.5,2509,2537.5,967400
4205.T,2396,2424,2391.5,2409.5,784300
4206.T,4250,4259,4230,4258,158100
4208.T,3478,3512,3476,3506,604200
4212.T,3025,3030,2999,3030,43000
4216.T,6160,6280,6130,6190,35100
4218.T,1931,1950,1931,1950,32200
421A.T,3685,3760,3680,3745,17800
4220.T,2402,2402,2360,2378,133200
4221.T,5600,5690,5600,5680,27300
4222.T,663,679,663,674,413700
4224.T,2111,2120,2106,2110,10400
4228.T,594,609,594,606,227000
4229.T,4150,4250,4150,4215,7900
422A.T,2450,2450,2450,2450,0
4231.T,1031,1041,1026,1032,5100
4234.T,1000,1015,997,1013,15300
4235.T,680,684,677,684,11000
4237.T,334,340,334,334,31800
4238.T,1935,1935,1862,1878,49800
423A.T,320,322,319,322,32700
4240.T,309,313,309,310,3300
4241.T,657,669,657,669,11100
4242.T,1757,1757,1756,1756,200
4243.T,1006,1018,1006,1012,1400
4245.T,701,713,699,713,20300
4246.T,1097,1107,1096,1107,227000
4247.T,1389,1389,1389,1389,0
4248.T,882,884,882,884,1100
4249.T,2819,2895,2813,2885,30300
424A.T,325.4,328.1,324.8,328.1,89670
4251.T,1190,1205,1190,1200,139500
4255.T,3560,3640,3550,3580,4400
4256.T,1120,1139,1120,1121,3300
4258.T,5460,5800,5330,5640,115700
4259.T,873,921,872,912,1248100
425A.T,356.5,360.2,355.7,358.8,153220
4260.T,206,208,201,203,54100
4261.T,2925,2955,2925,2955,2800
4262.T,1391,1395,1389,1391,3200
4263.T,451,451,418,422,692500
4264.T,1386,1404,1381,1393,26000
4265.T,282,283,280,283,26500
426A.T,1197,1197,1189,1190,25801
4270.T,1869,1885,1869,1874,700
4272.T,2100,2123,2099,2115,450000
4274.T,1247,1251,1168,1190,335100
4275.T,2035,2068,2033,2068,215000
4284.T,450,459,450,459,18100
4286.T,1261,1294,1261,1292,12800
4287.T,483,490,467,467,53800
4288.T,452,453,448,450,12600
428A.T,1676,1750,1666,1750,28100
4290.T,700,709,699,709,473300
4293.T,505,515,505,514,293600
4299.T,1204,1215,1204,1215,3400
429A.T,3720,3720,3635,3680,362600
4301.T,1854,1885,1854,1885,16500
4307.T,5095,5189,5061,5155,1807900
4308.T,353,355,353,353,10500
430A.T,2480,2480,2480,2480,0
4310.T,2483,2530,2482,2523,19100
4316.T,76,81,68,73,523700
4317.T,567,575,566,573,600
4318.T,852,860,843,860,163000
431A.T,2696,2766,2665,2700,19900
4320.T,1631,1632,1627,1627,161400
4323.T,1915,1929,1901,1922,33600
4324.T,3638,3665,3620,3633,626700
4326.T,1984,2000,1968,1973,27600
432A.T,1450,1450,1450,1450,0
4331.T,753,759,752,759,37100
4334.T,384,385,379,382,9100
4335.T,1087,1087,1085,1086,2000
4337.T,2575,2662,2575,2650,21200
433A.T,710,710,710,710,0
4341.T,920,920,905,906,1300
4343.T,2675,2775,2673,2763,60300
4344.T,107,108,101,106,3254300
4345.T,836,842,835,841,39000
4346.T,1024,1043,1022,1030,72000
4347.T,1900,1900,1860,1860,17600
434A.T,930,930,930,930,0
4350.T,510,515,491,514,76300
4351.T,839,841,838,840,1200
4356.T,1589,1589,1572,1589,700
435A.T,2798,2814,2793,2814,69082
4360.T,995,999,986,986,2200
4361.T,1596,1617,1596,1615,3400
4362.T,2682,2718,2682,2717,17600
4365.T,25000,25000,25000,25000,100
4366.T,462,467,455,459,88600
4368.T,2955,2965,2878,2913,645300
4369.T,2972,2972,2886,2909,447200
436A.T,1303,1338,1303,1323,35300
4370.T,395,435,395,432,124000
4371.T,1477,1494,1476,1488,4700
4372.T,1341,1341,1316,1330,3100
4373.T,1166,1182,1157,1171,1597000
4374.T,2510,2521,2491,2491,1500
4375.T,679,700,679,696,213100
4376.T,175,176,171,173,18300
4377.T,2293,2349,2293,2349,27400
4378.T,468,472,465,470,3500
4379.T,463,485,463,485,93900
437A.T,1024,1024,1024,1024,0
4380.T,707,707,701,701,9600
4381.T,221,223,216,216,100400
4382.T,825,841,820,823,67500
4385.T,3660,3708,3636,3672,2616600
4386.T,883,892,883,885,4100
4387.T,564,580,550,563,18400
4388.T,376,376,367,369,8700
4389.T,1043,1059,1020,1046,3300
438A.T,1040,1071,1040,1053,82100
4390.T,4085,4160,4055,4110,35100
4391.T,1133,1133,1120,1122,4900
4392.T,970,996,956,964,949300
4393.T,5710,6060,5710,5920,55800
4394.T,656,688,653,662,38800
4395.T,560,568,550,552,106100
4396.T,1355,1395,1355,1380,57800
4397.T,390,396,387,392,45000
4398.T,1365,1365,1321,1340,3800
439A.T,5000,5000,5000,5000,0
4401.T,4587,4602,4550,4576,204700
4403.T,2595,2617.5,2582.5,2612.5,887900
4404.T,2242,2259,2237,2244,20200
4406.T,235,237,229,230,349100
4409.T,798,806,798,805,5200
4410.T,1119,1128,1110,1124,58900
4412.T,1308,1347,1308,1347,29800
4413.T,2966,2970,2964,2965,570600
4414.T,1087,1100,1080,1092,11000
4415.T,1420,1427,1388,1388,6500
4416.T,411,415,409,410,14900
4417.T,5310,5700,5310,5590,105300
4418.T,1090,1184,1090,1139,352100
4419.T,1369,1423,1361,1408,212300
441A.T,278,278,265,271,39400
4420.T,822,825,820,824,114600
4421.T,948,951,948,951,4100
4422.T,508,518,495,503,45000
4424.T,333,345,315,315,89200
4425.T,1420,1459,1420,1445,105000
4426.T,163,163,163,163,0
4427.T,234,234,225,232,14800
4428.T,710,710,706,706,300
4429.T,729,734,728,734,2500
442A.T,792,792,730,760,12600
4430.T,1741,1761,1740,1761,8400
4431.T,3300,3470,3300,3445,89400
4432.T,3270,3365,3270,3350,88000
4433.T,862,875,862,875,29500
4434.T,2371,2409,2355,2384,22500
4436.T,416,500,416,500,46200
4437.T,733,733,713,722,1700
4438.T,406,406,326,326,1859600
4439.T,802,802,798,798,5100
443A.T,1814,1814,1812,1812,11
4440.T,2093,2238,2009,2110,752700
4441.T,1490,1529,1469,1509,11500
4442.T,403,406,402,406,52600
4443.T,2072,2124,2061,2119,696000
4444.T,956,956,950,953,3300
4445.T,1973,1975,1949,1975,1300
4446.T,692,795,689,719,1174900
4447.T,504,504,499,500,8200
4448.T,357,367,357,363,50600
444A.T,1945,1945,1945,1945,0
4450.T,2310,2323,2310,2323,600
4452.T,3459,3497,3457,3493,2292200
445A.T,274,274,274,274,0
4461.T,12570,12660,12300,12600,97600
4462.T,2830,2880,2775,2805,37500
4463.T,1989,1998,1974,1998,8700
4464.T,4050,4055,4050,4050,1100
4465.T,2446,2466,2446,2462,4900
446A.T,2119,2242,2086,2221,569600
4471.T,6300,6400,6230,6370,134400
4475.T,1710,1767,1710,1744,597500
4476.T,1074,1089,1073,1077,3400
4477.T,336,339,336,339,1455400
4478.T,3745,3905,3745,3900,224900
4479.T,960,974,959,966,19100
447A.T,265.7,271,265,267.4,45980
4480.T,2324,2373,2320,2362,177700
4481.T,3240,3265,3235,3250,43000
4482.T,746,750,739,741,8800
4483.T,3540,3600,3525,3585,139900
4484.T,300,300,298,300,6900
4486.T,673,677,671,673,5800
4487.T,230,230,230,230,300
4488.T,2120,2123,2097,2105,2200
448A.T,262.5,262.5,256.1,258.1,28620
4490.T,651,660,651,660,5300
4491.T,3260,3285,3260,3270,2400
4492.T,398,401,391,398,14000
4493.T,1894,2008,1889,1980,312000
4495.T,2042,2082,2023,2060,4800
4496.T,778,779,770,774,2600
4498.T,1166,1185,1163,1170,24200
4499.T,2175,2250,2175,2220,119000
449A.T,817.9,817.9,803.9,806,6130
4502.T,5857,5947,5838,5946,4687800
4503.T,2334,2367,2324.5,2365,4017700
4506.T,1529,1602.5,1525,1598,3747600
4507.T,2917,2987.5,2901.5,2982.5,2058600
450A.T,780,781.2,779.8,781.1,6140
4512.T,302,302,297,299,75300
4516.T,3435,3480,3425,3480,429000
4519.T,6564,6685,6564,6684,2511600
451A.T,290,291,285.6,286.2,20430
4521.T,3940,4005,3935,4005,119400
4523.T,4884,4956,4830,4953,1520400
4524.T,2245,2246,2245,2245,700
4526.T,3325,3370,3320,3350,112800
4527.T,2821,2859.5,2813.5,2849.5,920600
4528.T,2358.5,2396,2353,2390.5,1298200
452A.T,797.7,800,795.2,797.4,278320
4531.T,353,358,353,355,13000
4534.T,3285,3330,3275,3330,57600
4536.T,1752.5,1775,1745.5,1766,1068900
4538.T,2237,2281,2237,2273,16900
4539.T,1596,1596,1580,1581,3200
453A.T,728.3,732.8,728.3,728.4,64170
4540.T,3812,3886,3808,3886,800200
4543.T,2278.5,2294.5,2252,2291.5,3177500
4544.T,3609,3659,3573,3636,224600
4547.T,3990,4050,3990,4020,56100
4548.T,679,688,679,686,187000
4549.T,2305,2365,2305,2361,302500
4552.T,510,517,509,515,242600
4553.T,3635,3810,3635,3790,153200
4554.T,1820,1864,1814,1864,136900
4558.T,200,201,200,200,3000
4559.T,2007,2032,2005,2032,180900
455A.T,5970,5970,5970,5970,0
4563.T,35,36,35,35,239200
4564.T,22,23,22,22,146689000
4565.T,1209,1268,1200,1266,1095200
4568.T,2856,2940,2842.5,2933,7031400
4569.T,1125,1146,1125,1146,159100
456A.T,1560,1635,1536,1598,848000
4570.T,1157,1182,1144,1145,142000
4571.T,99,100,98,99,175000
4572.T,427,449,425,449,107500
4574.T,255,259,255,258,58500
4575.T,713,748,713,739,108600
4576.T,67,70,67,68,341200
4577.T,1285,1326,1285,1326,54900
4578.T,10950,11345,10930,11235,1221900
4579.T,561,583,561,582,226500
457A.T,4130,4130,4130,4130,0
4582.T,54,55,53,55,585800
4583.T,88,95,88,94,1787400
4584.T,160,165,160,160,237400
4586.T,60,60,59,59,550200
4587.T,1047,1068,1041.5,1049,629000
4588.T,5810,6510,5800,6300,2396900
458A.T,1387,1387,1387,1387,0
4591.T,77,79,77,78,195200
4592.T,888,920,884,916,654100
4593.T,293,306,292,297,3258900
4594.T,57,59,57,57,1506300
4595.T,1715,1737,1715,1737,70400
4596.T,65,67,65,66,687200
4597.T,29,30,28,29,55705400
4598.T,108,113,108,110,417400
4599.T,173,175,169,171,893000
459A.T,10145,10145,10000,10100,7
460A.T,1241,1270,1176,1183,87500
4611.T,1583,1600,1583,1600,52900
4612.T,1135,1161,1135,1155.5,3117300
4613.T,2883,2900,2873.5,2896,523200
4615.T,131,131,129,130,17200
4616.T,2515,2544,2501,2510,1200
4617.T,3530,3595,3530,3580,140600
4619.T,2667,2714,2660,2714,33000
461A.T,2677,2698,2677,2689,2577
4620.T,1020,1028,1012,1021,86300
4623.T,1875,1875,1856,1856,200
4624.T,3920,3975,3920,3975,300
4625.T,881,890,876,890,8700
4626.T,4735,4738,4725,4730,220500
4627.T,1946,1958,1942,1957,6600
4628.T,9930,10010,9900,10000,9700
4629.T,2474,2574,2454,2574,5400
462A.T,272,274,245,251,387300
4631.T,4810,4843,4789,4843,426300
4633.T,2640,2677,2625,2677,125500
4634.T,5180,5180,5130,5170,76500
4635.T,2092,2109,2079,2086,24600
463A.T,1013,1028,1011,1020,15000
4641.T,864,879,864,879,54500
4642.T,1414,1414,1405,1405,200
4644.T,1059,1060,1057,1058,4700
4645.T,438,439,437,437,1100
464A.T,1695,1723,1680,1691,970600
4650.T,269,271,269,269,1200
4651.T,248,249,246,247,95300
4657.T,457,457,453,453,4000
4658.T,1578,1675,1578,1675,513100
465A.T,1359,1363,1350,1359,1372
4661.T,3013,3078,3003,3068,4310300
4662.T,1618,1637,1616,1637,26700
4664.T,1120,1162,1103,1125,71300
4665.T,4700,4753,4686,4747,143000
4666.T,2002,2039.5,2000,2030,700100
4667.T,3280,3330,3150,3195,208200
4668.T,755,767,755,763,62700
466A.T,1022,1030,1022,1022,24484
4671.T,2886,2947,2886,2947,8600
4673.T,4800,4850,4785,4850,1100
4674.T,1800,1860,1800,1849,170200
4676.T,4131,4172,4121,4154,514600
4678.T,333,334,332,334,1900
4679.T,263,265,263,265,900
467A.T,272.6,272.6,272.6,272.6,0
4680.T,1150,1185.5,1147.5,1182,1998100
4681.T,1780,1799,1774,1793,254400
4684.T,4965,5125,4965,5111,1486300
4685.T,2694,2705,2687,2701,24400
4686.T,4290,4405,4290,4385,126400
4687.T,1045,1057,1042,1054,65800
4689.T,550,560.1,547.7,553.8,15038100
468A.T,270.6,273,270.6,272.6,240
4691.T,2050,2080,2023,2042,70400
4694.T,3655,3710,3655,3705,51300
469A.T,1710,1716,1700,1700,1800
4704.T,6395,6558,6386,6454,894200
4705.T,795,795,784,784,900
4707.T,343,345,343,345,8300
4709.T,1067,1086,1066,1085,36000
470A.T,501,501,501,501,0
4712.T,805,813,805,813,13200
4714.T,213,215,212,214,613800
4716.T,9260,9394,9213,9346,323600
4718.T,2527,2552,2520,2527,36900
4719.T,3275,3310,3275,3295,9600
471A.T,1543,1564,1543,1564,218200
4720.T,243,244,241,244,2200
4722.T,2426,2427,2424,2424,1123700
4725.T,1929,1945,1929,1939,23400
4728.T,646,651,646,650,8100
472A.T,560,569,555,563,104700
4732.T,1918.5,1938.5,1915,1929.5,974200
4733.T,8267,8393,8252,8378,98000
4735.T,297,297,296,296,3300
4736.T,585,587,584,584,2100
473A.T,1300,1301,1283,1289,6815
4743.T,1644,1676,1644,1665,168800
4746.T,7290,7340,7210,7230,34400
4750.T,548,550,543,546,6700
4751.T,1250.5,1276.5,1250.5,1272,3332700
4752.T,1589,1600,1589,1600,600
4754.T,1519,1519,1500,1500,600
4755.T,715,723.3,712.5,714.3,11142600
475A.T,688,698,687,697,3400
4760.T,1253,1277,1211,1212,32900
4761.T,1486,1502,1482,1492,16200
4762.T,2199,2438,2188,2385,27900
4763.T,1480,1513,1480,1498,37300
4765.T,628,632,627,632,141100
4766.T,199,202,199,202,5300
4767.T,391,395,388,392,105500
4768.T,3581,3650,3567,3646,986100
4769.T,1150,1150,1145,1145,300
476A.T,1655,1658,1655,1655,1600
4771.T,2752,2817,2752,2800,24800
4772.T,72,72,71,71,18900
4776.T,3020,3070,3020,3040,125400
4777.T,198,198,195,197,9800
477A.T,891,896,870,870,12900
4783.T,2636,2664,2618,2623,8700
4784.T,537,545,535,536,1061800
478A.T,777,784,750,750,76700
4792.T,1771,1792,1771,1792,18300
479A.T,1996,2139,1972,2139,93000
4800.T,1357,1358,1357,1357,5100
4801.T,2420,2439,2420,2431,28500
4809.T,2022,2046,2022,2042,19000
480A.T,942,953,931,953,9700
4811.T,877,891,877,877,7400
4812.T,2859,2865,2859,2864,462300
4813.T,374,383,370,375,573800
4814.T,163,194,163,171,2287500
4816.T,3100,3150,3085,3105,225600
4819.T,2331,2414,2331,2381,296000
481A.T,750,750,750,750,0
4820.T,588,598,588,598,70500
4825.T,1992,2012,1991,2011,106100
4826.T,538,544,538,542,95900
4828.T,1366,1393,1366,1391,63300
4829.T,106,107,106,107,166200
4832.T,1902,1924,1902,1913,7000
4833.T,48,50,48,49,1099300
4838.T,719,723,709,711,34100
4839.T,1001,1006,1001,1005,34000
483A.T,2169,2181,2169,2170,3700
4840.T,810,810,736,737,246500
4845.T,350,350,348,350,15000
4847.T,1441,1472,1441,1472,166300
4848.T,1895,1938,1895,1930,94900
4849.T,1721,1752,1713,1738,394400
484A.T,430,430,430,430,0
485A.T,2185,2229,2095,2117,10071200
486A.T,2130,2166,2130,2166,5523
4875.T,416,423,341,385,778000
487A.T,2050,2050,2014,2014,59
4880.T,332,335,329,331,39500
4881.T,50,50,49,49,196400
4882.T,182,189,178,186,684700
4883.T,32,34,32,33,869500
4884.T,464,465,442,458,368700
4885.T,857,876,855,864,4300
4886.T,2127,2140,2122,2140,35800
4887.T,1640,1661.5,1634,1661.5,506000
4888.T,409,443,409,431,714600
4889.T,1198,1205,1146,1152,205800
488A.T,781,783.4,780,783.3,2470
4890.T,255,267,255,260,24100
4891.T,125,128,125,128,296800
4892.T,682,682,661,668,64700
4893.T,136,139,136,136,81500
4894.T,5680,5870,5650,5780,69900
4896.T,801,810,794,802,7600
489A.T,858,858,841,857,528
4901.T,3333,3370,3331,3341,2930600
4902.T,641.1,660,639.1,653.7,3502700
490A.T,15750,15750,15750,15750,0
4911.T,3487,3544,3483,3514,1815200
4912.T,1723.5,1742.5,1721.5,1742.5,738600
4914.T,1322,1333,1320,1333,118100
4918.T,294,298,294,296,17000
4919.T,3200,3235,3200,3220,127300
491A.T,543,548.3,543,548.1,107230
4920.T,1140,1140,1140,1140,200
4922.T,5660,5750,5660,5750,154800
4923.T,1238,1242,1224,1227,48000
4925.T,1732,1733,1725,1729,1300
4926.T,1248,1250,1247,1250,1500
4927.T,1373.5,1385,1370.5,1385,346200
4928.T,4820,4855,4805,4835,89100
4929.T,741,742,737,741,2100
492A.T,955.1,961.1,955.1,960,120
4931.T,2057,2074,2056,2072,54300
4932.T,823,833,822,822,15100
4933.T,1952,2265,1952,2264,1594900
4934.T,586,596,586,593,26100
4935.T,129,147,127,135,2868000
4936.T,304,307,304,306,40600
4937.T,2401,2429,2376,2400,2500
493A.T,993.6,993.6,993.6,993.6,0
494A.T,979.1,979.1,979.1,979.1,0
4951.T,1527,1539,1512,1539,41700
4956.T,1509,1516,1502,1515,58900
4958.T,3475,3530,3475,3495,126400
495A.T,966.5,966.5,966.5,966.5,0
4960.T,553,581,553,565,42100
4966.T,19700,19700,19080,19210,44100
4967.T,5818,5898,5818,5862,157400
4968.T,2189,2201,2144,2195,159700
496A.T,920.8,924.3,919.4,919.4,21050
4970.T,10010,10180,9480,9480,40100
4971.T,6300,6350,6120,6190,461500
4972.T,3970,4095,3830,4080,27500
4973.T,4835,4845,4780,4815,46900
4975.T,5890,5890,5730,5730,59500
4976.T,1549,1549,1511,1519,1600
4977.T,1192,1197,1192,1193,21000
4978.T,137,139,136,137,328400
4979.T,2909,2949,2890,2932,16800
497A.T,10355,10355,10355,10355,0
4980.T,2980,3018,2955.5,2979,1888900
4985.T,4705,4790,4705,4780,58700
498A.T,8745,8812,8745,8812,183
4990.T,521,521,519,520,1500
4992.T,1910,1921,1893,1907,39300
4994.T,2758,2802,2758,2800,16700
4996.T,680,688,676,688,610900
4997.T,1161,1180,1161,1176,299900
4998.T,1169,1177,1160,1176,20800
499A.T,7882,7977,7882,7976,19
500A.T,3700,3740,3650,3690,10800
5010.T,298,301,288,293,193300
5011.T,2326,2359,2301,2318,70400
5013.T,2934,2964,2913,2926,18500
5015.T,999,1001,999,999,8900
5016.T,3679,3684,3500,3500,20593000
5018.T,2396,2412,2352,2360,7500
5019.T,1637,1685,1632.5,1673,4222100
501A.T,1750,1750,1750,1750,0
5020.T,1446.5,1474,1439,1459.5,9630500
5021.T,4568,4637,4538,4624,434700
5025.T,582,582,582,582,200
5026.T,595,602,595,602,10300
5027.T,766,805,763,789,454300
5028.T,356,362,354,362,6000
5029.T,910,962,910,962,34300
502A.T,901.5,901.6,901.5,901.6,7530
5031.T,381,388,371,374,437700
5032.T,3210,3335,3195,3315,563100
5033.T,1198,1227,1145,1226,100000
5034.T,2300,2343,2260,2342,6100
5035.T,376,376,368,371,8400
5036.T,1568,1591,1556,1571,91300
5038.T,2088,2153,2088,2120,27300
503A.T,2290,2290,2290,2290,0
504A.T,542,560,542,554,68400
505A.T,1375,1419,1375,1419,25200
506A.T,1010,1010,1010,1010,0
5071.T,1523,1523,1482,1490,23200
5074.T,577,584,574,577,659900
5076.T,2875,2905,2862,2864.5,1135600
50765.T,4636,4644,4633,4633,900
5078.T,4725,4725,4725,4725,0
5079.T,2586,2614,2586,2605,5400
507A.T,2156,2156,2156,2156,0
509A.T,71700,71700,70800,71500,156
5101.T,6819,6959,6813,6878,859800
5105.T,3750,3829,3749,3806,958700
5108.T,3736,3798,3736,3789,3152800
510A.T,1712,1712,1712,1712,0
5110.T,2020,2038,2015,2020,1166900
511A.T,11710,11710,11710,11710,0
5121.T,2795,2835,2785,2835,145400
5122.T,6280,6330,6250,6330,25700
5125.T,494,496,490,496,1400
5126.T,1400,1400,1400,1400,0
5129.T,252,263,252,259,66800
512A.T,1164,1164,1113,1118,1861
5131.T,207,217,183,189,8239100
5132.T,1942,1994,1910,1910,22700
5133.T,291,295,289,290,38200
5134.T,459,459,456,456,2100
5136.T,2314,2314,2246,2275,79700
5137.T,302,313,299,312,411000
5138.T,460,460,455,455,800
5139.T,921,921,899,916,10300
513A.T,827,842,827,840,432796
5142.T,1815,1847,1793,1801,55800
514A.T,469,469,469,469,0
515A.T,498.6,499,497.4,497.8,1630
5161.T,3480,3555,3480,3555,99400
5162.T,798,798,798,798,100
516A.T,2011,2023,2010,2023,169
517A.T,1972,1972,1966,1971,64
5184.T,4135,4145,4115,4140,8600
5185.T,1991,2010,1991,2010,34900
5186.T,6780,6900,6760,6880,39700
5187.T,1142,1200,1142,1180,15100
5189.T,3515,3515,3485,3485,600
518A.T,2104,2125,2104,2118,1454
5192.T,4270,4345,4270,4325,73200
5194.T,639,641,637,639,3900
5195.T,2456,2482,2456,2471,56400
5199.T,1987,1988,1987,1988,300
519A.T,490,498,481,491,5300
5201.T,5664,5723,5620,5716,1200200
5202.T,496,496,495,495,614500
5204.T,3065,3120,3055,3055,4900
5208.T,2678,2698,2639,2647,140300
520A.T,398,402,377,392,237600
5210.T,2888,2912,2888,2888,22700
5214.T,4870,4935,4848,4929,660900
5216.T,136,141,136,141,133800
5218.T,1638,1667,1620,1634,91700
521A.T,1951,1972,1944,1951,25662
522A.T,3020,3020,3020,3020,0
5232.T,5787,5792,5696,5771,139000
5233.T,4233,4281,4182,4281,405100
5237.T,1232,1232,1211,1212,4600
523A.T,1807,1857,1795,1818,71700
5240.T,181,194,180,183,167100
5242.T,2472,2538,2450,2455,2600
5243.T,3000,3150,2986,3030,257400
5244.T,174,178,174,174,95300
5246.T,825,876,824,853,640700
5247.T,550,552,547,552,1000
5248.T,506,518,506,516,14800
5249.T,1253,1253,1253,1253,0
524A.T,1988,1988,1988,1988,0
5250.T,1165,1165,1096,1150,5800
5252.T,929,945,916,939,5300
5253.T,1623,1674,1615,1652,939600
5254.T,4120,4150,4055,4090,7100
5255.T,85,86,83,84,231400
5256.T,3005,3025,2900,2961,14400
5257.T,2919,2930,2909,2909,3100
5258.T,430,441,430,436,35800
525A.T,1663,1663,1663,1663,0
5261.T,7590,7690,7590,7680,3000
5262.T,1141,1150,1128,1134,190300
5268.T,859,866,841,856,8600
5269.T,363,366,362,365,101900
526A.T,2270,2314,2270,2299,2173
5271.T,2199,2199,2199,2199,200
5273.T,2120,2172,2112,2159,77700
5279.T,1202,1202,1199,1199,1200
527A.T,1673,1673,1673,1673,0
5280.T,2200,2222,2200,2222,5800
5282.T,410,412,402,410,35700
5283.T,3120,3120,3110,3115,500
5284.T,2216,2231,2216,2223,12400
5285.T,1339,1357,1338,1340,16000
5287.T,909,945,889,904,65000
5288.T,1460,1480,1460,1480,210800
528A.T,1080,1080,1080,1080,0
5290.T,1248,1259,1246,1246,80500
5301.T,2057,2100,2025.5,2080,2071600
5302.T,5080,5090,5050,5090,27300
5304.T,2490,2522,2490,2510,10200
530A.T,1784,1784,1781,1783,10
5310.T,7230,7300,7190,7270,74200
531A.T,2336,2354,2336,2354,6
532A.T,2321,2355,2321,2355,53
5331.T,3620,3645,3555,3600,139500
5332.T,5780,5786,5703,5718,658100
5333.T,5321,5331,5149,5176,1089500
5334.T,7310,7338,7184,7218,1186500
5337.T,828,845,828,840,7700
533A.T,2217,2217,2217,2217,0
5341.T,138,138,137,138,20700
5344.T,55530,56100,53600,54330,73400
534A.T,2287,2297,2280,2280,32
5351.T,2060,2071,2056,2071,88900
5355.T,663,663,659,660,4900
5356.T,1269,1275,1255,1256,4200
5357.T,1740,1755,1740,1750,30100
535A.T,2077,2077,2077,2077,0
5363.T,688,691,683,691,51200
5367.T,1409,1415,1361,1371,137600
5368.T,1000,1004,999,1000,7100
536A.T,2185,2185,2185,2185,0
537A.T,1100,1104,1100,1101,452
5380.T,1394,1489,1364,1428,2800
5381.T,950,983,934,981,174200
5384.T,3325,3340,3220,3230,242100
5388.T,1396,1400,1382,1400,47200
538A.T,4706,4706,4706,4706,1
5391.T,1500,1504,1496,1496,1300
5393.T,3350,3384,3302,3328,377800
539A.T,4784,4784,4784,4784,2
5401.T,683.4,704.4,683,702.6,36930300
5406.T,2059,2086.5,2056.5,2085,1688200
5408.T,644,655,644,651,150200
540A.T,2074,2101,2064,2064,39310
5410.T,3010,3120,3010,3120,162700
5411.T,1865,1896,1859.5,1895,4319200
541A.T,1132.5,1132.5,1118,1118,60
5423.T,1757,1797,1752,1797,363300
542A.T,1025,1043,1025,1043,2000
543A.T,276,282,276,282,29784300
5440.T,2008,2047,2001,2047,84300
5444.T,12360,12530,12320,12530,121600
5445.T,2060,2075,2060,2073,91700
5446.T,1104,1104,1075,1097,8000
5449.T,2527,2570,2527,2562,26500
544A.T,330,332,327,327,311400
5451.T,1428,1439,1423,1435,225900
5458.T,1345,1345,1318,1318,500
545A.T,995,996,991,994,44400
5461.T,2186,2233,2186,2217,98800
5463.T,1735,1753,1728.5,1753,490300
5464.T,930,940,930,940,21700
546A.T,2413,2460,2413,2460,142700
5471.T,2419,2435,2395.5,2432,636600
547A.T,445,447,440,442,1401200
5480.T,5420,5540,5420,5540,48100
5482.T,3210,3275,3200,3275,109500
5484.T,4445,4445,4445,4445,500
548A.T,960,960,950,953,16300
5491.T,924,939,912,935,43600
549A.T,477,497,474,493,46700
550A.T,2157,2198,2150,2163,1200
551A.T,811,811,811,811,0
5527.T,738,744,738,739,8600
552A.T,2291,2348,2272,2340,2944
5532.T,3460,3515,3460,3475,3900
5533.T,2177,2178,2128,2128,300
5534.T,850,850,850,850,0
5535.T,286,293,286,292,101600
5537.T,3300,3620,3275,3595,78600
5541.T,2684,2695,2657,2668,142100
5542.T,1099,1149,1054,1149,589000
554A.T,1525,1535,1490,1497,21300
555A.T,2000,2000,2000,2000,0
5563.T,435,436,432,435,305600
556A.T,2304,2557,2303,2557,108100
5570.T,625,625,618,618,7500
5571.T,1020,1020,1020,1020,100
5572.T,2777,2925,2777,2870,64100
5574.T,3025,3290,3020,3250,456500
5575.T,1126,1161,1126,1140,10900
5576.T,3020,3030,3000,3005,700
5578.T,906,918,900,905,18700
557A.T,2150,2150,2150,2150,0
5580.T,1570,1570,1510,1567,500
5581.T,193,193,193,193,0
5582.T,2069,2085,2008,2050,24100
5586.T,914,922,908,913,20200
5587.T,819,835,801,801,21600
5588.T,870,890,868,877,10700
5589.T,2893,2893,2866,2866,300
558A.T,5490,5590,5400,5500,11100
5590.T,735,738,727,733,45400
5591.T,869,882,857,857,14500
5592.T,2709,2824,2705,2793,32800
5597.T,1356,1402,1334,1391,62600
5598.T,3200,3200,3200,3200,0
5599.T,1070,1076,1050,1060,10500
559A.T,1175,1195,1166,1186,7300
5602.T,1657,1669,1653,1667,127300
5603.T,1305,1320,1296,1305,3800
5609.T,915,926,915,918,11100
560A.T,1123,1123,1123,1123,0
5612.T,1585,1610,1580,1609,11200
5616.T,644,645,635,640,1500
5618.T,289,291,289,291,1000
5619.T,835,836,835,836,200
561A.T,5000,5000,5000,5000,0
5620.T,2200,2200,2200,2200,0
5621.T,1561,1590,1532,1564,20800
5622.T,1200,1200,1200,1200,0
562A.T,1000,1000,1000,1000,0
5631.T,7300,7578,7300,7453,1288100
5632.T,2464,2585,2464,2582,233700
563A.T,1007,1015,1005,1009,483018
5644.T,7270,7270,7270,7270,100
564A.T,1067,1067,1062,1065,167
5658.T,402,405,402,404,12500
5659.T,1395,1427,1383,1422,43300
565A.T,961,961,961,961,0
566A.T,2324,2335,2324,2334,198
567A.T,3000,3000,3000,3000,0
568A.T,161.6,164,161.2,162.7,302430
5695.T,2951,2999,2910,2999,1600
5697.T,805,810,801,806,2200
5698.T,737,744,735,741,96000
5699.T,1601,1601,1598,1598,1300
569A.T,173.9,174.6,172.1,174.1,147540
5702.T,1822,1829,1792,1805,228400
5703.T,3035,3040,2993,3015,168800
5704.T,390,391,387,388,1700
5706.T,22800,22900,21210,21235,1859400
5707.T,987,992,948,964,460200
570A.T,902.5,902.5,900.5,900.5,43930
5711.T,5049,5080,4975,5019,1099000
5713.T,9612,9650,9320,9328,2997500
5714.T,9049,9145,8900,8926,401800
5715.T,4105,4150,4050,4095,203100
571A.T,499.1,499.7,497.1,497.1,20490
5721.T,54,55,53,53,318700
5724.T,3090,3150,3060,3085,26500
5726.T,2391,2440,2383,2404,434900
5729.T,1675,1693,1639,1651,30800
572A.T,496.3,496.3,495.4,495.4,19930
573A.T,489.2,489.2,486.3,486.5,273190
5741.T,2248,2255,2219,2225,500200
5742.T,745,746,743,743,2400
574A.T,887,887,887,887,0
5753.T,2590,2590,2566,2577,2100
5757.T,4885,4985,4885,4960,8100
575A.T,1886,1919,1886,1916,70400
576A.T,855,864,844,847,35629
577A.T,242.5,272,242.3,243.5,30650
578A.T,245,245.9,243,245.9,11360
579A.T,1001,1001,987,992,2457
5801.T,3952,4002,3721,3763,23256200
5802.T,2096.5,2097.5,2044,2052.5,18463300
5803.T,4979,4979,4839,4867,30234600
5805.T,13200,13210,12810,12920,210200
580A.T,970,975,965,973,7362
5816.T,1430,1445,1426,1433,24700
5817.T,1093,1125,1082,1100,73300
5819.T,1740,1750,1739,1750,2400
581A.T,3145,3255,3125,3180,3304100
5820.T,895,910,883,905,53300
5821.T,3150,3190,3115,3120,24400
5830.T,3828,3919,3808,3845,802400
5831.T,3503,3548,3481,3503,1544000
5832.T,3623,3687,3595,3631,236700
5834.T,2783,2832,2783,2822,32300
5838.T,6210,6265,6121,6177,887200
583A.T,2000,2000,2000,2000,0
5840.T,505,505,505,505,0
5842.T,3015,3045,2991,3010,29800
5843.T,2312,2327,2305,2320,2600
5844.T,4896,4964,4862,4882,587200
5845.T,1206,1233,1204,1220,49200
584A.T,2508,2519,2415,2447,84400
5851.T,2719,2773,2713,2773,161600
5852.T,670,675,668,670,56600
5857.T,3670,3685,3590,3630,534400
5858.T,1179,1183,1175,1183,1900
585A.T,1073,1076,1073,1076,11
5866.T,300,300,300,300,0
5867.T,1273,1310,1273,1310,2400
5868.T,1058,1058,1040,1042,6800
5869.T,1262,1262,1255,1256,3000
586A.T,251,253.9,248.3,253,322980
5870.T,904,908,898,900,8300
5871.T,1386,1400,1385,1388,3400
587A.T,112500,112500,109550,110400,17
5884.T,590,605,589,590,14500
5885.T,3130,3210,3100,3155,24400
5888.T,2731,2757,2731,2737,1600
5889.T,2287,2300,2224,2271,287100
5890.T,3500,3500,3500,3500,0
5891.T,1670,1699,1670,1678,1600
5892.T,2696,2849,2666,2830,90600
5893.T,510,510,510,510,0
589A.T,1380,1408,1375,1397,41600
5900.T,888,888,876,882,1600
5901.T,4594,4660,4589,4657,291100
5902.T,2757,2780,2755,2780,15600
5905.T,1360,1360,1360,1360,100
5906.T,772,784,770,780,2000
5909.T,975,982,973,982,17300
590A.T,1277,1302,1270,1280,120300
5911.T,3005,3040,2996,3040,89600
5915.T,2399,2448,2399,2427,3000
5918.T,7940,7940,7940,7940,100
591A.T,255,255,255,255,0
5921.T,4450,4450,4400,4400,1300
5922.T,19910,19910,19910,19910,0
5923.T,1198,1205,1198,1199,4200
5928.T,290,291,290,291,1700
5929.T,3457,3510,3454,3510,464200
5930.T,1900,1922,1891,1922,75100
5932.T,655,661,654,661,36400
5933.T,1095,1114,1086,1110,89700
5936.T,911,918,902,914,5000
5938.T,1746,1757,1743,1757,1861000
5939.T,4660,4660,4640,4640,400
593A.T,1924,1978,1810,1978,8875000
5940.T,747,750,747,748,4000
5941.T,2684,2719,2671,2719,4100
5942.T,639,640,634,636,14400
5943.T,2229,2243,2224,2241,54500
5945.T,2260,2266,2241,2255,2900
5946.T,2000,2012,1996,2008,35600
5947.T,3454,3500,3454,3500,210800
5949.T,1320,1339,1320,1339,161400
594A.T,430,430,430,430,0
5950.T,150,152,150,152,10100
5951.T,1145,1145,1123,1141,7400
5952.T,191,192,186,191,48600
5955.T,82,83,81,82,837400
5956.T,582,582,580,580,5100
5957.T,765,769,762,769,61500
5958.T,4355,4440,4355,4415,1600
5959.T,947,955,945,954,53400
595A.T,452,452,452,452,0
5962.T,2126,2126,2076,2076,200
5965.T,1195,1210,1194,1208,14900
5966.T,2700,2700,2700,2700,300
5967.T,451,451,441,443,16000
5969.T,1199,1199,1199,1199,0
5970.T,2260,2282,2259,2282,69200
5971.T,8650,8650,8650,8650,200
5973.T,622,622,601,609,7500
5974.T,838,838,835,837,1900
5975.T,3375,3410,3360,3410,95900
5976.T,1484,1498,1482,1494,75200
597A.T,1000,1000,1000,1000,0
5981.T,1870,1938,1870,1931,102500
5982.T,4175,4175,4120,4130,5500
5983.T,13900,13900,13900,13900,0
5984.T,778,788,778,784,2100
5985.T,2170,2215,2151,2165,393700
5986.T,259,264,258,259,99000
5987.T,1610,1620,1610,1615,400
5988.T,1718,1728,1706,1713,74300
5989.T,1477,1494,1471,1492,89200
598A.T,1430,1440,1410,1424,47700
5990.T,1945,1945,1945,1945,100
5991.T,3337,3341,3283,3303,384300
5992.T,3710,3750,3710,3735,23900
5994.T,1000,1015,1000,1000,4500
5997.T,902,902,892,895,300
5998.T,2783,2815,2694,2770,9400
599A.T,300,300,300,300,0
6005.T,3150,3187,3150,3181,340300
600A.T,1870,1870,1848,1848,17
6013.T,3055,3075,3050,3075,216300
6016.T,11560,12380,11560,12360,252900
6018.T,5770,5770,5770,5770,0
601A.T,378,378,378,378,0
6022.T,2917,2960,2881,2958,3500
6023.T,3230,3390,3230,3345,260500
6027.T,5640,5770,5470,5550,116300
6029.T,191,196,191,192,31200
602A.T,560,560,560,560,0
6030.T,1780,1802,1751,1751,15700
6031.T,275,280,275,279,18900
6033.T,1783,1787,1756,1766,25000
6034.T,574,590,574,586,4100
6035.T,717,729,717,728,43800
6036.T,3700,3750,3610,3635,112800
6037.T,1050,1085,1040,1065,46600
6038.T,829,834,825,834,2700
6039.T,1011,1014,1003,1010,19900
603A.T,840,884,839,856,684400
6040.T,469,469,461,461,7200
6042.T,3825,3835,3825,3835,200
6044.T,1825,1887,1825,1882,4200
6045.T,2104,2142,2075,2090,18900
6046.T,151,156,151,156,35000
6047.T,386,387,381,383,82800
6049.T,250,250,247,248,19200
604A.T,1600,1600,1425,1493,4150400
6050.T,1800,1810,1800,1806,10800
6054.T,109,111,109,109,5500
6055.T,2170,2174,2091,2118,434700
6058.T,1953,1998,1950,1972,282100
6059.T,371,372,365,372,10000
605A.T,196,196.8,195.7,196,17490
6061.T,3140,3255,3140,3185,3500
6062.T,1437,1475,1436,1453,85400
6063.T,980,1001,980,1001,800
6069.T,686,686,673,673,5700
606A.T,20015,20650,19950,20330,2536
6070.T,2503,2526,2503,2526,34500
6071.T,904,918,898,918,169900
6072.T,1053,1082,1047,1058,349200
6073.T,1515,1531,1515,1523,28000
6074.T,515,515,514,514,1500
6078.T,1550,1574,1542,1570,24800
607A.T,249,279,247,271,2093700
6080.T,4185,4390,4180,4325,146200
6081.T,140,146,140,145,296800
6082.T,987,993,987,993,20500
6083.T,1590,1647,1590,1645,45400
6085.T,131,149,128,132,8778100
6086.T,1008,1026,1008,1014,17200
6087.T,3550,3580,3550,3575,4200
6088.T,573,581,573,576,235600
6089.T,1158,1174,1158,1173,28700
608A.T,1470,1470,1459,1466,778
6090.T,609,616,606,613,800
6091.T,937,955,937,955,11500
6092.T,804,816,804,810,5300
6093.T,162,164,161,164,128000
6094.T,523,528,522,523,12500
6098.T,17100,17585,17070,17445,3829300
6099.T,725,744,725,744,120800
609A.T,1106,1106,1086,1091,12186
6101.T,5060,5060,4870,4910,244800
6103.T,4495,4550,4445,4480,330500
6104.T,4480,4535,4460,4530,137600
610A.T,1012,1034,1012,1020,39424
6113.T,2439,2454.5,2415,2437,1990900
6118.T,1240,1253,1232,1241,232800
611A.T,982.3,982.3,982.3,982.3,0
6125.T,4560,4620,4525,4580,21900
612A.T,10110,10110,10110,10110,0
6134.T,7088,7088,6828,6867,527500
6135.T,15050,15240,15030,15170,85500
6136.T,3501,3527,3437,3458,340400
6137.T,1512,1536,1511,1511,11700
6138.T,1922,1983,1922,1930,6600
613A.T,1917,1917,1917,1917,0
6140.T,1132,1135,1107,1113,367100
6141.T,2850,2869.5,2822,2839.5,1041500
6143.T,1671,1671,1620,1626,180200
6144.T,2834,2834,2813,2813,3700
6145.T,2600,2625,2591,2618,80200
6146.T,51760,51800,49800,50590,1400300
6147.T,185,188,185,185,8600
6149.T,2200,2211,2190,2191,3700
614A.T,1468,1468,1468,1468,0
6150.T,2799,2799,2790,2791,3500
6151.T,1721,1750,1715,1750,21900
6155.T,539,539,530,539,4800
6156.T,1837,1847,1837,1840,6000
6157.T,820,824,814,818,50300
6158.T,1035,1035,1027,1030,1000
6159.T,2050,2069,1997,2040,2200
615A.T,305,305,305,305,0
6161.T,1038,1042,1033,1033,3100
6165.T,536,540,534,539,31800
6166.T,652,660,650,654,43000
6167.T,990,997,988,992,31600
616A.T,568,568,568,568,0
6171.T,372,373,372,373,7000
6176.T,1038,1040,1019,1024,133400
6177.T,82,83,82,83,54700
6178.T,2508.5,2544,2504.5,2539.5,3586100
617A.T,2679,2679,2679,2679,0
6180.T,3840,3840,3735,3735,1200
6181.T,90,92,89,90,33200
6182.T,514,525,513,523,27400
6183.T,1373,1380,1366,1374,231300
6184.T,615,622,612,619,94900
6185.T,362,364,361,363,7000
6186.T,376,377,375,376,2600
6189.T,1014,1017,1008,1010,23000
6190.T,304,308,300,307,4000
6191.T,1630,1688,1622,1659,940200
6193.T,1164,1210,1150,1183,17800
6194.T,881,891,880,885,174400
6195.T,201,203,200,202,16500
6196.T,1427,1443,1423,1436,383400
6198.T,198,199,198,198,900
6199.T,1406,1439,1379,1436,20900
6200.T,720,733,720,733,313300
6203.T,2260,2527,2250,2409,9216500
6208.T,1801,1864,1790,1815,274000
6209.T,3885,3955,3885,3950,82200
6217.T,763,819,763,780,118000
6218.T,659,660,657,660,1300
6222.T,945,956,937,943,96500
6223.T,1947,1980,1947,1967,28500
6224.T,1201,1225,1201,1222,17100
6226.T,2200,2250,2200,2250,90500
6227.T,5750,5800,5450,5710,915700
6228.T,521,551,521,534,42100
6229.T,1479,1488,1472,1472,4500
6230.T,2155,2179,2155,2179,500
6231.T,11900,11980,11720,11850,10900
6232.T,1335,1370,1280,1359,2457400
6233.T,404,407,404,406,3400
6235.T,2457,2462,2368,2385,233800
6237.T,3985,3995,3895,3905,32900
6238.T,1455,1482,1442,1471,72800
6239.T,1424,1439,1424,1425,700
6240.T,522,530,518,527,265600
6245.T,1820,1829,1798,1803,34800
6246.T,1835,1835,1820,1835,6100
6247.T,1740,1758,1732,1758,46100
6248.T,1793,1793,1793,1793,200
6249.T,2850,2888,2850,2882,5400
6250.T,4415,4455,4410,4455,58400
6254.T,3310,3310,3185,3200,445700
6255.T,681,690,672,684,146000
6257.T,1012,1021,1012,1016,17700
6258.T,3620,3655,3545,3585,199800
6262.T,530,535,524,528,55900
6264.T,1865,1872,1788,1799,469400
6265.T,3100,3115,3070,3115,1400
6266.T,3515,3520,3385,3470,183800
6267.T,4080,4085,4080,4085,700
6268.T,4634,4680,4552,4581,1066800
6269.T,9230,9360,9137,9205,529200
6272.T,1536,1550,1534,1550,39300
6273.T,68570,68980,66250,66530,200500
6276.T,360,366,359,361,25800
6277.T,5820,6030,5810,6010,37100
6278.T,13210,13290,12620,12840,159100
6279.T,926,934,920,934,16500
6282.T,2938,2964,2937,2960,311500
6284.T,8450,8550,8450,8530,14200
6286.T,1493,1525,1493,1525,3100
6287.T,2665,2693,2665,2687,73100
6289.T,1923,1947,1922,1935,49300
6291.T,1330,1340,1327,1339,12300
6292.T,841,844,841,844,1200
6294.T,1955,1970,1954,1958,17600
6298.T,1246,1262,1244,1251,86400
6301.T,7093,7172,7059,7059,2847100
6302.T,5846,5909,5799,5837,939000
6305.T,5743,5761,5669,5669,796900
6306.T,1008,1015,1004,1013,62000
6307.T,463,470,463,463,2400
6309.T,2008,2025,2002,2020,98700
6310.T,1968,1991,1951,1963,72700
6315.T,2156,2164,2091,2104,2367300
6316.T,3040,3055,3010,3030,8600
6317.T,2432,2531,2431,2509,222200
6322.T,1608,1615,1605,1605,1100
6323.T,3535,3546,3345,3365,1262500
6324.T,6170,6220,5930,5970,1004000
6325.T,420,422,418,418,6600
6326.T,2782.5,2811.5,2751,2783.5,4069700
6327.T,2867,2900,2805,2821,130000
6328.T,2362,2392,2362,2392,58700
6330.T,2722,2854,2690,2803,7922400
6331.T,3330,3395,3320,3395,72400
6332.T,2711,2730,2700,2730,116700
6333.T,3520,3570,3505,3560,29900
6334.T,473,476,463,465,6900
6335.T,590,592,586,587,5400
6336.T,1368,1415,1363,1401,108400
6337.T,3325,3420,3195,3230,30000
6338.T,1641,1680,1635,1640,9600
6339.T,1206,1223,1203,1215,232500
6340.T,5500,5550,5450,5450,64600
6342.T,2910,2910,2910,2910,0
6343.T,147,149,146,147,48000
6345.T,1460,1469,1456,1469,96800
6346.T,5630,5630,5630,5630,100
6347.T,249,250,246,250,3700
6349.T,1990,2009,1990,2004,85600
6351.T,2526,2557,2499,2536,53300
6356.T,1428,1467,1372,1389,1073100
6357.T,2739,2809,2739,2794,81900
6358.T,2165,2180,2163,2172,19800
6360.T,4795,4800,4775,4775,1000
6361.T,4400,4414,4250,4250,1870800
6363.T,2881,2898,2854,2879,112600
6364.T,2497,2530,2496,2518,47400
6365.T,5520,5520,5520,5520,600
6366.T,699,708,693,698,1072300
6367.T,20720,20820,20560,20700,556600
6368.T,11990,12175,11850,12030,435700
6369.T,2388,2440,2385,2433,48800
6370.T,7592,7627,7480,7505,488300
6371.T,2740,2763,2732,2749,176900
6376.T,3400,3465,3390,3430,259600
6378.T,1164,1196,1164,1194,142900
6379.T,3125,3160,3100,3145,282800
6380.T,3860,3920,3570,3725,37700
6381.T,1925,1933,1911,1926,45000
6382.T,1224,1235,1220,1227,14700
6383.T,5455,5499,5374,5396,1082000
6384.T,1697,1715,1691,1715,7300
6387.T,7970,7990,7380,7390,204600
6390.T,1343,1348,1335,1341,36200
6391.T,4720,4890,4720,4875,5200
6392.T,7870,7870,7870,7870,100
6393.T,3050,3055,3040,3050,800
6395.T,1370,1391,1357,1382,233300
6396.T,4565,4565,4565,4565,0
6400.T,292,297,292,297,30800
6402.T,1592,1614,1591,1614,2300
6405.T,1229,1241,1227,1241,20600
6407.T,5160,5190,4870,4925,500500
6408.T,4260,4260,4260,4260,100
6412.T,2207,2232,2207,2232,339200
6413.T,1053,1059,1048,1051,55700
6417.T,2109,2155,2102.5,2148.5,945900
6418.T,1260,1272,1258,1261,109300
6419.T,3165,3210,3165,3205,32200
6420.T,3470,3515,3470,3505,41200
6424.T,888,894,888,889,1600
6425.T,735,748,733,739,176100
6428.T,325,330,325,329,17100
6430.T,2490,2508,2489,2501,32500
6432.T,7320,7390,7270,7380,155300
6433.T,1225,1430,1225,1325,1794700
6436.T,3866,3919,3863,3913,299900
6440.T,740,775,740,760,501000
6444.T,190,198,183,192,366300
6445.T,1350,1365,1349,1361,24300
6448.T,4609,4677,4604,4615,814900
6454.T,1910,1935,1910,1919,240300
6455.T,2550,2577,2549,2566,72000
6457.T,4428,4480,4425,4480,144200
6458.T,1235,1258,1235,1255,163900
6459.T,1660,1677,1655,1672,106900
6460.T,3283,3355,3283,3315,1034400
6463.T,1567,1579,1563,1571,94700
6464.T,340,344,338,344,176600
6465.T,5320,5393,5304,5366,246900
6466.T,3950,3980,3890,3935,9500
6467.T,344,347,342,345,6300
6469.T,2735,2856,2735,2775,110700
6470.T,1086,1104,1086,1102,34300
6471.T,1079,1084.5,1071.5,1077,1705500
6472.T,383.5,385.9,380,382.9,1999700
6473.T,2083,2092,2057.5,2082,767600
6474.T,5340,5430,5310,5350,43100
6479.T,3512,3525,3417,3445,1709800
6480.T,1715,1717,1659,1700,776100
6481.T,6158,6159,5977,5999,1365800
6482.T,708,719,707,716,75400
6484.T,2275,2275,2275,2275,100
6485.T,1644,1658,1644,1658,15700
6486.T,2970,3025,2970,3005,115000
6488.T,1055,1055,1044,1044,1400
6490.T,9300,9340,9050,9100,60500
6492.T,14550,15100,14550,14620,8600
6493.T,500,503,495,496,54700
6494.T,99,99,98,99,70100
6495.T,109,113,109,110,606000
6496.T,5510,5590,5440,5450,3600
6497.T,1412,1433,1410,1422,15500
6498.T,1949,1972,1939,1963,416000
6501.T,5399,5510,5390,5475,8733900
6503.T,5222,5250,5139,5164,4392800
6504.T,12980,13145,12770,12880,490600
6505.T,2386,2424,2386,2424,25200
6506.T,4423,4431,4293,4299,3094000
6507.T,12180,12570,12030,12530,193300
6508.T,10730,10790,10590,10740,151200
6513.T,1275,1298,1275,1294,24500
6516.T,5330,5350,5200,5260,144100
6517.T,3990,4065,3950,4045,38600
6518.T,1698,1723,1661,1723,9100
6521.T,3080,3115,3045,3055,97100
6522.T,1406,1420,1378,1380,315300
6523.T,1316,1359,1316,1353,484300
6524.T,4925,4960,4755,4800,160900
6525.T,8554,8650,8167,8284,7065000
6526.T,1949,2013,1912.5,1965,7217600
6532.T,7650,7905,7571,7840,909400
6533.T,1156,1195,1156,1185,23300
6535.T,500,505,499,504,175600
6537.T,295,297,289,289,24100
6538.T,254,254,249,250,31500
6539.T,992,1008,992,1008,39400
6540.T,1490,1504,1486,1486,17200
6543.T,1182,1190,1182,1190,700
6544.T,1497.5,1531.5,1497.5,1529.5,400600
6545.T,787,798,787,797,4100
6546.T,1177,1181,1177,1181,1700
6547.T,2145,2174,2145,2165,36300
6548.T,129,129,124,127,24400
6549.T,1110,1126,1110,1112,2700
6551.T,617,619,611,611,10700
6552.T,171,171,168,169,33600
6554.T,1120,1131,1117,1125,9000
6555.T,429,429,429,429,100
6557.T,734,753,732,732,10800
6558.T,656,670,656,670,1200
6560.T,1826,1859,1816,1824,13800
6561.T,811,825,811,817,8800
6562.T,997,1014,997,1011,11800
6563.T,459,462,454,458,7400
6564.T,2003,2050,2003,2041,51300
6566.T,1267,1269,1262,1269,600
6568.T,1223,1225,1222,1222,900
6570.T,3385,3530,3385,3415,19600
6571.T,1280,1284,1274,1284,35400
6572.T,263,266,263,266,88500
6573.T,27,28,27,27,83600
6574.T,117,118,116,117,226300
6577.T,1380,1391,1380,1384,6100
6578.T,460,462,457,459,2100
6579.T,347,351,347,349,2600
6580.T,857,880,857,861,4900
6584.T,781,785,777,780,191000
6586.T,5355,5370,5310,5350,594200
6588.T,2923,2971,2910,2933,202000
6590.T,3770,3780,3580,3595,1078400
6592.T,1703.5,1729,1703.5,1727.5,852700
6594.T,2652,2739,2651,2724,4476000
6596.T,990,990,990,990,0
6597.T,3770,4000,3755,3805,158700
6599.T,3930,4060,3930,4045,12300
6612.T,603,603,592,592,700
6613.T,2076,2109,1951,1962,1504300
6614.T,864,872,863,863,6000
6615.T,239,243,238,243,34200
6616.T,1840,1855,1788,1808,63900
6617.T,6740,6900,6690,6840,106400
6619.T,146,147,143,144,1732000
6620.T,673,681,673,675,14700
6622.T,12500,12570,12180,12180,158900
6625.T,365,369,364,367,342600
6626.T,2392,2411,2377,2382,9500
6627.T,10910,10980,10330,10520,96000
6629.T,974,996,974,992,118600
6630.T,787,794,785,789,44200
6632.T,996,1011.5,993.3,1011.5,1627300
6633.T,316,317,314,315,2500
6634.T,69,70,68,69,43300
6635.T,680,682,666,671,24300
6637.T,4215,4405,4170,4365,49600
6638.T,2000,2067,1999,2051,137700
6643.T,5520,5800,5520,5610,11500
6644.T,1480,1500,1476,1499,350900
6645.T,6167,6230,6071,6097,834100
6647.T,3710,3730,3650,3655,1100
6648.T,1625,1653,1622,1653,27300
6651.T,4445,4475,4415,4475,48400
6652.T,3725,3770,3715,3765,84100
6653.T,2078,2113,2073,2109,67800
6654.T,1077,1082,1075,1078,9300
6656.T,748,766,748,766,28600
6658.T,458,460,456,457,36900
6659.T,49,49,47,48,4407500
6662.T,225,225,221,225,2600
6663.T,306,309,305,305,12300
6664.T,267,267,259,259,5500
6666.T,816,821,794,800,26700
6668.T,3915,3985,3815,3915,58400
6674.T,5556,5566,5389,5401,1120500
6675.T,2184,2212,2184,2212,33300
6676.T,3265,3450,3250,3450,158500
6677.T,3265,3265,3215,3240,69300
6678.T,2052,2096,2052,2078,9700
6694.T,875,878,812,836,9400
6696.T,311,326,311,326,35800
6699.T,497,500,496,496,52000
6701.T,4780,4922,4776,4896,4638300
6702.T,3918,4018,3915,4008,5928400
6703.T,2774,2926,2774,2821,1152700
6706.T,3290,3345,3280,3330,31700
6707.T,6770,6780,6598,6631,123100
6718.T,2860,2875,2854,2875,17000
6721.T,75,76,74,75,112100
6723.T,3244,3288,3158,3168,9206600
6724.T,3200,3208,3160,3171,1375700
6727.T,849,855,841,843,367200
6728.T,7182,7182,6976,7015,426500
6730.T,1186,1203,1185,1188,65600
6731.T,103,104,101,101,17500
6736.T,9830,10500,9830,10000,51700
6737.T,3160,3200,3160,3200,129300
6740.T,46,51,46,51,20907000
6741.T,1807,1830,1807,1826,148700
6742.T,1083,1098,1069,1077,263300
6743.T,1054,1069,1051,1069,27300
6744.T,4045,4105,4045,4100,60300
6745.T,1930,1961,1922,1940,156800
6748.T,759,759,750,757,21400
6750.T,2033,2043,2015,2028,143700
6752.T,4430,4463,4244,4262,8007500
6753.T,673.6,677.9,665.1,676.4,2752400
6754.T,3195,3201,3112,3128,607700
6757.T,894,895,890,893,3300
6758.T,3721,3766,3707,3754,10116800
6762.T,2922,2924.5,2805,2806,7798900
6763.T,2812,2853,2810,2834,14600
6768.T,846,852,814,819,558800
6769.T,1121,1136,1107,1127,23700
6770.T,2260.5,2297.5,2251,2259.5,1267700
6771.T,651,652,645,647,10500
6772.T,1019,1019,1003,1008,1300
6775.T,125,130,125,130,139400
6776.T,285,286,281,286,8400
6777.T,20010,20080,19510,19720,90700
6778.T,623,627,621,621,8000
6779.T,3220,3225,3025,3050,874800
6785.T,3125,3165,3115,3160,54600
6786.T,48,49,48,49,4000
6787.T,22240,22700,21540,21960,722100
6788.T,5010,5100,5010,5080,11100
6794.T,3195,3205,3140,3190,160100
6797.T,1206,1210,1206,1210,600
6798.T,3280,3340,3280,3325,8800
6800.T,4275,4300,4070,4140,133600
6803.T,99,100,98,100,255800
6804.T,2542,2553,2532,2550,248500
6806.T,24700,24740,24070,24250,133600
6807.T,2532,2555,2518,2532,170500
6809.T,1749,1784,1749,1781,63900
6810.T,2548,2566,2524,2537,107100
6814.T,7240,7610,7230,7530,319800
6817.T,1220,1240,1217,1239,158000
6819.T,479,479,477,477,3400
6820.T,3610,3675,3610,3650,8900
6822.T,4920,5010,4920,4975,1600
6823.T,3265,3295,3240,3240,36400
6824.T,4155,4180,4105,4120,7100
6832.T,2415,2440,2386,2425,14200
6834.T,5210,5330,5100,5140,635600
6835.T,269,273,267,273,269500
6836.T,823,835,812,812,4100
6837.T,367,370,363,367,15600
6838.T,1364,1446,1364,1395,364500
6840.T,774,783,760,768,190600
6841.T,4712,4727,4662,4684,664100
6844.T,2997,3015,2974,2989,50800
6845.T,1464,1469,1457,1464,1093800
6848.T,867,871,866,866,4200
6849.T,1571.5,1598.5,1562,1593.5,665600
6850.T,1750,1769,1750,1764,26100
6853.T,767,772,763,763,10900
6855.T,6710,6740,6500,6670,450500
6856.T,22310,22335,21890,22015,227200
6857.T,31240,31320,30000,30240,7233400
6858.T,834,842,831,837,16400
6859.T,4025,4060,3965,3975,65200
6861.T,76180,77180,75800,76100,414500
6862.T,4495,4565,4425,4480,167600
6863.T,1012,1059,1000,1047,114600
6864.T,1593,1620,1587,1607,25800
6866.T,10200,10270,9940,9950,28800
6867.T,412,412,410,410,1100
6869.T,1885.5,1897.5,1865,1873,2233400
6870.T,2071,2081,2061,2074,2900
6871.T,13020,13070,12430,12620,1320100
6874.T,2349,2374,2349,2357,1900
6875.T,10730,10870,10600,10740,81000
6877.T,5300,5360,5250,5280,25200
6882.T,1144,1148,1135,1140,19800
6888.T,500,501,498,501,6600
6890.T,9200,9220,8940,9030,498400
6894.T,2153,2199,2136,2199,2100
6897.T,640,646,621,621,80000
6898.T,5280,5280,5000,5000,3300
6899.T,2398,2398,2280,2314,9600
6902.T,1920,1940.5,1917,1940.5,5430400
6904.T,680,695,671,675,118100
6905.T,1330,1336,1320,1320,158400
6907.T,760,773,758,773,13700
6908.T,2845,2881,2845,2861,144000
6912.T,2555,2584,2550,2584,4200
6914.T,3170,3185,3125,3150,112600
6915.T,3435,3475,3435,3470,7400
6918.T,3565,3595,3525,3570,25100
6919.T,1440,1442,1430,1432,10400
6920.T,36450,36450,34670,35960,3766300
6923.T,3515,3553,3512,3553,336900
6925.T,3658,3685,3558,3616,473000
6926.T,189,193,189,191,11000
6927.T,979,979,969,969,21400
6928.T,2930,2934,2856,2859,25900
6929.T,3695,3705,3655,3665,73300
6932.T,2572,2601,2572,2601,18500
6941.T,7970,7980,7590,7670,209700
6942.T,1444,1444,1440,1443,1200
6943.T,5560,5560,5560,5560,0
6946.T,6610,7240,6610,7150,458700
6947.T,4900,5040,4900,5010,66400
6951.T,7200,7219,7078,7115,210100
6952.T,2182,2202,2143,2150,2137700
6954.T,5907,5937,5784,5794,3052900
6955.T,405,410,403,407,48200
6958.T,770,780,765,774,438800
6960.T,12170,12210,11980,12160,37300
6961.T,9900,9930,9420,9490,142000
6962.T,832,839,795,807,313700
6963.T,4605,4653,4444,4472,2591400
6964.T,685,688,684,688,5500
6965.T,2249,2254.5,2205.5,2224.5,1602300
6966.T,875,877,853,865,2326300
6969.T,1020,1035,997,997,30800
6971.T,3646,3651,3550,3559,3985100
6976.T,9514,9600,8909,9000,26019400
6977.T,1298,1299,1275,1275,2200
6981.T,7752,7877,7392,7431,18812300
6982.T,576,577,576,577,300
6986.T,742,798,722,794,554000
6988.T,3381,3410,3352,3405,3306600
6989.T,2329,2334,2306,2310,3300
6993.T,88,90,87,89,1816900
6994.T,1188,1203,1168,1174,97300
6995.T,3200,3245,3185,3230,128100
6996.T,2687,2699,2552,2561,452300
6997.T,2867,2898,2712,2733,575900
6998.T,3720,3865,3700,3815,133500
6999.T,2255,2265,2188,2197,295900
7003.T,4200,4430,4200,4401,2776000
7004.T,1176,1185,1174,1185,471500
7011.T,3840,3910,3822,3887,20985600
7012.T,2426.5,2465.5,2416,2421,11028700
7013.T,2813.5,2879,2813,2842.5,13112400
7014.T,4705,5090,4705,5060,2422200
7018.T,13030,14140,13010,14000,69100
7021.T,2315,2372,2315,2372,1000
7022.T,348,359,348,356,84900
7030.T,960,969,953,965,16000
7031.T,680,681,680,681,200
7033.T,1547,1577,1542,1577,49200
7034.T,307,312,307,307,27700
7035.T,219,232,211,212,193300
7036.T,666,667,666,667,1700
7037.T,791,797,787,797,8200
7038.T,578,588,577,588,12900
7039.T,1361,1370,1360,1370,6300
7040.T,970,973,968,973,500
7041.T,341,348,341,348,3300
7042.T,689,689,647,668,8800
7043.T,939,939,933,938,500
7044.T,519,526,515,520,9600
7046.T,1323,1354,1320,1353,2900
7047.T,2125,2163,2125,2141,95700
7048.T,158,160,156,156,112500
7049.T,772,779,772,775,15400
7050.T,1525,1539,1504,1536,18100
7057.T,905,923,905,923,300
7058.T,3100,3110,3100,3110,400
7059.T,960,978,958,972,151400
7060.T,585,587,583,585,5200
7061.T,485,492,485,488,28200
7062.T,688,688,679,687,2000
7063.T,71,72,67,67,271900
7064.T,1017,1048,1016,1048,1400
7065.T,948,959,947,947,7100
7066.T,459,463,457,457,5000
7067.T,1051,1051,1051,1051,100
7068.T,602,614,602,612,28400
7069.T,500,506,494,494,16400
7071.T,393,399,393,398,174600
7072.T,1077,1095,1077,1082,2400
7073.T,2319,2319,2286,2286,800
7074.T,183,187,183,187,2300
7075.T,1031,1044,1006,1013,12700
7077.T,986,995,986,995,900
7078.T,340,343,338,339,10100
7079.T,2569,2569,2556,2556,500
7080.T,885,896,882,896,19100
7081.T,1289,1299,1282,1282,1100
7082.T,1406,1407,1406,1407,11600
7083.T,1147,1165,1127,1150,5300
7084.T,2816,2845,2780,2841,3200
7085.T,885,897,883,888,290800
7087.T,1426,1429,1426,1428,3500
7089.T,1348,1396,1348,1379,14500
7090.T,968,983,968,973,700
7091.T,1320,1326,1295,1295,38300
7093.T,592,596,592,592,1500
7094.T,1843,1905,1843,1856,88200
7095.T,1152,1172,1152,1159,58900
7096.T,746,747,721,736,4300
7097.T,2722,2753,2722,2750,5300
7102.T,3580,3625,3580,3625,24200
7110.T,1894,1911,1860,1895,15100
7111.T,514,520,514,520,1300
7112.T,677,677,624,630,46900
7114.T,812,812,804,806,1300
7115.T,1462,1479,1460,1469,1400
7119.T,2250,2302,2245,2284,50700
7120.T,1010,1010,997,1006,7700
7122.T,2386,2454,2386,2449,3600
7126.T,1448,1448,1446,1446,400
7127.T,707,710,707,708,3500
7128.T,2891,2937,2891,2904,62200
7129.T,1187,1187,1170,1182,1600
7130.T,2798,2846,2798,2842,74900
7131.T,3800,3800,3750,3760,2000
7133.T,1316,1330,1316,1325,1800
7134.T,1458,1466,1419,1419,8400
7135.T,179,180,175,175,84900
7137.T,1200,1200,1200,1200,0
7138.T,136,139,134,137,317700
7139.T,4700,4700,4700,4700,0
7140.T,800,800,798,799,1200
7148.T,1721,1743,1716,1739,521600
7150.T,519,528,515,516,16100
7157.T,1450,1470,1448,1462,202000
7161.T,640,658,635,640,235000
7162.T,293,296,290,290,15900
7164.T,3142,3190,3142,3190,261400
7167.T,1686,1716,1679.5,1685.5,1779000
7170.T,330,330,330,330,0
7172.T,2100,2135,2100,2135,134800
7173.T,1693,1719,1686,1704,1014900
7175.T,2033,2159,2033,2159,55700
7176.T,757,757,757,757,0
7177.T,1169,1172,1159,1163,118500
7180.T,1612,1649,1603.5,1625,1220500
7181.T,1790,1817,1784.5,1813.5,2561700
7182.T,3288,3321,3264,3286,3911000
7183.T,254,255,254,254,29800
7184.T,3495,3560,3465,3510,165700
7185.T,3885,3905,3880,3885,8000
7186.T,1903,1927.5,1887.5,1898,3528700
7187.T,1322,1347,1322,1347,44300
7189.T,4946,5060,4936,4981,483900
7191.T,1209,1222,1209,1220,24700
7192.T,710,715,710,712,19200
7196.T,755,755,750,754,4500
7198.T,838,842,838,842,88500
7199.T,2070,2093,2067,2092,126000
7201.T,312.6,316,311.1,312.7,26831200
7202.T,2214,2230,2203.5,2230,1969300
7203.T,3016,3042,3011,3034,20929600
7208.T,1295,1300,1295,1300,1100
7211.T,369.5,374.5,369.1,374,8306500
7212.T,738,746,732,736,28100
7213.T,679,679,667,670,20900
7214.T,1105,1125,1096,1125,9700
7215.T,423,423,420,421,3700
7217.T,439,440,424,434,16200
7218.T,1099,1129,1099,1114,800
7219.T,2440,2450,2440,2450,700
7220.T,2791,2801,2724,2752,465900
7222.T,921,939,921,936,77000
7224.T,1951,1971,1947,1971,97800
7226.T,2320,2330,2317,2327,145700
7228.T,3955,3970,3955,3970,3100
7231.T,3150,3195,3145,3190,50500
7235.T,1583,1597,1576,1594,19600
7236.T,1497,1521,1490,1505,370500
7238.T,108,108,106,108,3197100
7239.T,2361,2380,2354,2380,67600
7240.T,2997.5,3051,2990,3051,340000
7241.T,1105,1115,1102,1114,344700
7242.T,4650,4760,4640,4760,129700
7244.T,555,566,555,566,64700
7245.T,1128,1139,1118,1129,233100
7246.T,1011,1018,1009,1018,281800
7247.T,373,376,369,371,111700
7254.T,833,835,826,831,6100
7255.T,501,502,501,502,1000
7256.T,472,479,460,469,342300
7259.T,2250,2283.5,2240.5,2283.5,2013600
7261.T,1163.5,1173.5,1158,1171.5,4097400
7264.T,1360,1360,1359,1359,500
7265.T,3535,3550,3515,3550,700
7266.T,983,996,983,994,24900
7267.T,1698.5,1711.5,1689,1708.5,12233600
7269.T,2020,2047,2020,2047,3941800
7270.T,2643,2686.5,2643,2686.5,2967100
7271.T,800,804,800,802,35900
7272.T,1822,1855,1815,1832,4724000
7273.T,618,627,618,626,44100
7276.T,2649.5,2675.5,2645.5,2675,716700
7277.T,340,340,334,338,21500
7278.T,5940,6000,5930,5990,229000
7279.T,2517,2577,2517,2554,71100
7280.T,1364,1382,1358,1382,259200
7282.T,5245,5300,5160,5287,464100
7283.T,2127,2160,2127,2152,75100
7284.T,1162,1175,1161,1175,4300
7287.T,2748,2764,2737,2764,124500
7291.T,464,467,459,461,32900
7292.T,6860,6860,6690,6750,1400
7294.T,892,899,891,899,38200
7296.T,4195,4215,4170,4210,106500
7297.T,854,870,854,870,4200
7299.T,1785,1809,1785,1792,900
7305.T,2782,2799,2777,2799,18300
7309.T,18250,18605,18250,18380,290300
7313.T,1831,1852.5,1830,1851,362000
7314.T,1310,1310,1293,1293,3700
7318.T,1309,1330,1304,1305,61000
7320.T,1463,1488,1460,1461,24400
7322.T,2075,2111,2033,2065,389900
7325.T,696,699,694,695,2100
7326.T,2288,2317,2283,2307,43700
7327.T,2632,2683,2619,2654,708200
7337.T,2386,2422,2380,2390,563700
7343.T,1296,1309,1287,1309,8000
7345.T,936,950,930,947,4900
7347.T,798,802,798,801,5100
7350.T,7850,8050,7800,7860,70600
7351.T,498,512,498,510,18300
7352.T,314,320,314,316,39600
7353.T,502,509,501,506,5700
7354.T,388,392,380,383,303000
7356.T,116,119,116,117,30900
7357.T,1689,1700,1685,1688,1700
7358.T,1771,1821,1771,1815,12900
7359.T,281,281,267,267,34900
7360.T,647,647,644,644,700
7361.T,1189,1198,1186,1193,6700
7362.T,889,889,881,881,400
7363.T,1348,1362,1348,1349,6000
7366.T,1858,1888,1858,1874,65600
7367.T,331,335,331,333,1900
7368.T,1692,1720,1692,1720,3600
7369.T,376,378,370,376,5500
7370.T,708,711,708,711,9800
7371.T,814,814,804,804,3900
7372.T,393,395,391,391,6300
7373.T,912,924,906,912,26500
7374.T,1516,1532,1514,1519,23600
7375.T,1273,1300,1255,1279,53900
7376.T,761,791,761,782,9600
7377.T,1692,1714,1692,1700,4700
7378.T,1539,1594,1539,1565,25900
7380.T,2670,2705,2621,2639,327300
7381.T,1331,1378,1320,1332,702000
7383.T,379,389,379,386,438600
7384.T,5300,5380,5230,5290,89600
7388.T,2320,2340,2320,2340,24100
7389.T,2006,2067,1971,1986,815200
7399.T,611,617,611,615,2700
7409.T,1467,1510,1465,1495,110100
7412.T,361,363,351,351,1114200
7413.T,2820,2890,2807,2859,1400
7414.T,1427,1440,1423,1437,59300
7416.T,687,688,683,688,1100
7417.T,1906,1919,1904,1904,1100
7419.T,1289,1295,1276,1295,922100
7421.T,1634,1640,1628,1638,40500
7422.T,409,409,405,405,4500
7425.T,1097,1097,1097,1097,100
7426.T,594,595,593,595,1100
7427.T,827,835,827,834,6600
7433.T,5500,5550,5480,5540,60800
7434.T,1850,1850,1824,1849,2600
7435.T,1270,1300,1270,1285,11200
7438.T,1750,1787,1750,1787,43200
7442.T,477,480,477,480,6200
7443.T,666,666,665,666,1600
7444.T,2000,2007,1988,1988,400
7446.T,4470,4470,4470,4470,200
7447.T,1661,1670,1660,1663,57200
7453.T,3960,3986,3924,3962,1804500
7456.T,7060,7100,6910,7030,98200
7458.T,1872.5,1910,1872,1899.5,542000
7459.T,2945,2994,2930,2994,268100
7460.T,1626,1650,1625,1638,9500
7461.T,467,474,467,467,2200
7462.T,408,410,408,408,17300
7463.T,978,996,978,996,28300
7464.T,1506,1533,1503,1533,500
7466.T,1448,1467,1442,1467,46000
7472.T,3900,3915,3900,3910,400
7475.T,3770,3770,3765,3765,66400
7476.T,2526.5,2550,2500.5,2533.5,101300
7477.T,1595,1595,1595,1595,0
7480.T,3525,3580,3520,3525,41200
7481.T,2555,2580,2555,2565,1700
7482.T,1520,1549,1518,1540,31100
7483.T,3135,3175,3120,3130,53900
7486.T,810,810,790,805,1900
7487.T,1852,1854,1849,1853,4400
7490.T,2186,2187,2186,2187,500
7494.T,243,244,242,242,37200
7500.T,10010,10010,10010,10010,100
7501.T,1403,1425,1403,1425,300
7502.T,1704,1704,1703,1703,300
7504.T,4365,4445,4320,4330,33700
7505.T,2112,2138,2112,2124,15700
7506.T,1379,1386,1378,1380,1000
7508.T,1450,1460,1445,1459,68200
7509.T,4765,4765,4765,4765,0
7510.T,2757,2787,2754,2779,73300
7512.T,859,867,859,863,90600
7513.T,1447,1450,1431,1447,126400
7514.T,854,854,851,852,2800
7515.T,4580,4585,4580,4585,200
7516.T,4605,4635,4580,4605,63900
7520.T,2597,2615,2596,2615,15300
7521.T,2681,2741,2681,2741,3300
7522.T,906,917,906,914,168800
7523.T,1878,1878,1876,1876,800
7524.T,174,174,171,172,31700
7525.T,3585,3610,3585,3605,8400
7527.T,49,51,49,50,1131500
7531.T,1329,1329,1329,1329,0
7532.T,716.3,727.2,713.1,726.7,18596200
7537.T,1821,1847,1821,1837,55400
7538.T,390,392,390,392,2200
7539.T,820,822,815,820,24900
7544.T,553,555,550,555,3600
7545.T,1956,1975,1951,1957,129500
7550.T,10930,11045,10350,10400,887200
75505.T,4916,4930,4913,4913,2900
7551.T,705,705,703,703,3900
7552.T,3925,4110,3925,4060,213300
7554.T,1170,1181,1167,1179,29900
7555.T,749,749,742,742,2500
7561.T,712,716,710,711,12500
7562.T,3845,3845,3835,3835,2100
7564.T,5470,5500,5360,5360,613800
7565.T,8300,8300,8300,8300,0
7567.T,611,612,606,607,2400
7570.T,1414,1433,1414,1433,7400
7571.T,84,85,82,85,310300
7575.T,1564,1577,1561,1575,185500
7578.T,76,76,75,76,15700
7581.T,6370,6560,6270,6490,608000
7585.T,406,407,405,405,6500
7590.T,392,399,392,398,18400
7593.T,523,529,523,527,307700
7595.T,1270,1285,1269,1285,153200
7596.T,2349,2356,2345,2350,21600
7599.T,1226,1237,1225,1235,444800
7600.T,652,681,651,677,164900
7601.T,163,164,162,163,5900
7602.T,200,207,176,182,1345900
7603.T,33,35,33,35,569100
7604.T,914,915,910,914,6000
7606.T,2386,2417,2382,2414,114500
7607.T,3040,3050,3025,3050,19300
7608.T,890,898,881,885,105200
7609.T,4040,4075,4000,4040,53300
7610.T,136,137,135,136,457000
7611.T,2951,2982,2923,2938,108500
7613.T,1579,1592,1569,1575,115700
7614.T,1549,1549,1548,1548,2400
7615.T,97,98,96,97,216700
7616.T,2026,2044,2003,2010,728700
7619.T,988,991,982,983,3100
7621.T,3415,3430,3415,3425,1200
7624.T,158,160,158,160,112600
7625.T,465,465,457,457,3400
7628.T,1171,1178,1165,1178,63600
7630.T,1076,1087,1069,1082,350800
7634.T,5060,5140,5050,5140,300
7636.T,798,798,795,796,4400
7637.T,3515,3660,3515,3580,38700
7638.T,1401,1413,1398,1408,8500
7640.T,191,191,189,191,5200
7643.T,1725,1726,1720,1720,2600
7646.T,1800,1872,1771,1845,32500
7649.T,1253,1281,1252,1270.5,2935200
7670.T,1195,1196,1193,1195,4500
7673.T,1670,1697,1670,1697,400
7674.T,2704,2739,2699,2739,2700
7677.T,2767,2767,2767,2767,0
7678.T,3700,3820,3650,3790,28200
7679.T,1652,1667,1648,1658,70600
7680.T,3190,3190,3190,3190,0
7681.T,979,995,964,985,6000
7682.T,3915,3920,3915,3915,500
7683.T,1410,1419,1410,1419,18400
7685.T,2864,2932,2857,2914,383600
7686.T,443,444,441,443,4300
7687.T,459,461,458,461,2200
7689.T,452,470,420,433,222700
7691.T,30,30,30,30,0
7692.T,78,79,77,77,241400
7694.T,564,570,554,554,17500
7695.T,954,957,950,955,2900
7698.T,2888,2918,2870,2870,3400
7699.T,684,693,680,693,1100
7701.T,3850,3892,3835,3881,729700
7702.T,458,459,454,459,17700
7707.T,208,210,206,209,67000
7709.T,58,74,50,70,3418600
7711.T,5200,5290,5130,5140,69900
7713.T,2428,2495,2409,2447,18100
7715.T,3925,4005,3875,3990,104400
7716.T,3080,3090,3050,3075,167200
7717.T,5830,5830,5590,5650,109000
7719.T,506,513,500,512,151200
7721.T,6850,7470,6850,7390,745000
7722.T,772,780,772,778,15600
7723.T,2889,2914,2889,2910,18000
7725.T,1758,1780,1749,1770,52800
7726.T,1391,1425,1391,1399,11700
7727.T,865,892,861,880,110800
7729.T,16900,16900,16215,16285,243600
7730.T,1465,1471,1460,1461,149100
7731.T,1765.5,1768.5,1725,1734,1207000
7733.T,2000,2036,1989.5,2024,2966100
7734.T,3470,3545,3435,3500,95200
7735.T,12705,12775,12140,12320,1849800
7740.T,1356,1369,1348,1357,504300
7741.T,22790,22905,22400,22655,1429800
7743.T,793,793,792,792,302100
7744.T,1998,2032,1997,2031,318900
7745.T,2929,2929,2881,2896,72300
7746.T,786,798,784,793,221300
7747.T,3291,3317,3253,3282,972600
7749.T,2875,2883,2862,2867,3600
7751.T,4480,4535,4467,4534,2605400
7752.T,1665,1689.5,1660,1682,1617100
7760.T,2055,2065,2031,2058,46800
7762.T,2303,2338,2296,2315,1231900
7769.T,3815,3865,3815,3865,13700
7771.T,250,277,250,260,615900
7774.T,822,828,818,822,29500
7775.T,422,425,422,424,24900
7776.T,224,227,222,223,138200
7777.T,438,458,427,433,4056500
7779.T,227,231,226,227,708400
7780.T,1730,1780,1730,1780,262100
7781.T,867,892,866,880,15800
7782.T,493,493,487,488,900
7791.T,831,831,820,828,5200
7792.T,1477,1504,1477,1493,15800
7793.T,1528,1555,1524,1541,4100
7794.T,950,975,945,974,166100
7795.T,217,219,217,219,11600
7800.T,970,979,967,973,6300
7803.T,492,504,486,492,1721200
7804.T,2404,2410,2385,2408,2900
7805.T,712,718,712,714,2800
7806.T,7550,7920,7550,7860,154500
7807.T,848,850,848,850,200
7808.T,2698,2698,2698,2698,0
7809.T,1327,1329,1323,1323,2100
7810.T,150,153,150,152,45900
7811.T,2220,2280,2220,2280,46600
7812.T,2100,2129,2029,2029,24200
7813.T,902,914,902,913,900
7814.T,600,604,600,600,4900
7815.T,337,368,337,350,7200
7818.T,1225,1248,1225,1232,133500
7819.T,990,1003,990,990,21500
7820.T,703,712,703,711,20600
7821.T,1980,1997,1966,1997,97100
7822.T,257,260,257,258,14300
7823.T,819,829,819,827,75200
7826.T,10770,10870,9880,9940,434100
7827.T,1751,1774,1731,1761,5800
7831.T,65,67,65,66,13300
7832.T,5563,5670,5513,5651,1928900
7833.T,681,681,677,677,600
7836.T,73,74,73,73,115300
7837.T,345,354,343,351,2300
7839.T,2094,2125,2080,2125,172600
7840.T,1304,1313,1303,1313,32200
7841.T,1089,1092,1080,1085,11500
7844.T,531,546,530,541,237400
7846.T,2129,2160,2121,2146.5,352600
7847.T,642,652,642,646,4400
7849.T,2999,3000,2980,2990,3100
7850.T,792,793,792,792,1400
7856.T,2015,2056,2010,2053,68200
7857.T,1290,1290,1290,1290,100
7859.T,293,295,287,290,95400
7860.T,1282,1291,1273,1279,69800
7863.T,932,932,932,932,0
7864.T,3335,3400,3320,3395,108800
7865.T,332,333,332,332,5100
7867.T,3900,4051,3892,4033,1013000
7868.T,528,535,523,533,184900
7871.T,1005,1014,1001,1003,4000
7872.T,618,618,616,618,2100
7874.T,962,975,962,975,66800
7875.T,803,830,803,829,65100
7877.T,2185,2195,2185,2195,200
7878.T,1146,1188,1140,1170,10300
7879.T,671,676,671,675,6700
7883.T,399,400,399,400,600
7885.T,1144,1157,1134,1134,9400
7886.T,582,586,563,573,1400
7887.T,1566,1566,1558,1558,2200
7888.T,880,904,880,903,112500
7893.T,1103,1125,1103,1120,49000
7896.T,506,506,502,504,1100
7897.T,107,107,106,107,63600
7898.T,912,927,912,926,4900
7901.T,765,770,765,767,4600
7902.T,1092,1102,1092,1095,7800
7906.T,2327,2381,2311,2381,298500
7908.T,240,243,240,243,70000
7911.T,4713,4743,4621,4655,1655800
7912.T,3037,3060,2991.5,2998.5,1071200
7914.T,1770,1793,1770,1793,69800
7915.T,1213,1222,1211,1219,190500
7916.T,1905,1905,1905,1905,0
7917.T,1254,1261,1249,1256,86100
7918.T,106,107,106,106,28000
7919.T,227,227,225,226,7100
7921.T,4140,4180,4140,4175,10200
7927.T,2350,2370,2343,2361,22600
7928.T,618,618,615,616,1000
7931.T,3655,3685,3630,3645,25700
7932.T,11500,11620,11490,11490,5400
7936.T,4020,4135,4014,4097,4821500
7937.T,2549,2562,2542,2559,6100
7938.T,2101,2109,2100,2109,3300
7939.T,600,602,600,600,800
7942.T,2970,3045,2970,3030,68800
7943.T,3025,3080,3025,3070,57300
7944.T,3735,3780,3735,3780,36100
7946.T,370,380,354,363,12900
7947.T,2866,2874,2833,2871,102100
7949.T,2825,2863,2825,2859,46500
7951.T,1270,1289,1261,1284.5,1292200
7952.T,3375,3390,3335,3345,15300
7953.T,400,401,399,401,5400
7955.T,958,967,957,967,16600
7956.T,1969,2010.5,1964,2003,878200
7957.T,2561,2583,2561,2573,1800
7962.T,795,804,793,803,20400
7963.T,1800,1808,1796,1796,7500
7965.T,1462,1478,1460,1476,61900
7966.T,5600,5700,5510,5540,1209000
7970.T,2267,2273,2245,2252,80000
7971.T,694,702,694,699,38000
7972.T,2479,2531,2475,2531,157400
7974.T,8141,8503,8130,8475,7644500
7975.T,1153,1153,1153,1153,100
7976.T,3280,3325,3260,3300,60500
7979.T,2230,2287,2230,2276,54200
7980.T,880,891,871,871,22900
7981.T,3085,3110,3065,3110,98700
7983.T,1195,1196,1181,1190,2400
7984.T,899.2,909.4,898,909.4,553000
7986.T,1927,1927,1927,1927,700
7987.T,566,573,566,573,37700
7988.T,4960,4964,4892,4958,212100
7989.T,2698,2713,2692,2713,24500
7990.T,2437,2473,2436,2454,68200
7991.T,1060,1070,1060,1060,10700
7992.T,103,104,102,104,7700
7994.T,2352,2377,2352,2376,180400
7995.T,6540,6600,6480,6510,33400
7997.T,1083,1084,1081,1084,500
8001.T,2356,2399,2355,2370,21522800
8002.T,5024,5054,4990,5020,5588700
8005.T,1775,1790,1775,1785,142100
8006.T,1476,1508,1460,1460,2900
8007.T,805,810,805,809,90900
8008.T,2093,2117,2093,2107,56100
8011.T,1356,1382,1356,1368,127200
8012.T,1165,1171.5,1159.5,1164,549400
8013.T,372,372,371,372,800
8014.T,4235,4295,4235,4295,31700
8015.T,7507,7558,7455,7535,1586100
8016.T,713,730,713,730,739600
8018.T,863,876,863,869,36400
8020.T,2331.5,2366,2313,2357,681400
8022.T,3975,4105,3970,4085,194300
8023.T,1042,1052,1041,1045,24300
8025.T,1306,1306,1306,1306,0
8029.T,2662,2711,2662,2710,9800
8030.T,3900,3900,3900,3900,100
8031.T,5205,5265,5141,5224,4671400
8032.T,1268,1288,1260,1280,194500
8035.T,52500,52520,50300,50970,2795000
8037.T,4945,5080,4925,5080,72300
8039.T,3450,3465,3450,3465,800
8040.T,1045,1050,1037,1041,2300
8041.T,4660,4680,4660,4680,1800
8043.T,1560,1576,1550,1565,194500
8045.T,2040,2069,2040,2040,500
8046.T,982,988,973,987,12100
8050.T,9710,9990,9630,9670,518300
8051.T,2020,2055,2020,2055,183400
8052.T,2938,2993,2938,2990,62600
8053.T,1810,1848,1805,1844.5,9541700
8056.T,4810,4887,4805,4847,553000
8057.T,2252,2309,2246,2264,195200
8058.T,4973,5020,4919,4979,6045700
8059.T,3680,3695,3660,3680,57400
8060.T,3710,3748,3707,3746,183300
8061.T,3010,3110,3005,3095,133400
8065.T,3065,3130,3045,3060,104800
8066.T,3620,3675,3620,3645,21700
8070.T,1012,1043,1012,1038,209700
8074.T,6440,6500,6440,6480,38700
8075.T,3165,3210,3165,3195,54300
8076.T,2140,2140,2127,2127,4400
8077.T,212,213,212,213,4100
8078.T,1925,1930,1907,1928,305200
8079.T,4480,4520,4470,4480,33500
8081.T,2609,2635,2604,2631,37500
8084.T,4815,4860,4805,4860,24000
8085.T,4260,4280,4240,4270,1600
8086.T,1473.5,1478,1462,1473,581000
8088.T,2121,2151,2114,2140,520700
8089.T,1981,1999,1981,1999,1700
8091.T,2396,2426,2380,2426,11000
8093.T,1790,1819,1789,1819,59200
8095.T,519,526,518,525,74000
8097.T,2488,2505,2468,2482,97300
8098.T,4545,4590,4535,4590,99300
8101.T,2620,2661,2620,2643,29700
8103.T,997,1003,987,996,157200
8104.T,714,717,714,714,2300
8105.T,79,81,75,75,1608400
8107.T,31,31,30,31,143700
8111.T,2132,2174.5,2130.5,2169.5,577900
8113.T,952.8,971.5,952.5,971.5,3572900
8115.T,1324,1324,1316,1323,900
8117.T,2175,2205,2155,2190,588100
8118.T,1175,1175,1170,1170,1000
8119.T,792,793,790,790,2500
8123.T,1390,1390,1380,1380,400
8125.T,1975,1983,1962,1976,110400
8127.T,521,533,519,519,41900
8129.T,4013,4062,4002,4048,74000
8130.T,3210,3230,3205,3230,103500
8131.T,2653,2677,2570,2588,38000
8132.T,7380,7520,7360,7460,6400
8133.T,2352,2387,2345,2368,85600
8135.T,429,433,428,430,11100
8136.T,1190,1251,1185.5,1238.5,18281600
8137.T,4580,4630,4545,4620,46100
8138.T,4105,4105,4105,4105,0
8139.T,2249,2295,2189,2244,9300
8141.T,1566,1568,1566,1568,20000
8142.T,1380,1392,1376,1386,74800
8143.T,204,204,180,181,551400
8144.T,1267,1267,1267,1267,700
8147.T,1435,1435,1432,1432,200
8150.T,3285,3345,3285,3345,36400
8151.T,1832,1854,1832,1846,147700
8152.T,7150,7220,7120,7120,900
8153.T,3975,4040,3970,4010,312600
8154.T,5100,5140,5030,5110,122200
8157.T,4280,4365,4280,4350,47600
8158.T,1330,1339,1326,1334,23900
8159.T,4170,4220,4170,4195,24500
8160.T,2435,2448,2424,2424,129000
8163.T,1521,1531,1513,1514,127100
8165.T,100,101,100,100,190900
8166.T,78,79,78,78,39500
8167.T,1441,1459,1432,1446,78400
8173.T,4280,4295,4215,4280,175300
8174.T,3109,3131,3090,3115,243400
8179.T,1340,1348,1327,1329,269500
8181.T,990,999,990,990,2100
8185.T,993,1004,992,1003,88400
8194.T,2695,2750,2691,2735,238200
8198.T,3350,3380,3340,3365,12600
8200.T,2285,2314,2285,2306,43400
8202.T,148,148,147,148,13700
8203.T,754,757,752,757,24300
8207.T,301,302,300,300,24800
8214.T,1715,1736,1715,1735,156100
8217.T,801,806,801,805,53000
8218.T,3915,3970,3915,3970,93200
8219.T,760,769,758,768,387700
8225.T,3690,3690,3690,3690,0
8226.T,388,403,388,395,179000
8227.T,3186,3236,3176,3236,556200
8230.T,308,308,307,308,7800
8233.T,2112,2160,2112,2140.5,1333700
8237.T,2313,2329,2236,2245,158100
8242.T,2871.5,2930,2871.5,2904,304900
8244.T,1901,1914,1895,1900,24700
8247.T,320,330,319,330,5100
8252.T,2907,2930.5,2893.5,2929.5,619100
8253.T,4669,4716,4644,4691,654300
8254.T,293,300,289,297,166000
8255.T,1332,1360,1331,1350,167900
8260.T,383,391,378,379,15000
8267.T,1331,1352.5,1325.5,1348,8377900
8273.T,987,1009,986,1004,318400
8275.T,1007,1012,1006,1009,39000
8276.T,2720,2735,2706,2721,69700
8278.T,2044,2069,2041,2059,88000
8281.T,1131,1144,1129,1143,201200
8282.T,1915.5,1918,1896,1912,817600
8285.T,813,830,813,830,76100
8291.T,546,552,546,549,165500
8301.T,21300,21300,21300,21300,0
8303.T,1603,1639,1602,1620,3251300
8304.T,3522,3551,3507,3524,854200
8306.T,3637,3691,3634,3652,38746600
8308.T,2452,2505.5,2444,2479,7765800
8309.T,1778,1798.5,1773.5,1789.5,6214100
8316.T,6884,6960,6822,6878,10236000
8331.T,2746.5,2789,2740,2759.5,2146900
8334.T,2920,2952,2890,2920,927700
8336.T,2878,2912,2841,2870,247800
8337.T,2696,2739,2668,2703,117400
8338.T,755,772,731,739,1749100
8341.T,4063,4114,4024,4062,748800
8343.T,9610,9810,9400,9500,172500
8344.T,5130,5240,5060,5110,213300
8345.T,2774,2825,2693,2709,482500
8346.T,1035,1055,1015,1023,912300
8349.T,1699,1706,1661,1675,25900
8354.T,7710,7852,7681,7790,753600
8358.T,2861,2914,2857,2880,773900
8359.T,2710,2756.5,2695,2723.5,1164300
8360.T,7360,7490,7230,7310,87100
8361.T,8570,8640,8280,8400,198300
8362.T,7800,8000,7550,7620,103600
8364.T,3180,3230,3110,3140,32800
8365.T,2346,2400,2346,2391,6100
8366.T,2922,2979,2874,2900,558000
8367.T,1998,2038,1981,2003,372800
8368.T,2468,2524,2460,2484,785600
8370.T,5230,5340,5210,5250,180800
8377.T,8300,8514,8253,8336,333700
8381.T,2600,2635,2575,2599,310200
8383.T,1940,1979,1922,1948,18000
8386.T,3100,3145,3060,3095,315200
8387.T,4300,4385,4220,4265,261700
8388.T,10450,10640,10220,10350,120200
8392.T,3125,3145,3015,3060,183800
8393.T,2745,2802,2722,2747,244900
8395.T,6750,6830,6600,6680,36200
8399.T,3375,3435,3310,3345,174500
8410.T,344,347,343.2,345.1,2527200
8411.T,8566,8761,8508,8549,7487300
8416.T,1122,1141,1119,1122,22400
8418.T,3251,3305,3230,3256,432400
8421.T,191800,192200,191600,191600,143
8424.T,4529,4575,4524,4575,127900
8425.T,1363,1378,1361,1377,387400
8439.T,2675,2720,2668.5,2720,459700
8473.T,3235,3300,3230,3256,3993800
8508.T,766,787,765,780,662000
8511.T,2486,2527,2485,2511,276900
8518.T,156,156,153,155,25500
8522.T,7330,7490,7110,7190,162200
8524.T,1337,1367,1326,1340,1610700
8537.T,3275,3350,3205,3240,32700
8541.T,3370,3445,3320,3340,128100
8542.T,1918,1938,1902,1917,29500
8544.T,2863,2899,2821,2846,232700
8550.T,1138,1158,1108,1124,699600
8551.T,8880,8990,8550,8600,74600
8558.T,1544,1578,1497,1506,154800
8562.T,389,396,383,383,241100
8563.T,1200,1220,1185,1195,52900
8566.T,6850,6940,6850,6940,37300
8570.T,1643,1650,1635,1644.5,374000
8572.T,490.1,494.7,488.6,494.7,1439500
8584.T,3740,3750,3725,3740,113300
8585.T,862,872,861,869,312300
8591.T,6183,6260,6183,6215,2443000
8593.T,1389,1404.5,1389,1404.5,3476200
8595.T,2267,2280,2267,2278.5,218800
8596.T,1540,1561,1540,1558,9500
8600.T,1174,1191,1166,1171,497600
8601.T,1853,1856,1826.5,1830,4423400
8604.T,1635,1641,1579,1590.5,14378300
8609.T,1264,1274,1254,1265,504000
8613.T,1295,1305,1280,1286,253000
8614.T,708,716,701,705,466900
8616.T,888,900,887,895,583800
8617.T,618,624,611,617,5500
8622.T,933,939,916,922,258100
8624.T,1699,1717,1671,1684,144200
8628.T,1181,1190,1173,1176,856100
8630.T,6899,6994,6882,6994,2339000
8697.T,2215,2281.5,2215,2252.5,2413300
8698.T,715,719,710,713,1011800
8699.T,1140,1143,1126,1132,43700
8700.T,2089,2089,2079,2084,600
8704.T,1395,1403,1376,1390,92500
8705.T,223,226,223,224,75700
8706.T,1870,1882,1864,1873,117900
8707.T,4780,4810,4715,4745,94000
8708.T,1771,1786,1750,1763,135200
8713.T,2856,2933,2791,2816,82700
8714.T,1109,1120,1091,1094,736800
8715.T,1032,1062,1032,1052,272700
8725.T,5179,5276,5178,5260,3127800
8729.T,163.1,165,162.8,164,50330300
8737.T,616,623,615,615,20800
8739.T,2642,2680,2625,2680,276100
8742.T,619,619,610,612,5400
8746.T,105,106,101,102,163100
8747.T,2202,2250,2202,2248,15500
8750.T,1906,1945,1903.5,1931,7321800
8766.T,8177,8340,8150,8298,5533300
8769.T,530,530,517,528,9100
8771.T,1794,1804,1790,1802,86700
8772.T,892,901,892,895,10600
8783.T,48,49,47,48,405600
8789.T,160,163,160,161,780400
8793.T,4240,4275,4235,4275,18800
8795.T,4980,5079,4980,5048,854300
8798.T,136,139,136,136,34500
8801.T,1475.5,1505,1475.5,1505,7283200
8802.T,3640,3693,3613,3678,3328400
8803.T,2358,2388,2357,2388,172100
8804.T,3315,3343,3282,3317,976800
8818.T,1115,1133,1111,1133,620700
8830.T,3211,3253,3193,3253,2827900
8835.T,797,801,795,797,46000
8836.T,27,27,26,26,12500
8841.T,1027,1039,1016,1027,156100
8844.T,1243,1259,1243,1250,42100
8848.T,1015,1060,1013,1060,37355200
8850.T,4725,4785,4720,4775,49700
8860.T,741,751,741,751,56800
8864.T,957,968,957,968,45400
8869.T,811,818,811,818,42400
8871.T,3205,3255,3205,3230,50600
8876.T,2173.5,2260.5,2163.5,2259,568500
8877.T,5220,5280,5220,5280,24800
8881.T,659,665,659,665,68900
8887.T,364,364,358,360,154100
8891.T,2069,2109,2016,2068,14000
8892.T,1124,1136,1120,1129,147600
8894.T,19,20,19,19,298800
8897.T,453,460,453,460,588500
8898.T,1142,1152,1142,1152,1300
8904.T,825,826,821,825,12100
8908.T,881,888,876,885,2800
8912.T,158,162,157,158,79700
8914.T,870,888,870,878,83800
8917.T,1076,1083,1072,1080,21700
8918.T,11,11,10,10,282200800
8919.T,3470,3515,3460,3495,192300
8920.T,690,700,690,696,35700
8923.T,1688,1696,1681,1692,130100
8927.T,488,494,488,492,159100
8928.T,2307,2320,2306,2318,2900
8929.T,1353,1384,1353,1384,37100
8931.T,1318,1325,1314,1315,9200
8934.T,2379,2421,2379,2412,103900
8935.T,1985,2009,1982,2004,39600
8938.T,332,338,326,337,5000
8944.T,249,254,247,252,56200
8945.T,1087,1090,1085,1088,3900
8946.T,73,74,73,73,55200
8951.T,121500,122600,121200,122600,28653
8952.T,114300,114600,113800,114600,9658
8953.T,111200,111500,110800,111400,13499
8954.T,96300,96700,96100,96300,7340
8955.T,94800,95100,94600,94800,3461
8956.T,127400,127600,127000,127100,1162
8957.T,184100,185500,182800,183100,1376
8958.T,112100,112500,111800,112100,4521
8960.T,155900,156200,155100,155300,3755
8961.T,71400,71700,71000,71300,4035
8963.T,61500,61900,61300,61900,56937
8964.T,76300,76700,76100,76400,5258
8966.T,130600,131300,130600,131000,2394
8967.T,92200,92400,91600,92400,6841
8968.T,173800,174100,172900,172900,850
8972.T,146100,146700,145900,146700,4952
8975.T,94000,94100,93400,93500,2653
8976.T,304500,305500,302000,305000,1097
8977.T,134100,134300,133500,133500,1000
8979.T,184800,186000,184800,186000,262
8984.T,114400,114700,114100,114200,9269
8985.T,83700,84700,83600,84700,12658
8986.T,93000,93400,92500,93100,6595
8987.T,133700,134300,133300,133600,2570
8995.T,1707,2120,1688,1995,1441200
8996.T,1099,1099,1070,1070,2200
8999.T,566,570,566,570,52800
9001.T,2973,3014,2973,3003,605300
9003.T,2666.5,2682.5,2644.5,2660,501500
9005.T,1673.5,1687,1668.5,1687,1346200
9006.T,1565,1589,1565,1583,774600
9007.T,1830.5,1849,1824.5,1849,1044500
9008.T,797,808.8,796.5,801.3,2015300
9009.T,1377,1396.5,1372.5,1393.5,1263200
9010.T,2642,2693,2635,2660,208800
9012.T,2098,2099,2075,2090,800
9017.T,1992,1992,1992,1992,0
9020.T,3484,3561,3482,3561,2229100
9021.T,3055,3089,3049,3089,1427500
9022.T,3791,3842,3791,3842,1708900
9023.T,1535,1554,1533.5,1550,1341700
9024.T,3593,3646,3554,3641,785500
9025.T,2956,2994,2956,2983,72600
9028.T,3315,3345,3300,3345,22000
9029.T,1814,1818,1801,1802,2600
9031.T,3135,3175,3111,3149,363800
9033.T,632,634,632,633,6100
9034.T,1682,1682,1660,1666,4100
9036.T,1236,1236,1236,1236,100
9037.T,1835,1851,1835,1848,66200
9039.T,3015,3050,3015,3050,119600
9041.T,3548,3587,3548,3574,712500
9042.T,4616,4695,4612,4677,804600
9044.T,3220,3230,3180,3230,665600
9045.T,3227,3266,3227,3264,285000
9046.T,2479,2500,2477,2494,6000
9048.T,1912,1924.5,1901.5,1921.5,1815800
9049.T,6600,6600,6590,6590,400
9051.T,1290,1290,1260,1260,1100
9052.T,2005,2018,2005,2017,56600
9057.T,3200,3270,3200,3270,900
9059.T,924,924,918,918,2700
9060.T,4165,4165,4145,4145,300
9063.T,4105,4150,4105,4150,300
9064.T,1998,2017.5,1991.5,2017.5,785400
9065.T,8178,8269,8160,8269,171600
9068.T,7270,7360,7270,7340,25400
9069.T,2335.5,2371.5,2333,2365,300700
9072.T,5161,5194,5100,5155,106100
9073.T,1265,1265,1265,1265,0
9074.T,4890,4905,4820,4865,4500
9075.T,6310,6460,6280,6390,80300
9076.T,2742.5,2779,2742.5,2768.5,211700
9081.T,4085,4085,4040,4040,27200
9082.T,2361,2411,2232,2233,3700
9083.T,1981,1987,1976,1985,3200
9087.T,2155,2155,2155,2155,0
9090.T,909,920,907,920,852800
9101.T,7399,7599,7393,7566,3189700
9104.T,7295,7471,7279,7438,3743600
9107.T,3493,3574,3488,3552,4242700
9110.T,10490,10500,10490,10500,68700
9115.T,1107,1162,1090,1133,105000
9119.T,1771,1799,1758,1793,246800
9127.T,3650,3775,3650,3760,2100
9130.T,1957,1990,1847,1908,450500
9142.T,3541,3583,3541,3583,557400
9143.T,1503,1521.5,1501.5,1517.5,1067100
9145.T,588,597,588,597,14200
9147.T,5544,5665,5542,5623,830200
9158.T,788,802,781,802,19100
9159.T,1977,1977,1974,1974,200
9160.T,334,335,333,333,14200
9162.T,229,231,228,230,4800
9163.T,2392,2403,2390,2396,15400
9165.T,1783,1783,1770,1770,2800
9166.T,663,699,662,695,1110100
9168.T,422,427,422,423,50300
9171.T,1539,1539,1530,1532,1400
9173.T,2821,2821,2807,2809,800
9193.T,887,888,882,888,2600
9201.T,3029,3073,3021,3073,1929200
92015.T,10125,10160,10100,10150,7700
9202.T,2953.5,3000,2952,3000,2245700
92025.T,4779,4789,4765,4766,12200
9204.T,425,429,425,429,31900
9206.T,1936,1948,1936,1945,500
9211.T,1524,1553,1516,1550,121300
9212.T,291,294,281,284,109100
9213.T,1037,1037,1037,1037,0
9214.T,1291,1294,1291,1294,1100
9215.T,976,995,976,995,1100
9216.T,1666,1700,1666,1695,69900
9218.T,794,798,793,798,11800
9219.T,883,885,882,883,3700
9220.T,1253,1261,1251,1253,5300
9221.T,1191,1193,1182,1189,36100
9222.T,50,50,50,50,0
9223.T,361,362,355,356,24600
9225.T,959,959,959,959,0
9227.T,807,822,807,817,114900
9229.T,113,116,113,115,82800
9233.T,1150,1160,1150,1158,12500
9235.T,399,405,394,396,50700
9236.T,1381,1410,1372,1388,2300
9237.T,831,888,831,846,51700
9238.T,367,371,361,363,4900
9240.T,391,391,377,378,23000
9241.T,1271,1271,1250,1250,500
9242.T,1988,1988,1961,1977,1100
9243.T,480,480,480,480,0
9244.T,1405,1414,1401,1410,2900
9245.T,1978,1980,1963,1972,5500
9246.T,1127,1127,1101,1102,1600
9247.T,1803,1826,1792,1807,267600
9248.T,1680,1694,1680,1692,17200
9249.T,1671,1671,1634,1659,4700
9250.T,1025,1049,1025,1049,200
9251.T,1630,1660,1616,1649,62600
9252.T,4100,4220,4100,4160,15400
9253.T,745,784,745,770,4300
9254.T,1096,1096,1087,1087,3100
9256.T,1011,1028,1003,1003,12700
9257.T,501,501,501,501,500
9258.T,288,290,284,289,2000
9259.T,858,858,850,857,7700
9262.T,676,683,674,678,13600
9264.T,1605,1625,1603,1625,8600
9265.T,3650,3655,3635,3655,600
9267.T,3470,3515,3450,3510,51200
9268.T,405,409,405,406,150300
9270.T,2045,2050,1937,1938,53300
9271.T,929,949,929,938,6300
9272.T,1427,1454,1409,1454,21600
9273.T,745,756,741,752,73700
9274.T,1141,1162,1126,1134,444900
9278.T,2632,2699,2623,2686,49400
9279.T,2015,2045,1977,1977,400500
9282.T,31450,31450,30350,30350,376
9284.T,76200,76800,76100,76600,765
9285.T,39700,39900,39650,39650,120
9286.T,45000,45300,44900,45050,943
9301.T,1552.5,1569.5,1544,1564,840300
9302.T,3400,3428,3346,3423,145300
9303.T,4195,4240,4190,4215,67000
9304.T,2127,2155,2110,2155,168300
9305.T,2114,2137,2111,2134,58300
9306.T,2001,2019,2001,2015,4000
9307.T,934,937,924,924,4900
9308.T,2250,2350,2216,2350,397600
9310.T,1415,1433,1415,1430,88400
9311.T,7830,7830,7830,7830,0
9312.T,2844,2869,2828,2855,2200
9313.T,1060,1060,1055,1059,2400
9319.T,1828,1845,1823,1836,23600
9322.T,2476,2498,2465,2494,11500
9324.T,2700,2722,2689,2705,49000
9325.T,1080,1080,1061,1061,9400
9326.T,479,479,471,472,6900
9327.T,188,191,188,191,2300
9330.T,898,900,888,900,4500
9331.T,707,707,696,696,4000
9332.T,670,676,664,676,60100
9335.T,1406,1406,1406,1406,0
9336.T,3765,3835,3760,3835,99200
9337.T,1449,1472,1430,1430,16800
9339.T,1429,1438,1426,1438,1000
9340.T,828,834,822,834,7200
9341.T,614,619,614,618,27200
9342.T,965,981,965,981,600
9343.T,785,802,783,797,17500
9344.T,1317,1320,1305,1317,4200
9345.T,592,592,588,588,800
9346.T,1846,1849,1818,1849,2900
9347.T,2958,3000,2956,3000,123300
9348.T,411,416,411,416,448900
9351.T,1925,1932,1918,1926,4600
9353.T,3000,3000,3000,3000,200
9355.T,2210,2221,2170,2170,1200
9360.T,2780,2780,2780,2780,400
9361.T,2016,2016,2016,2016,300
9362.T,3710,3710,3710,3710,0
9363.T,533,533,531,531,1600
9364.T,4925,4974,4925,4969,315300
9365.T,1628,1634,1628,1634,300
9366.T,1183,1226,1178,1226,27300
9367.T,2030,2030,2001,2010,1200
9368.T,958,965,957,963,9900
9369.T,2988,3035,2958,2980,36300
9376.T,845,845,840,840,3300
9380.T,436,438,436,438,11000
9381.T,2349,2381,2349,2381,17300
9385.T,748,752,748,750,2600
9399.T,14,14,13,14,190675
9401.T,5877,5931,5860,5931,249100
9404.T,3026,3065,3023,3056,474700
9405.T,882,885,879,885,102600
9408.T,2608,2608,2608,2608,0
9409.T,3175,3195,3145,3160,183300
9412.T,2021,2080,2019,2060,1939600
9413.T,3450,3490,3450,3480,84500
9414.T,976,995,959,994,205800
9416.T,1068,1080,1065,1074,259300
9417.T,326,330,325,325,2600
9418.T,1755,1793,1755,1792,377400
9419.T,299,300,296,300,7900
9421.T,518,519,516,518,1600
9423.T,105,106,105,106,68600
9424.T,120,122,120,121,1446500
9425.T,236,239,222,223,382400
9428.T,1484,1487,1484,1487,800
9432.T,177.2,180,177.2,180,171846200
9433.T,3079,3111,3071,3109,5902800
9434.T,248.8,252.3,248.7,251.6,58330900
94345.T,3801,3817,3801,3802,2300
94346.T,7581,7581,7580,7581,4200
9435.T,38670,39370,38570,39160,81800
9436.T,4465,4505,4450,4450,151500
9438.T,604,612,604,612,41000
9439.T,219,220,218,218,3400
9441.T,2970,3015,2970,2985,2700
9444.T,258,260,255,255,4500
9445.T,550,553,548,551,1700
9446.T,692,692,688,691,1700
9449.T,3972,4010,3952,3987,234000
9450.T,770,776,767,775,30600
9466.T,241,241,239,241,1700
9467.T,1110,1129,1103,1113,107800
9468.T,3644,3688,3636,3665,216200
9470.T,1061,1077,1061,1073,241600
9474.T,920,931,919,927,112100
9475.T,545,546,537,538,3500
9476.T,999,1014,999,1014,300
9478.T,508,517,507,517,5200
9501.T,547.7,565.5,546,556.2,34374800
9502.T,2943,2988,2938,2965.5,1976100
9503.T,2944.5,3009,2938,2979.5,2784800
9504.T,1104,1128,1102.5,1123.5,1779200
9505.T,1147,1177,1139.5,1162.5,905500
9506.T,1428.5,1472,1426.5,1455,5262900
9507.T,2238.5,2298.5,2232,2277,1619800
9508.T,2156.5,2184.5,2132.5,2175,2442600
9509.T,1150,1167.5,1145,1156,1674200
9511.T,1215,1243,1215,1232,527600
9513.T,4210,4279,4210,4247,374700
9514.T,344,361,344,358,202500
9517.T,859,865,850,853,126100
9519.T,896,905,885,889,367500
9531.T,6441,6515,6387,6450,747100
9532.T,6183,6232,6124,6205,798300
9533.T,1339,1348.5,1325.5,1327.5,586300
9534.T,950,972,939,949,377800
9535.T,446,451,445,447,57000
9536.T,2653,2695,2638,2658,149700
9537.T,4300,4300,4210,4255,1900
9539.T,1333,1340,1333,1339,1800
9543.T,1403,1410,1386,1390,115200
9551.T,3115,3140,3100,3125,58900
9552.T,1054,1085,1044,1051,203800
9553.T,632,647,630,644,74800
9554.T,1689,1705,1685,1694,10400
9556.T,2163,2360,2163,2360,69600
9557.T,254,256,254,256,7400
9558.T,1982,1990,1961,1980,3700
9560.T,887,912,887,900,31900
9561.T,425,425,410,418,12100
9562.T,672,699,668,680,9300
9563.T,335,346,335,342,26300
9564.T,564,574,560,561,25900
9565.T,642,652,641,652,1100
9601.T,10910,11080,10910,11010,24700
9602.T,1592,1631,1585,1615.5,3050900
9603.T,1132,1173,1130,1169,377600
9605.T,6040,6180,6040,6110,57500
9610.T,109,109,107,108,42200
9612.T,1215,1230,1215,1228,29200
9616.T,3180,3229,3166,3228,862900
9619.T,2742,2760,2742,2747,23100
9621.T,3295,3345,3285,3335,81400
9622.T,1422,1428,1418,1428,24200
9625.T,938,939,920,926,2200
9627.T,5669,5669,5532,5583,181600
9628.T,1330,1346,1324,1338,64000
9629.T,1599,1603,1584,1587,14000
9632.T,3515,3560,3515,3550,7900
9633.T,1902,1908,1901,1901,6200
9635.T,2597,2597,2569,2569,1000
9636.T,4210,4215,4200,4215,1000
9639.T,2357,2364,2345,2350,5400
9640.T,1973,1993,1973,1974,3100
9644.T,754,757,752,756,55400
9647.T,6730,6730,6720,6720,200
9651.T,1942,1958,1931,1935,14000
9656.T,599,600,598,599,9900
9658.T,1092,1113,1092,1113,90500
9661.T,4165,4175,4155,4170,9400
9663.T,5000,5030,5000,5020,22000
9672.T,4905,4975,4900,4955,51700
9678.T,5400,5480,5380,5460,75400
9679.T,2299,2313,2299,2308,800
9682.T,1097,1117,1097,1113,358300
9684.T,2937,3022,2932,3022,1235700
9685.T,566,573,566,573,2200
9686.T,1703,1740,1702,1740,300
9687.T,4520,4520,4510,4510,1500
9691.T,5160,5160,5160,5160,0
9692.T,2200,2238,2196,2236,115400
9697.T,4344,4499,4333,4432,2573600
9698.T,1285,1295,1284,1284,1000
9699.T,4695,4730,4675,4730,57600
9701.T,4500,4500,4485,4490,900
9702.T,2475,2485,2426,2456,29500
9704.T,27,28,27,28,253500
9706.T,5447,5574,5447,5574,722400
9708.T,946,960,946,952,128600
9709.T,1202,1212,1198,1202,18300
9713.T,916,920,915,916,3400
9715.T,3600,3670,3600,3670,136000
9716.T,1245,1260,1237,1260,259700
9720.T,6440,6440,6440,6440,0
9722.T,2697,2776,2682,2726,376400
9723.T,633,633,631,631,500
9726.T,1944,1978,1944,1975,22500
9729.T,2561,2598,2558,2598,16600
9731.T,3350,3405,3350,3400,4800
9733.T,2303,2317,2303,2308,10400
9735.T,6439,6519,6410,6506,1050000
9739.T,2678,2683,2664,2679,13200
9740.T,2671,2704,2665,2691,21500
9742.T,2126,2157,2117,2145,19200
9743.T,1460,1491,1460,1490,310600
9744.T,3432,3479,3417,3475,418500
9746.T,4065,4165,4065,4145,69300
9753.T,1432,1434,1420,1431,2500
9755.T,2851,2890,2837,2890,48000
9757.T,1186,1197,1186,1197,168400
9759.T,2867,2920,2864.5,2914,284700
9760.T,117,117,116,117,39600
9761.T,2451,2451,2445,2451,2700
9763.T,1314,1314,1298,1300,6500
9765.T,1193,1195,1188,1190,11800
9766.T,20880,21570,20780,21270,375600
9767.T,1666,1666,1650,1650,1200
9768.T,3755,3795,3755,3780,7200
9769.T,2597,2630,2597,2630,16100
9778.T,5500,5580,5500,5580,200
9780.T,1130,1138,1125,1130,1500
9782.T,3500,3500,3480,3490,21200
9788.T,520,520,518,520,38400
9790.T,2993,3030,2993,3025,14900
9791.T,1175,1175,1175,1175,400
9793.T,3760,3785,3755,3770,115100
9795.T,2288,2301,2288,2301,14700
9799.T,955,957,946,956,3100
9812.T,235,237,235,237,1200
9816.T,267,301,254,256,145100
9818.T,1542,1542,1542,1542,100
9820.T,3725,3725,3725,3725,200
9823.T,1008,1019,1007,1019,60500
9824.T,7920,8010,7810,7940,34200
9827.T,632,635,630,631,18600
9828.T,3350,3440,3350,3400,105200
9830.T,2438,2452,2427,2442,80500
9831.T,718.2,727.6,717.7,724.8,3768900
9832.T,1609,1632,1609,1630,570700
9835.T,508,510,507,508,1200
9837.T,1792,1810,1792,1809,36300
9842.T,1885,1899,1885,1897,84100
9843.T,3056,3124,3032,3118,3207400
9845.T,1361,1367,1348,1353,13300
9846.T,986,986,980,981,1400
9849.T,4525,4525,4525,4525,100
9850.T,990,994,989,994,26700
9853.T,910,910,909,909,1100
9854.T,282,282,278,278,31100
9856.T,1229,1242,1229,1242,21900
9857.T,2602,2602,2582,2582,900
9861.T,3789,3800,3675,3690,480400
9867.T,10690,10690,10690,10690,0
9869.T,6850,6920,6810,6870,38700
9872.T,944,951,941,951,2600
9876.T,217,225,216,220,27400
9878.T,400,403,382,391,28300
9880.T,3475,3480,3400,3420,86300
9882.T,1760,1782,1760,1772,153400
9885.T,334,334,332,333,1400
9887.T,5210,5300,5200,5250,48400
9888.T,1244,1269,1244,1256,39500
9889.T,1689,1727,1689,1709,131600
9890.T,1472,1505,1472,1472,15600
9895.T,1280,1286,1278,1286,900
9896.T,1391,1414,1390,1412,18700
9900.T,1115,1125,1105,1114,221500
9902.T,3255,3325,3255,3300,114600
9903.T,882,893,881,893,1200
9904.T,240,243,240,242,15200
9906.T,4085,4195,4085,4195,2600
9908.T,2901,2930,2882,2882,25400
9913.T,3655,3655,3625,3625,400
9928.T,2048,2091,2048,2059,30100
9929.T,474,475,468,470,9800
9930.T,402,402,400,402,1100
9932.T,1309,1320,1309,1320,19500
9934.T,3113,3146,3106,3137,191000
9936.T,2943,2954,2926,2940,256900
9941.T,1176,1186,1168,1168,3700
9946.T,1770,1792,1770,1792,44200
9948.T,3730,3805,3730,3805,64900
9950.T,3315,3355,3315,3350,22600
9955.T,2802,2809,2800,2809,1500
9956.T,3395,3455,3395,3455,160700
9959.T,947,949,947,948,3700
9960.T,4150,4315,4150,4300,84800
9962.T,3570,3621,3496,3562,1432000
9969.T,237,237,235,236,8500
9972.T,272,275,270,275,4300
9973.T,20,21,19,20,866100
9974.T,6980,7030,6930,7000,13600
9976.T,1117,1142,1116,1142,2900
9978.T,45,45,44,45,14000
9979.T,1041,1049,1041,1049,37200
9980.T,94,95,93,94,80300
9982.T,2604,2647,2604,2647,1500
9983.T,67760,68210,67230,67700,751800
9984.T,6283,6388,6155,6247,62284400
9986.T,2502,2502,2495,2500,1400
9987.T,5250,5357,5250,5346,153300
9989.T,3695,3720,3687,3706,518500
9990.T,750,759,750,759,25800
9991.T,1796,1821,1793,1821,38600
9993.T,1156,1157,1153,1154,3800
9994.T,2040,2065,2040,2046,5400
